사고번호,사고일시,요일,시군구,사고내용,사망자수,중상자수,경상자수,부상신고자수,사고유형,법규위반,노면상태,기상상태,도로형태,가해운전자 차종,가해운전자 성별,가해운전자 연령,가해운전자 상해정도,피해운전자 차종,피해운전자 성별,피해운전자 연령,피해운전자 상해정도
2019010700100204,2019년 1월 7일 11시,월요일,경상남도 밀양시 교동,경상사고,0,0,1,0,차대차 - 측면충돌,안전운전불이행,건조,맑음,단일로 - 기타,승용,남,67세,상해없음,자전거,남,11세,경상
2019010700100229,2019년 1월 7일 12시,월요일,경상남도 통영시 인평동,경상사고,0,0,1,0,차대사람 - 횡단중,신호위반,건조,맑음,교차로 - 교차로안,승용,남,56세,상해없음,보행자,여,미분류,경상
2019010700100230,2019년 1월 7일 12시,월요일,경상남도 김해시 외동,경상사고,0,0,2,0,차대차 - 측면충돌,직진우회전진행방해,건조,맑음,교차로 - 교차로안,승용,남,67세,상해없음,승용,여,36세,경상
2019010700100231,2019년 1월 7일 12시,월요일,경상남도 거제시 연초면,경상사고,0,0,1,0,차대차 - 측면충돌,신호위반,건조,맑음,교차로 - 교차로안,승용,남,75세,상해없음,승용,여,49세,경상
2019010700100262,2019년 1월 7일 13시,월요일,경상남도 창녕군 성산면,경상사고,0,0,2,0,차대차 - 측면충돌,중앙선침범,건조,맑음,교차로 - 교차로부근,화물,남,56세,경상,건설기계,남,29세,경상
2019010700100263,2019년 1월 7일 13시,월요일,경상남도 창원시 성산구 중앙동,경상사고,0,0,1,0,차대차 - 기타,신호위반,건조,맑음,단일로 - 기타,승용,여,31세,상해없음,개인형이동수단(PM),여,23세,경상
2019010700100290,2019년 1월 7일 14시,월요일,경상남도 창원시 진해구 용원동,중상사고,0,1,0,0,차대차 - 측면충돌,차로위반,건조,맑음,교차로 - 교차로부근,승용,여,41세,상해없음,원동기,남,29세,중상
2019010700100291,2019년 1월 7일 14시,월요일,경상남도 김해시 대청동,중상사고,0,1,0,0,차대차 - 측면충돌,안전운전불이행,건조,맑음,교차로 - 교차로부근,승합,남,65세,상해없음,승용,남,39세,중상
2019010700100350,2019년 1월 7일 16시,월요일,경상남도 진주시 신안동,경상사고,0,0,1,0,차대차 - 기타,신호위반,건조,맑음,교차로 - 교차로안,원동기,남,18세,경상,승용,여,64세,상해없음
2019010700100351,2019년 1월 7일 16시,월요일,경상남도 고성군 고성읍,경상사고,0,0,1,0,차대차 - 측면충돌,교차로운행방법위반,건조,맑음,교차로 - 교차로안,승용,여,40세,상해없음,승용,여,63세,경상
2019010700100352,2019년 1월 7일 16시,월요일,경상남도 거제시 연초면,경상사고,0,0,1,0,차대차 - 측면충돌,안전운전불이행,건조,맑음,교차로 - 교차로부근,화물,남,61세,상해없음,승용,여,54세,경상
2019010700100353,2019년 1월 7일 16시,월요일,경상남도 김해시 무계동,중상사고,0,1,2,0,차대차 - 측면충돌,교차로운행방법위반,건조,맑음,교차로 - 교차로안,승용,남,44세,경상,승용,남,31세,경상
2019010700100379,2019년 1월 7일 17시,월요일,경상남도 거제시 고현동,중상사고,0,1,0,0,차대차 - 측면충돌,중앙선침범,건조,맑음,교차로 - 교차로부근,승용,남,22세,상해없음,이륜,남,54세,중상
2019010700100380,2019년 1월 7일 17시,월요일,경상남도 거제시 고현동,경상사고,0,0,1,0,차대사람 - 기타,안전운전불이행,건조,맑음,단일로 - 기타,승용,남,59세,상해없음,보행자,여,24세,경상
2019010700100381,2019년 1월 7일 17시,월요일,경상남도 창원시 마산회원구 양덕동,경상사고,0,0,1,0,차대차 - 기타,안전운전불이행,건조,맑음,교차로 - 교차로부근,화물,남,52세,상해없음,승용,남,50세,경상
2019010700100489,2019년 1월 7일 20시,월요일,경상남도 진주시 상대동,경상사고,0,0,2,0,차대차 - 정면충돌,중앙선침범,건조,맑음,단일로 - 지하차도(도로)내,승용,여,61세,경상,화물,남,50세,경상
2019010700100509,2019년 1월 7일 21시,월요일,경상남도 거제시 옥포동,경상사고,0,0,1,0,차대차 - 기타,교차로운행방법위반,건조,맑음,교차로 - 교차로안,승용,남,22세,상해없음,이륜,남,31세,경상
2019010700100525,2019년 1월 7일 22시,월요일,경상남도 진주시 상평동,중상사고,0,1,0,0,차대차 - 기타,신호위반,건조,맑음,교차로 - 교차로안,승용,남,73세,상해없음,원동기,남,18세,중상
2019010700100541,2019년 1월 7일 23시,월요일,경상남도 거제시 장평동,경상사고,0,0,1,0,차대차 - 기타,기타,건조,맑음,교차로 - 교차로안,승용,남,22세,상해없음,승용,남,37세,경상
2019010800100027,2019년 1월 8일 00시,화요일,경상남도 김해시 외동,중상사고,0,1,0,0,차대사람 - 횡단중,신호위반,건조,맑음,교차로 - 교차로횡단보도내,승용,남,21세,상해없음,보행자,여,21세,중상
2019010800100048,2019년 1월 8일 02시,화요일,경상남도 진주시 진성면,사망사고,1,0,0,0,차량단독 - 도로외이탈 - 기타,안전운전불이행,건조,맑음,단일로 - 기타,승용,여,44세,사망,,,,
2019010800100056,2019년 1월 8일 04시,화요일,경상남도 양산시 남부동,중상사고,0,1,0,0,차대차 - 측면충돌,직진우회전진행방해,건조,맑음,교차로 - 교차로안,승용,남,22세,상해없음,승용,여,47세,중상
2019010800100180,2019년 1월 8일 10시,화요일,경상남도 밀양시 교동,경상사고,0,0,2,0,차대차 - 측면충돌,안전운전불이행,건조,맑음,단일로 - 기타,화물,남,44세,상해없음,화물,남,77세,경상
2019010800100181,2019년 1월 8일 10시,화요일,경상남도 거창군 거창읍,중상사고,0,1,0,0,차대차 - 측면충돌,안전운전불이행,건조,맑음,교차로 - 교차로안,승용,남,54세,상해없음,승용,남,63세,중상
2019010800100212,2019년 1월 8일 11시,화요일,경상남도 창원시 마산합포구 자산동,중상사고,0,1,0,0,차량단독 - 기타,기타,건조,맑음,단일로 - 기타,승합,남,65세,상해없음,,,,
2019010800100213,2019년 1월 8일 11시,화요일,경상남도 밀양시 가곡동,중상사고,0,1,0,0,차대사람 - 횡단중,보행자보호의무위반,건조,맑음,교차로 - 교차로부근,화물,남,45세,상해없음,보행자,여,71세,중상
2019010800100214,2019년 1월 8일 11시,화요일,경상남도 거제시 고현동,중상사고,0,1,0,0,차대차 - 측면충돌,교차로운행방법위반,건조,맑음,교차로 - 교차로안,승용,남,44세,상해없음,이륜,남,73세,중상
2019010800100239,2019년 1월 8일 12시,화요일,경상남도 양산시 평산동,중상사고,0,2,0,0,차대차 - 기타,안전운전불이행,건조,맑음,교차로 - 교차로부근,화물,남,64세,상해없음,화물,남,69세,상해없음
2019010800100267,2019년 1월 8일 13시,화요일,경상남도 김해시 삼계동,중상사고,0,1,0,0,차대차 - 측면충돌,직진우회전진행방해,건조,맑음,교차로 - 교차로안,화물,남,49세,상해없음,승용,여,64세,중상
2019010800100268,2019년 1월 8일 13시,화요일,경상남도 거제시 사등면,경상사고,0,0,1,0,차대차 - 추돌,안전운전불이행,건조,맑음,단일로 - 기타,승용,남,50세,상해없음,승용,남,34세,상해없음
2019010800100321,2019년 1월 8일 15시,화요일,경상남도 양산시 동면,경상사고,0,0,2,0,차대차 - 측면충돌,중앙선침범,건조,맑음,단일로 - 기타,승용,여,30세,상해없음,승용,여,31세,경상
2019010800100350,2019년 1월 8일 16시,화요일,경상남도 창원시 마산합포구 중앙동3가,중상사고,0,1,0,0,차대사람 - 기타,중앙선침범,건조,맑음,교차로 - 교차로부근,승용,남,63세,상해없음,보행자,남,75세,중상
2019010800100351,2019년 1월 8일 16시,화요일,경상남도 진주시 금산면,경상사고,0,0,1,0,차대차 - 측면충돌,교차로운행방법위반,건조,맑음,교차로 - 교차로안,승용,남,63세,상해없음,승합,남,66세,경상
2019010800100352,2019년 1월 8일 16시,화요일,경상남도 창원시 성산구 상남동,경상사고,0,0,3,0,차대차 - 측면충돌,신호위반,건조,맑음,교차로 - 교차로안,승용,남,63세,경상,승용,여,37세,경상
2019010800100377,2019년 1월 8일 17시,화요일,경상남도 창원시 마산합포구 오동동,중상사고,0,2,1,1,차대차 - 측면충돌,안전운전불이행,건조,맑음,교차로 - 교차로안,승용,남,63세,상해없음,승용,남,57세,경상
2019010800100378,2019년 1월 8일 17시,화요일,경상남도 양산시 용당동,경상사고,0,0,3,0,차대차 - 추돌,안전운전불이행,건조,맑음,단일로 - 기타,화물,남,52세,상해없음,승용,남,59세,경상
2019010800100424,2019년 1월 8일 18시,화요일,경상남도 창원시 마산합포구 오동동,경상사고,0,0,1,0,차대차 - 기타,안전운전불이행,건조,맑음,교차로 - 교차로안,승용,남,64세,기타불명,자전거,남,11세,경상
2019010800100425,2019년 1월 8일 18시,화요일,경상남도 양산시 소주동,사망사고,1,0,1,0,차대사람 - 기타,안전운전불이행,건조,맑음,교차로 - 교차로부근,승용,남,60세,상해없음,보행자,남,88세,사망
2019010800100426,2019년 1월 8일 18시,화요일,경상남도 양산시 물금읍,경상사고,0,0,1,0,차대사람 - 차도통행중,중앙선침범,건조,맑음,단일로 - 기타,승용,남,41세,상해없음,보행자,남,63세,경상
2019010800100427,2019년 1월 8일 18시,화요일,경상남도 김해시 삼문동,중상사고,0,1,0,0,차대차 - 측면충돌,안전운전불이행,건조,맑음,교차로 - 교차로안,이륜,여,67세,중상,승용,남,34세,상해없음
2019010800100465,2019년 1월 8일 19시,화요일,경상남도 합천군 율곡면,중상사고,0,1,0,0,차대사람 - 기타,안전운전불이행,건조,맑음,교차로 - 교차로부근,승용,남,59세,상해없음,보행자,남,66세,중상
2019010800100489,2019년 1월 8일 20시,화요일,경상남도 사천시 벌리동,경상사고,0,0,1,0,차대사람 - 횡단중,안전운전불이행,건조,맑음,단일로 - 기타,이륜,남,18세,상해없음,보행자,여,52세,경상
2019010800100511,2019년 1월 8일 21시,화요일,경상남도 창원시 마산합포구 신포동2가,경상사고,0,0,1,0,차대차 - 추돌,안전운전불이행,건조,맑음,교차로 - 교차로안,승용,남,45세,상해없음,승용,여,66세,경상
2019010800100512,2019년 1월 8일 21시,화요일,경상남도 하동군 진교면,중상사고,0,1,1,0,차대차 - 추돌,안전운전불이행,건조,맑음,단일로 - 기타,화물,남,43세,중상,특수,남,26세,경상
2019010800100537,2019년 1월 8일 22시,화요일,경상남도 김해시 내동,경상사고,0,0,1,0,차량단독 - 기타,안전운전불이행,건조,맑음,단일로 - 기타,이륜,남,36세,경상,,,,
2019010900100027,2019년 1월 9일 00시,수요일,경상남도 진주시 인사동,경상사고,0,0,1,0,차대사람 - 보도통행중,안전운전불이행,건조,맑음,단일로 - 기타,이륜,남,20세,경상,보행자,남,46세,상해없음
2019010900100067,2019년 1월 9일 05시,수요일,경상남도 거제시 상동동,중상사고,0,1,1,0,차대차 - 기타,안전운전불이행,건조,맑음,교차로 - 교차로안,승용,여,60세,상해없음,승용,여,56세,경상
2019010900100077,2019년 1월 9일 06시,수요일,경상남도 김해시 외동,중상사고,0,2,0,0,차대차 - 측면충돌,중앙선침범,건조,맑음,단일로 - 기타,이륜,남,27세,중상,승용,남,55세,중상
2019010900100078,2019년 1월 9일 06시,수요일,경상남도 창원시 성산구 중앙동,경상사고,0,0,3,0,차대차 - 측면충돌,안전운전불이행,건조,맑음,교차로 - 교차로안,승용,남,41세,상해없음,승용,남,39세,경상
2019010900100166,2019년 1월 9일 10시,수요일,경상남도 진주시 충무공동,중상사고,0,1,0,0,차대차 - 측면충돌,안전운전불이행,건조,맑음,교차로 - 교차로부근,승용,여,36세,상해없음,이륜,여,68세,중상
2019010900100191,2019년 1월 9일 11시,수요일,경상남도 거제시 사등면,경상사고,0,0,1,0,차대차 - 측면충돌,차로위반,건조,맑음,단일로 - 기타,승용,여,58세,상해없음,화물,남,31세,경상
2019010900100192,2019년 1월 9일 11시,수요일,경상남도 거제시 아주동,중상사고,0,1,1,0,차대차 - 측면충돌,직진우회전진행방해,건조,맑음,교차로 - 교차로안,승용,여,35세,상해없음,승용,여,46세,중상
2019010900100229,2019년 1월 9일 12시,수요일,경상남도 양산시 상북면,중상사고,0,1,0,0,차대차 - 기타,교차로운행방법위반,건조,맑음,교차로 - 교차로안,화물,남,31세,상해없음,승용,남,44세,중상
2019010900100230,2019년 1월 9일 12시,수요일,경상남도 창원시 의창구 북면,경상사고,0,0,1,0,차대차 - 측면충돌,안전운전불이행,건조,맑음,단일로 - 기타,승용,남,47세,상해없음,이륜,남,55세,경상
2019010900100273,2019년 1월 9일 14시,수요일,경상남도 양산시 남부동,경상사고,0,0,1,0,차대차 - 측면충돌,안전운전불이행,건조,맑음,교차로 - 교차로안,화물,남,64세,상해없음,승용,남,24세,경상
2019010900100274,2019년 1월 9일 14시,수요일,경상남도 창원시 의창구 팔용동,경상사고,0,0,1,0,차대차 - 측면충돌,안전운전불이행,건조,맑음,교차로 - 교차로안,승용,여,52세,상해없음,원동기,남,60세,경상
2019010900100307,2019년 1월 9일 15시,수요일,경상남도 창원시 마산합포구 자산동,부상신고사고,0,0,0,1,차대사람 - 횡단중,보행자보호의무위반,건조,맑음,교차로 - 교차로횡단보도내,승용,남,60세,상해없음,보행자,여,15세,부상신고
2019010900100308,2019년 1월 9일 15시,수요일,경상남도 창원시 진해구 용원동,중상사고,0,1,0,0,차대사람 - 기타,안전운전불이행,건조,맑음,기타 - 기타,승용,남,51세,상해없음,보행자,남,2세,중상
2019010900100379,2019년 1월 9일 17시,수요일,경상남도 김해시 어방동,부상신고사고,0,0,0,1,차대차 - 기타,안전운전불이행,건조,맑음,교차로 - 교차로안,원동기,남,54세,부상신고,승용,남,48세,상해없음
2019010900100425,2019년 1월 9일 18시,수요일,경상남도 김해시 생림면,중상사고,0,1,2,0,차대차 - 기타,안전운전불이행,건조,맑음,교차로 - 교차로안,승용,남,56세,중상,화물,남,27세,경상
2019010900100426,2019년 1월 9일 18시,수요일,경상남도 창원시 의창구 봉곡동,경상사고,0,0,1,0,차대차 - 측면충돌,안전운전불이행,건조,맑음,단일로 - 기타,화물,남,60세,상해없음,자전거,남,11세,경상
2019010900100457,2019년 1월 9일 19시,수요일,경상남도 창원시 진해구 용원동,경상사고,0,0,1,0,차대차 - 측면충돌,안전운전불이행,건조,맑음,교차로 - 교차로부근,승용,남,51세,상해없음,이륜,남,17세,경상
2019010900100510,2019년 1월 9일 21시,수요일,경상남도 창원시 성산구 대방동,경상사고,0,0,1,0,차대차 - 추돌,안전운전불이행,건조,맑음,단일로 - 기타,승용,남,28세,상해없음,승용,여,52세,경상
2019011000100038,2019년 1월 10일 01시,목요일,경상남도 사천시 죽림동,경상사고,0,0,1,0,차량단독 - 도로외이탈 - 추락,안전운전불이행,건조,맑음,기타 - 기타,승용,여,24세,경상,,,,
2019011000100042,2019년 1월 10일 02시,목요일,경상남도 김해시 대청동,경상사고,0,0,2,0,차대차 - 측면충돌,신호위반,건조,맑음,교차로 - 교차로안,승용,남,51세,상해없음,승용,남,51세,경상
2019011000100072,2019년 1월 10일 06시,목요일,경상남도 사천시 사천읍,중상사고,0,2,0,0,차대사람 - 길가장자리구역통행중,안전운전불이행,건조,맑음,단일로 - 기타,원동기,남,47세,중상,보행자,남,63세,중상
2019011000100073,2019년 1월 10일 06시,목요일,경상남도 양산시 물금읍,경상사고,0,0,1,0,차대차 - 기타,안전운전불이행,건조,맑음,단일로 - 기타,승합,남,73세,상해없음,승용,남,46세,경상
2019011000100114,2019년 1월 10일 08시,목요일,경상남도 김해시 주촌면,중상사고,0,1,1,0,차대차 - 추돌,안전운전불이행,건조,맑음,단일로 - 터널,승용,남,22세,상해없음,승용,남,71세,경상
2019011000100153,2019년 1월 10일 10시,목요일,경상남도 함양군 지곡면,경상사고,0,0,1,0,차대차 - 추돌,안전운전불이행,건조,맑음,단일로 - 기타,승합,남,63세,상해없음,승합,남,66세,상해없음
2019011000100155,2019년 1월 10일 10시,목요일,경상남도 통영시 용남면,경상사고,0,0,1,0,차대사람 - 기타,안전운전불이행,건조,맑음,단일로 - 기타,승용,남,63세,상해없음,보행자,여,48세,경상
2019011000100156,2019년 1월 10일 10시,목요일,경상남도 양산시 북부동,중상사고,0,1,0,0,차대사람 - 횡단중,안전운전불이행,건조,맑음,단일로 - 기타,승용,여,55세,상해없음,보행자,여,73세,중상
2019011000100157,2019년 1월 10일 10시,목요일,경상남도 고성군 고성읍,중상사고,0,1,0,0,차대차 - 측면충돌,신호위반,건조,맑음,교차로 - 교차로안,승용,남,64세,상해없음,승용,남,66세,상해없음
2019011000100185,2019년 1월 10일 11시,목요일,경상남도 진주시 금산면,경상사고,0,0,1,0,차대사람 - 기타,기타,건조,맑음,단일로 - 기타,승용,남,38세,상해없음,보행자,여,72세,경상
2019011000100186,2019년 1월 10일 11시,목요일,경상남도 김해시 부원동,경상사고,0,0,1,0,차대차 - 기타,안전운전불이행,건조,맑음,단일로 - 기타,원동기,남,78세,경상,승용,남,64세,상해없음
2019011000100208,2019년 1월 10일 12시,목요일,경상남도 창녕군 영산면,중상사고,0,1,0,0,차대차 - 기타,신호위반,건조,맑음,교차로 - 교차로안,승용,남,41세,상해없음,이륜,남,77세,중상
2019011000100225,2019년 1월 10일 13시,목요일,경상남도 김해시 진영읍,중상사고,0,2,0,0,차대차 - 측면충돌,신호위반,건조,맑음,교차로 - 교차로부근,승용,남,63세,상해없음,화물,남,42세,중상
2019011000100251,2019년 1월 10일 14시,목요일,경상남도 창원시 마산합포구 상남동,중상사고,0,1,0,0,차대차 - 추돌,안전거리미확보,건조,맑음,교차로 - 교차로부근,승용,남,54세,상해없음,승용,여,42세,중상
2019011000100252,2019년 1월 10일 14시,목요일,경상남도 사천시 향촌동,중상사고,0,1,0,0,차대차 - 측면충돌,직진우회전진행방해,건조,맑음,교차로 - 교차로안,승합,남,64세,상해없음,원동기,남,35세,중상
2019011000100253,2019년 1월 10일 14시,목요일,경상남도 김해시 삼방동,중상사고,0,1,0,0,차대사람 - 횡단중,안전운전불이행,건조,맑음,교차로 - 교차로안,승합,남,72세,기타불명,보행자,남,12세,중상
2019011000100254,2019년 1월 10일 14시,목요일,경상남도 양산시 남부동,경상사고,0,0,1,0,차대차 - 측면충돌,안전운전불이행,건조,맑음,교차로 - 교차로안,승용,여,53세,상해없음,승합,남,36세,경상
2019011000100255,2019년 1월 10일 14시,목요일,경상남도 양산시 상북면,중상사고,0,1,0,0,차대사람 - 기타,안전운전불이행,건조,맑음,교차로 - 교차로안,승용,여,57세,상해없음,보행자,여,65세,중상
2019011000100256,2019년 1월 10일 14시,목요일,경상남도 창원시 의창구 봉곡동,경상사고,0,0,1,0,차대차 - 측면충돌,교차로운행방법위반,건조,맑음,교차로 - 교차로안,승용,남,63세,상해없음,승용,남,81세,경상
2019011000100284,2019년 1월 10일 15시,목요일,경상남도 양산시 덕계동,경상사고,0,0,1,0,차대사람 - 기타,안전운전불이행,건조,맑음,주차장 - 주차장,승용,여,61세,상해없음,보행자,여,22세,경상
2019011000100285,2019년 1월 10일 15시,목요일,경상남도 산청군 신안면,중상사고,0,1,2,0,차대차 - 추돌,안전운전불이행,건조,맑음,교차로 - 교차로안,화물,남,74세,상해없음,승용,여,42세,경상
2019011000100286,2019년 1월 10일 15시,목요일,경상남도 의령군 의령읍,중상사고,0,2,2,0,차대차 - 측면충돌,교차로운행방법위반,건조,맑음,교차로 - 교차로안,화물,남,66세,상해없음,승합,남,35세,경상
2019011000100287,2019년 1월 10일 15시,목요일,경상남도 창원시 마산합포구 산호동,경상사고,0,0,2,0,차대차 - 측면충돌,기타,건조,맑음,교차로 - 교차로안,승용,남,30세,상해없음,승용,여,53세,경상
2019011000100307,2019년 1월 10일 16시,목요일,경상남도 김해시 관동동,경상사고,0,0,1,0,차대차 - 기타,안전운전불이행,건조,맑음,단일로 - 기타,승용,남,70세,상해없음,승용,남,33세,경상
2019011000100319,2019년 1월 10일 16시,목요일,경상남도 진주시 상대동,중상사고,0,1,0,0,차대사람 - 횡단중,안전운전불이행,건조,맑음,교차로 - 교차로안,승용,여,45세,상해없음,보행자,여,67세,중상
2019011000100320,2019년 1월 10일 16시,목요일,경상남도 사천시 서포면,사망사고,1,0,0,0,차대차 - 측면충돌,안전운전불이행,건조,맑음,단일로 - 기타,승용,남,69세,상해없음,원동기,남,58세,사망
2019011000100321,2019년 1월 10일 16시,목요일,경상남도 거창군 거창읍,경상사고,0,0,1,0,차대차 - 측면충돌,안전운전불이행,건조,맑음,교차로 - 교차로안,자전거,남,14세,경상,승용,여,57세,상해없음
2019011000100355,2019년 1월 10일 17시,목요일,경상남도 통영시 태평동,경상사고,0,0,1,0,차대차 - 정면충돌,중앙선침범,건조,맑음,단일로 - 지하차도(도로)내,승용,남,56세,상해없음,승용,여,63세,경상
2019011000100356,2019년 1월 10일 17시,목요일,경상남도 사천시 용현면,중상사고,0,1,0,0,차대차 - 측면충돌,직진우회전진행방해,건조,맑음,교차로 - 교차로안,승용,남,46세,상해없음,이륜,남,62세,중상
2019011000100357,2019년 1월 10일 17시,목요일,경상남도 양산시 물금읍,경상사고,0,0,1,0,차대차 - 측면충돌,안전운전불이행,건조,맑음,주차장 - 주차장,승용,여,45세,상해없음,승용,여,56세,경상
2019011000100402,2019년 1월 10일 18시,목요일,경상남도 양산시 북부동,중상사고,0,1,0,0,차대사람 - 기타,안전운전불이행,건조,맑음,교차로 - 교차로안,승용,남,52세,상해없음,보행자,여,49세,중상
2019011000100403,2019년 1월 10일 18시,목요일,경상남도 거제시 능포동,경상사고,0,0,1,0,차대사람 - 기타,안전운전불이행,건조,맑음,교차로 - 교차로안,이륜,남,19세,상해없음,보행자,여,42세,경상
2019011000100404,2019년 1월 10일 18시,목요일,경상남도 산청군 생비량면,중상사고,0,1,3,0,차대차 - 측면충돌,중앙선침범,건조,맑음,단일로 - 기타,승용,남,40세,경상,화물,남,65세,경상
2019011000100405,2019년 1월 10일 18시,목요일,경상남도 함안군 가야읍,중상사고,0,1,0,0,차대차 - 기타,불법유턴,건조,맑음,교차로 - 교차로안,자전거,여,62세,중상,승용,남,43세,상해없음
2019011000100406,2019년 1월 10일 18시,목요일,경상남도 창원시 성산구 가음동,중상사고,0,1,0,0,차대사람 - 횡단중,안전운전불이행,건조,맑음,단일로 - 기타,승용,남,65세,상해없음,보행자,여,71세,중상
2019011000100452,2019년 1월 10일 19시,목요일,경상남도 고성군 고성읍,중상사고,0,1,0,0,차대차 - 측면충돌,교차로운행방법위반,건조,맑음,교차로 - 교차로안,승용,남,29세,상해없음,자전거,남,21세,중상
2019011000100476,2019년 1월 10일 20시,목요일,경상남도 진주시 호탄동,경상사고,0,0,1,0,차대차 - 측면충돌,안전운전불이행,건조,맑음,단일로 - 기타,승용,남,25세,상해없음,승용,남,50세,경상
2019011000100502,2019년 1월 10일 21시,목요일,경상남도 김해시 삼방동,경상사고,0,0,1,0,차대차 - 기타,안전운전불이행,건조,맑음,교차로 - 교차로안,승용,남,27세,상해없음,원동기,남,16세,경상
2019011000100503,2019년 1월 10일 21시,목요일,경상남도 산청군 생초면,중상사고,0,1,0,0,차량단독 - 전도전복 - 전복,안전운전불이행,건조,맑음,단일로 - 기타,승용,여,27세,중상,,,,
2019011000100545,2019년 1월 10일 23시,목요일,경상남도 사천시 용현면,중상사고,0,1,1,0,차대차 - 추돌,안전운전불이행,건조,맑음,교차로 - 교차로부근,화물,남,27세,상해없음,승용,남,28세,중상
2019011100100103,2019년 1월 11일 06시,금요일,경상남도 창원시 마산합포구 해운동,중상사고,0,2,0,0,차대차 - 측면충돌,신호위반,건조,맑음,교차로 - 교차로안,승용,남,49세,기타불명,승용,남,56세,중상
2019011100100134,2019년 1월 11일 07시,금요일,경상남도 진주시 명석면,중상사고,0,1,0,0,차대사람 - 횡단중,안전운전불이행,건조,맑음,단일로 - 기타,승용,남,38세,상해없음,보행자,여,66세,중상
2019011100100148,2019년 1월 11일 08시,금요일,경상남도 김해시 부원동,중상사고,0,1,0,0,차대사람 - 기타,안전운전불이행,건조,맑음,단일로 - 기타,승용,남,55세,상해없음,보행자,남,39세,중상
2019011100100149,2019년 1월 11일 08시,금요일,경상남도 김해시 대청동,경상사고,0,0,1,0,차대차 - 측면충돌,안전운전불이행,건조,맑음,교차로 - 교차로안,이륜,남,57세,경상,승용,여,36세,상해없음
2019011100100181,2019년 1월 11일 09시,금요일,경상남도 창원시 진해구 안골동,경상사고,0,0,1,0,차대차 - 기타,차로위반,건조,맑음,단일로 - 기타,화물,남,63세,상해없음,특수,남,68세,경상
2019011100100182,2019년 1월 11일 09시,금요일,경상남도 창원시 진해구 여좌동,중상사고,0,1,0,0,차대사람 - 횡단중,안전운전불이행,건조,맑음,교차로 - 교차로횡단보도내,승용,남,28세,상해없음,보행자,여,78세,중상
2019011100100237,2019년 1월 11일 11시,금요일,경상남도 김해시 외동,경상사고,0,0,1,0,차대차 - 기타,안전운전불이행,건조,맑음,단일로 - 기타,승합,남,58세,상해없음,승용,여,28세,경상
2019011100100238,2019년 1월 11일 11시,금요일,경상남도 거창군 거창읍,경상사고,0,0,1,0,차대차 - 측면충돌,안전운전불이행,건조,맑음,교차로 - 교차로안,화물,남,51세,상해없음,화물,남,61세,상해없음
2019011100100239,2019년 1월 11일 11시,금요일,경상남도 양산시 다방동,경상사고,0,0,1,0,차대차 - 추돌,안전운전불이행,건조,맑음,단일로 - 기타,승용,남,63세,상해없음,자전거,남,31세,경상
2019011100100379,2019년 1월 11일 16시,금요일,경상남도 양산시 물금읍,중상사고,0,1,0,0,차대차 - 측면충돌,안전운전불이행,건조,맑음,기타 - 기타,이륜,남,64세,상해없음,자전거,남,16세,중상
2019011100100405,2019년 1월 11일 17시,금요일,경상남도 김해시 안동,중상사고,0,1,2,0,차대차 - 추돌,안전운전불이행,건조,맑음,단일로 - 기타,승용,남,79세,중상,승용,남,56세,경상
2019011100100464,2019년 1월 11일 18시,금요일,경상남도 양산시 북정동,경상사고,0,0,1,0,차대차 - 측면충돌,신호위반,건조,맑음,교차로 - 교차로안,승용,여,45세,상해없음,승용,남,32세,경상
2019011100100465,2019년 1월 11일 18시,금요일,경상남도 양산시 북부동,경상사고,0,0,2,0,차대차 - 추돌,안전운전불이행,건조,맑음,단일로 - 기타,승용,남,55세,상해없음,승용,남,28세,상해없음
2019011100100495,2019년 1월 11일 19시,금요일,경상남도 진주시 수곡면,중상사고,0,1,0,0,차대차 - 측면충돌,중앙선침범,건조,맑음,단일로 - 기타,화물,남,61세,상해없음,화물,남,57세,중상
2019011100100496,2019년 1월 11일 19시,금요일,경상남도 창원시 진해구 용원동,경상사고,0,0,1,0,차대사람 - 차도통행중,안전운전불이행,건조,맑음,단일로 - 기타,승용,여,23세,상해없음,보행자,여,30세,경상
2019011100100497,2019년 1월 11일 19시,금요일,경상남도 양산시 신기동,경상사고,0,0,3,0,차대차 - 추돌,안전운전불이행,건조,맑음,단일로 - 기타,승용,여,54세,경상,승용,남,27세,경상
2019011100100529,2019년 1월 11일 20시,금요일,경상남도 통영시 무전동,부상신고사고,0,0,0,1,차대사람 - 차도통행중,안전운전불이행,건조,맑음,단일로 - 기타,승용,여,42세,상해없음,보행자,남,47세,부상신고
2019011100100530,2019년 1월 11일 20시,금요일,경상남도 김해시 외동,경상사고,0,0,1,0,차대차 - 측면충돌,차로위반,건조,맑음,단일로 - 기타,승용,남,64세,상해없음,이륜,남,35세,경상
2019011100100531,2019년 1월 11일 20시,금요일,경상남도 창녕군 창녕읍,경상사고,0,0,2,0,차대차 - 측면충돌,안전운전불이행,건조,맑음,교차로 - 교차로부근,승합,남,60세,상해없음,승용,남,42세,상해없음
2019011100100532,2019년 1월 11일 20시,금요일,경상남도 함안군 가야읍,중상사고,0,1,0,0,차대사람 - 횡단중,보행자보호의무위반,건조,맑음,교차로 - 교차로횡단보도내,이륜,남,28세,상해없음,보행자,여,47세,중상