사고번호,사고일시,요일,시군구,사고내용,사망자수,중상자수,경상자수,부상신고자수,사고유형,법규위반,노면상태,기상상태,도로형태,가해운전자 차종,가해운전자 성별,가해운전자 연령,가해운전자 상해정도,피해운전자 차종,피해운전자 성별,피해운전자 연령,피해운전자 상해정도
2019011600100065,2019년 1월 16일 05시,수요일,경상남도 거제시 장승포동,경상사고,0,0,1,0,차대사람 - 횡단중,보행자보호의무위반,건조,맑음,단일로 - 기타,승합,남,58세,상해없음,보행자,남,64세,경상
2019011600100081,2019년 1월 16일 06시,수요일,경상남도 창원시 마산합포구 교방동,중상사고,0,1,0,0,차대차 - 측면충돌,신호위반,건조,맑음,교차로 - 교차로안,화물,남,27세,상해없음,승용,여,59세,중상
2019011600100097,2019년 1월 16일 07시,수요일,경상남도 양산시 하북면,중상사고,0,1,1,0,차대차 - 측면충돌,안전거리미확보,건조,맑음,단일로 - 기타,화물,남,22세,상해없음,승용,여,66세,중상
2019011600100118,2019년 1월 16일 08시,수요일,경상남도 사천시 봉남동,경상사고,0,0,2,0,차대차 - 측면충돌,안전거리미확보,건조,맑음,교차로 - 교차로안,승용,여,40세,경상,화물,남,43세,경상
2019011600100119,2019년 1월 16일 08시,수요일,경상남도 양산시 중부동,중상사고,0,1,1,0,차대차 - 측면충돌,중앙선침범,건조,맑음,단일로 - 기타,이륜,남,19세,중상,승용,여,52세,경상
2019011600100120,2019년 1월 16일 08시,수요일,경상남도 거제시 장승포동,경상사고,0,0,2,0,차대차 - 기타,안전운전불이행,건조,맑음,단일로 - 기타,화물,남,68세,상해없음,승합,남,49세,경상
2019011600100121,2019년 1월 16일 08시,수요일,경상남도 창원시 의창구 팔용동,경상사고,0,0,1,0,차대차 - 측면충돌,안전운전불이행,건조,맑음,단일로 - 기타,화물,남,49세,상해없음,승용,여,44세,경상
2019011600100145,2019년 1월 16일 09시,수요일,경상남도 창원시 의창구 팔용동,경상사고,0,0,1,0,차대차 - 측면충돌,안전거리미확보,건조,맑음,단일로 - 기타,건설기계,남,45세,상해없음,승용,여,29세,경상
2019011600100192,2019년 1월 16일 11시,수요일,경상남도 김해시 생림면,경상사고,0,0,2,0,차대차 - 추돌,안전거리미확보,건조,맑음,단일로 - 기타,화물,남,57세,상해없음,승용,남,59세,경상
2019011600100253,2019년 1월 16일 13시,수요일,경상남도 김해시 삼방동,경상사고,0,0,2,0,차대차 - 측면충돌,안전운전불이행,건조,맑음,단일로 - 기타,승용,남,50세,상해없음,승용,여,39세,상해없음
2019011600100269,2019년 1월 16일 14시,수요일,경상남도 김해시 부원동,경상사고,0,0,1,0,차대차 - 측면충돌,교차로운행방법위반,건조,맑음,교차로 - 교차로안,승용,남,63세,상해없음,승용,남,43세,경상
2019011600100270,2019년 1월 16일 14시,수요일,경상남도 합천군 가야면,중상사고,0,1,0,0,차대차 - 측면충돌,안전운전불이행,건조,맑음,단일로 - 기타,원동기,남,71세,중상,승용,남,57세,상해없음
2019011600100308,2019년 1월 16일 15시,수요일,경상남도 김해시 내동,중상사고,0,1,0,0,차대차 - 측면충돌,차로위반,건조,맑음,단일로 - 기타,승용,남,38세,상해없음,승용,여,38세,중상
2019011600100309,2019년 1월 16일 15시,수요일,경상남도 창원시 의창구 소답동,경상사고,0,0,1,0,차대차 - 추돌,안전거리미확보,건조,맑음,단일로 - 기타,승용,남,69세,상해없음,승용,여,58세,경상
2019011600100343,2019년 1월 16일 16시,수요일,경상남도 양산시 평산동,경상사고,0,0,1,0,차대차 - 측면충돌,신호위반,건조,맑음,교차로 - 교차로안,승용,남,61세,상해없음,승합,남,70세,경상
2019011600100344,2019년 1월 16일 16시,수요일,경상남도 거제시 고현동,경상사고,0,0,1,0,차량단독 - 공작물충돌,안전운전불이행,건조,맑음,교차로 - 교차로부근,승용,남,45세,상해없음,,,,
2019011600100382,2019년 1월 16일 17시,수요일,경상남도 김해시 내동,중상사고,0,1,0,0,차대사람 - 길가장자리구역통행중,안전운전불이행,건조,맑음,단일로 - 기타,승용,여,44세,상해없음,보행자,여,74세,중상
2019011600100383,2019년 1월 16일 17시,수요일,경상남도 양산시 북정동,중상사고,0,1,3,0,차대차 - 측면충돌,신호위반,건조,맑음,교차로 - 교차로안,승합,남,69세,상해없음,승용,여,52세,경상
2019011600100427,2019년 1월 16일 18시,수요일,경상남도 통영시 북신동,경상사고,0,0,4,0,차대차 - 측면충돌,안전운전불이행,건조,맑음,교차로 - 교차로안,승용,남,64세,상해없음,승용,남,43세,경상
2019011600100473,2019년 1월 16일 19시,수요일,경상남도 양산시 주진동,경상사고,0,0,2,1,차대차 - 측면충돌,신호위반,건조,맑음,교차로 - 교차로안,승용,여,52세,부상신고,승용,남,69세,경상
2019011600100474,2019년 1월 16일 19시,수요일,경상남도 창원시 의창구 동읍,사망사고,1,0,0,0,차대사람 - 기타,안전운전불이행,건조,맑음,단일로 - 기타,승용,여,51세,기타불명,보행자,남,70세,사망
2019011600100516,2019년 1월 16일 20시,수요일,경상남도 고성군 삼산면,사망사고,1,0,0,0,차대차 - 정면충돌,안전운전불이행,건조,맑음,단일로 - 기타,화물,남,50세,사망,화물,남,64세,상해없음
2019011600100537,2019년 1월 16일 21시,수요일,경상남도 고성군 고성읍,부상신고사고,0,0,0,1,차대사람 - 차도통행중,안전운전불이행,건조,맑음,단일로 - 기타,승용,남,28세,상해없음,보행자,남,50세,부상신고
2019011600100558,2019년 1월 16일 22시,수요일,경상남도 김해시 삼정동,중상사고,0,1,0,0,차대차 - 추돌,안전운전불이행,건조,맑음,단일로 - 기타,승용,남,18세,상해없음,승용,남,38세,상해없음
2019011600100559,2019년 1월 16일 22시,수요일,경상남도 창원시 성산구 양곡동,경상사고,0,0,2,0,차대차 - 추돌,안전운전불이행,건조,맑음,교차로 - 교차로부근,승용,남,57세,상해없음,승용,남,24세,경상
2019011700100034,2019년 1월 17일 00시,목요일,경상남도 창원시 성산구 중앙동,경상사고,0,0,1,0,차대사람 - 횡단중,보행자보호의무위반,건조,맑음,교차로 - 교차로횡단보도내,승용,남,71세,상해없음,보행자,남,45세,경상
2019011700100042,2019년 1월 17일 01시,목요일,경상남도 창원시 마산합포구 상남동,경상사고,0,0,1,1,차대차 - 추돌,안전운전불이행,건조,맑음,교차로 - 교차로부근,승용,남,42세,상해없음,승용,남,58세,경상
2019011700100043,2019년 1월 17일 01시,목요일,경상남도 거창군 거창읍,경상사고,0,0,1,0,차대차 - 기타,안전운전불이행,건조,맑음,기타 - 기타,승용,여,36세,상해없음,자전거,남,13세,경상
2019011700100055,2019년 1월 17일 04시,목요일,경상남도 창원시 의창구 서상동,중상사고,0,1,0,0,차대사람 - 보도통행중,신호위반,건조,맑음,교차로 - 교차로횡단보도내,원동기,남,26세,상해없음,보행자,여,62세,중상
2019011700100084,2019년 1월 17일 06시,목요일,경상남도 김해시 내동,경상사고,0,0,1,0,차대차 - 추돌,안전운전불이행,건조,맑음,단일로 - 기타,승용,남,19세,상해없음,승용,남,61세,경상
2019011700100095,2019년 1월 17일 07시,목요일,경상남도 밀양시 상남면,경상사고,0,0,1,0,차대차 - 추돌,안전운전불이행,건조,맑음,단일로 - 기타,승용,여,46세,상해없음,승용,남,33세,경상
2019011700100096,2019년 1월 17일 07시,목요일,경상남도 밀양시 상남면,중상사고,0,1,1,0,차대차 - 추돌,안전운전불이행,건조,맑음,단일로 - 기타,승용,남,22세,경상,승용,남,28세,상해없음
2019011700100097,2019년 1월 17일 07시,목요일,경상남도 고성군 상리면,사망사고,1,0,0,0,차대사람 - 보도통행중,신호위반,건조,맑음,교차로 - 교차로횡단보도내,승용,여,30세,상해없음,보행자,여,75세,사망
2019011700100126,2019년 1월 17일 08시,목요일,경상남도 진주시 정촌면,중상사고,0,1,0,0,차대사람 - 횡단중,보행자보호의무위반,건조,맑음,교차로 - 교차로횡단보도내,승용,남,46세,상해없음,보행자,여,43세,중상
2019011700100127,2019년 1월 17일 08시,목요일,경상남도 김해시 삼정동,경상사고,0,0,1,0,차대차 - 추돌,안전거리미확보,건조,맑음,단일로 - 기타,승용,남,54세,상해없음,승용,남,59세,경상
2019011700100128,2019년 1월 17일 08시,목요일,경상남도 거제시 고현동,경상사고,0,0,1,0,차대사람 - 횡단중,안전운전불이행,건조,맑음,단일로 - 기타,승용,여,32세,상해없음,보행자,남,67세,경상
2019011700100129,2019년 1월 17일 08시,목요일,경상남도 거제시 장평동,경상사고,0,0,1,0,차대차 - 측면충돌,교차로운행방법위반,건조,맑음,교차로 - 교차로안,승용,남,69세,상해없음,승용,여,46세,경상
2019011700100166,2019년 1월 17일 10시,목요일,경상남도 김해시 대동면,경상사고,0,0,2,1,차대차 - 추돌,안전운전불이행,건조,맑음,단일로 - 기타,승용,남,27세,경상,승용,여,47세,경상
2019011700100177,2019년 1월 17일 10시,목요일,경상남도 밀양시 상동면,중상사고,0,2,1,0,차대차 - 정면충돌,중앙선침범,건조,맑음,단일로 - 기타,승용,남,64세,경상,승용,남,71세,중상
2019011700100178,2019년 1월 17일 10시,목요일,경상남도 거제시 고현동,경상사고,0,0,2,0,차대차 - 후진중충돌,교차로운행방법위반,건조,맑음,교차로 - 교차로안,승용,여,36세,경상,승용,여,40세,경상
2019011700100206,2019년 1월 17일 11시,목요일,경상남도 진주시 수정동,중상사고,0,2,1,0,차대차 - 기타,안전운전불이행,건조,맑음,단일로 - 기타,승용,남,65세,상해없음,승용,남,50세,중상
2019011700100207,2019년 1월 17일 11시,목요일,경상남도 양산시 주진동,경상사고,0,0,1,0,차대차 - 추돌,안전거리미확보,건조,맑음,교차로 - 교차로안,화물,남,66세,상해없음,승용,여,51세,경상
2019011700100208,2019년 1월 17일 11시,목요일,경상남도 거제시 사등면,중상사고,0,1,1,0,차대차 - 측면충돌,기타,건조,맑음,단일로 - 기타,승용,남,60세,상해없음,승용,남,47세,중상
2019011700100229,2019년 1월 17일 12시,목요일,경상남도 함양군 수동면,중상사고,0,1,0,1,차대차 - 추돌,안전운전불이행,건조,맑음,교차로 - 교차로부근,화물,남,60세,부상신고,승용,남,61세,중상
2019011700100230,2019년 1월 17일 12시,목요일,경상남도 창원시 성산구 신촌동,경상사고,0,0,2,0,차대차 - 추돌,안전운전불이행,건조,맑음,교차로 - 교차로부근,승용,남,70세,상해없음,화물,남,65세,경상
2019011700100325,2019년 1월 17일 15시,목요일,경상남도 통영시 무전동,중상사고,0,1,0,0,차대사람 - 횡단중,안전운전불이행,건조,맑음,단일로 - 기타,이륜,남,29세,상해없음,보행자,여,71세,중상
2019011700100326,2019년 1월 17일 15시,목요일,경상남도 통영시 정량동,경상사고,0,0,1,0,차대차 - 정면충돌,안전거리미확보,건조,맑음,교차로 - 교차로부근,승용,여,46세,기타불명,이륜,남,42세,경상
2019011700100327,2019년 1월 17일 15시,목요일,경상남도 거창군 주상면,중상사고,0,1,0,0,차대차 - 추돌,안전운전불이행,건조,맑음,단일로 - 터널,화물,남,31세,상해없음,농기계,남,78세,중상
2019011700100328,2019년 1월 17일 15시,목요일,경상남도 거제시 아주동,경상사고,0,0,1,0,차대차 - 측면충돌,직진우회전진행방해,건조,맑음,교차로 - 교차로안,승용,여,50세,상해없음,승용,여,48세,경상
2019011700100396,2019년 1월 17일 17시,목요일,경상남도 창녕군 창녕읍,중상사고,0,1,0,0,차대차 - 기타,직진우회전진행방해,건조,맑음,교차로 - 교차로안,이륜,남,79세,중상,승용,여,38세,상해없음
2019011700100448,2019년 1월 17일 18시,목요일,경상남도 창원시 마산합포구 창포동1가,경상사고,0,0,1,0,차대사람 - 횡단중,보행자보호의무위반,건조,맑음,교차로 - 교차로횡단보도내,화물,남,40세,상해없음,보행자,여,49세,경상
2019011700100449,2019년 1월 17일 18시,목요일,경상남도 통영시 당동,경상사고,0,0,1,0,차대차 - 측면충돌,안전운전불이행,건조,맑음,단일로 - 기타,승용,남,32세,상해없음,승용,남,51세,경상
2019011700100450,2019년 1월 17일 18시,목요일,경상남도 사천시 용강동,중상사고,0,1,0,0,차대사람 - 횡단중,안전운전불이행,건조,맑음,교차로 - 교차로안,승용,남,39세,상해없음,보행자,남,60세,중상
2019011700100451,2019년 1월 17일 18시,목요일,경상남도 양산시 주진동,경상사고,0,0,1,0,차대차 - 추돌,안전운전불이행,건조,맑음,단일로 - 기타,기타불명,기타불명,미분류,기타불명,승용,여,48세,경상
2019011700100452,2019년 1월 17일 18시,목요일,경상남도 창원시 성산구 가음동,중상사고,0,1,0,0,차대차 - 추돌,안전운전불이행,건조,맑음,교차로 - 교차로안,승용,남,66세,상해없음,승용,여,41세,중상
2019011700100453,2019년 1월 17일 18시,목요일,경상남도 창원시 마산회원구 석전동,중상사고,0,1,0,0,차대사람 - 횡단중,보행자보호의무위반,건조,맑음,교차로 - 교차로안,승용,남,49세,상해없음,보행자,여,65세,중상
2019011700100490,2019년 1월 17일 19시,목요일,경상남도 김해시 삼방동,경상사고,0,0,1,0,차대차 - 측면충돌,안전운전불이행,건조,맑음,기타 - 기타,승합,남,56세,상해없음,이륜,남,35세,경상
2019011700100540,2019년 1월 17일 21시,목요일,경상남도 양산시 중부동,경상사고,0,0,2,0,차대차 - 기타,안전운전불이행,건조,맑음,교차로 - 교차로부근,승용,남,18세,상해없음,승용,남,58세,상해없음
2019011700100541,2019년 1월 17일 21시,목요일,경상남도 창원시 의창구 용호동,중상사고,0,1,0,0,차대사람 - 횡단중,보행자보호의무위반,건조,맑음,단일로 - 기타,승용,남,54세,상해없음,보행자,여,55세,중상
2019011700100542,2019년 1월 17일 21시,목요일,경상남도 창원시 의창구 동읍,경상사고,0,0,1,0,차대사람 - 기타,안전운전불이행,건조,맑음,단일로 - 기타,승용,남,67세,상해없음,보행자,남,54세,경상
2019011700100570,2019년 1월 17일 22시,목요일,경상남도 사천시 송포동,중상사고,0,1,0,0,차량단독 - 기타,안전운전불이행,건조,맑음,단일로 - 기타,승용,여,35세,중상,,,,
2019011700100571,2019년 1월 17일 22시,목요일,경상남도 거창군 마리면,중상사고,0,2,0,0,차량단독 - 공작물충돌,안전운전불이행,건조,맑음,단일로 - 기타,화물,남,18세,중상,,,,
2019011700100572,2019년 1월 17일 22시,목요일,경상남도 창원시 성산구 상남동,경상사고,0,0,1,0,차대사람 - 횡단중,보행자보호의무위반,건조,맑음,교차로 - 교차로안,승용,남,57세,상해없음,보행자,남,32세,경상
2019011700100593,2019년 1월 17일 23시,목요일,경상남도 창원시 마산회원구 양덕동,중상사고,0,1,0,0,차대사람 - 차도통행중,안전운전불이행,건조,기타,단일로 - 기타,승용,여,22세,상해없음,보행자,남,36세,중상
2019011800100030,2019년 1월 18일 01시,금요일,경상남도 창녕군 남지읍,경상사고,0,0,1,0,차대차 - 기타,안전운전불이행,건조,맑음,단일로 - 교량,화물,남,34세,상해없음,승용,남,38세,기타불명
2019011800100047,2019년 1월 18일 04시,금요일,경상남도 사천시 신벽동,경상사고,0,0,1,0,차대차 - 측면충돌,안전운전불이행,건조,맑음,단일로 - 기타,화물,남,40세,상해없음,화물,남,48세,경상
2019011800100156,2019년 1월 18일 09시,금요일,경상남도 사천시 동금동,경상사고,0,0,1,0,차대차 - 측면충돌,직진우회전진행방해,건조,맑음,교차로 - 교차로안,승용,남,59세,상해없음,승용,여,24세,경상
2019011800100157,2019년 1월 18일 09시,금요일,경상남도 김해시 삼방동,중상사고,0,1,1,0,차대차 - 측면충돌,신호위반,건조,맑음,교차로 - 교차로안,승용,남,21세,상해없음,승용,남,69세,경상
2019011800100195,2019년 1월 18일 10시,금요일,경상남도 사천시 사천읍,경상사고,0,0,3,0,차대차 - 측면충돌,직진우회전진행방해,건조,맑음,교차로 - 교차로안,승용,남,38세,경상,승용,여,48세,경상
2019011800100196,2019년 1월 18일 10시,금요일,경상남도 창녕군 창녕읍,중상사고,0,1,0,0,차대차 - 기타,안전운전불이행,건조,맑음,단일로 - 기타,승용,여,65세,중상,화물,남,52세,상해없음
2019011800100197,2019년 1월 18일 10시,금요일,경상남도 양산시 동면,경상사고,0,0,2,0,차대차 - 측면충돌,안전거리미확보,건조,맑음,단일로 - 기타,승용,여,64세,경상,승용,남,37세,경상
2019011800100235,2019년 1월 18일 11시,금요일,경상남도 사천시 선구동,중상사고,0,1,0,0,차대차 - 측면충돌,중앙선침범,건조,맑음,교차로 - 교차로부근,승용,여,46세,상해없음,이륜,남,67세,중상
2019011800100236,2019년 1월 18일 11시,금요일,경상남도 김해시 한림면,중상사고,0,1,0,0,차대차 - 측면충돌,안전운전불이행,건조,맑음,교차로 - 교차로안,승용,남,19세,상해없음,이륜,남,24세,중상
2019011800100267,2019년 1월 18일 12시,금요일,경상남도 창원시 의창구 팔용동,경상사고,0,0,1,0,차대차 - 측면충돌,교차로운행방법위반,건조,맑음,교차로 - 교차로안,화물,남,33세,상해없음,승용,남,51세,경상
2019011800100290,2019년 1월 18일 13시,금요일,경상남도 밀양시 상남면,경상사고,0,0,1,0,차량단독 - 공작물충돌,안전운전불이행,건조,맑음,단일로 - 기타,승용,남,39세,경상,,,,
2019011800100291,2019년 1월 18일 13시,금요일,경상남도 고성군 거류면,경상사고,0,0,1,0,차대차 - 측면충돌,중앙선침범,건조,맑음,단일로 - 기타,화물,남,55세,상해없음,화물,남,48세,경상
2019011800100382,2019년 1월 18일 16시,금요일,경상남도 진주시 상대동,경상사고,0,0,1,0,차대차 - 측면충돌,중앙선침범,건조,맑음,단일로 - 기타,승용,남,38세,상해없음,승용,남,48세,경상
2019011800100383,2019년 1월 18일 16시,금요일,경상남도 통영시 중앙동,경상사고,0,0,1,0,차대사람 - 횡단중,안전운전불이행,건조,맑음,교차로 - 교차로횡단보도내,화물,남,38세,상해없음,보행자,여,75세,경상
2019011800100420,2019년 1월 18일 17시,금요일,경상남도 양산시 신기동,경상사고,0,0,5,0,차대차 - 측면충돌,직진우회전진행방해,건조,맑음,교차로 - 교차로안,승용,남,25세,상해없음,승용,남,44세,경상
2019011800100421,2019년 1월 18일 17시,금요일,경상남도 거제시 장평동,중상사고,0,1,0,0,차대차 - 측면충돌,직진우회전진행방해,건조,맑음,교차로 - 교차로안,이륜,남,39세,상해없음,이륜,남,40세,중상
2019011800100481,2019년 1월 18일 18시,금요일,경상남도 진주시 이현동,중상사고,0,1,0,0,차대차 - 기타,안전거리미확보,건조,맑음,단일로 - 교량,화물,남,55세,상해없음,이륜,여,47세,중상
2019011800100482,2019년 1월 18일 18시,금요일,경상남도 사천시 곤양면,경상사고,0,0,2,0,차대차 - 측면충돌,안전운전불이행,건조,맑음,단일로 - 기타,승용,남,60세,상해없음,승용,여,49세,경상
2019011800100483,2019년 1월 18일 18시,금요일,경상남도 산청군 신안면,경상사고,0,0,1,1,차대차 - 추돌,안전운전불이행,건조,맑음,단일로 - 기타,승용,남,23세,상해없음,승합,남,64세,부상신고
2019011800100535,2019년 1월 18일 19시,금요일,경상남도 밀양시 내이동,중상사고,0,1,0,0,차대사람 - 길가장자리구역통행중,안전운전불이행,건조,흐림,교차로 - 교차로안,화물,남,41세,상해없음,보행자,남,50세,중상
2019011800100561,2019년 1월 18일 20시,금요일,경상남도 진주시 망경동,경상사고,0,0,1,0,차대차 - 측면충돌,안전운전불이행,건조,맑음,교차로 - 교차로안,자전거,남,63세,경상,승용,남,46세,상해없음
2019011800100562,2019년 1월 18일 20시,금요일,경상남도 거제시 사등면,중상사고,0,1,0,0,차대차 - 기타,안전거리미확보,건조,맑음,단일로 - 기타,승용,남,52세,상해없음,이륜,남,81세,중상
2019011800100593,2019년 1월 18일 21시,금요일,경상남도 창원시 진해구 안골동,경상사고,0,0,2,0,차대차 - 추돌,안전운전불이행,건조,맑음,교차로 - 교차로부근,승용,여,52세,상해없음,승용,남,59세,경상
2019011800100594,2019년 1월 18일 21시,금요일,경상남도 밀양시 삼랑진읍,경상사고,0,0,1,0,차대차 - 측면충돌,교차로운행방법위반,건조,맑음,교차로 - 교차로안,승용,남,55세,상해없음,화물,남,57세,경상
2019011800100617,2019년 1월 18일 22시,금요일,경상남도 창원시 마산회원구 회원동,중상사고,0,1,1,0,차대차 - 정면충돌,신호위반,건조,맑음,교차로 - 교차로안,승용,남,45세,상해없음,승용,남,64세,경상
2019011800100642,2019년 1월 18일 23시,금요일,경상남도 창원시 마산회원구 합성동,중상사고,0,1,0,0,차대사람 - 기타,안전운전불이행,건조,맑음,단일로 - 기타,원동기,남,36세,상해없음,보행자,여,53세,중상
2019011900100023,2019년 1월 19일 00시,토요일,경상남도 거제시 연초면,중상사고,0,1,1,0,차대차 - 측면충돌,신호위반,건조,맑음,교차로 - 교차로부근,승용,여,30세,상해없음,승용,남,52세,경상
2019011900100035,2019년 1월 19일 01시,토요일,경상남도 창원시 진해구 용원동,경상사고,0,0,2,0,차대차 - 측면충돌,신호위반,건조,맑음,교차로 - 교차로안,승합,남,62세,경상,원동기,남,34세,경상
2019011900100077,2019년 1월 19일 04시,토요일,경상남도 창원시 진해구 충무동,중상사고,0,1,0,0,차대사람 - 기타,안전운전불이행,건조,맑음,단일로 - 기타,승용,남,58세,상해없음,보행자,남,37세,중상
2019011900100078,2019년 1월 19일 04시,토요일,경상남도 거제시 고현동,경상사고,0,0,1,0,차대사람 - 횡단중,교차로운행방법위반,건조,맑음,교차로 - 교차로안,승용,여,39세,상해없음,보행자,남,24세,경상
2019011900100081,2019년 1월 19일 05시,토요일,경상남도 양산시 물금읍,경상사고,0,0,2,0,차대차 - 측면충돌,신호위반,건조,맑음,교차로 - 교차로안,특수,남,23세,상해없음,승용,남,30세,경상
2019011900100114,2019년 1월 19일 07시,토요일,경상남도 창원시 성산구 상남동,중상사고,0,1,0,0,차대사람 - 횡단중,안전운전불이행,건조,맑음,단일로 - 기타,승용,여,33세,상해없음,보행자,여,82세,중상
2019011900100162,2019년 1월 19일 10시,토요일,경상남도 사천시 동금동,경상사고,0,0,1,0,차대사람 - 기타,안전운전불이행,건조,맑음,교차로 - 교차로안,화물,남,52세,상해없음,보행자,여,61세,경상
2019011900100163,2019년 1월 19일 10시,토요일,경상남도 김해시 구산동,중상사고,0,1,3,0,차대차 - 기타,신호위반,건조,맑음,교차로 - 교차로안,승용,여,51세,경상,승용,남,56세,중상
2019011900100192,2019년 1월 19일 11시,토요일,경상남도 김해시 동상동,경상사고,0,0,2,0,차대차 - 기타,안전운전불이행,건조,맑음,단일로 - 기타,승용,남,30세,상해없음,이륜,남,20세,경상
2019011900100208,2019년 1월 19일 12시,토요일,경상남도 창원시 진해구 대장동,경상사고,0,0,2,0,차대차 - 측면충돌,차로위반,건조,맑음,단일로 - 기타,승용,남,56세,상해없음,승용,남,27세,경상
2019011900100278,2019년 1월 19일 14시,토요일,경상남도 남해군 삼동면,중상사고,0,1,0,0,차대차 - 측면충돌,안전운전불이행,건조,맑음,단일로 - 기타,화물,남,72세,상해없음,화물,남,57세,중상
2019011900100300,2019년 1월 19일 15시,토요일,경상남도 창녕군 유어면,중상사고,0,1,0,0,차대차 - 기타,안전운전불이행,건조,맑음,단일로 - 기타,이륜,남,36세,중상,승용,남,37세,상해없음
2019011900100345,2019년 1월 19일 17시,토요일,경상남도 진주시 평거동,경상사고,0,0,2,0,차대차 - 추돌,안전거리미확보,건조,맑음,단일로 - 기타,승용,남,39세,상해없음,승용,남,30세,경상
2019011900100346,2019년 1월 19일 17시,토요일,경상남도 김해시 한림면,중상사고,0,1,1,0,차대차 - 측면충돌,중앙선침범,건조,맑음,단일로 - 기타,승용,남,25세,상해없음,이륜,남,30세,경상
2019011900100414,2019년 1월 19일 19시,토요일,경상남도 창원시 마산합포구 서성동,경상사고,0,0,2,0,차대사람 - 기타,신호위반,건조,흐림,단일로 - 기타,승용,남,64세,경상,보행자,여,65세,경상
2019011900100466,2019년 1월 19일 21시,토요일,경상남도 사천시 사천읍,중상사고,0,1,1,0,차대차 - 측면충돌,직진우회전진행방해,건조,맑음,교차로 - 교차로안,승용,여,47세,경상,승용,여,47세,중상
2019011900100511,2019년 1월 19일 23시,토요일,경상남도 창원시 진해구 석동,경상사고,0,0,1,0,차량단독 - 기타,안전운전불이행,젖음/습기,흐림,교차로 - 교차로횡단보도내,승용,남,38세,상해없음,,,,
2019011900100512,2019년 1월 19일 23시,토요일,경상남도 창원시 진해구 석동,경상사고,0,0,2,0,차대사람 - 기타,교차로운행방법위반,건조,맑음,단일로 - 기타,승용,남,22세,상해없음,보행자,남,53세,경상
2019011900100513,2019년 1월 19일 23시,토요일,경상남도 창원시 성산구 상남동,경상사고,0,0,1,0,차대사람 - 차도통행중,안전운전불이행,젖음/습기,비,단일로 - 기타,승용,남,22세,상해없음,보행자,남,19세,경상
2019012000100030,2019년 1월 20일 00시,일요일,경상남도 양산시 중부동,경상사고,0,0,1,0,차대차 - 기타,중앙선침범,젖음/습기,비,단일로 - 기타,승용,남,67세,상해없음,이륜,남,37세,경상
2019012000100050,2019년 1월 20일 01시,일요일,경상남도 김해시 어방동,경상사고,0,0,1,0,차대차 - 기타,중앙선침범,건조,흐림,단일로 - 기타,이륜,남,16세,상해없음,승용,남,58세,상해없음
2019012000100051,2019년 1월 20일 01시,일요일,경상남도 김해시 진영읍,경상사고,0,0,1,0,차량단독 - 공작물충돌,안전운전불이행,건조,맑음,기타 - 기타,승용,남,24세,경상,,,,
2019012000100078,2019년 1월 20일 03시,일요일,경상남도 거제시 연초면,경상사고,0,0,1,0,차량단독 - 도로외이탈 - 추락,안전운전불이행,젖음/습기,흐림,단일로 - 기타,승용,남,58세,경상,,,,
2019012000100089,2019년 1월 20일 04시,일요일,경상남도 통영시 도천동,중상사고,0,1,0,0,차대사람 - 횡단중,안전운전불이행,건조,맑음,단일로 - 기타,승용,남,71세,상해없음,보행자,남,83세,중상
2019012000100129,2019년 1월 20일 08시,일요일,경상남도 창녕군 창녕읍,경상사고,0,0,1,0,차대차 - 기타,안전운전불이행,서리/결빙,흐림,단일로 - 기타,승용,여,60세,경상,승용,남,51세,기타불명
2019012000100142,2019년 1월 20일 09시,일요일,경상남도 밀양시 삼랑진읍,중상사고,0,1,0,0,차대차 - 측면충돌,안전운전불이행,건조,맑음,단일로 - 기타,승용,남,60세,상해없음,이륜,남,74세,중상
2019012000100173,2019년 1월 20일 11시,일요일,경상남도 거창군 신원면,중상사고,0,2,0,0,차량단독 - 도로외이탈 - 추락,안전운전불이행,서리/결빙,맑음,단일로 - 기타,화물,남,61세,중상,,,,
2019012000100194,2019년 1월 20일 12시,일요일,경상남도 김해시 어방동,부상신고사고,0,0,0,1,차대사람 - 횡단중,안전운전불이행,건조,맑음,단일로 - 기타,승용,남,60세,상해없음,보행자,남,39세,부상신고
2019012000100195,2019년 1월 20일 12시,일요일,경상남도 하동군 금남면,중상사고,0,1,1,0,차량단독 - 전도전복 - 전도,안전운전불이행,건조,맑음,단일로 - 기타,이륜,남,56세,경상,,,,
2019012000100196,2019년 1월 20일 12시,일요일,경상남도 산청군 시천면,경상사고,0,0,1,2,차대차 - 추돌,안전운전불이행,건조,맑음,교차로 - 교차로안,승용,남,30세,부상신고,승용,여,47세,경상
2019012000100209,2019년 1월 20일 13시,일요일,경상남도 함양군 함양읍,중상사고,0,1,0,0,차대차 - 측면충돌,신호위반,건조,맑음,교차로 - 교차로안,승합,여,36세,상해없음,승용,여,56세,중상
2019012000100236,2019년 1월 20일 14시,일요일,경상남도 거제시 거제면,경상사고,0,0,2,0,차대차 - 측면충돌,안전운전불이행,건조,맑음,교차로 - 교차로안,사륜오토바이(ATV),남,81세,경상,화물,여,40세,경상
2019012000100282,2019년 1월 20일 16시,일요일,경상남도 거창군 거창읍,경상사고,0,0,2,0,차대차 - 측면충돌,안전운전불이행,건조,맑음,교차로 - 교차로안,승용,남,32세,경상,승용,남,39세,경상