사고번호,사고일시,요일,시군구,사고내용,사망자수,중상자수,경상자수,부상신고자수,사고유형,법규위반,노면상태,기상상태,도로형태,가해운전자 차종,가해운전자 성별,가해운전자 연령,가해운전자 상해정도,피해운전자 차종,피해운전자 성별,피해운전자 연령,피해운전자 상해정도
2019012000100312,2019년 1월 20일 17시,일요일,경상남도 밀양시 내이동,경상사고,0,0,1,0,차대사람 - 횡단중,안전운전불이행,건조,맑음,교차로 - 교차로부근,승용,여,31세,상해없음,보행자,여,79세,경상
2019012000100313,2019년 1월 20일 17시,일요일,경상남도 김해시 구산동,경상사고,0,0,4,0,차대차 - 추돌,안전운전불이행,건조,맑음,단일로 - 기타,승용,남,47세,상해없음,화물,남,43세,경상
2019012000100314,2019년 1월 20일 17시,일요일,경상남도 양산시 원동면,부상신고사고,0,0,0,4,차대차 - 기타,안전운전불이행,건조,맑음,단일로 - 기타,건설기계,남,39세,상해없음,승용,남,45세,부상신고
2019012000100315,2019년 1월 20일 17시,일요일,경상남도 의령군 의령읍,경상사고,0,0,6,0,차대차 - 측면충돌,교차로운행방법위반,건조,맑음,교차로 - 교차로안,화물,남,57세,상해없음,승용,여,42세,경상
2019012000100380,2019년 1월 20일 19시,일요일,경상남도 김해시 진영읍,부상신고사고,0,0,0,1,차대차 - 측면충돌,교차로운행방법위반,건조,맑음,교차로 - 교차로안,승용,남,23세,부상신고,화물,남,59세,상해없음
2019012000100434,2019년 1월 20일 21시,일요일,경상남도 거창군 거창읍,경상사고,0,0,1,0,차대차 - 기타,신호위반,건조,맑음,교차로 - 교차로안,이륜,남,43세,경상,승용,남,50세,상해없음
2019012000100435,2019년 1월 20일 21시,일요일,경상남도 양산시 삼호동,경상사고,0,0,1,0,차대차 - 측면충돌,중앙선침범,건조,맑음,단일로 - 기타,승용,남,53세,상해없음,승용,남,57세,상해없음
2019012000100436,2019년 1월 20일 21시,일요일,경상남도 김해시 대청동,중상사고,0,1,0,0,차대차 - 측면충돌,신호위반,건조,맑음,교차로 - 교차로안,승합,남,53세,상해없음,승용,남,53세,중상
2019012000100451,2019년 1월 20일 22시,일요일,경상남도 김해시 부원동,중상사고,0,1,0,0,차대차 - 기타,안전운전불이행,건조,맑음,교차로 - 교차로안,원동기,남,33세,중상,화물,남,54세,상해없음
2019012000100461,2019년 1월 20일 23시,일요일,경상남도 함양군 함양읍,사망사고,1,1,6,0,차대차 - 기타,안전운전불이행,건조,맑음,단일로 - 기타,승용,여,33세,경상,화물,남,53세,상해없음
2019012000100462,2019년 1월 20일 23시,일요일,경상남도 김해시 진영읍,경상사고,0,0,2,0,차대사람 - 기타,안전운전불이행,건조,맑음,단일로 - 기타,승용,남,24세,상해없음,보행자,여,43세,경상
2019012100100052,2019년 1월 21일 05시,월요일,경상남도 사천시 벌리동,중상사고,0,1,2,0,차대차 - 측면충돌,교차로운행방법위반,건조,맑음,교차로 - 교차로안,승용,남,19세,경상,승용,여,60세,경상
2019012100100069,2019년 1월 21일 06시,월요일,경상남도 거제시 고현동,중상사고,0,1,0,0,차대사람 - 횡단중,보행자보호의무위반,건조,맑음,교차로 - 교차로횡단보도내,이륜,남,47세,상해없음,보행자,여,68세,중상
2019012100100091,2019년 1월 21일 07시,월요일,경상남도 함양군 수동면,중상사고,0,1,2,0,차대차 - 측면충돌,교차로운행방법위반,건조,맑음,교차로 - 교차로안,승용,남,55세,경상,승용,여,59세,경상
2019012100100110,2019년 1월 21일 08시,월요일,경상남도 창원시 성산구 외동,중상사고,0,1,0,0,차대차 - 추돌,안전운전불이행,건조,맑음,교차로 - 교차로부근,화물,남,69세,상해없음,승용,남,50세,중상
2019012100100111,2019년 1월 21일 08시,월요일,경상남도 김해시 관동동,중상사고,0,1,0,0,차대차 - 측면충돌,신호위반,건조,맑음,교차로 - 교차로안,승용,여,52세,상해없음,승용,여,45세,중상
2019012100100144,2019년 1월 21일 09시,월요일,경상남도 창원시 마산회원구 내서읍,경상사고,0,0,1,0,차대차 - 추돌,안전운전불이행,건조,맑음,단일로 - 기타,화물,남,68세,상해없음,승용,남,47세,경상
2019012100100145,2019년 1월 21일 09시,월요일,경상남도 김해시 진례면,경상사고,0,0,1,0,차대차 - 측면충돌,신호위반,건조,맑음,교차로 - 교차로안,화물,남,32세,상해없음,승용,남,43세,경상
2019012100100181,2019년 1월 21일 10시,월요일,경상남도 진주시 평거동,경상사고,0,0,1,0,차대차 - 측면충돌,신호위반,건조,맑음,교차로 - 교차로안,승용,남,49세,상해없음,승용,남,39세,경상
2019012100100182,2019년 1월 21일 10시,월요일,경상남도 창원시 의창구 사림동,경상사고,0,0,1,0,차대차 - 측면충돌,안전운전불이행,건조,맑음,단일로 - 기타,승용,남,77세,상해없음,승용,남,23세,경상
2019012100100206,2019년 1월 21일 11시,월요일,경상남도 양산시 덕계동,중상사고,0,1,0,0,차대사람 - 횡단중,안전운전불이행,건조,맑음,교차로 - 교차로부근,승용,여,39세,상해없음,보행자,여,56세,중상
2019012100100259,2019년 1월 21일 13시,월요일,경상남도 양산시 물금읍,경상사고,0,0,1,0,차대차 - 추돌,과속,건조,맑음,교차로 - 교차로안,승용,남,39세,상해없음,승용,남,37세,경상
2019012100100260,2019년 1월 21일 13시,월요일,경상남도 창원시 의창구 동읍,중상사고,0,1,0,0,차대차 - 기타,안전운전불이행,건조,맑음,교차로 - 교차로안,화물,남,29세,상해없음,자전거,남,48세,중상
2019012100100295,2019년 1월 21일 14시,월요일,경상남도 창원시 진해구 용원동,중상사고,0,4,0,0,차대차 - 측면충돌,교차로운행방법위반,건조,맑음,교차로 - 교차로안,승용,여,36세,상해없음,승용,남,22세,중상
2019012100100312,2019년 1월 21일 15시,월요일,경상남도 함양군 서하면,중상사고,0,3,1,0,차대차 - 측면충돌,과속,건조,맑음,단일로 - 기타,승용,남,65세,중상,승용,남,52세,상해없음
2019012100100317,2019년 1월 21일 15시,월요일,경상남도 합천군 합천읍,경상사고,0,0,1,0,차대차 - 측면충돌,안전운전불이행,건조,맑음,단일로 - 기타,화물,남,58세,상해없음,승용,남,74세,경상
2019012100100318,2019년 1월 21일 15시,월요일,경상남도 창원시 마산합포구 산호동,경상사고,0,0,1,0,차대차 - 측면충돌,안전운전불이행,건조,맑음,단일로 - 기타,승용,여,39세,경상,승합,남,59세,상해없음
2019012100100369,2019년 1월 21일 17시,월요일,경상남도 통영시 태평동,경상사고,0,0,1,0,차대차 - 기타,교차로운행방법위반,건조,맑음,교차로 - 교차로안,승용,남,26세,기타불명,승합,남,53세,상해없음
2019012100100370,2019년 1월 21일 17시,월요일,경상남도 양산시 동면,경상사고,0,0,1,0,차대차 - 측면충돌,안전운전불이행,건조,맑음,단일로 - 터널,승용,남,60세,상해없음,화물,남,46세,상해없음
2019012100100420,2019년 1월 21일 18시,월요일,경상남도 양산시 물금읍,중상사고,0,1,1,0,차대차 - 측면충돌,신호위반,건조,맑음,교차로 - 교차로안,이륜,남,39세,중상,승용,남,35세,경상
2019012100100421,2019년 1월 21일 18시,월요일,경상남도 양산시 물금읍,중상사고,0,1,0,0,차대차 - 측면충돌,안전운전불이행,건조,맑음,교차로 - 교차로안,승용,남,56세,상해없음,승용,남,32세,중상
2019012100100422,2019년 1월 21일 18시,월요일,경상남도 고성군 고성읍,경상사고,0,0,2,0,차대차 - 기타,안전운전불이행,건조,맑음,교차로 - 교차로안,승용,남,71세,상해없음,승용,남,54세,경상
2019012100100467,2019년 1월 21일 19시,월요일,경상남도 거제시 연초면,경상사고,0,0,3,0,차대차 - 기타,안전거리미확보,건조,맑음,기타 - 기타,승용,여,48세,경상,화물,남,29세,경상
2019012100100468,2019년 1월 21일 19시,월요일,경상남도 함안군 가야읍,중상사고,0,1,0,0,차대사람 - 횡단중,안전운전불이행,건조,맑음,교차로 - 교차로안,이륜,남,28세,상해없음,보행자,여,74세,중상
2019012100100469,2019년 1월 21일 19시,월요일,경상남도 창원시 성산구 남양동,경상사고,0,0,2,0,차대차 - 측면충돌,안전운전불이행,건조,맑음,교차로 - 교차로안,승합,남,45세,상해없음,승용,남,26세,상해없음
2019012100100493,2019년 1월 21일 20시,월요일,경상남도 통영시 북신동,중상사고,0,1,2,0,차대차 - 측면충돌,직진우회전진행방해,건조,맑음,교차로 - 교차로안,승용,남,43세,상해없음,이륜,남,57세,중상
2019012100100494,2019년 1월 21일 20시,월요일,경상남도 김해시 진영읍,경상사고,0,0,1,0,차대사람 - 횡단중,안전운전불이행,건조,맑음,교차로 - 교차로안,승용,남,57세,상해없음,보행자,여,34세,경상
2019012100100527,2019년 1월 21일 21시,월요일,경상남도 고성군 고성읍,경상사고,0,0,1,0,차대차 - 기타,직진우회전진행방해,건조,맑음,교차로 - 교차로안,승용,여,40세,상해없음,승용,남,58세,경상
2019012100100546,2019년 1월 21일 22시,월요일,경상남도 창원시 진해구 속천동,경상사고,0,0,1,0,차대사람 - 차도통행중,안전운전불이행,건조,맑음,단일로 - 기타,승용,남,52세,상해없음,보행자,남,57세,경상
2019012100100547,2019년 1월 21일 22시,월요일,경상남도 김해시 부원동,경상사고,0,0,2,0,차대차 - 측면충돌,신호위반,건조,맑음,교차로 - 교차로안,승용,남,22세,상해없음,승용,여,23세,경상
2019012100100567,2019년 1월 21일 23시,월요일,경상남도 사천시 사천읍,중상사고,0,1,0,0,차대사람 - 기타,안전운전불이행,건조,맑음,단일로 - 기타,승용,여,52세,상해없음,보행자,남,55세,중상
2019012200100044,2019년 1월 22일 00시,화요일,경상남도 진주시 중안동,중상사고,0,2,0,0,차대차 - 측면충돌,신호위반,건조,맑음,교차로 - 교차로안,화물,남,34세,상해없음,승용,남,29세,중상
2019012200100103,2019년 1월 22일 06시,화요일,경상남도 고성군 동해면,중상사고,0,1,0,0,차대차 - 추돌,안전거리미확보,건조,맑음,단일로 - 기타,화물,남,52세,상해없음,승용,남,41세,중상
2019012200100104,2019년 1월 22일 06시,화요일,경상남도 거제시 연초면,경상사고,0,0,2,0,차대차 - 추돌,안전거리미확보,건조,맑음,교차로 - 교차로안,승용,남,63세,상해없음,승용,여,63세,경상
2019012200100105,2019년 1월 22일 06시,화요일,경상남도 거제시 고현동,경상사고,0,0,1,0,차대사람 - 기타,교차로운행방법위반,건조,맑음,교차로 - 교차로안,승용,남,61세,상해없음,보행자,남,51세,경상
2019012200100106,2019년 1월 22일 06시,화요일,경상남도 창원시 성산구 성산동,중상사고,0,1,0,0,차대차 - 측면충돌,안전운전불이행,건조,맑음,교차로 - 교차로부근,화물,남,56세,상해없음,승용,남,35세,중상
2019012200100136,2019년 1월 22일 07시,화요일,경상남도 김해시 내동,경상사고,0,0,1,0,차대사람 - 횡단중,신호위반,건조,맑음,교차로 - 교차로횡단보도내,이륜,남,53세,상해없음,보행자,여,58세,경상
2019012200100137,2019년 1월 22일 07시,화요일,경상남도 고성군 회화면,경상사고,0,0,1,0,차대차 - 기타,안전거리미확보,건조,맑음,단일로 - 기타,화물,남,57세,상해없음,건설기계,남,47세,경상
2019012200100174,2019년 1월 22일 08시,화요일,경상남도 통영시 중앙동,중상사고,0,1,0,0,차량단독 - 기타,안전운전불이행,건조,맑음,단일로 - 기타,승합,남,44세,상해없음,,,,
2019012200100175,2019년 1월 22일 08시,화요일,경상남도 양산시 교동,경상사고,0,0,1,0,차대차 - 측면충돌,교차로운행방법위반,건조,맑음,교차로 - 교차로안,승용,남,49세,상해없음,자전거,남,27세,경상
2019012200100200,2019년 1월 22일 09시,화요일,경상남도 양산시 물금읍,중상사고,0,1,0,0,차대차 - 측면충돌,신호위반,건조,맑음,교차로 - 교차로안,승용,남,38세,상해없음,승용,여,72세,중상
2019012200100235,2019년 1월 22일 10시,화요일,경상남도 창원시 진해구 죽곡동,중상사고,0,1,0,0,차대차 - 추돌,안전거리미확보,건조,맑음,단일로 - 기타,화물,남,60세,상해없음,특수,남,66세,상해없음
2019012200100262,2019년 1월 22일 11시,화요일,경상남도 밀양시 삼문동,중상사고,0,1,0,0,차대차 - 측면충돌,안전운전불이행,건조,맑음,단일로 - 기타,승용,여,40세,상해없음,이륜,남,79세,중상
2019012200100289,2019년 1월 22일 12시,화요일,경상남도 거제시 연초면,중상사고,0,1,0,0,차대사람 - 기타,안전운전불이행,건조,맑음,단일로 - 기타,이륜,남,49세,상해없음,보행자,여,49세,중상
2019012200100290,2019년 1월 22일 12시,화요일,경상남도 창원시 마산회원구 내서읍,경상사고,0,0,1,0,차대차 - 측면충돌,안전운전불이행,건조,맑음,단일로 - 기타,화물,남,75세,상해없음,승용,여,45세,경상
2019012200100312,2019년 1월 22일 13시,화요일,경상남도 통영시 동호동,경상사고,0,0,1,0,차대차 - 측면충돌,직진우회전진행방해,건조,맑음,교차로 - 교차로안,승용,여,61세,상해없음,이륜,남,58세,경상
2019012200100313,2019년 1월 22일 13시,화요일,경상남도 사천시 벌리동,경상사고,0,0,1,0,차대사람 - 횡단중,안전운전불이행,건조,맑음,단일로 - 기타,자전거,여,70세,상해없음,보행자,여,69세,경상
2019012200100314,2019년 1월 22일 13시,화요일,경상남도 밀양시 초동면,경상사고,0,0,2,0,차대차 - 측면충돌,신호위반,건조,맑음,교차로 - 교차로안,승용,남,48세,상해없음,승용,남,22세,경상
2019012200100315,2019년 1월 22일 13시,화요일,경상남도 창원시 의창구 동읍,중상사고,0,1,0,0,차대사람 - 기타,안전운전불이행,건조,맑음,기타 - 기타,승용,남,56세,상해없음,보행자,여,61세,중상
2019012200100369,2019년 1월 22일 15시,화요일,경상남도 김해시 대청동,경상사고,0,0,2,0,차대차 - 측면충돌,중앙선침범,건조,맑음,단일로 - 기타,승용,남,39세,상해없음,승용,여,40세,경상
2019012200100394,2019년 1월 22일 16시,화요일,경상남도 창원시 진해구 이동,경상사고,0,0,1,0,차대차 - 측면충돌,신호위반,건조,맑음,교차로 - 교차로안,승용,남,74세,기타불명,승용,여,66세,경상
2019012200100395,2019년 1월 22일 16시,화요일,경상남도 양산시 남부동,경상사고,0,0,1,0,차대차 - 기타,안전운전불이행,건조,맑음,교차로 - 교차로안,승용,남,65세,상해없음,승용,여,38세,경상
2019012200100422,2019년 1월 22일 17시,화요일,경상남도 김해시 동상동,중상사고,0,1,2,0,차대차 - 추돌,신호위반,건조,맑음,교차로 - 교차로안,승용,남,67세,경상,승용,남,54세,경상
2019012200100423,2019년 1월 22일 17시,화요일,경상남도 남해군 이동면,중상사고,0,2,0,0,차대차 - 측면충돌,중앙선침범,건조,맑음,교차로 - 교차로안,승용,남,29세,상해없음,승용,남,56세,중상
2019012200100456,2019년 1월 22일 18시,화요일,경상남도 통영시 용남면,경상사고,0,0,2,0,차대차 - 추돌,안전거리미확보,건조,맑음,단일로 - 기타,승용,여,45세,상해없음,승용,남,47세,상해없음
2019012200100457,2019년 1월 22일 18시,화요일,경상남도 통영시 용남면,경상사고,0,0,2,0,차대차 - 추돌,안전거리미확보,건조,맑음,단일로 - 기타,승용,여,35세,상해없음,승용,여,53세,경상
2019012200100458,2019년 1월 22일 18시,화요일,경상남도 거창군 거창읍,중상사고,0,1,0,0,차대차 - 추돌,안전운전불이행,건조,맑음,단일로 - 교량,승용,남,30세,상해없음,사륜오토바이(ATV),여,70세,중상
2019012200100459,2019년 1월 22일 18시,화요일,경상남도 양산시 북정동,경상사고,0,0,1,0,차대차 - 추돌,안전운전불이행,건조,맑음,단일로 - 기타,승용,남,55세,상해없음,승용,여,32세,경상
2019012200100460,2019년 1월 22일 18시,화요일,경상남도 거제시 장평동,경상사고,0,0,1,0,차대차 - 측면충돌,안전운전불이행,건조,맑음,교차로 - 교차로안,승용,남,37세,상해없음,승용,여,31세,경상
2019012200100461,2019년 1월 22일 18시,화요일,경상남도 창원시 마산회원구 봉암동,중상사고,0,1,0,0,차대차 - 측면충돌,안전운전불이행,건조,맑음,단일로 - 기타,화물,남,68세,기타불명,승용,남,28세,중상
2019012200100462,2019년 1월 22일 18시,화요일,경상남도 창원시 의창구 명서동,경상사고,0,0,1,0,차대차 - 측면충돌,안전운전불이행,건조,맑음,교차로 - 교차로안,승용,여,24세,상해없음,원동기,남,18세,경상
2019012200100535,2019년 1월 22일 20시,화요일,경상남도 양산시 물금읍,중상사고,0,1,0,0,차대차 - 측면충돌,신호위반,건조,맑음,교차로 - 교차로횡단보도내,승용,여,47세,상해없음,자전거,여,60세,중상
2019012200100536,2019년 1월 22일 20시,화요일,경상남도 양산시 유산동,경상사고,0,0,2,6,차대차 - 측면충돌,직진우회전진행방해,건조,맑음,교차로 - 교차로안,승용,남,35세,경상,승합,남,55세,부상신고
2019012200100559,2019년 1월 22일 21시,화요일,경상남도 창원시 진해구 풍호동,경상사고,0,0,1,1,차대차 - 추돌,안전운전불이행,건조,맑음,교차로 - 교차로부근,승용,남,61세,상해없음,승용,남,46세,경상
2019012200100560,2019년 1월 22일 21시,화요일,경상남도 창원시 마산회원구 석전동,경상사고,0,0,1,0,차대사람 - 횡단중,신호위반,건조,맑음,교차로 - 교차로부근,승용,남,71세,상해없음,보행자,남,29세,경상
2019012200100583,2019년 1월 22일 22시,화요일,경상남도 양산시 북정동,중상사고,0,1,0,0,차대사람 - 횡단중,보행자보호의무위반,건조,맑음,교차로 - 교차로안,승용,남,25세,상해없음,보행자,여,19세,중상
2019012200100584,2019년 1월 22일 22시,화요일,경상남도 김해시 대청동,부상신고사고,0,0,0,1,차대차 - 측면충돌,신호위반,건조,맑음,교차로 - 교차로안,이륜,남,17세,부상신고,승용,남,53세,상해없음
2019012300100030,2019년 1월 23일 00시,수요일,경상남도 진주시 하대동,경상사고,0,0,1,0,차대차 - 추돌,안전운전불이행,건조,맑음,단일로 - 기타,승용,남,24세,상해없음,이륜,남,42세,경상
2019012300100063,2019년 1월 23일 04시,수요일,경상남도 통영시 중앙동,경상사고,0,0,1,0,차대사람 - 기타,안전운전불이행,건조,맑음,단일로 - 기타,승용,남,57세,상해없음,보행자,여,79세,경상
2019012300100066,2019년 1월 23일 05시,수요일,경상남도 양산시 동면,경상사고,0,0,1,0,차대차 - 추돌,안전거리미확보,건조,맑음,단일로 - 기타,화물,남,63세,상해없음,승용,남,51세,경상
2019012300100067,2019년 1월 23일 05시,수요일,경상남도 창원시 성산구 중앙동,중상사고,0,1,0,0,차대차 - 기타,안전운전불이행,건조,흐림,단일로 - 기타,승용,여,65세,상해없음,승용,남,27세,중상
2019012300100080,2019년 1월 23일 06시,수요일,경상남도 사천시 좌룡동,중상사고,0,1,0,0,차대차 - 기타,안전운전불이행,건조,맑음,교차로 - 교차로부근,승용,남,14세,상해없음,승용,남,60세,상해없음
2019012300100081,2019년 1월 23일 06시,수요일,경상남도 창원시 마산회원구 두척동,중상사고,0,1,0,0,차대사람 - 횡단중,안전운전불이행,건조,맑음,단일로 - 기타,화물,남,67세,상해없음,보행자,남,52세,중상
2019012300100112,2019년 1월 23일 07시,수요일,경상남도 거제시 장평동,경상사고,0,0,1,0,차대차 - 기타,안전운전불이행,젖음/습기,흐림,교차로 - 교차로안,이륜,남,46세,경상,승용,여,46세,상해없음
2019012300100146,2019년 1월 23일 08시,수요일,경상남도 하동군 금성면,경상사고,0,0,1,0,차대차 - 측면충돌,차로위반,건조,맑음,기타 - 기타,승용,여,59세,상해없음,화물,남,55세,경상
2019012300100208,2019년 1월 23일 10시,수요일,경상남도 밀양시 삼랑진읍,중상사고,0,1,0,0,차대사람 - 횡단중,안전운전불이행,건조,맑음,단일로 - 기타,승합,남,71세,상해없음,보행자,여,81세,중상
2019012300100237,2019년 1월 23일 11시,수요일,경상남도 통영시 항남동,경상사고,0,0,1,0,차대차 - 기타,안전운전불이행,건조,맑음,단일로 - 기타,승용,남,54세,기타불명,화물,남,26세,경상
2019012300100238,2019년 1월 23일 11시,수요일,경상남도 함안군 가야읍,경상사고,0,0,1,0,차대차 - 측면충돌,안전운전불이행,건조,맑음,교차로 - 교차로부근,이륜,남,80세,경상,승용,남,53세,상해없음
2019012300100261,2019년 1월 23일 12시,수요일,경상남도 진주시 문산읍,중상사고,0,1,0,0,차대차 - 정면충돌,중앙선침범,건조,맑음,교차로 - 교차로부근,화물,남,58세,상해없음,이륜,남,53세,중상
2019012300100262,2019년 1월 23일 12시,수요일,경상남도 통영시 명정동,경상사고,0,0,1,0,차대차 - 측면충돌,안전운전불이행,건조,맑음,교차로 - 교차로안,승용,남,63세,상해없음,승용,남,47세,경상
2019012300100263,2019년 1월 23일 12시,수요일,경상남도 함안군 칠북면,사망사고,1,0,0,0,차량단독 - 전도전복 - 전도,안전운전불이행,건조,맑음,단일로 - 기타,사륜오토바이(ATV),남,76세,사망,,,,
2019012300100264,2019년 1월 23일 12시,수요일,경상남도 김해시 관동동,중상사고,0,1,0,0,차대차 - 측면충돌,신호위반,건조,맑음,단일로 - 기타,승용,남,45세,상해없음,자전거,남,14세,중상
2019012300100286,2019년 1월 23일 13시,수요일,경상남도 김해시 부원동,경상사고,0,0,1,0,차대사람 - 기타,안전운전불이행,건조,맑음,교차로 - 교차로안,승용,여,54세,기타불명,보행자,여,60세,경상
2019012300100315,2019년 1월 23일 14시,수요일,경상남도 양산시 중부동,중상사고,0,1,1,0,차대차 - 기타,직진우회전진행방해,건조,맑음,교차로 - 교차로안,승용,남,36세,상해없음,승합,남,48세,상해없음
2019012300100316,2019년 1월 23일 14시,수요일,경상남도 양산시 하북면,경상사고,0,0,1,0,차대차 - 측면충돌,안전거리미확보,건조,맑음,단일로 - 기타,승용,여,60세,상해없음,승합,남,42세,경상
2019012300100339,2019년 1월 23일 15시,수요일,경상남도 양산시 남부동,사망사고,1,0,0,0,차대사람 - 횡단중,보행자보호의무위반,건조,맑음,단일로 - 기타,승용,여,39세,기타불명,보행자,여,79세,사망
2019012300100340,2019년 1월 23일 15시,수요일,경상남도 창원시 마산회원구 석전동,중상사고,0,1,0,0,차대사람 - 차도통행중,안전운전불이행,건조,맑음,단일로 - 기타,승합,남,46세,상해없음,보행자,여,75세,중상
2019012300100365,2019년 1월 23일 16시,수요일,경상남도 진주시 상평동,경상사고,0,0,1,0,차대사람 - 기타,안전운전불이행,건조,맑음,단일로 - 기타,승용,남,66세,상해없음,보행자,여,36세,경상
2019012300100389,2019년 1월 23일 17시,수요일,경상남도 창원시 진해구 안골동,경상사고,0,0,2,0,차대차 - 측면충돌,교차로운행방법위반,건조,맑음,교차로 - 교차로안,승용,남,61세,경상,승용,남,37세,경상
2019012300100390,2019년 1월 23일 17시,수요일,경상남도 창원시 진해구 풍호동,경상사고,0,0,1,0,차대차 - 측면충돌,안전운전불이행,건조,맑음,교차로 - 교차로안,승용,여,44세,상해없음,승용,여,56세,경상
2019012300100391,2019년 1월 23일 17시,수요일,경상남도 김해시 부원동,중상사고,0,2,0,0,차대차 - 기타,안전운전불이행,건조,맑음,교차로 - 교차로안,이륜,남,55세,중상,승용,남,61세,중상
2019012300100392,2019년 1월 23일 17시,수요일,경상남도 김해시 부원동,경상사고,0,0,1,0,차대차 - 기타,안전운전불이행,건조,맑음,교차로 - 교차로부근,자전거,남,58세,경상,승용,남,62세,상해없음
2019012300100393,2019년 1월 23일 17시,수요일,경상남도 창원시 의창구 용호동,중상사고,0,1,0,0,차대차 - 측면충돌,중앙선침범,건조,맑음,교차로 - 교차로부근,승용,남,62세,상해없음,이륜,남,43세,중상
2019012300100430,2019년 1월 23일 18시,수요일,경상남도 양산시 상북면,경상사고,0,0,1,0,차대차 - 추돌,안전운전불이행,건조,맑음,단일로 - 기타,화물,남,56세,상해없음,농기계,남,60세,경상
2019012300100431,2019년 1월 23일 18시,수요일,경상남도 거제시 고현동,중상사고,0,2,2,0,차대차 - 기타,교차로운행방법위반,건조,맑음,교차로 - 교차로부근,승용,여,51세,상해없음,승용,남,36세,중상
2019012300100467,2019년 1월 23일 19시,수요일,경상남도 창녕군 영산면,경상사고,0,0,1,0,차대차 - 측면충돌,안전운전불이행,건조,맑음,단일로 - 기타,승용,남,38세,경상,승용,남,42세,상해없음
2019012300100468,2019년 1월 23일 19시,수요일,경상남도 양산시 중부동,경상사고,0,0,2,0,차대차 - 측면충돌,직진우회전진행방해,건조,맑음,교차로 - 교차로안,승용,남,32세,상해없음,승용,남,31세,경상
2019012300100495,2019년 1월 23일 20시,수요일,경상남도 창원시 마산회원구 회원동,경상사고,0,0,1,0,차대차 - 기타,안전운전불이행,건조,맑음,기타 - 기타,승용,남,63세,상해없음,이륜,남,31세,경상
2019012300100528,2019년 1월 23일 21시,수요일,경상남도 창원시 마산합포구 산호동,경상사고,0,0,2,0,차대사람 - 기타,안전운전불이행,건조,맑음,기타 - 기타,승용,남,55세,상해없음,보행자,남,56세,경상
2019012300100529,2019년 1월 23일 21시,수요일,경상남도 창원시 의창구 도계동,경상사고,0,0,1,0,차대사람 - 길가장자리구역통행중,안전운전불이행,건조,맑음,단일로 - 기타,승용,남,48세,기타불명,보행자,남,39세,경상
2019012300100555,2019년 1월 23일 22시,수요일,경상남도 김해시 구산동,중상사고,0,1,0,0,차대차 - 측면충돌,안전운전불이행,건조,맑음,교차로 - 교차로안,승용,남,61세,상해없음,이륜,남,32세,중상
2019012400100029,2019년 1월 24일 00시,목요일,경상남도 양산시 남부동,중상사고,0,2,0,0,차대차 - 측면충돌,직진우회전진행방해,건조,맑음,교차로 - 교차로안,승용,여,53세,상해없음,승합,남,41세,상해없음
2019012400100080,2019년 1월 24일 06시,목요일,경상남도 창원시 마산합포구 서성동,중상사고,0,1,0,0,차대사람 - 차도통행중,안전운전불이행,건조,맑음,단일로 - 기타,승용,남,82세,상해없음,보행자,여,78세,중상
2019012400100081,2019년 1월 24일 06시,목요일,경상남도 통영시 미수동,경상사고,0,0,1,0,차대사람 - 기타,안전운전불이행,건조,맑음,교차로 - 교차로부근,화물,남,30세,기타불명,보행자,남,58세,경상
2019012400100082,2019년 1월 24일 06시,목요일,경상남도 밀양시 삼문동,부상신고사고,0,0,0,1,차대사람 - 횡단중,안전운전불이행,건조,맑음,교차로 - 교차로부근,승용,남,57세,상해없음,보행자,여,56세,부상신고
2019012400100083,2019년 1월 24일 06시,목요일,경상남도 양산시 소주동,중상사고,0,1,0,0,차대사람 - 기타,기타,건조,맑음,단일로 - 기타,승합,남,31세,상해없음,보행자,남,68세,중상
2019012400100101,2019년 1월 24일 07시,목요일,경상남도 양산시 어곡동,중상사고,0,1,0,0,차대차 - 기타,기타,건조,맑음,단일로 - 기타,건설기계,남,48세,기타불명,개인형이동수단(PM),남,48세,중상
2019012400100132,2019년 1월 24일 08시,목요일,경상남도 통영시 태평동,중상사고,0,2,0,0,차량단독 - 공작물충돌,안전운전불이행,건조,맑음,단일로 - 기타,승용,남,47세,상해없음,,,,
2019012400100133,2019년 1월 24일 08시,목요일,경상남도 거제시 옥포동,경상사고,0,0,1,0,차대차 - 측면충돌,신호위반,건조,맑음,교차로 - 교차로안,승용,여,53세,상해없음,승용,여,34세,경상
2019012400100134,2019년 1월 24일 08시,목요일,경상남도 거제시 장목면,중상사고,0,1,0,0,차대사람 - 기타,기타,건조,맑음,단일로 - 기타,승합,남,55세,상해없음,보행자,여,66세,중상
2019012400100162,2019년 1월 24일 09시,목요일,경상남도 창원시 진해구 경화동,중상사고,0,1,0,0,차대차 - 측면충돌,교차로운행방법위반,건조,맑음,교차로 - 교차로안,승용,남,51세,상해없음,원동기,여,73세,중상
2019012400100163,2019년 1월 24일 09시,목요일,경상남도 거제시 거제면,경상사고,0,0,1,0,차대차 - 기타,안전운전불이행,건조,맑음,교차로 - 교차로안,승용,여,54세,상해없음,이륜,남,83세,경상