사고번호,사고일시,요일,시군구,사고내용,사망자수,중상자수,경상자수,부상신고자수,사고유형,법규위반,노면상태,기상상태,도로형태,가해운전자 차종,가해운전자 성별,가해운전자 연령,가해운전자 상해정도,피해운전자 차종,피해운전자 성별,피해운전자 연령,피해운전자 상해정도
2019012400100245,2019년 1월 24일 12시,목요일,경상남도 함안군 함안면,중상사고,0,1,2,0,차대차 - 추돌,안전운전불이행,건조,맑음,교차로 - 교차로부근,화물,남,63세,상해없음,화물,남,43세,경상
2019012400100273,2019년 1월 24일 13시,목요일,경상남도 창원시 마산합포구 두월동2가,경상사고,0,0,1,0,차량단독 - 기타,안전운전불이행,건조,맑음,단일로 - 기타,승합,남,41세,기타불명,,,,
2019012400100274,2019년 1월 24일 13시,목요일,경상남도 함안군 가야읍,중상사고,0,1,0,0,차대차 - 기타,안전운전불이행,건조,맑음,단일로 - 기타,화물,남,74세,상해없음,원동기,남,88세,중상
2019012400100309,2019년 1월 24일 14시,목요일,경상남도 거창군 거창읍,경상사고,0,0,1,0,차대차 - 정면충돌,안전운전불이행,건조,맑음,교차로 - 교차로안,승용,남,48세,상해없음,승용,여,48세,경상
2019012400100310,2019년 1월 24일 14시,목요일,경상남도 거제시 옥포동,중상사고,0,1,0,0,차대사람 - 기타,안전운전불이행,건조,맑음,교차로 - 교차로부근,이륜,남,48세,상해없음,보행자,여,60세,중상
2019012400100339,2019년 1월 24일 15시,목요일,경상남도 창원시 성산구 남지동,중상사고,0,1,0,0,차대차 - 기타,기타,건조,맑음,단일로 - 기타,화물,남,47세,상해없음,승용,남,61세,상해없음
2019012400100405,2019년 1월 24일 17시,목요일,경상남도 밀양시 하남읍,경상사고,0,0,2,0,차대차 - 측면충돌,안전운전불이행,건조,흐림,교차로 - 교차로안,화물,남,47세,경상,승용,남,58세,경상
2019012400100406,2019년 1월 24일 17시,목요일,경상남도 창녕군 창녕읍,경상사고,0,0,1,0,차대차 - 기타,직진우회전진행방해,건조,맑음,교차로 - 교차로안,승용,남,74세,상해없음,승용,남,46세,경상
2019012400100407,2019년 1월 24일 17시,목요일,경상남도 양산시 평산동,경상사고,0,0,1,0,차대차 - 기타,안전운전불이행,건조,맑음,단일로 - 기타,자전거,남,13세,경상,화물,남,23세,상해없음
2019012400100408,2019년 1월 24일 17시,목요일,경상남도 양산시 동면,경상사고,0,0,1,0,차대차 - 기타,안전운전불이행,건조,맑음,단일로 - 기타,이륜,남,26세,상해없음,화물,여,57세,경상
2019012400100448,2019년 1월 24일 18시,목요일,경상남도 창원시 의창구 봉곡동,경상사고,0,0,2,0,차대사람 - 횡단중,신호위반,건조,맑음,교차로 - 교차로횡단보도내,이륜,남,18세,상해없음,보행자,남,9세,경상
2019012400100485,2019년 1월 24일 19시,목요일,경상남도 거제시 사등면,경상사고,0,0,1,0,차대차 - 추돌,안전거리미확보,건조,맑음,기타 - 기타,승용,남,47세,상해없음,승용,여,58세,경상
2019012400100486,2019년 1월 24일 19시,목요일,경상남도 김해시 주촌면,경상사고,0,0,1,0,차대차 - 측면충돌,안전운전불이행,건조,맑음,교차로 - 교차로안,화물,남,48세,상해없음,이륜,남,62세,경상
2019012400100487,2019년 1월 24일 19시,목요일,경상남도 김해시 대청동,중상사고,0,1,2,0,차대차 - 정면충돌,중앙선침범,건조,맑음,단일로 - 기타,승용,남,51세,경상,승용,남,38세,경상
2019012400100516,2019년 1월 24일 20시,목요일,경상남도 김해시 어방동,경상사고,0,0,2,0,차대차 - 기타,안전운전불이행,건조,맑음,교차로 - 교차로부근,승용,남,33세,경상,화물,여,50세,경상
2019012400100517,2019년 1월 24일 20시,목요일,경상남도 창원시 성산구 신촌동,중상사고,0,1,0,0,차대차 - 측면충돌,안전운전불이행,건조,맑음,교차로 - 교차로횡단보도내,승용,여,51세,상해없음,자전거,여,60세,중상
2019012400100518,2019년 1월 24일 20시,목요일,경상남도 창원시 의창구 팔용동,중상사고,0,1,0,0,차대차 - 측면충돌,신호위반,건조,맑음,교차로 - 교차로안,특수,남,62세,상해없음,승용,남,64세,중상
2019012400100546,2019년 1월 24일 21시,목요일,경상남도 거제시 장승포동,경상사고,0,0,3,0,차대차 - 후진중충돌,안전운전불이행,건조,맑음,단일로 - 기타,승용,남,56세,상해없음,승용,남,35세,경상
2019012400100547,2019년 1월 24일 21시,목요일,경상남도 창원시 의창구 팔용동,중상사고,0,3,0,0,차대차 - 추돌,안전운전불이행,건조,맑음,단일로 - 기타,승용,남,42세,상해없음,승용,여,32세,중상
2019012400100570,2019년 1월 24일 22시,목요일,경상남도 거제시 고현동,경상사고,0,0,1,0,차대차 - 추돌,안전운전불이행,건조,맑음,교차로 - 교차로부근,승용,남,26세,상해없음,승용,남,33세,경상
2019012400100571,2019년 1월 24일 22시,목요일,경상남도 창원시 의창구 사림동,중상사고,0,1,0,0,차대차 - 추돌,안전운전불이행,건조,맑음,단일로 - 기타,승용,남,29세,상해없음,승용,남,54세,중상
2019012500100035,2019년 1월 25일 00시,금요일,경상남도 양산시 교동,중상사고,0,1,2,0,차대차 - 측면충돌,신호위반,건조,맑음,교차로 - 교차로안,승용,남,42세,상해없음,승용,남,67세,경상
2019012500100046,2019년 1월 25일 01시,금요일,경상남도 김해시 무계동,중상사고,0,1,0,0,차대사람 - 보도통행중,보행자보호의무위반,건조,맑음,교차로 - 교차로부근,이륜,남,18세,상해없음,보행자,남,47세,중상
2019012500100067,2019년 1월 25일 04시,금요일,경상남도 창원시 마산합포구 상남동,중상사고,0,1,0,0,차대차 - 기타,신호위반,건조,맑음,교차로 - 교차로안,승합,남,65세,상해없음,자전거,남,66세,중상
2019012500100068,2019년 1월 25일 04시,금요일,경상남도 창원시 성산구 신촌동,중상사고,0,1,0,0,차대사람 - 차도통행중,중앙선침범,건조,맑음,단일로 - 기타,승용,남,52세,상해없음,보행자,남,58세,중상
2019012500100099,2019년 1월 25일 07시,금요일,경상남도 창원시 성산구 신촌동,중상사고,0,1,0,0,차대차 - 측면충돌,신호위반,건조,맑음,교차로 - 교차로횡단보도내,승용,남,51세,상해없음,자전거,남,56세,중상
2019012500100170,2019년 1월 25일 10시,금요일,경상남도 진주시 장대동,사망사고,1,0,1,0,차대차 - 기타,안전운전불이행,건조,맑음,단일로 - 기타,화물,남,75세,사망,승용,남,68세,경상
2019012500100228,2019년 1월 25일 12시,금요일,경상남도 양산시 물금읍,경상사고,0,0,1,0,차대사람 - 기타,안전운전불이행,건조,맑음,단일로 - 기타,승용,여,54세,상해없음,보행자,남,29세,경상
2019012500100229,2019년 1월 25일 12시,금요일,경상남도 창원시 의창구 팔용동,경상사고,0,0,1,0,차대사람 - 횡단중,안전운전불이행,건조,맑음,교차로 - 교차로안,승합,여,39세,상해없음,보행자,여,24세,경상
2019012500100279,2019년 1월 25일 14시,금요일,경상남도 양산시 다방동,중상사고,0,1,0,0,차대차 - 측면충돌,안전거리미확보,건조,맑음,단일로 - 기타,화물,남,49세,상해없음,승용,여,63세,중상
2019012500100296,2019년 1월 25일 14시,금요일,경상남도 진주시 가좌동,경상사고,0,0,2,0,차대차 - 기타,신호위반,건조,맑음,교차로 - 교차로안,화물,남,61세,상해없음,화물,남,60세,경상
2019012500100297,2019년 1월 25일 14시,금요일,경상남도 사천시 이금동,중상사고,0,1,0,0,차량단독 - 기타,안전운전불이행,건조,맑음,단일로 - 기타,이륜,남,64세,중상,,,,
2019012500100298,2019년 1월 25일 14시,금요일,경상남도 김해시 외동,중상사고,0,2,0,0,차대차 - 측면충돌,신호위반,건조,맑음,단일로 - 기타,원동기,남,36세,중상,승합,남,66세,중상
2019012500100339,2019년 1월 25일 15시,금요일,경상남도 창원시 마산회원구 구암동,중상사고,0,1,0,0,차대차 - 추돌,안전운전불이행,건조,맑음,단일로 - 교량,화물,남,55세,상해없음,이륜,남,50세,중상
2019012500100374,2019년 1월 25일 16시,금요일,경상남도 창원시 마산합포구 신포동2가,경상사고,0,0,1,0,차대차 - 추돌,안전거리미확보,건조,맑음,교차로 - 교차로부근,승용,남,22세,상해없음,특수,남,49세,경상
2019012500100375,2019년 1월 25일 16시,금요일,경상남도 진주시 강남동,중상사고,0,2,0,0,차대차 - 기타,신호위반,건조,맑음,교차로 - 교차로안,이륜,남,25세,중상,이륜,남,45세,중상
2019012500100376,2019년 1월 25일 16시,금요일,경상남도 밀양시 삼랑진읍,경상사고,0,0,1,0,차대차 - 측면충돌,안전운전불이행,건조,맑음,단일로 - 기타,승용,여,60세,상해없음,이륜,남,77세,경상
2019012500100377,2019년 1월 25일 16시,금요일,경상남도 창원시 성산구 남양동,중상사고,0,1,0,0,차대차 - 측면충돌,신호위반,건조,맑음,교차로 - 교차로안,승용,여,28세,상해없음,이륜,남,52세,중상
2019012500100418,2019년 1월 25일 17시,금요일,경상남도 통영시 미수동,경상사고,0,0,1,0,차대차 - 기타,신호위반,건조,맑음,교차로 - 교차로안,승용,남,33세,상해없음,승용,여,48세,경상
2019012500100419,2019년 1월 25일 17시,금요일,경상남도 밀양시 내이동,경상사고,0,0,1,0,차대차 - 기타,교차로운행방법위반,건조,맑음,교차로 - 교차로안,승용,여,50세,상해없음,이륜,남,43세,경상
2019012500100420,2019년 1월 25일 17시,금요일,경상남도 창원시 의창구 명서동,경상사고,0,0,1,0,차대차 - 측면충돌,안전운전불이행,건조,맑음,교차로 - 교차로안,승용,여,56세,상해없음,이륜,남,36세,경상
2019012500100464,2019년 1월 25일 18시,금요일,경상남도 진주시 상대동,중상사고,0,1,0,0,차대차 - 기타,신호위반,건조,맑음,교차로 - 교차로안,화물,남,57세,상해없음,이륜,남,24세,중상
2019012500100465,2019년 1월 25일 18시,금요일,경상남도 김해시 구산동,중상사고,0,1,0,0,차대차 - 측면충돌,차로위반,건조,맑음,단일로 - 기타,승용,남,28세,상해없음,이륜,남,36세,중상
2019012500100466,2019년 1월 25일 18시,금요일,경상남도 합천군 율곡면,중상사고,0,1,0,0,차대사람 - 횡단중,보행자보호의무위반,건조,맑음,교차로 - 교차로안,승용,남,63세,상해없음,보행자,남,24세,중상
2019012500100467,2019년 1월 25일 18시,금요일,경상남도 남해군 창선면,부상신고사고,0,0,0,1,차대차 - 측면충돌,안전운전불이행,건조,맑음,단일로 - 기타,승용,여,56세,상해없음,승용,여,26세,부상신고
2019012500100468,2019년 1월 25일 18시,금요일,경상남도 함안군 산인면,사망사고,1,0,0,0,차대사람 - 기타,안전운전불이행,건조,맑음,단일로 - 교량,승용,남,33세,상해없음,보행자,남,70세,사망
2019012500100515,2019년 1월 25일 19시,금요일,경상남도 사천시 용현면,중상사고,0,1,1,0,차대차 - 측면충돌,안전운전불이행,건조,맑음,단일로 - 기타,화물,남,51세,상해없음,화물,남,62세,중상
2019012500100516,2019년 1월 25일 19시,금요일,경상남도 김해시 진례면,중상사고,0,2,0,0,차대차 - 측면충돌,신호위반,건조,맑음,교차로 - 교차로안,승용,남,23세,상해없음,승용,남,35세,중상
2019012500100573,2019년 1월 25일 21시,금요일,경상남도 김해시 전하동,경상사고,0,0,2,0,차대차 - 측면충돌,신호위반,건조,맑음,교차로 - 교차로안,승용,여,56세,상해없음,승용,남,22세,경상
2019012500100599,2019년 1월 25일 22시,금요일,경상남도 거제시 동부면,중상사고,0,1,0,0,차량단독 - 공작물충돌,안전운전불이행,건조,맑음,단일로 - 기타,화물,남,56세,중상,,,,
2019012500100600,2019년 1월 25일 22시,금요일,경상남도 창원시 의창구 용호동,중상사고,0,1,0,0,차대사람 - 횡단중,보행자보호의무위반,건조,맑음,단일로 - 기타,승용,남,48세,상해없음,보행자,남,27세,중상
2019012600100034,2019년 1월 26일 00시,토요일,경상남도 사천시 사천읍,경상사고,0,0,2,0,차대차 - 측면충돌,신호위반,건조,맑음,교차로 - 교차로안,승용,남,24세,상해없음,승용,남,48세,경상
2019012600100035,2019년 1월 26일 00시,토요일,경상남도 창원시 성산구 상남동,경상사고,0,0,1,0,차대사람 - 차도통행중,안전운전불이행,건조,맑음,기타 - 기타,승용,남,29세,기타불명,보행자,남,29세,경상
2019012600100065,2019년 1월 26일 02시,토요일,경상남도 창원시 성산구 가음정동,중상사고,0,1,0,0,차대차 - 측면충돌,신호위반,건조,맑음,교차로 - 교차로안,승용,남,57세,상해없음,승용,여,42세,중상
2019012600100164,2019년 1월 26일 10시,토요일,경상남도 창원시 의창구 동읍,경상사고,0,0,4,0,차대차 - 추돌,안전운전불이행,건조,맑음,단일로 - 터널,승용,남,23세,상해없음,승용,여,21세,경상
2019012600100230,2019년 1월 26일 12시,토요일,경상남도 양산시 평산동,경상사고,0,0,1,1,차대차 - 추돌,안전거리미확보,건조,맑음,단일로 - 기타,화물,남,46세,상해없음,승용,여,37세,경상
2019012600100269,2019년 1월 26일 13시,토요일,경상남도 통영시 무전동,경상사고,0,0,1,0,차대차 - 정면충돌,안전운전불이행,건조,맑음,단일로 - 기타,승용,여,54세,상해없음,승용,여,39세,경상
2019012600100270,2019년 1월 26일 13시,토요일,경상남도 김해시 어방동,경상사고,0,0,1,0,차대차 - 측면충돌,교차로운행방법위반,건조,맑음,교차로 - 교차로안,승용,남,40세,상해없음,승용,남,57세,경상
2019012600100271,2019년 1월 26일 13시,토요일,경상남도 거창군 주상면,경상사고,0,0,2,0,차대차 - 측면충돌,중앙선침범,건조,맑음,단일로 - 기타,승용,남,74세,상해없음,화물,남,53세,경상
2019012600100272,2019년 1월 26일 13시,토요일,경상남도 고성군 고성읍,경상사고,0,0,1,0,차량단독 - 기타,기타,건조,맑음,단일로 - 기타,승합,남,49세,상해없음,,,,
2019012600100308,2019년 1월 26일 14시,토요일,경상남도 김해시 어방동,경상사고,0,0,1,0,차대차 - 추돌,안전거리미확보,건조,맑음,단일로 - 기타,이륜,남,41세,경상,승용,남,28세,상해없음
2019012600100336,2019년 1월 26일 15시,토요일,경상남도 창원시 마산합포구 중앙동2가,중상사고,0,1,0,0,차대차 - 기타,안전거리미확보,건조,맑음,교차로 - 교차로부근,승용,남,32세,상해없음,승합,남,50세,상해없음
2019012600100337,2019년 1월 26일 15시,토요일,경상남도 창원시 마산합포구 중앙동2가,중상사고,0,1,1,0,차대차 - 측면충돌,신호위반,건조,맑음,교차로 - 교차로안,승합,남,36세,상해없음,승용,남,18세,경상
2019012600100338,2019년 1월 26일 15시,토요일,경상남도 통영시 무전동,경상사고,0,0,1,0,차대차 - 측면충돌,안전거리미확보,건조,맑음,단일로 - 기타,승용,남,60세,상해없음,승용,남,45세,경상
2019012600100339,2019년 1월 26일 15시,토요일,경상남도 창원시 의창구 신월동,경상사고,0,0,1,0,차대차 - 측면충돌,중앙선침범,건조,맑음,단일로 - 기타,승용,남,35세,상해없음,이륜,남,19세,경상
2019012600100340,2019년 1월 26일 15시,토요일,경상남도 창원시 의창구 북면,경상사고,0,0,2,0,차대차 - 정면충돌,중앙선침범,건조,맑음,단일로 - 기타,승용,남,79세,상해없음,승용,여,48세,경상
2019012600100372,2019년 1월 26일 16시,토요일,경상남도 밀양시 내이동,경상사고,0,0,1,0,차대차 - 측면충돌,교차로운행방법위반,건조,맑음,교차로 - 교차로안,승합,남,65세,상해없음,승용,남,54세,경상
2019012600100373,2019년 1월 26일 16시,토요일,경상남도 김해시 삼방동,중상사고,0,1,0,0,차대사람 - 길가장자리구역통행중,신호위반,건조,맑음,교차로 - 교차로안,승용,남,58세,상해없음,보행자,여,86세,중상
2019012600100410,2019년 1월 26일 17시,토요일,경상남도 진주시 칠암동,경상사고,0,0,1,0,차대사람 - 횡단중,안전운전불이행,건조,맑음,교차로 - 교차로부근,승용,남,29세,상해없음,보행자,남,48세,경상
2019012600100445,2019년 1월 26일 18시,토요일,경상남도 창원시 진해구 남양동,중상사고,0,1,0,0,차대사람 - 횡단중,보행자보호의무위반,건조,맑음,교차로 - 교차로횡단보도내,승용,여,46세,상해없음,보행자,남,59세,중상
2019012600100446,2019년 1월 26일 18시,토요일,경상남도 창원시 진해구 용원동,경상사고,0,0,1,0,차대차 - 측면충돌,안전운전불이행,건조,맑음,교차로 - 교차로안,승용,남,53세,기타불명,승용,남,50세,상해없음
2019012600100483,2019년 1월 26일 19시,토요일,경상남도 거제시 수월동,중상사고,0,1,0,0,차대차 - 기타,교차로운행방법위반,건조,맑음,교차로 - 교차로안,승용,남,52세,상해없음,이륜,남,46세,중상
2019012600100484,2019년 1월 26일 19시,토요일,경상남도 창원시 마산회원구 회원동,중상사고,0,1,0,0,차대사람 - 기타,안전운전불이행,건조,맑음,주차장 - 주차장,화물,남,55세,상해없음,보행자,여,63세,중상
2019012600100485,2019년 1월 26일 19시,토요일,경상남도 김해시 대청동,중상사고,0,1,0,0,차대사람 - 기타,안전운전불이행,건조,맑음,단일로 - 기타,승용,남,58세,상해없음,보행자,남,52세,중상
2019012600100514,2019년 1월 26일 20시,토요일,경상남도 통영시 북신동,중상사고,0,1,4,1,차대차 - 측면충돌,안전운전불이행,건조,맑음,단일로 - 기타,승용,남,59세,부상신고,승용,남,57세,중상
2019012600100515,2019년 1월 26일 20시,토요일,경상남도 창원시 의창구 동읍,경상사고,0,0,2,0,차대차 - 측면충돌,신호위반,건조,맑음,교차로 - 교차로안,화물,남,28세,상해없음,승용,남,30세,경상
2019012600100544,2019년 1월 26일 21시,토요일,경상남도 창원시 진해구 대흥동,경상사고,0,0,2,0,차대사람 - 기타,안전운전불이행,건조,맑음,교차로 - 교차로안,승용,남,77세,상해없음,보행자,남,25세,경상
2019012600100545,2019년 1월 26일 21시,토요일,경상남도 양산시 물금읍,경상사고,0,0,1,0,차대차 - 측면충돌,안전운전불이행,건조,맑음,교차로 - 교차로부근,승용,남,41세,경상,승용,남,51세,상해없음
2019012600100546,2019년 1월 26일 21시,토요일,경상남도 양산시 상북면,경상사고,0,0,1,0,차대차 - 측면충돌,중앙선침범,건조,맑음,단일로 - 기타,승용,남,60세,상해없음,승용,여,51세,경상
2019012600100547,2019년 1월 26일 21시,토요일,경상남도 의령군 의령읍,경상사고,0,0,1,0,차대사람 - 길가장자리구역통행중,안전거리미확보,건조,맑음,단일로 - 기타,기타불명,기타불명,미분류,기타불명,보행자,남,44세,경상
2019012600100594,2019년 1월 26일 23시,토요일,경상남도 밀양시 내이동,중상사고,0,1,3,0,차대차 - 측면충돌,신호위반,건조,맑음,교차로 - 교차로안,승용,남,43세,상해없음,승용,여,47세,상해없음
2019012600100595,2019년 1월 26일 23시,토요일,경상남도 김해시 서상동,경상사고,0,0,2,0,차대차 - 추돌,안전운전불이행,건조,맑음,단일로 - 기타,화물,남,44세,상해없음,승용,남,26세,경상
2019012600100596,2019년 1월 26일 23시,토요일,경상남도 김해시 부곡동,중상사고,0,1,0,0,차대차 - 추돌,안전운전불이행,건조,맑음,교차로 - 교차로부근,승용,남,48세,상해없음,승합,여,53세,중상
2019012700100027,2019년 1월 27일 00시,일요일,경상남도 통영시 북신동,중상사고,0,1,0,0,차대사람 - 횡단중,안전운전불이행,건조,기타,교차로 - 교차로안,승용,남,47세,상해없음,보행자,여,54세,중상
2019012700100028,2019년 1월 27일 00시,일요일,경상남도 통영시 용남면,경상사고,0,0,3,0,차대차 - 측면충돌,중앙선침범,건조,맑음,교차로 - 교차로부근,승용,여,56세,상해없음,승용,남,57세,경상
2019012700100046,2019년 1월 27일 02시,일요일,경상남도 양산시 평산동,부상신고사고,0,0,0,1,차대차 - 추돌,안전운전불이행,건조,맑음,단일로 - 기타,승용,여,45세,상해없음,승용,여,52세,부상신고
2019012700100101,2019년 1월 27일 09시,일요일,경상남도 거제시 옥포동,경상사고,0,0,1,0,차대사람 - 기타,보행자보호의무위반,건조,맑음,교차로 - 교차로안,승용,남,52세,상해없음,보행자,여,43세,경상
2019012700100102,2019년 1월 27일 09시,일요일,경상남도 남해군 삼동면,경상사고,0,0,1,0,차량단독 - 도로외이탈 - 추락,안전운전불이행,건조,맑음,단일로 - 기타,승용,남,64세,경상,,,,
2019012700100158,2019년 1월 27일 12시,일요일,경상남도 의령군 칠곡면,중상사고,0,1,3,2,차대차 - 추돌,안전운전불이행,건조,맑음,단일로 - 기타,승용,남,53세,중상,승용,남,48세,경상
2019012700100159,2019년 1월 27일 12시,일요일,경상남도 김해시 진영읍,중상사고,0,1,0,0,차대사람 - 횡단중,안전운전불이행,건조,맑음,단일로 - 기타,승합,남,61세,상해없음,보행자,여,87세,중상
2019012700100241,2019년 1월 27일 15시,일요일,경상남도 통영시 당동,중상사고,0,1,5,0,차대차 - 측면충돌,중앙선침범,건조,맑음,단일로 - 지하차도(도로)내,승용,남,56세,상해없음,승용,남,32세,경상
2019012700100271,2019년 1월 27일 16시,일요일,경상남도 사천시 용현면,중상사고,0,1,0,0,차대차 - 후진중충돌,안전운전불이행,건조,맑음,교차로 - 교차로부근,승용,남,52세,상해없음,자전거,여,66세,중상
2019012700100301,2019년 1월 27일 18시,일요일,경상남도 김해시 대동면,경상사고,0,0,2,0,차대차 - 추돌,안전운전불이행,건조,맑음,단일로 - 기타,승용,남,36세,상해없음,승용,남,33세,경상
2019012700100316,2019년 1월 27일 18시,일요일,경상남도 거제시 고현동,경상사고,0,0,1,0,차대차 - 기타,안전운전불이행,건조,맑음,교차로 - 교차로안,승용,남,21세,상해없음,이륜,남,41세,경상
2019012700100317,2019년 1월 27일 18시,일요일,경상남도 의령군 대의면,경상사고,0,0,1,0,차대차 - 기타,안전거리미확보,건조,맑음,단일로 - 기타,승용,남,75세,상해없음,승용,남,58세,경상
2019012700100338,2019년 1월 27일 19시,일요일,경상남도 통영시 정량동,중상사고,0,1,0,0,차대차 - 기타,과속,건조,맑음,단일로 - 기타,승용,남,34세,상해없음,자전거,남,77세,중상
2019012700100339,2019년 1월 27일 19시,일요일,경상남도 김해시 내동,경상사고,0,0,1,0,차대사람 - 횡단중,보행자보호의무위반,건조,맑음,교차로 - 교차로횡단보도내,승용,남,60세,상해없음,보행자,여,66세,경상
2019012700100340,2019년 1월 27일 19시,일요일,경상남도 거제시 아주동,부상신고사고,0,0,0,1,차대차 - 측면충돌,신호위반,건조,맑음,교차로 - 교차로부근,이륜,남,34세,부상신고,승용,남,64세,상해없음
2019012700100341,2019년 1월 27일 19시,일요일,경상남도 창원시 마산회원구 양덕동,중상사고,0,1,0,0,차대사람 - 차도통행중,안전운전불이행,건조,맑음,단일로 - 기타,승용,남,59세,상해없음,보행자,남,64세,중상
2019012700100360,2019년 1월 27일 20시,일요일,경상남도 거제시 능포동,경상사고,0,0,2,0,차대사람 - 기타,안전운전불이행,건조,맑음,단일로 - 기타,이륜,남,25세,경상,보행자,여,55세,경상
2019012700100379,2019년 1월 27일 21시,일요일,경상남도 김해시 삼계동,중상사고,0,1,0,0,차대사람 - 횡단중,보행자보호의무위반,건조,맑음,교차로 - 교차로횡단보도내,승용,여,55세,상해없음,보행자,남,25세,중상
2019012700100406,2019년 1월 27일 23시,일요일,경상남도 창원시 마산합포구 장군동5가,부상신고사고,0,0,0,1,차대차 - 추돌,안전운전불이행,건조,맑음,교차로 - 교차로부근,승용,남,68세,상해없음,승용,여,59세,상해없음
2019012800100059,2019년 1월 28일 05시,월요일,경상남도 김해시 구산동,중상사고,0,1,0,0,차대사람 - 횡단중,보행자보호의무위반,건조,맑음,교차로 - 교차로횡단보도내,화물,여,46세,상해없음,보행자,여,43세,중상
2019012800100089,2019년 1월 28일 06시,월요일,경상남도 김해시 삼정동,중상사고,0,1,0,0,차대사람 - 횡단중,보행자보호의무위반,건조,맑음,교차로 - 교차로횡단보도내,승용,남,68세,상해없음,보행자,여,58세,중상
2019012800100131,2019년 1월 28일 07시,월요일,경상남도 거제시 옥포동,중상사고,0,1,0,0,차대차 - 기타,신호위반,건조,맑음,교차로 - 교차로안,자전거,남,41세,중상,승합,남,66세,상해없음
2019012800100177,2019년 1월 28일 08시,월요일,경상남도 통영시 북신동,중상사고,0,1,0,0,차대사람 - 기타,보행자보호의무위반,건조,맑음,교차로 - 교차로횡단보도내,화물,남,60세,상해없음,보행자,남,8세,중상
2019012800100192,2019년 1월 28일 09시,월요일,경상남도 김해시 대동면,중상사고,0,1,5,0,차대차 - 추돌,안전운전불이행,건조,맑음,단일로 - 기타,특수,남,67세,중상,화물,남,59세,경상
2019012800100213,2019년 1월 28일 09시,월요일,경상남도 진주시 가좌동,부상신고사고,0,0,0,1,차대사람 - 기타,안전운전불이행,건조,맑음,단일로 - 기타,기타불명,기타불명,미분류,기타불명,보행자,남,27세,부상신고
2019012800100214,2019년 1월 28일 09시,월요일,경상남도 양산시 교동,경상사고,0,0,1,0,차대차 - 기타,차로위반,건조,맑음,단일로 - 기타,화물,남,75세,상해없음,이륜,남,76세,경상
2019012800100215,2019년 1월 28일 09시,월요일,경상남도 창원시 의창구 용호동,경상사고,0,0,1,0,차대차 - 측면충돌,신호위반,건조,맑음,교차로 - 교차로안,승용,여,35세,상해없음,승용,남,57세,경상
2019012800100216,2019년 1월 28일 09시,월요일,경상남도 김해시 진례면,경상사고,0,0,1,0,차대차 - 측면충돌,안전운전불이행,건조,맑음,교차로 - 교차로부근,화물,여,62세,상해없음,승용,남,56세,경상
2019012800100262,2019년 1월 28일 10시,월요일,경상남도 창녕군 창녕읍,경상사고,0,0,1,0,차대사람 - 기타,안전운전불이행,건조,맑음,기타 - 기타,화물,남,70세,상해없음,보행자,여,67세,경상
2019012800100303,2019년 1월 28일 11시,월요일,경상남도 거제시 옥포동,경상사고,0,0,1,0,차대차 - 측면충돌,안전운전불이행,건조,맑음,교차로 - 교차로안,승용,남,61세,상해없음,승용,여,53세,경상
2019012800100335,2019년 1월 28일 12시,월요일,경상남도 사천시 용현면,경상사고,0,0,1,0,차량단독 - 공작물충돌,안전운전불이행,건조,맑음,단일로 - 기타,이륜,남,37세,경상,,,,
2019012800100336,2019년 1월 28일 12시,월요일,경상남도 김해시 삼계동,경상사고,0,0,1,0,차대사람 - 횡단중,안전운전불이행,건조,맑음,교차로 - 교차로횡단보도내,승용,남,29세,상해없음,보행자,여,36세,경상
2019012800100337,2019년 1월 28일 12시,월요일,경상남도 함양군 안의면,경상사고,0,0,1,0,차대사람 - 차도통행중,안전운전불이행,건조,맑음,단일로 - 기타,승용,남,44세,상해없음,보행자,남,73세,경상
2019012800100338,2019년 1월 28일 12시,월요일,경상남도 의령군 용덕면,경상사고,0,0,1,0,차대차 - 측면충돌,교차로운행방법위반,건조,맑음,교차로 - 교차로안,화물,남,64세,상해없음,화물,남,63세,상해없음
2019012800100361,2019년 1월 28일 13시,월요일,경상남도 창원시 마산합포구 신포동2가,중상사고,0,1,0,0,차대사람 - 횡단중,보행자보호의무위반,건조,맑음,교차로 - 교차로부근,승용,남,83세,상해없음,보행자,남,65세,중상
2019012800100362,2019년 1월 28일 13시,월요일,경상남도 양산시 상북면,중상사고,0,1,0,0,차대차 - 측면충돌,신호위반,건조,맑음,교차로 - 교차로안,건설기계,남,52세,상해없음,이륜,남,69세,중상
2019012800100401,2019년 1월 28일 14시,월요일,경상남도 창원시 마산합포구 중앙동3가,중상사고,0,1,1,0,차대차 - 기타,안전운전불이행,건조,맑음,교차로 - 교차로부근,승합,남,57세,상해없음,승용,여,49세,경상
2019012800100402,2019년 1월 28일 14시,월요일,경상남도 사천시 사천읍,경상사고,0,0,2,0,차대차 - 측면충돌,직진우회전진행방해,건조,맑음,교차로 - 교차로안,승용,여,63세,상해없음,화물,남,30세,경상
2019012800100403,2019년 1월 28일 14시,월요일,경상남도 고성군 회화면,경상사고,0,0,1,0,차대차 - 측면충돌,교차로운행방법위반,건조,맑음,교차로 - 교차로부근,화물,남,45세,상해없음,승용,여,50세,경상