사고번호,사고일시,요일,시군구,사고내용,사망자수,중상자수,경상자수,부상신고자수,사고유형,법규위반,노면상태,기상상태,도로형태,가해운전자 차종,가해운전자 성별,가해운전자 연령,가해운전자 상해정도,피해운전자 차종,피해운전자 성별,피해운전자 연령,피해운전자 상해정도
2019012800100404,2019년 1월 28일 14시,월요일,경상남도 창원시 성산구 남양동,경상사고,0,0,1,0,차대사람 - 횡단중,보행자보호의무위반,건조,맑음,교차로 - 교차로안,승용,남,60세,상해없음,보행자,여,57세,경상
2019012800100405,2019년 1월 28일 14시,월요일,경상남도 창원시 의창구 팔용동,경상사고,0,0,1,0,차대사람 - 차도통행중,안전운전불이행,건조,맑음,교차로 - 교차로안,승용,여,28세,상해없음,보행자,여,15세,경상
2019012800100452,2019년 1월 28일 15시,월요일,경상남도 김해시 삼계동,경상사고,0,0,1,0,차대차 - 측면충돌,안전운전불이행,건조,맑음,단일로 - 기타,이륜,남,38세,경상,승용,여,48세,상해없음
2019012800100479,2019년 1월 28일 16시,월요일,경상남도 사천시 벌리동,경상사고,0,0,3,0,차대차 - 기타,신호위반,건조,맑음,교차로 - 교차로안,승용,여,55세,상해없음,승용,여,43세,경상
2019012800100511,2019년 1월 28일 17시,월요일,경상남도 창원시 마산회원구 회원동,사망사고,1,0,0,0,차대사람 - 보도통행중,기타,건조,맑음,단일로 - 기타,건설기계,남,46세,상해없음,보행자,남,69세,사망
2019012800100545,2019년 1월 28일 18시,월요일,경상남도 진주시 초전동,중상사고,0,1,1,0,차대차 - 측면충돌,안전거리미확보,건조,맑음,단일로 - 기타,화물,남,57세,상해없음,화물,남,53세,경상
2019012800100546,2019년 1월 28일 18시,월요일,경상남도 창원시 진해구 풍호동,중상사고,0,1,0,0,차대차 - 측면충돌,안전운전불이행,건조,맑음,교차로 - 교차로부근,화물,남,43세,상해없음,자전거,남,41세,중상
2019012800100547,2019년 1월 28일 18시,월요일,경상남도 통영시 정량동,경상사고,0,0,1,0,차대차 - 측면충돌,안전거리미확보,건조,맑음,단일로 - 기타,이륜,남,73세,상해없음,이륜,남,42세,경상
2019012800100548,2019년 1월 28일 18시,월요일,경상남도 양산시 동면,사망사고,1,0,0,0,차대사람 - 횡단중,안전운전불이행,건조,맑음,단일로 - 기타,승용,남,48세,상해없음,보행자,여,78세,사망
2019012800100549,2019년 1월 28일 18시,월요일,경상남도 양산시 삼호동,중상사고,0,2,0,0,차대사람 - 횡단중,신호위반,건조,맑음,교차로 - 교차로횡단보도내,승용,여,51세,상해없음,보행자,여,18세,중상
2019012800100550,2019년 1월 28일 18시,월요일,경상남도 거제시 고현동,중상사고,0,1,0,0,차대차 - 추돌,안전운전불이행,건조,맑음,교차로 - 교차로부근,승용,여,50세,상해없음,승용,여,33세,중상
2019012800100585,2019년 1월 28일 19시,월요일,경상남도 창원시 진해구 석동,경상사고,0,0,1,0,차대사람 - 기타,안전운전불이행,건조,맑음,단일로 - 기타,기타불명,기타불명,미분류,기타불명,보행자,남,16세,경상
2019012800100586,2019년 1월 28일 19시,월요일,경상남도 거제시 상동동,경상사고,0,0,1,0,차대사람 - 횡단중,안전운전불이행,건조,맑음,교차로 - 교차로부근,승용,여,39세,상해없음,보행자,여,7세,경상
2019012800100587,2019년 1월 28일 19시,월요일,경상남도 창원시 성산구 상남동,중상사고,0,1,0,0,차대차 - 측면충돌,안전운전불이행,건조,맑음,교차로 - 교차로안,승용,여,51세,상해없음,승용,남,36세,중상
2019012800100588,2019년 1월 28일 19시,월요일,경상남도 창원시 마산합포구 산호동,부상신고사고,0,0,0,1,차대사람 - 기타,안전운전불이행,건조,맑음,단일로 - 기타,승합,남,58세,상해없음,보행자,여,63세,부상신고
2019012800100618,2019년 1월 28일 20시,월요일,경상남도 창원시 진해구 여좌동,경상사고,0,0,1,0,차대차 - 추돌,안전거리미확보,건조,맑음,단일로 - 기타,승용,여,43세,상해없음,승용,남,44세,경상
2019012800100619,2019년 1월 28일 20시,월요일,경상남도 창원시 의창구 용호동,중상사고,0,1,0,0,차대차 - 측면충돌,안전운전불이행,건조,맑음,교차로 - 교차로안,승용,여,47세,상해없음,이륜,남,37세,중상
2019012800100634,2019년 1월 28일 21시,월요일,경상남도 진주시 신안동,중상사고,0,2,1,0,차대차 - 정면충돌,신호위반,건조,맑음,교차로 - 교차로안,승용,여,25세,상해없음,승용,남,29세,중상
2019012900100055,2019년 1월 29일 05시,화요일,경상남도 김해시 서상동,부상신고사고,0,0,0,1,차대사람 - 기타,안전운전불이행,건조,맑음,단일로 - 기타,화물,남,36세,상해없음,보행자,여,82세,부상신고
2019012900100068,2019년 1월 29일 06시,화요일,경상남도 양산시 물금읍,경상사고,0,0,2,0,차대차 - 측면충돌,차로위반,건조,맑음,교차로 - 교차로부근,화물,남,56세,상해없음,승용,남,39세,경상
2019012900100088,2019년 1월 29일 07시,화요일,경상남도 김해시 불암동,경상사고,0,0,1,0,차대차 - 측면충돌,신호위반,건조,맑음,교차로 - 교차로안,화물,남,74세,상해없음,승용,남,27세,경상
2019012900100089,2019년 1월 29일 07시,화요일,경상남도 창원시 성산구 신촌동,경상사고,0,0,1,0,차대차 - 측면충돌,신호위반,건조,맑음,교차로 - 교차로안,승용,남,48세,상해없음,승용,남,50세,경상
2019012900100124,2019년 1월 29일 08시,화요일,경상남도 창원시 마산합포구 남성동,중상사고,0,1,0,0,차량단독 - 기타,안전운전불이행,건조,맑음,기타 - 기타,승합,남,56세,상해없음,,,,
2019012900100125,2019년 1월 29일 08시,화요일,경상남도 사천시 선구동,중상사고,0,1,0,0,차대사람 - 횡단중,보행자보호의무위반,건조,맑음,단일로 - 기타,승용,남,59세,상해없음,보행자,남,81세,중상
2019012900100169,2019년 1월 29일 10시,화요일,경상남도 통영시 광도면,중상사고,0,1,0,0,차대사람 - 횡단중,보행자보호의무위반,건조,맑음,교차로 - 교차로횡단보도내,화물,남,73세,상해없음,보행자,여,46세,중상
2019012900100187,2019년 1월 29일 11시,화요일,경상남도 창원시 마산회원구 양덕동,경상사고,0,0,1,0,차대사람 - 차도통행중,안전운전불이행,건조,맑음,단일로 - 기타,승용,남,61세,상해없음,보행자,남,8세,경상
2019012900100215,2019년 1월 29일 12시,화요일,경상남도 창녕군 대합면,중상사고,0,1,0,0,차대차 - 측면충돌,안전거리미확보,건조,맑음,교차로 - 교차로부근,이륜,남,74세,중상,화물,남,51세,상해없음
2019012900100216,2019년 1월 29일 12시,화요일,경상남도 거제시 문동동,사망사고,1,0,0,0,차대차 - 측면충돌,안전운전불이행,건조,맑음,교차로 - 교차로안,승용,여,43세,상해없음,이륜,남,39세,사망
2019012900100245,2019년 1월 29일 13시,화요일,경상남도 함양군 병곡면,중상사고,0,1,1,0,차대차 - 추돌,안전운전불이행,건조,맑음,교차로 - 교차로부근,화물,남,74세,중상,승용,남,73세,경상
2019012900100246,2019년 1월 29일 13시,화요일,경상남도 김해시 관동동,중상사고,0,1,0,0,차대차 - 측면충돌,안전운전불이행,건조,맑음,교차로 - 교차로안,승용,여,46세,상해없음,승용,여,60세,중상
2019012900100261,2019년 1월 29일 14시,화요일,경상남도 창원시 진해구 태평동,경상사고,0,0,1,0,차대사람 - 횡단중,보행자보호의무위반,건조,맑음,교차로 - 교차로안,화물,남,39세,상해없음,보행자,여,12세,경상
2019012900100262,2019년 1월 29일 14시,화요일,경상남도 김해시 한림면,중상사고,0,1,1,0,차대차 - 추돌,안전운전불이행,건조,맑음,단일로 - 기타,화물,남,52세,중상,건설기계,남,50세,경상
2019012900100314,2019년 1월 29일 15시,화요일,경상남도 사천시 용현면,경상사고,0,0,3,0,차대차 - 측면충돌,안전거리미확보,건조,맑음,교차로 - 교차로안,승용,남,48세,경상,승합,남,52세,상해없음
2019012900100315,2019년 1월 29일 15시,화요일,경상남도 남해군 이동면,중상사고,0,1,0,0,차대차 - 측면충돌,안전운전불이행,건조,맑음,교차로 - 교차로부근,화물,남,55세,상해없음,화물,남,63세,중상
2019012900100316,2019년 1월 29일 15시,화요일,경상남도 김해시 주촌면,사망사고,1,1,0,0,차대차 - 측면충돌,신호위반,건조,맑음,교차로 - 교차로안,화물,남,48세,상해없음,화물,남,46세,중상
2019012900100367,2019년 1월 29일 16시,화요일,경상남도 통영시 무전동,경상사고,0,0,1,0,차대사람 - 횡단중,보행자보호의무위반,건조,맑음,교차로 - 교차로횡단보도내,승용,여,58세,상해없음,보행자,여,61세,경상
2019012900100368,2019년 1월 29일 16시,화요일,경상남도 통영시 북신동,경상사고,0,0,1,0,차대차 - 정면충돌,안전운전불이행,건조,맑음,교차로 - 교차로안,승용,여,65세,상해없음,승용,남,30세,경상
2019012900100369,2019년 1월 29일 16시,화요일,경상남도 밀양시 삼문동,경상사고,0,0,1,0,차대차 - 측면충돌,교차로운행방법위반,건조,맑음,교차로 - 교차로안,승용,여,39세,상해없음,원동기,여,60세,경상
2019012900100370,2019년 1월 29일 16시,화요일,경상남도 밀양시 내일동,부상신고사고,0,0,0,1,차대사람 - 기타,안전운전불이행,건조,맑음,단일로 - 기타,승용,남,62세,상해없음,보행자,남,57세,부상신고
2019012900100371,2019년 1월 29일 16시,화요일,경상남도 합천군 쌍백면,사망사고,1,0,0,0,차량단독 - 전도전복 - 전도,안전운전불이행,건조,맑음,교차로 - 교차로안,사륜오토바이(ATV),남,83세,사망,,,,
2019012900100372,2019년 1월 29일 16시,화요일,경상남도 거제시 사등면,중상사고,0,1,0,0,차량단독 - 전도전복 - 전도,안전운전불이행,건조,맑음,단일로 - 기타,이륜,남,54세,중상,,,,
2019012900100418,2019년 1월 29일 17시,화요일,경상남도 진주시 금산면,중상사고,0,1,0,0,차대차 - 추돌,안전운전불이행,건조,맑음,단일로 - 기타,화물,남,54세,상해없음,승용,여,41세,중상
2019012900100419,2019년 1월 29일 17시,화요일,경상남도 창원시 진해구 용원동,경상사고,0,0,2,0,차대차 - 측면충돌,교차로운행방법위반,건조,맑음,교차로 - 교차로안,승용,남,52세,경상,승용,남,41세,경상
2019012900100420,2019년 1월 29일 17시,화요일,경상남도 남해군 남해읍,중상사고,0,1,1,0,차대차 - 측면충돌,교차로운행방법위반,건조,맑음,교차로 - 교차로안,승용,남,48세,경상,화물,남,63세,중상
2019012900100461,2019년 1월 29일 18시,화요일,경상남도 진주시 칠암동,중상사고,0,1,0,0,차대사람 - 횡단중,보행자보호의무위반,건조,맑음,단일로 - 기타,승용,남,35세,상해없음,보행자,남,44세,중상
2019012900100462,2019년 1월 29일 18시,화요일,경상남도 사천시 용현면,경상사고,0,0,1,0,차대차 - 측면충돌,직진우회전진행방해,건조,맑음,교차로 - 교차로안,승용,여,50세,상해없음,승용,여,35세,경상
2019012900100463,2019년 1월 29일 18시,화요일,경상남도 김해시 상동면,경상사고,0,0,1,0,차대차 - 정면충돌,중앙선침범,건조,맑음,단일로 - 기타,화물,남,64세,상해없음,승용,남,28세,경상
2019012900100464,2019년 1월 29일 18시,화요일,경상남도 거창군 거창읍,중상사고,0,1,0,0,차대사람 - 횡단중,안전운전불이행,건조,맑음,교차로 - 교차로안,승용,남,73세,상해없음,보행자,여,47세,중상
2019012900100465,2019년 1월 29일 18시,화요일,경상남도 양산시 물금읍,중상사고,0,1,0,0,차대사람 - 횡단중,신호위반,건조,맑음,단일로 - 기타,승용,남,18세,상해없음,보행자,남,12세,중상
2019012900100507,2019년 1월 29일 19시,화요일,경상남도 진주시 상봉동,중상사고,0,1,0,0,차대사람 - 횡단중,안전운전불이행,건조,맑음,교차로 - 교차로안,승용,여,40세,상해없음,보행자,남,51세,중상
2019012900100508,2019년 1월 29일 19시,화요일,경상남도 김해시 삼계동,경상사고,0,0,2,0,차대차 - 측면충돌,신호위반,건조,맑음,교차로 - 교차로안,승용,남,56세,경상,이륜,남,22세,경상
2019012900100542,2019년 1월 29일 20시,화요일,경상남도 양산시 삼호동,중상사고,0,1,0,0,차대사람 - 횡단중,보행자보호의무위반,건조,맑음,교차로 - 교차로횡단보도내,승용,남,48세,상해없음,보행자,남,72세,중상
2019012900100543,2019년 1월 29일 20시,화요일,경상남도 창원시 마산회원구 내서읍,경상사고,0,0,2,0,차대차 - 추돌,안전운전불이행,건조,맑음,단일로 - 기타,승용,남,49세,상해없음,화물,남,37세,경상
2019012900100571,2019년 1월 29일 21시,화요일,경상남도 진주시 호탄동,경상사고,0,0,1,0,차대차 - 측면충돌,안전운전불이행,건조,맑음,교차로 - 교차로안,승용,남,58세,상해없음,승용,여,41세,경상
2019012900100572,2019년 1월 29일 21시,화요일,경상남도 창원시 진해구 태평동,중상사고,0,1,0,0,차대사람 - 기타,안전운전불이행,건조,맑음,단일로 - 기타,승용,남,60세,상해없음,보행자,여,55세,중상
2019012900100587,2019년 1월 29일 22시,화요일,경상남도 밀양시 무안면,중상사고,0,1,1,0,차량단독 - 기타,안전운전불이행,건조,맑음,단일로 - 기타,승용,남,45세,중상,,,,
2019012900100588,2019년 1월 29일 22시,화요일,경상남도 김해시 어방동,중상사고,0,1,0,0,차대사람 - 차도통행중,안전운전불이행,건조,맑음,단일로 - 기타,이륜,남,17세,상해없음,보행자,여,12세,중상
2019012900100589,2019년 1월 29일 22시,화요일,경상남도 창원시 의창구 북면,경상사고,0,0,1,0,차대차 - 기타,안전운전불이행,건조,맑음,기타 - 기타,승용,남,33세,상해없음,이륜,남,36세,경상
2019012900100590,2019년 1월 29일 22시,화요일,경상남도 창원시 의창구 대산면,경상사고,0,0,2,0,차대차 - 기타,안전운전불이행,건조,맑음,기타 - 기타,승용,남,36세,상해없음,승용,여,39세,경상
2019013000100039,2019년 1월 30일 02시,수요일,경상남도 김해시 율하동,중상사고,0,2,0,0,차량단독 - 공작물충돌,안전운전불이행,건조,맑음,단일로 - 기타,이륜,남,16세,중상,,,,
2019013000100083,2019년 1월 30일 07시,수요일,경상남도 양산시 어곡동,경상사고,0,0,1,0,차대사람 - 기타,안전운전불이행,건조,맑음,단일로 - 기타,승용,남,34세,상해없음,보행자,남,65세,경상
2019013000100104,2019년 1월 30일 08시,수요일,경상남도 함안군 군북면,중상사고,0,1,0,0,차대사람 - 기타,안전운전불이행,건조,맑음,교차로 - 교차로부근,승용,여,35세,상해없음,보행자,남,9세,중상
2019013000100105,2019년 1월 30일 08시,수요일,경상남도 창원시 성산구 중앙동,경상사고,0,0,1,0,차대사람 - 횡단중,안전운전불이행,건조,맑음,단일로 - 기타,승용,남,29세,상해없음,보행자,여,25세,경상
2019013000100131,2019년 1월 30일 09시,수요일,경상남도 창원시 마산합포구 창동,중상사고,0,1,0,0,차대사람 - 횡단중,안전운전불이행,건조,맑음,단일로 - 기타,승용,여,68세,상해없음,보행자,여,75세,중상
2019013000100132,2019년 1월 30일 09시,수요일,경상남도 김해시 외동,경상사고,0,0,1,0,차대차 - 추돌,안전운전불이행,건조,맑음,단일로 - 기타,승용,남,61세,상해없음,승용,남,37세,경상
2019013000100154,2019년 1월 30일 10시,수요일,경상남도 김해시 대동면,경상사고,0,0,2,0,차대차 - 추돌,안전운전불이행,건조,맑음,단일로 - 기타,화물,남,65세,경상,화물,남,53세,상해없음
2019013000100173,2019년 1월 30일 10시,수요일,경상남도 진주시 동성동,중상사고,0,1,0,0,차대차 - 측면충돌,안전운전불이행,건조,맑음,단일로 - 기타,승용,남,64세,상해없음,원동기,남,87세,중상
2019013000100174,2019년 1월 30일 10시,수요일,경상남도 함양군 함양읍,중상사고,0,1,6,0,차대차 - 측면충돌,신호위반,건조,맑음,교차로 - 교차로안,승용,여,58세,경상,승합,남,60세,경상
2019013000100175,2019년 1월 30일 10시,수요일,경상남도 창원시 의창구 봉곡동,경상사고,0,0,1,0,차대사람 - 보도통행중,기타,건조,맑음,기타 - 기타,화물,남,43세,상해없음,보행자,여,66세,경상
2019013000100176,2019년 1월 30일 10시,수요일,경상남도 김해시 진례면,중상사고,0,1,0,0,차대차 - 추돌,안전거리미확보,건조,맑음,교차로 - 교차로부근,화물,남,43세,상해없음,화물,남,67세,중상
2019013000100201,2019년 1월 30일 11시,수요일,경상남도 양산시 물금읍,경상사고,0,0,1,0,차대차 - 측면충돌,직진우회전진행방해,건조,맑음,교차로 - 교차로안,승용,여,49세,상해없음,승용,여,60세,경상
2019013000100202,2019년 1월 30일 11시,수요일,경상남도 김해시 진례면,사망사고,1,0,0,0,차량단독 - 공작물충돌,안전운전불이행,건조,맑음,단일로 - 기타,승용,남,35세,사망,,,,
2019013000100251,2019년 1월 30일 13시,수요일,경상남도 김해시 신문동,중상사고,0,1,0,0,차대차 - 추돌,교차로운행방법위반,건조,맑음,교차로 - 교차로횡단보도내,화물,남,58세,상해없음,자전거,여,80세,중상
2019013000100298,2019년 1월 30일 14시,수요일,경상남도 창원시 의창구 북면,경상사고,0,0,1,0,차대사람 - 횡단중,보행자보호의무위반,건조,맑음,교차로 - 교차로횡단보도내,승용,여,54세,상해없음,보행자,여,37세,경상
2019013000100330,2019년 1월 30일 15시,수요일,경상남도 양산시 명동,경상사고,0,0,4,0,차대차 - 추돌,안전운전불이행,건조,맑음,교차로 - 교차로부근,승용,남,46세,상해없음,승용,여,61세,경상
2019013000100369,2019년 1월 30일 16시,수요일,경상남도 김해시 외동,경상사고,0,0,2,0,차대차 - 추돌,안전거리미확보,건조,맑음,단일로 - 기타,승용,여,50세,경상,승용,남,26세,경상
2019013000100370,2019년 1월 30일 16시,수요일,경상남도 하동군 횡천면,중상사고,0,1,1,0,차대차 - 측면충돌,중앙선침범,건조,맑음,단일로 - 기타,화물,여,62세,경상,화물,남,53세,중상
2019013000100395,2019년 1월 30일 17시,수요일,경상남도 하동군 하동읍,중상사고,0,1,1,0,차대차 - 측면충돌,안전운전불이행,건조,맑음,단일로 - 기타,승용,여,45세,상해없음,이륜,남,71세,경상
2019013000100443,2019년 1월 30일 18시,수요일,경상남도 창원시 진해구 안골동,경상사고,0,0,1,0,차대차 - 기타,안전운전불이행,건조,맑음,교차로 - 교차로안,승용,여,32세,기타불명,자전거,남,26세,경상
2019013000100444,2019년 1월 30일 18시,수요일,경상남도 거제시 능포동,경상사고,0,0,1,0,차대차 - 기타,교차로운행방법위반,건조,맑음,교차로 - 교차로안,승용,남,56세,상해없음,이륜,남,60세,경상
2019013000100445,2019년 1월 30일 18시,수요일,경상남도 거제시 상동동,중상사고,0,3,0,0,차대차 - 추돌,안전운전불이행,건조,맑음,단일로 - 기타,화물,남,63세,상해없음,승용,여,33세,중상
2019013000100446,2019년 1월 30일 18시,수요일,경상남도 창원시 마산회원구 내서읍,경상사고,0,0,2,0,차대차 - 추돌,안전운전불이행,건조,맑음,단일로 - 고가도로위,화물,남,60세,상해없음,화물,남,42세,경상
2019013000100447,2019년 1월 30일 18시,수요일,경상남도 창원시 마산회원구 봉암동,경상사고,0,0,2,0,차대차 - 측면충돌,안전운전불이행,건조,맑음,단일로 - 기타,승용,남,40세,상해없음,승용,여,49세,경상
2019013000100492,2019년 1월 30일 19시,수요일,경상남도 통영시 광도면,중상사고,0,1,0,0,차대사람 - 횡단중,신호위반,건조,맑음,교차로 - 교차로부근,이륜,남,45세,기타불명,보행자,남,27세,중상
2019013000100493,2019년 1월 30일 19시,수요일,경상남도 양산시 물금읍,경상사고,0,0,1,0,차대사람 - 기타,안전운전불이행,건조,맑음,단일로 - 기타,승용,남,64세,상해없음,보행자,남,51세,경상
2019013000100549,2019년 1월 30일 21시,수요일,경상남도 거제시 문동동,중상사고,0,2,0,0,차대차 - 추돌,안전운전불이행,건조,맑음,단일로 - 기타,승용,여,59세,상해없음,승용,남,47세,상해없음
2019013000100594,2019년 1월 30일 23시,수요일,경상남도 함안군 가야읍,중상사고,0,1,0,0,차대차 - 측면충돌,교차로운행방법위반,건조,맑음,교차로 - 교차로안,승용,남,34세,상해없음,승용,남,58세,중상
2019013100100024,2019년 1월 31일 00시,목요일,경상남도 진주시 주약동,중상사고,0,1,1,0,차대차 - 측면충돌,신호위반,건조,맑음,교차로 - 교차로안,이륜,남,19세,경상,승용,남,46세,상해없음
2019013100100048,2019년 1월 31일 03시,목요일,경상남도 거제시 일운면,중상사고,0,1,2,0,차대차 - 정면충돌,중앙선침범,젖음/습기,비,단일로 - 기타,승용,남,59세,경상,승용,여,58세,경상
2019013100100049,2019년 1월 31일 03시,목요일,경상남도 창원시 의창구 팔용동,경상사고,0,0,1,0,차대차 - 추돌,안전거리미확보,건조,맑음,미분류 - 미분류,승용,남,31세,상해없음,승용,남,59세,경상
2019013100100060,2019년 1월 31일 05시,목요일,경상남도 사천시 동금동,중상사고,0,1,0,0,차대사람 - 횡단중,안전운전불이행,젖음/습기,비,교차로 - 교차로안,화물,남,48세,상해없음,보행자,여,74세,중상
2019013100100061,2019년 1월 31일 05시,목요일,경상남도 김해시 동상동,중상사고,0,2,0,0,차대차 - 측면충돌,안전거리미확보,젖음/습기,비,단일로 - 기타,승용,남,26세,상해없음,승용,남,62세,상해없음
2019013100100077,2019년 1월 31일 06시,목요일,경상남도 고성군 고성읍,중상사고,0,1,0,0,차대사람 - 차도통행중,안전운전불이행,젖음/습기,비,교차로 - 교차로안,승용,여,30세,상해없음,보행자,여,76세,중상
2019013100100078,2019년 1월 31일 06시,목요일,경상남도 창원시 마산회원구 합성동,중상사고,0,1,2,0,차대차 - 추돌,안전운전불이행,젖음/습기,비,단일로 - 기타,승용,남,63세,상해없음,승용,남,44세,중상
2019013100100079,2019년 1월 31일 06시,목요일,경상남도 김해시 진영읍,경상사고,0,0,1,0,차대사람 - 횡단중,안전운전불이행,젖음/습기,비,단일로 - 기타,화물,남,50세,상해없음,보행자,남,37세,경상
2019013100100113,2019년 1월 31일 07시,목요일,경상남도 사천시 축동면,경상사고,0,0,1,0,차대차 - 추돌,안전운전불이행,젖음/습기,비,교차로 - 교차로부근,승용,남,23세,상해없음,승용,남,53세,경상
2019013100100114,2019년 1월 31일 07시,목요일,경상남도 거제시 상동동,경상사고,0,0,4,0,차대차 - 추돌,안전운전불이행,건조,맑음,단일로 - 기타,승합,남,59세,상해없음,승합,여,46세,경상
2019013100100115,2019년 1월 31일 07시,목요일,경상남도 창원시 성산구 중앙동,중상사고,0,1,0,0,차대사람 - 횡단중,보행자보호의무위반,젖음/습기,비,교차로 - 교차로횡단보도내,승합,여,50세,상해없음,보행자,여,67세,중상
2019013100100116,2019년 1월 31일 07시,목요일,경상남도 창원시 마산회원구 양덕동,경상사고,0,0,1,0,차대차 - 추돌,안전운전불이행,젖음/습기,비,단일로 - 기타,화물,남,46세,상해없음,승용,남,50세,경상
2019013100100117,2019년 1월 31일 07시,목요일,경상남도 김해시 주촌면,경상사고,0,0,1,0,차대차 - 측면충돌,안전운전불이행,젖음/습기,비,교차로 - 교차로부근,승합,남,66세,경상,기타불명,기타불명,미분류,기타불명
2019013100100149,2019년 1월 31일 08시,목요일,경상남도 사천시 선구동,중상사고,0,1,0,0,차대사람 - 횡단중,보행자보호의무위반,젖음/습기,비,교차로 - 교차로횡단보도내,화물,남,34세,상해없음,보행자,여,58세,중상
2019013100100150,2019년 1월 31일 08시,목요일,경상남도 김해시 안동,경상사고,0,0,2,0,차대차 - 추돌,차로위반,젖음/습기,눈,단일로 - 기타,승용,남,55세,상해없음,승용,남,32세,상해없음
2019013100100162,2019년 1월 31일 09시,목요일,경상남도 양산시 다방동,경상사고,0,0,2,0,차대차 - 추돌,안전거리미확보,건조,맑음,단일로 - 기타,승용,남,37세,상해없음,승용,남,39세,상해없음
2019013100100175,2019년 1월 31일 09시,목요일,경상남도 창원시 진해구 석동,경상사고,0,0,2,0,차대차 - 측면충돌,안전운전불이행,젖음/습기,비,교차로 - 교차로안,화물,남,46세,경상,승용,남,30세,경상
2019013100100176,2019년 1월 31일 09시,목요일,경상남도 창원시 의창구 용호동,중상사고,0,1,0,0,차대차 - 측면충돌,안전운전불이행,젖음/습기,비,교차로 - 교차로안,승용,여,36세,상해없음,이륜,남,33세,중상
2019013100100223,2019년 1월 31일 11시,목요일,경상남도 창원시 진해구 석동,중상사고,0,1,0,0,차대차 - 추돌,안전운전불이행,젖음/습기,눈,교차로 - 교차로안,화물,남,26세,상해없음,승용,여,72세,중상
2019013100100224,2019년 1월 31일 11시,목요일,경상남도 통영시 미수동,경상사고,0,0,1,0,차대차 - 추돌,안전운전불이행,젖음/습기,비,단일로 - 기타,승용,남,46세,상해없음,승용,남,66세,경상
2019013100100225,2019년 1월 31일 11시,목요일,경상남도 밀양시 삼문동,중상사고,0,1,0,0,차대사람 - 차도통행중,안전운전불이행,젖음/습기,비,교차로 - 교차로안,승용,남,50세,상해없음,보행자,여,81세,중상
2019013100100226,2019년 1월 31일 11시,목요일,경상남도 김해시 삼방동,중상사고,0,2,2,1,차대차 - 측면충돌,안전운전불이행,젖음/습기,눈,교차로 - 교차로안,승용,여,54세,상해없음,승용,남,62세,중상
2019013100100227,2019년 1월 31일 11시,목요일,경상남도 양산시 평산동,중상사고,0,1,0,0,차대사람 - 기타,안전운전불이행,젖음/습기,눈,교차로 - 교차로부근,화물,남,43세,상해없음,보행자,여,48세,중상
2019013100100228,2019년 1월 31일 11시,목요일,경상남도 양산시 상북면,부상신고사고,0,0,0,1,차대차 - 측면충돌,안전거리미확보,젖음/습기,비,단일로 - 기타,이륜,남,77세,부상신고,화물,남,68세,상해없음
2019013100100288,2019년 1월 31일 13시,목요일,경상남도 거제시 고현동,경상사고,0,0,3,0,차대차 - 측면충돌,직진우회전진행방해,건조,맑음,교차로 - 교차로안,승용,여,56세,상해없음,승용,남,31세,경상
2019013100100309,2019년 1월 31일 14시,목요일,경상남도 창원시 진해구 용원동,중상사고,0,1,0,0,차대차 - 측면충돌,신호위반,젖음/습기,비,교차로 - 교차로안,승용,남,57세,상해없음,이륜,남,39세,중상
2019013100100310,2019년 1월 31일 14시,목요일,경상남도 양산시 삼호동,경상사고,0,0,2,0,차대차 - 측면충돌,안전운전불이행,건조,맑음,교차로 - 교차로부근,승용,여,58세,상해없음,승용,남,60세,경상
2019013100100311,2019년 1월 31일 14시,목요일,경상남도 양산시 용당동,경상사고,0,0,1,0,차대차 - 기타,안전운전불이행,젖음/습기,비,교차로 - 교차로안,화물,남,71세,상해없음,승용,남,51세,경상
2019013100100354,2019년 1월 31일 15시,목요일,경상남도 창원시 진해구 경화동,중상사고,0,1,0,0,차대사람 - 차도통행중,교차로운행방법위반,건조,맑음,교차로 - 교차로안,승용,여,65세,상해없음,보행자,여,61세,중상
2019013100100355,2019년 1월 31일 15시,목요일,경상남도 통영시 무전동,경상사고,0,0,2,0,차대차 - 정면충돌,안전운전불이행,젖음/습기,비,단일로 - 기타,이륜,남,39세,경상,승용,남,54세,경상
2019013100100356,2019년 1월 31일 15시,목요일,경상남도 함안군 가야읍,중상사고,0,1,0,0,차대사람 - 횡단중,신호위반,젖음/습기,흐림,교차로 - 교차로안,승용,여,26세,상해없음,보행자,남,77세,중상
2019013100100385,2019년 1월 31일 16시,목요일,경상남도 창원시 마산합포구 동성동,중상사고,0,1,0,0,차대차 - 측면충돌,교차로운행방법위반,건조,맑음,교차로 - 교차로안,승용,남,55세,상해없음,승용,남,75세,상해없음
2019013100100421,2019년 1월 31일 17시,목요일,경상남도 진주시 하대동,경상사고,0,0,1,0,차대사람 - 기타,안전운전불이행,건조,맑음,단일로 - 기타,승용,남,72세,상해없음,보행자,여,49세,경상
2019013100100461,2019년 1월 31일 18시,목요일,경상남도 합천군 대양면,중상사고,0,1,0,0,차대차 - 추돌,안전운전불이행,건조,흐림,단일로 - 기타,화물,남,28세,상해없음,화물,남,60세,중상
2019013100100462,2019년 1월 31일 18시,목요일,경상남도 양산시 삼호동,중상사고,0,1,0,0,차대사람 - 차도통행중,중앙선침범,건조,맑음,단일로 - 기타,승용,남,64세,상해없음,보행자,여,8세,중상