사고번호,사고일시,요일,시군구,사고내용,사망자수,중상자수,경상자수,부상신고자수,사고유형,법규위반,노면상태,기상상태,도로형태,가해운전자 차종,가해운전자 성별,가해운전자 연령,가해운전자 상해정도,피해운전자 차종,피해운전자 성별,피해운전자 연령,피해운전자 상해정도
2019013100100463,2019년 1월 31일 18시,목요일,경상남도 양산시 물금읍,중상사고,0,2,2,0,차대차 - 측면충돌,신호위반,건조,맑음,교차로 - 교차로안,승용,남,43세,상해없음,승용,남,54세,중상
2019013100100464,2019년 1월 31일 18시,목요일,경상남도 고성군 상리면,중상사고,0,3,0,0,차량단독 - 공작물충돌,안전운전불이행,적설,눈,교차로 - 교차로부근,화물,남,52세,상해없음,,,,
2019013100100465,2019년 1월 31일 18시,목요일,경상남도 산청군 금서면,중상사고,0,1,1,0,차대차 - 측면충돌,신호위반,건조,맑음,교차로 - 교차로안,승용,여,58세,중상,승용,남,49세,경상
2019013100100508,2019년 1월 31일 19시,목요일,경상남도 창원시 진해구 두동,중상사고,0,1,0,0,차대차 - 추돌,안전운전불이행,기타,흐림,교차로 - 교차로안,화물,남,52세,상해없음,승용,남,40세,중상
2019013100100509,2019년 1월 31일 19시,목요일,경상남도 통영시 북신동,중상사고,0,1,0,0,차대사람 - 기타,안전운전불이행,건조,흐림,단일로 - 기타,승용,여,46세,상해없음,보행자,여,46세,중상
2019013100100510,2019년 1월 31일 19시,목요일,경상남도 김해시 구산동,경상사고,0,0,1,0,차대사람 - 기타,안전운전불이행,건조,맑음,단일로 - 기타,승용,남,44세,상해없음,보행자,남,24세,경상
2019013100100511,2019년 1월 31일 19시,목요일,경상남도 양산시 소주동,중상사고,0,1,0,0,차대사람 - 횡단중,안전운전불이행,건조,맑음,교차로 - 교차로안,승용,남,49세,상해없음,보행자,남,74세,중상
2019013100100512,2019년 1월 31일 19시,목요일,경상남도 창원시 성산구 상남동,중상사고,0,2,1,0,차대차 - 추돌,안전운전불이행,젖음/습기,흐림,교차로 - 교차로부근,화물,남,50세,상해없음,승용,남,62세,중상
2019013100100546,2019년 1월 31일 20시,목요일,경상남도 김해시 삼계동,경상사고,0,0,1,0,차대차 - 기타,안전운전불이행,서리/결빙,눈,단일로 - 기타,승합,남,40세,경상,승합,남,41세,기타불명
2019013100100547,2019년 1월 31일 20시,목요일,경상남도 거제시 연초면,중상사고,0,2,0,0,차대차 - 측면충돌,안전운전불이행,서리/결빙,눈,단일로 - 기타,승용,남,66세,상해없음,승용,여,51세,중상
2019013100100548,2019년 1월 31일 20시,목요일,경상남도 창원시 성산구 가음동,중상사고,0,1,0,0,차대사람 - 횡단중,안전운전불이행,젖음/습기,흐림,교차로 - 교차로부근,승용,남,47세,상해없음,보행자,남,47세,중상
2019020100100086,2019년 2월 1일 05시,금요일,경상남도 김해시 삼문동,경상사고,0,0,1,0,차대차 - 측면충돌,안전운전불이행,건조,맑음,교차로 - 교차로안,승용,남,57세,상해없음,승용,여,37세,경상
2019020100100094,2019년 2월 1일 06시,금요일,경상남도 창원시 성산구 상남동,부상신고사고,0,0,0,1,차대사람 - 횡단중,안전운전불이행,건조,맑음,교차로 - 교차로안,승용,남,63세,상해없음,보행자,남,23세,부상신고
2019020100100095,2019년 2월 1일 06시,금요일,경상남도 창원시 성산구 대방동,중상사고,0,1,0,0,차대차 - 측면충돌,안전운전불이행,건조,맑음,교차로 - 교차로부근,승용,남,40세,상해없음,승용,남,45세,중상
2019020100100114,2019년 2월 1일 07시,금요일,경상남도 통영시 용남면,중상사고,0,1,1,0,차대차 - 측면충돌,중앙선침범,건조,맑음,단일로 - 기타,승용,남,41세,상해없음,승용,남,63세,경상
2019020100100147,2019년 2월 1일 08시,금요일,경상남도 창녕군 영산면,중상사고,0,1,0,0,차대사람 - 기타,안전운전불이행,젖음/습기,흐림,교차로 - 교차로안,승용,남,51세,상해없음,보행자,남,76세,중상
2019020100100148,2019년 2월 1일 08시,금요일,경상남도 양산시 북부동,경상사고,0,0,1,0,차대사람 - 횡단중,보행자보호의무위반,건조,맑음,교차로 - 교차로횡단보도내,승합,남,61세,상해없음,보행자,남,14세,경상
2019020100100149,2019년 2월 1일 08시,금요일,경상남도 고성군 회화면,경상사고,0,0,2,0,차대차 - 측면충돌,직진우회전진행방해,건조,맑음,교차로 - 교차로안,승용,남,71세,상해없음,화물,남,75세,경상
2019020100100181,2019년 2월 1일 09시,금요일,경상남도 창원시 진해구 장천동,경상사고,0,0,1,0,차대차 - 추돌,안전운전불이행,건조,맑음,교차로 - 교차로안,승용,남,62세,상해없음,승용,남,51세,경상
2019020100100182,2019년 2월 1일 09시,금요일,경상남도 고성군 고성읍,경상사고,0,0,1,0,차대차 - 측면충돌,교차로운행방법위반,건조,맑음,교차로 - 교차로안,화물,남,53세,상해없음,승용,여,42세,경상
2019020100100206,2019년 2월 1일 10시,금요일,경상남도 진주시 수정동,경상사고,0,0,1,0,차대사람 - 차도통행중,안전운전불이행,건조,맑음,교차로 - 교차로안,이륜,남,54세,상해없음,보행자,여,77세,경상
2019020100100239,2019년 2월 1일 11시,금요일,경상남도 진주시 호탄동,중상사고,0,1,0,0,차대차 - 측면충돌,중앙선침범,건조,맑음,단일로 - 기타,승합,남,58세,상해없음,승용,남,28세,중상
2019020100100240,2019년 2월 1일 11시,금요일,경상남도 통영시 무전동,경상사고,0,0,1,0,차대차 - 측면충돌,교차로운행방법위반,건조,맑음,교차로 - 교차로안,승용,여,49세,상해없음,승용,남,64세,상해없음
2019020100100241,2019년 2월 1일 11시,금요일,경상남도 양산시 물금읍,경상사고,0,0,1,0,차대차 - 측면충돌,교차로운행방법위반,건조,맑음,교차로 - 교차로안,승용,여,29세,상해없음,이륜,남,29세,경상
2019020100100349,2019년 2월 1일 14시,금요일,경상남도 통영시 북신동,경상사고,0,0,1,0,차대차 - 추돌,안전거리미확보,건조,맑음,단일로 - 기타,화물,남,31세,상해없음,승용,남,64세,경상
2019020100100350,2019년 2월 1일 14시,금요일,경상남도 김해시 내동,경상사고,0,0,1,0,차대차 - 기타,기타,건조,맑음,단일로 - 기타,승용,남,54세,상해없음,이륜,남,47세,경상
2019020100100351,2019년 2월 1일 14시,금요일,경상남도 거제시 고현동,부상신고사고,0,0,0,1,차대차 - 기타,안전운전불이행,건조,맑음,기타 - 기타,자전거,남,82세,부상신고,승용,여,64세,상해없음
2019020100100400,2019년 2월 1일 15시,금요일,경상남도 통영시 당동,경상사고,0,0,3,0,차대차 - 추돌,안전거리미확보,건조,맑음,단일로 - 기타,승용,남,59세,상해없음,승용,남,69세,경상
2019020100100401,2019년 2월 1일 15시,금요일,경상남도 양산시 북정동,경상사고,0,0,1,0,차대차 - 측면충돌,직진우회전진행방해,건조,맑음,교차로 - 교차로안,승용,남,68세,상해없음,화물,남,67세,경상
2019020100100402,2019년 2월 1일 15시,금요일,경상남도 거제시 상동동,중상사고,0,1,0,0,차대차 - 측면충돌,안전운전불이행,건조,맑음,교차로 - 교차로안,승용,남,41세,상해없음,승용,여,51세,중상
2019020100100473,2019년 2월 1일 17시,금요일,경상남도 통영시 중앙동,중상사고,0,1,0,0,차대사람 - 기타,기타,건조,맑음,단일로 - 기타,승합,남,51세,기타불명,보행자,여,69세,중상
2019020100100474,2019년 2월 1일 17시,금요일,경상남도 양산시 물금읍,경상사고,0,0,1,0,차대차 - 기타,신호위반,건조,맑음,교차로 - 교차로안,승합,여,58세,상해없음,승용,여,62세,경상
2019020100100475,2019년 2월 1일 17시,금요일,경상남도 창원시 의창구 중동,중상사고,0,1,0,0,차대차 - 측면충돌,신호위반,건조,맑음,교차로 - 교차로안,승용,남,52세,상해없음,이륜,남,54세,중상
2019020100100476,2019년 2월 1일 17시,금요일,경상남도 김해시 진영읍,경상사고,0,0,1,0,차대차 - 측면충돌,안전운전불이행,건조,맑음,단일로 - 기타,화물,남,62세,상해없음,승용,남,54세,경상
2019020100100546,2019년 2월 1일 18시,금요일,경상남도 창원시 진해구 여좌동,중상사고,0,1,0,0,차대차 - 측면충돌,신호위반,건조,맑음,교차로 - 교차로안,승용,남,34세,상해없음,승용,여,23세,중상
2019020100100547,2019년 2월 1일 18시,금요일,경상남도 밀양시 삼문동,경상사고,0,0,1,0,차대사람 - 횡단중,안전운전불이행,건조,흐림,단일로 - 기타,승용,남,43세,상해없음,보행자,남,44세,경상
2019020100100548,2019년 2월 1일 18시,금요일,경상남도 창원시 의창구 대원동,경상사고,0,0,1,0,차대차 - 추돌,안전운전불이행,건조,맑음,교차로 - 교차로부근,승용,남,57세,상해없음,승용,여,39세,경상
2019020100100600,2019년 2월 1일 19시,금요일,경상남도 김해시 외동,경상사고,0,0,2,0,차대차 - 추돌,안전운전불이행,건조,맑음,단일로 - 기타,화물,남,56세,상해없음,승용,여,51세,경상
2019020100100647,2019년 2월 1일 20시,금요일,경상남도 양산시 중부동,경상사고,0,0,1,0,차대차 - 측면충돌,중앙선침범,건조,맑음,단일로 - 기타,승용,남,49세,기타불명,이륜,남,25세,경상
2019020100100648,2019년 2월 1일 20시,금요일,경상남도 창원시 의창구 봉곡동,부상신고사고,0,0,0,1,차대사람 - 길가장자리구역통행중,안전운전불이행,건조,맑음,단일로 - 기타,기타불명,기타불명,미분류,기타불명,보행자,남,63세,부상신고
2019020100100729,2019년 2월 1일 23시,금요일,경상남도 창원시 성산구 상남동,경상사고,0,0,1,0,차대사람 - 길가장자리구역통행중,안전운전불이행,건조,맑음,교차로 - 교차로안,승합,남,57세,상해없음,보행자,여,55세,경상
2019020200100054,2019년 2월 2일 01시,토요일,경상남도 거제시 고현동,중상사고,0,1,0,0,차대차 - 기타,교차로운행방법위반,건조,맑음,교차로 - 교차로안,승용,여,55세,상해없음,이륜,남,44세,중상
2019020200100071,2019년 2월 2일 02시,토요일,경상남도 창원시 의창구 도계동,중상사고,0,2,0,0,차대사람 - 횡단중,안전운전불이행,건조,맑음,교차로 - 교차로횡단보도내,승용,남,73세,상해없음,보행자,남,57세,중상
2019020200100172,2019년 2월 2일 09시,토요일,경상남도 통영시 정량동,중상사고,0,1,0,0,차대차 - 정면충돌,안전운전불이행,건조,맑음,교차로 - 교차로부근,승용,남,48세,상해없음,기타불명,남,74세,중상
2019020200100173,2019년 2월 2일 09시,토요일,경상남도 밀양시 가곡동,중상사고,0,1,0,0,차대사람 - 기타,보행자보호의무위반,건조,맑음,교차로 - 교차로횡단보도내,승용,남,74세,상해없음,보행자,남,76세,중상
2019020200100174,2019년 2월 2일 09시,토요일,경상남도 양산시 신기동,중상사고,0,1,2,0,차대차 - 기타,안전운전불이행,건조,맑음,교차로 - 교차로부근,승용,남,66세,상해없음,승용,남,24세,경상
2019020200100194,2019년 2월 2일 10시,토요일,경상남도 밀양시 내이동,경상사고,0,0,1,0,차대차 - 추돌,안전운전불이행,건조,맑음,단일로 - 기타,승용,여,56세,상해없음,자전거,남,83세,경상
2019020200100195,2019년 2월 2일 10시,토요일,경상남도 김해시 외동,경상사고,0,0,1,0,차대차 - 기타,안전거리미확보,건조,맑음,단일로 - 기타,승합,남,44세,상해없음,이륜,남,35세,경상
2019020200100196,2019년 2월 2일 10시,토요일,경상남도 김해시 부원동,중상사고,0,1,0,0,차대사람 - 기타,안전운전불이행,건조,맑음,단일로 - 기타,승용,여,64세,상해없음,보행자,남,60세,중상
2019020200100197,2019년 2월 2일 10시,토요일,경상남도 거창군 가조면,경상사고,0,0,2,0,차대차 - 기타,신호위반,건조,맑음,교차로 - 교차로안,승용,남,51세,경상,승용,여,44세,경상
2019020200100198,2019년 2월 2일 10시,토요일,경상남도 함안군 여항면,경상사고,0,0,1,0,차량단독 - 공작물충돌,안전운전불이행,서리/결빙,맑음,단일로 - 기타,승용,남,34세,경상,,,,
2019020200100218,2019년 2월 2일 11시,토요일,경상남도 밀양시 내일동,부상신고사고,0,0,0,1,차대사람 - 기타,보행자보호의무위반,건조,맑음,단일로 - 기타,승용,남,61세,상해없음,보행자,남,59세,부상신고
2019020200100219,2019년 2월 2일 11시,토요일,경상남도 합천군 합천읍,경상사고,0,0,1,0,차대사람 - 길가장자리구역통행중,안전운전불이행,건조,흐림,단일로 - 기타,승용,남,79세,기타불명,보행자,여,61세,경상
2019020200100252,2019년 2월 2일 12시,토요일,경상남도 양산시 물금읍,부상신고사고,0,0,0,1,차대차 - 기타,안전운전불이행,건조,맑음,단일로 - 기타,이륜,남,41세,상해없음,자전거,남,16세,부상신고
2019020200100277,2019년 2월 2일 13시,토요일,경상남도 밀양시 단장면,경상사고,0,0,1,0,차대차 - 측면충돌,안전운전불이행,건조,맑음,교차로 - 교차로안,승용,남,52세,상해없음,승용,여,56세,경상
2019020200100278,2019년 2월 2일 13시,토요일,경상남도 합천군 가야면,경상사고,0,0,1,0,차대차 - 정면충돌,안전운전불이행,건조,맑음,단일로 - 기타,승용,남,62세,상해없음,화물,남,51세,경상
2019020200100279,2019년 2월 2일 13시,토요일,경상남도 고성군 고성읍,경상사고,0,0,1,0,차대사람 - 기타,안전운전불이행,건조,맑음,단일로 - 기타,승용,남,36세,상해없음,보행자,남,64세,경상
2019020200100311,2019년 2월 2일 14시,토요일,경상남도 사천시 죽림동,경상사고,0,0,3,0,차대차 - 추돌,안전운전불이행,건조,맑음,교차로 - 교차로부근,승용,남,67세,상해없음,승용,여,32세,경상
2019020200100312,2019년 2월 2일 14시,토요일,경상남도 밀양시 부북면,경상사고,0,0,2,0,차대차 - 추돌,안전거리미확보,건조,맑음,교차로 - 교차로안,건설기계,남,54세,상해없음,승용,남,61세,경상
2019020200100313,2019년 2월 2일 14시,토요일,경상남도 함안군 가야읍,경상사고,0,0,2,2,차대차 - 측면충돌,안전운전불이행,건조,맑음,단일로 - 기타,승용,여,36세,상해없음,승용,여,44세,경상
2019020200100314,2019년 2월 2일 14시,토요일,경상남도 함안군 가야읍,중상사고,0,1,1,0,차대차 - 측면충돌,안전운전불이행,건조,맑음,교차로 - 교차로부근,화물,남,59세,상해없음,이륜,남,67세,경상
2019020200100337,2019년 2월 2일 15시,토요일,경상남도 김해시 대동면,중상사고,0,1,6,0,차대차 - 추돌,안전운전불이행,건조,맑음,단일로 - 기타,승용,남,28세,경상,승용,여,45세,중상
2019020200100353,2019년 2월 2일 15시,토요일,경상남도 거제시 연초면,중상사고,0,2,0,0,차대차 - 추돌,안전거리미확보,건조,맑음,단일로 - 기타,승용,남,61세,상해없음,승용,남,23세,중상
2019020200100354,2019년 2월 2일 15시,토요일,경상남도 산청군 단성면,중상사고,0,1,0,0,차대차 - 추돌,안전운전불이행,건조,맑음,단일로 - 기타,화물,남,66세,상해없음,승용,남,76세,중상
2019020200100355,2019년 2월 2일 15시,토요일,경상남도 김해시 관동동,경상사고,0,0,1,0,차대차 - 후진중충돌,안전운전불이행,건조,맑음,교차로 - 교차로안,승용,여,45세,상해없음,승용,여,23세,경상
2019020200100394,2019년 2월 2일 16시,토요일,경상남도 사천시 대방동,중상사고,0,1,1,0,차대차 - 추돌,안전운전불이행,건조,맑음,단일로 - 기타,승용,남,74세,상해없음,승용,남,43세,중상
2019020200100395,2019년 2월 2일 16시,토요일,경상남도 양산시 물금읍,경상사고,0,0,4,0,차대차 - 기타,안전운전불이행,건조,맑음,교차로 - 교차로안,승용,남,42세,상해없음,승용,남,35세,상해없음
2019020200100424,2019년 2월 2일 17시,토요일,경상남도 창원시 마산합포구 구산면,중상사고,0,1,0,0,차대차 - 측면충돌,중앙선침범,건조,맑음,단일로 - 기타,승용,남,61세,상해없음,승용,여,57세,중상
2019020200100425,2019년 2월 2일 17시,토요일,경상남도 밀양시 하남읍,중상사고,0,1,1,0,차대차 - 측면충돌,교차로운행방법위반,건조,맑음,교차로 - 교차로안,승용,여,28세,상해없음,화물,남,49세,경상
2019020200100426,2019년 2월 2일 17시,토요일,경상남도 창원시 성산구 남산동,중상사고,0,1,0,0,차대사람 - 기타,안전운전불이행,건조,맑음,단일로 - 기타,승합,남,55세,상해없음,보행자,여,72세,중상
2019020200100465,2019년 2월 2일 18시,토요일,경상남도 통영시 미수동,경상사고,0,0,1,0,차대차 - 추돌,안전거리미확보,건조,맑음,단일로 - 교량,승용,여,60세,상해없음,이륜,남,59세,경상
2019020200100466,2019년 2월 2일 18시,토요일,경상남도 사천시 선구동,중상사고,0,1,0,0,차대차 - 기타,안전운전불이행,건조,맑음,단일로 - 기타,승용,여,63세,상해없음,이륜,남,49세,중상
2019020200100467,2019년 2월 2일 18시,토요일,경상남도 양산시 물금읍,경상사고,0,0,1,0,차대차 - 기타,신호위반,건조,맑음,교차로 - 교차로안,화물,남,67세,상해없음,승합,남,31세,경상
2019020200100468,2019년 2월 2일 18시,토요일,경상남도 김해시 삼문동,중상사고,0,1,0,0,차대차 - 측면충돌,안전운전불이행,건조,맑음,교차로 - 교차로안,승용,남,67세,상해없음,이륜,남,27세,중상
2019020200100498,2019년 2월 2일 19시,토요일,경상남도 김해시 구산동,경상사고,0,0,2,0,차대차 - 추돌,안전거리미확보,건조,맑음,단일로 - 기타,승용,남,45세,상해없음,승합,여,55세,경상
2019020200100499,2019년 2월 2일 19시,토요일,경상남도 창원시 의창구 명곡동,경상사고,0,0,1,0,차량단독 - 기타,안전운전불이행,건조,맑음,단일로 - 기타,승용,남,63세,상해없음,,,,
2019020200100521,2019년 2월 2일 20시,토요일,경상남도 양산시 물금읍,경상사고,0,0,1,0,차대차 - 기타,안전운전불이행,건조,맑음,교차로 - 교차로횡단보도내,승용,여,39세,상해없음,자전거,남,22세,경상
2019020200100579,2019년 2월 2일 23시,토요일,경상남도 거제시 옥포동,중상사고,0,1,0,0,차대차 - 기타,불법유턴,건조,맑음,단일로 - 기타,승용,남,56세,상해없음,이륜,남,37세,중상
2019020300100048,2019년 2월 3일 01시,일요일,경상남도 함안군 가야읍,중상사고,0,1,0,0,차대사람 - 기타,안전운전불이행,젖음/습기,흐림,교차로 - 교차로부근,승용,남,23세,상해없음,보행자,남,43세,중상
2019020300100073,2019년 2월 3일 02시,일요일,경상남도 진주시 하대동,중상사고,0,1,1,0,차대사람 - 횡단중,보행자보호의무위반,젖음/습기,비,교차로 - 교차로횡단보도내,승용,남,25세,상해없음,보행자,여,31세,중상
2019020300100074,2019년 2월 3일 02시,일요일,경상남도 창원시 마산회원구 양덕동,경상사고,0,0,3,0,차대차 - 측면충돌,안전운전불이행,젖음/습기,비,교차로 - 교차로안,승용,여,33세,상해없음,승용,여,45세,경상
2019020300100169,2019년 2월 3일 09시,일요일,경상남도 밀양시 내이동,경상사고,0,0,1,0,차대차 - 측면충돌,안전운전불이행,젖음/습기,비,단일로 - 기타,승용,남,27세,상해없음,승용,남,54세,경상
2019020300100206,2019년 2월 3일 11시,일요일,경상남도 창원시 마산합포구 구산면,중상사고,0,1,1,0,차대차 - 정면충돌,중앙선침범,건조,맑음,단일로 - 기타,승용,여,62세,상해없음,승용,여,60세,중상
2019020300100207,2019년 2월 3일 11시,일요일,경상남도 창원시 의창구 북면,경상사고,0,0,1,0,차대차 - 측면충돌,중앙선침범,건조,흐림,단일로 - 기타,승용,남,55세,상해없음,이륜,남,18세,경상
2019020300100222,2019년 2월 3일 12시,일요일,경상남도 창원시 진해구 죽곡동,경상사고,0,0,3,0,차대차 - 측면충돌,안전운전불이행,젖음/습기,비,단일로 - 기타,승용,남,47세,상해없음,승용,남,72세,경상
2019020300100237,2019년 2월 3일 13시,일요일,경상남도 양산시 다방동,경상사고,0,0,1,0,차대차 - 측면충돌,안전운전불이행,건조,맑음,단일로 - 기타,화물,남,66세,상해없음,승용,남,40세,경상
2019020300100246,2019년 2월 3일 13시,일요일,경상남도 진주시 봉곡동,중상사고,0,2,0,1,차대사람 - 횡단중,보행자보호의무위반,젖음/습기,비,단일로 - 기타,이륜,남,61세,부상신고,보행자,여,31세,중상
2019020300100247,2019년 2월 3일 13시,일요일,경상남도 진주시 상대동,경상사고,0,0,1,0,차대차 - 추돌,안전거리미확보,건조,맑음,교차로 - 교차로부근,이륜,남,38세,경상,승용,남,40세,상해없음
2019020300100248,2019년 2월 3일 13시,일요일,경상남도 거창군 거창읍,중상사고,0,1,0,0,차대차 - 측면충돌,안전운전불이행,젖음/습기,비,교차로 - 교차로안,승용,남,25세,상해없음,승용,남,34세,중상
2019020300100271,2019년 2월 3일 14시,일요일,경상남도 사천시 사천읍,경상사고,0,0,1,0,차대사람 - 차도통행중,안전운전불이행,젖음/습기,맑음,교차로 - 교차로안,화물,남,64세,상해없음,보행자,남,65세,경상
2019020300100272,2019년 2월 3일 14시,일요일,경상남도 김해시 삼방동,중상사고,0,1,0,0,차대차 - 기타,안전운전불이행,건조,맑음,단일로 - 기타,승용,남,60세,상해없음,이륜,남,37세,중상
2019020300100273,2019년 2월 3일 14시,일요일,경상남도 창원시 의창구 팔용동,중상사고,0,1,0,0,차대차 - 측면충돌,신호위반,건조,맑음,교차로 - 교차로안,승용,남,59세,상해없음,승용,남,55세,중상
2019020300100298,2019년 2월 3일 15시,일요일,경상남도 창녕군 창녕읍,중상사고,0,1,0,0,차대차 - 기타,직진우회전진행방해,건조,맑음,교차로 - 교차로안,승용,남,51세,상해없음,이륜,남,55세,중상
2019020300100325,2019년 2월 3일 16시,일요일,경상남도 진주시 호탄동,경상사고,0,0,2,0,차대차 - 측면충돌,안전거리미확보,건조,맑음,단일로 - 기타,승용,남,35세,상해없음,승용,여,26세,경상
2019020300100326,2019년 2월 3일 16시,일요일,경상남도 김해시 흥동,경상사고,0,0,1,0,차대차 - 측면충돌,신호위반,건조,흐림,교차로 - 교차로안,승용,여,54세,상해없음,승용,남,62세,경상
2019020300100380,2019년 2월 3일 18시,일요일,경상남도 창원시 성산구 중앙동,경상사고,0,0,1,0,차대사람 - 차도통행중,안전운전불이행,건조,맑음,기타 - 기타,승용,남,29세,상해없음,보행자,남,48세,경상
2019020300100443,2019년 2월 3일 20시,일요일,경상남도 진주시 계동,중상사고,0,1,0,0,차대차 - 추돌,안전운전불이행,건조,맑음,단일로 - 기타,승용,남,52세,상해없음,자전거,여,56세,중상
2019020300100484,2019년 2월 3일 22시,일요일,경상남도 창원시 의창구 신월동,중상사고,0,1,0,0,차대사람 - 횡단중,신호위반,건조,맑음,교차로 - 교차로안,이륜,남,47세,상해없음,보행자,여,23세,중상
2019020300100496,2019년 2월 3일 23시,일요일,경상남도 진주시 봉곡동,중상사고,0,1,0,0,차대사람 - 기타,안전운전불이행,건조,맑음,교차로 - 교차로부근,화물,남,40세,상해없음,보행자,여,69세,중상
2019020300100497,2019년 2월 3일 23시,일요일,경상남도 김해시 안동,경상사고,0,0,2,0,차대차 - 기타,신호위반,건조,맑음,교차로 - 교차로안,승용,남,24세,상해없음,승용,남,57세,경상
2019020300100498,2019년 2월 3일 23시,일요일,경상남도 고성군 마암면,경상사고,0,0,1,0,차대차 - 측면충돌,안전운전불이행,젖음/습기,맑음,단일로 - 기타,승용,남,57세,상해없음,승용,남,44세,경상
2019020300100499,2019년 2월 3일 23시,일요일,경상남도 창원시 마산회원구 내서읍,경상사고,0,0,2,0,차대차 - 추돌,안전운전불이행,건조,맑음,교차로 - 교차로부근,승용,남,42세,상해없음,승용,남,44세,경상
2019020300100500,2019년 2월 3일 23시,일요일,경상남도 창원시 의창구 동읍,경상사고,0,0,2,0,차대차 - 측면충돌,신호위반,건조,맑음,단일로 - 기타,승용,남,67세,상해없음,승용,남,35세,경상
2019020400100030,2019년 2월 4일 00시,월요일,경상남도 고성군 마암면,경상사고,0,0,2,0,차대차 - 추돌,안전운전불이행,젖음/습기,맑음,교차로 - 교차로부근,화물,남,55세,상해없음,승용,남,50세,경상
2019020400100056,2019년 2월 4일 02시,월요일,경상남도 밀양시 상남면,중상사고,0,1,0,0,차대차 - 측면충돌,중앙선침범,건조,흐림,교차로 - 교차로안,승용,남,35세,상해없음,승용,남,54세,중상
2019020400100057,2019년 2월 4일 02시,월요일,경상남도 김해시 어방동,경상사고,0,0,1,0,차대사람 - 기타,안전운전불이행,건조,맑음,단일로 - 기타,기타불명,기타불명,미분류,기타불명,보행자,남,27세,경상
2019020400100073,2019년 2월 4일 05시,월요일,경상남도 창원시 성산구 사파동,중상사고,0,2,0,0,차대차 - 측면충돌,신호위반,건조,맑음,교차로 - 교차로안,승용,남,66세,중상,승용,남,66세,중상
2019020400100116,2019년 2월 4일 10시,월요일,경상남도 김해시 대성동,경상사고,0,0,1,0,차대차 - 측면충돌,안전운전불이행,건조,맑음,단일로 - 기타,승용,남,25세,상해없음,승용,남,49세,상해없음
2019020400100117,2019년 2월 4일 10시,월요일,경상남도 함안군 가야읍,경상사고,0,0,1,0,차대사람 - 횡단중,보행자보호의무위반,건조,맑음,교차로 - 교차로부근,승용,여,40세,상해없음,보행자,여,63세,경상
2019020400100126,2019년 2월 4일 11시,월요일,경상남도 김해시 대동면,경상사고,0,0,2,0,차대차 - 추돌,안전거리미확보,건조,맑음,단일로 - 기타,승용,남,24세,상해없음,승용,남,29세,경상
2019020400100132,2019년 2월 4일 11시,월요일,경상남도 양산시 남부동,중상사고,0,1,0,0,차대차 - 기타,신호위반,건조,맑음,교차로 - 교차로안,승용,남,57세,상해없음,이륜,남,49세,중상
2019020400100133,2019년 2월 4일 11시,월요일,경상남도 함안군 대산면,경상사고,0,0,1,0,차대차 - 측면충돌,교차로운행방법위반,건조,맑음,교차로 - 교차로안,이륜,남,65세,경상,승용,여,47세,상해없음
2019020400100154,2019년 2월 4일 12시,월요일,경상남도 통영시 미수동,경상사고,0,0,1,0,차대차 - 측면충돌,신호위반,건조,맑음,교차로 - 교차로안,승용,남,56세,상해없음,화물,남,66세,상해없음
2019020400100155,2019년 2월 4일 12시,월요일,경상남도 창녕군 대합면,중상사고,0,2,0,0,차대차 - 정면충돌,중앙선침범,건조,맑음,단일로 - 기타,승용,여,55세,중상,화물,남,41세,중상
2019020400100178,2019년 2월 4일 13시,월요일,경상남도 거창군 고제면,중상사고,0,1,1,0,차대차 - 정면충돌,안전운전불이행,건조,맑음,단일로 - 기타,승용,여,59세,경상,승용,남,60세,상해없음
2019020400100179,2019년 2월 4일 13시,월요일,경상남도 합천군 가야면,경상사고,0,0,1,0,차대차 - 측면충돌,안전운전불이행,건조,맑음,단일로 - 기타,승용,남,39세,상해없음,승합,남,63세,상해없음
2019020400100180,2019년 2월 4일 13시,월요일,경상남도 창원시 성산구 사파동,경상사고,0,0,1,0,차대차 - 후진중충돌,안전운전불이행,건조,맑음,기타 - 기타,승용,남,33세,상해없음,승용,남,24세,경상
2019020400100218,2019년 2월 4일 15시,월요일,경상남도 양산시 물금읍,부상신고사고,0,0,0,1,차대차 - 기타,신호위반,건조,맑음,교차로 - 교차로안,이륜,남,25세,부상신고,승용,남,32세,상해없음
2019020400100219,2019년 2월 4일 15시,월요일,경상남도 남해군 미조면,중상사고,0,2,0,0,차대차 - 정면충돌,중앙선침범,건조,맑음,단일로 - 기타,승용,남,39세,상해없음,승용,여,48세,중상
2019020400100220,2019년 2월 4일 15시,월요일,경상남도 산청군 산청읍,경상사고,0,0,3,1,차대차 - 측면충돌,교차로운행방법위반,건조,맑음,교차로 - 교차로안,승용,남,43세,상해없음,승용,남,41세,상해없음
2019020400100241,2019년 2월 4일 16시,월요일,경상남도 통영시 광도면,경상사고,0,0,8,0,차대차 - 추돌,안전운전불이행,건조,맑음,단일로 - 기타,승용,남,40세,상해없음,승용,남,62세,경상
2019020400100242,2019년 2월 4일 16시,월요일,경상남도 통영시 명정동,경상사고,0,0,2,0,차대차 - 측면충돌,안전운전불이행,건조,맑음,교차로 - 교차로안,승용,남,66세,상해없음,승용,여,23세,경상
2019020400100278,2019년 2월 4일 18시,월요일,경상남도 김해시 구산동,경상사고,0,0,1,0,차대차 - 기타,안전운전불이행,건조,맑음,교차로 - 교차로안,승용,남,25세,상해없음,자전거,남,55세,경상