사고번호,사고일시,요일,시군구,사고내용,사망자수,중상자수,경상자수,부상신고자수,사고유형,법규위반,노면상태,기상상태,도로형태,가해운전자 차종,가해운전자 성별,가해운전자 연령,가해운전자 상해정도,피해운전자 차종,피해운전자 성별,피해운전자 연령,피해운전자 상해정도
2019022200100404,2019년 2월 22일 17시,금요일,경상남도 창녕군 남지읍,중상사고,0,1,0,0,차대차 - 측면충돌,직진우회전진행방해,건조,맑음,교차로 - 교차로안,자전거,남,12세,중상,승용,여,43세,상해없음
2019022200100429,2019년 2월 22일 18시,금요일,경상남도 김해시 구산동,중상사고,0,1,0,0,차대차 - 측면충돌,중앙선침범,건조,맑음,교차로 - 교차로부근,승용,남,71세,상해없음,이륜,남,54세,중상
2019022200100430,2019년 2월 22일 18시,금요일,경상남도 거창군 거창읍,경상사고,0,0,1,0,차대차 - 측면충돌,안전운전불이행,건조,맑음,교차로 - 교차로안,승용,여,53세,상해없음,이륜,남,17세,경상
2019022200100431,2019년 2월 22일 18시,금요일,경상남도 합천군 대양면,경상사고,0,0,1,0,차량단독 - 도로외이탈 - 추락,안전운전불이행,건조,맑음,단일로 - 기타,승용,남,81세,상해없음,,,,
2019022200100432,2019년 2월 22일 18시,금요일,경상남도 창녕군 남지읍,경상사고,0,0,1,1,차대차 - 후진중충돌,안전운전불이행,건조,맑음,교차로 - 교차로부근,승용,여,52세,상해없음,승용,여,54세,부상신고
2019022200100433,2019년 2월 22일 18시,금요일,경상남도 거제시 연초면,중상사고,0,1,0,0,차대차 - 추돌,안전운전불이행,건조,맑음,단일로 - 기타,승용,남,28세,상해없음,승용,남,42세,중상
2019022200100474,2019년 2월 22일 19시,금요일,경상남도 밀양시 삼문동,경상사고,0,0,2,0,차대차 - 측면충돌,안전운전불이행,건조,맑음,교차로 - 교차로안,승용,남,55세,상해없음,승용,여,54세,경상
2019022200100522,2019년 2월 22일 20시,금요일,경상남도 양산시 물금읍,중상사고,0,1,0,0,차대차 - 측면충돌,안전운전불이행,건조,맑음,교차로 - 교차로안,승용,여,56세,상해없음,자전거,여,14세,중상
2019022200100562,2019년 2월 22일 21시,금요일,경상남도 창원시 의창구 서상동,경상사고,0,0,2,0,차대차 - 기타,안전운전불이행,건조,맑음,기타 - 기타,승용,남,68세,상해없음,승용,남,67세,경상
2019022200100594,2019년 2월 22일 22시,금요일,경상남도 통영시 도산면,중상사고,0,1,0,0,차량단독 - 기타,안전운전불이행,건조,맑음,단일로 - 기타,승용,남,52세,중상,,,,
2019022200100610,2019년 2월 22일 23시,금요일,경상남도 밀양시 상남면,부상신고사고,0,0,0,1,차량단독 - 공작물충돌,안전운전불이행,건조,흐림,단일로 - 기타,승용,남,36세,부상신고,,,,
2019022200100611,2019년 2월 22일 23시,금요일,경상남도 창원시 의창구 팔용동,경상사고,0,0,1,0,차대사람 - 기타,안전운전불이행,건조,맑음,교차로 - 교차로안,승용,남,26세,상해없음,보행자,남,37세,경상
2019022300100027,2019년 2월 23일 00시,토요일,경상남도 진주시 초전동,중상사고,0,2,2,0,차대차 - 측면충돌,신호위반,건조,맑음,교차로 - 교차로안,승합,남,46세,경상,승용,남,55세,중상
2019022300100044,2019년 2월 23일 01시,토요일,경상남도 창원시 성산구 내동,경상사고,0,0,1,0,차대차 - 측면충돌,신호위반,건조,맑음,교차로 - 교차로안,승용,남,19세,상해없음,승용,남,51세,경상
2019022300100066,2019년 2월 23일 02시,토요일,경상남도 양산시 남부동,경상사고,0,0,1,0,차대차 - 측면충돌,안전거리미확보,건조,맑음,교차로 - 교차로부근,화물,남,61세,상해없음,승용,남,54세,경상
2019022300100087,2019년 2월 23일 04시,토요일,경상남도 김해시 진영읍,경상사고,0,0,1,0,차대차 - 측면충돌,안전거리미확보,건조,맑음,단일로 - 기타,승용,남,21세,상해없음,승용,남,22세,경상
2019022300100115,2019년 2월 23일 06시,토요일,경상남도 양산시 유산동,중상사고,0,1,0,0,차대차 - 측면충돌,교차로운행방법위반,건조,맑음,교차로 - 교차로안,승용,남,53세,상해없음,이륜,남,35세,중상
2019022300100116,2019년 2월 23일 06시,토요일,경상남도 하동군 금성면,사망사고,1,0,0,0,차대사람 - 횡단중,안전운전불이행,건조,맑음,단일로 - 기타,승용,남,53세,상해없음,보행자,여,76세,사망
2019022300100117,2019년 2월 23일 06시,토요일,경상남도 김해시 외동,중상사고,0,1,0,0,차대차 - 추돌,안전운전불이행,건조,맑음,단일로 - 기타,승용,남,33세,중상,특수,남,54세,기타불명
2019022300100151,2019년 2월 23일 08시,토요일,경상남도 창원시 마산합포구 예곡동,중상사고,0,1,0,0,차대차 - 측면충돌,안전운전불이행,건조,맑음,교차로 - 교차로안,승용,여,30세,상해없음,승용,남,38세,중상
2019022300100152,2019년 2월 23일 08시,토요일,경상남도 합천군 합천읍,중상사고,0,1,0,0,차대차 - 측면충돌,교차로운행방법위반,건조,맑음,교차로 - 교차로안,승용,남,45세,상해없음,자전거,여,75세,중상
2019022300100153,2019년 2월 23일 08시,토요일,경상남도 양산시 물금읍,경상사고,0,0,1,0,차대차 - 추돌,안전거리미확보,건조,맑음,교차로 - 교차로안,이륜,남,70세,상해없음,승용,여,46세,경상
2019022300100154,2019년 2월 23일 08시,토요일,경상남도 양산시 물금읍,경상사고,0,0,1,0,차대차 - 측면충돌,신호위반,건조,맑음,교차로 - 교차로안,승용,남,27세,상해없음,이륜,남,49세,경상
2019022300100176,2019년 2월 23일 09시,토요일,경상남도 창원시 마산합포구 해운동,경상사고,0,0,1,0,차대차 - 기타,안전운전불이행,건조,맑음,교차로 - 교차로안,승용,여,40세,기타불명,승용,여,51세,경상
2019022300100195,2019년 2월 23일 10시,토요일,경상남도 김해시 대동면,중상사고,0,1,2,0,차대차 - 추돌,안전거리미확보,건조,맑음,기타 - 기타,승용,남,39세,경상,승용,남,50세,상해없음
2019022300100240,2019년 2월 23일 11시,토요일,경상남도 창원시 마산합포구 상남동,중상사고,0,1,2,1,차대차 - 측면충돌,안전운전불이행,건조,맑음,단일로 - 기타,화물,남,74세,상해없음,승용,남,20세,중상
2019022300100278,2019년 2월 23일 12시,토요일,경상남도 통영시 용남면,경상사고,0,0,1,0,차대차 - 정면충돌,신호위반,건조,맑음,교차로 - 교차로안,이륜,남,77세,경상,화물,남,59세,상해없음
2019022300100311,2019년 2월 23일 13시,토요일,경상남도 창녕군 남지읍,중상사고,0,1,0,0,차대차 - 측면충돌,중앙선침범,건조,맑음,교차로 - 교차로부근,승합,남,71세,상해없음,승용,여,59세,중상
2019022300100348,2019년 2월 23일 14시,토요일,경상남도 창원시 진해구 속천동,경상사고,0,0,1,0,차대차 - 후진중충돌,안전운전불이행,건조,맑음,단일로 - 기타,승용,남,57세,상해없음,승용,남,56세,경상
2019022300100349,2019년 2월 23일 14시,토요일,경상남도 김해시 어방동,경상사고,0,0,4,0,차대차 - 측면충돌,안전운전불이행,건조,맑음,교차로 - 교차로안,승용,여,44세,상해없음,승용,남,44세,경상
2019022300100350,2019년 2월 23일 14시,토요일,경상남도 거제시 장목면,경상사고,0,0,4,0,차대차 - 기타,안전운전불이행,건조,맑음,단일로 - 기타,승합,남,48세,상해없음,승용,남,38세,경상
2019022300100387,2019년 2월 23일 15시,토요일,경상남도 합천군 용주면,중상사고,0,1,0,0,차량단독 - 공작물충돌,안전운전불이행,건조,맑음,단일로 - 기타,승용,남,85세,중상,,,,
2019022300100431,2019년 2월 23일 17시,토요일,경상남도 창원시 진해구 용원동,경상사고,0,0,1,0,차대차 - 측면충돌,교차로운행방법위반,건조,맑음,교차로 - 교차로안,이륜,남,42세,상해없음,이륜,남,35세,경상
2019022300100432,2019년 2월 23일 17시,토요일,경상남도 김해시 내동,경상사고,0,0,1,0,차대차 - 측면충돌,안전운전불이행,건조,맑음,교차로 - 교차로부근,승용,남,69세,상해없음,승용,남,50세,상해없음
2019022300100433,2019년 2월 23일 17시,토요일,경상남도 창녕군 남지읍,중상사고,0,1,0,0,차대사람 - 기타,안전운전불이행,건조,맑음,단일로 - 기타,승용,남,70세,상해없음,보행자,여,81세,중상
2019022300100478,2019년 2월 23일 18시,토요일,경상남도 김해시 어방동,중상사고,0,1,0,0,차량단독 - 기타,안전운전불이행,건조,맑음,단일로 - 기타,이륜,남,49세,중상,,,,
2019022300100479,2019년 2월 23일 18시,토요일,경상남도 김해시 구산동,경상사고,0,0,2,0,차대차 - 기타,안전운전불이행,건조,맑음,단일로 - 기타,승용,남,73세,상해없음,승용,남,36세,경상
2019022300100480,2019년 2월 23일 18시,토요일,경상남도 창원시 의창구 서상동,경상사고,0,0,1,0,차대차 - 기타,기타,건조,맑음,교차로 - 교차로부근,승용,남,58세,상해없음,승용,남,52세,경상
2019022300100521,2019년 2월 23일 19시,토요일,경상남도 양산시 삼호동,부상신고사고,0,0,0,1,차대차 - 추돌,안전운전불이행,건조,맑음,단일로 - 기타,원동기,남,28세,부상신고,승용,여,32세,기타불명
2019022300100522,2019년 2월 23일 19시,토요일,경상남도 창원시 마산회원구 합성동,경상사고,0,0,1,0,차대사람 - 기타,안전운전불이행,건조,맑음,단일로 - 기타,승용,여,69세,상해없음,보행자,남,36세,경상
2019022300100540,2019년 2월 23일 20시,토요일,경상남도 사천시 정동면,경상사고,0,0,1,0,차대차 - 측면충돌,직진우회전진행방해,건조,맑음,교차로 - 교차로안,이륜,남,19세,경상,승용,남,57세,상해없음
2019022300100541,2019년 2월 23일 20시,토요일,경상남도 김해시 불암동,경상사고,0,0,1,1,차대차 - 기타,신호위반,건조,맑음,교차로 - 교차로안,승용,여,54세,경상,승용,남,34세,부상신고
2019022300100562,2019년 2월 23일 21시,토요일,경상남도 진주시 신안동,경상사고,0,0,2,0,차대차 - 측면충돌,신호위반,건조,맑음,교차로 - 교차로안,승용,남,79세,상해없음,승용,남,34세,경상
2019022300100563,2019년 2월 23일 21시,토요일,경상남도 진주시 초전동,중상사고,0,1,1,0,차대차 - 추돌,안전운전불이행,건조,맑음,단일로 - 기타,승용,여,37세,경상,승용,남,51세,중상
2019022300100564,2019년 2월 23일 21시,토요일,경상남도 창원시 마산회원구 회원동,경상사고,0,0,1,0,차대사람 - 기타,안전운전불이행,건조,맑음,단일로 - 기타,승합,남,55세,상해없음,보행자,남,69세,경상
2019022300100585,2019년 2월 23일 22시,토요일,경상남도 창원시 마산합포구 산호동,경상사고,0,0,1,0,차대사람 - 횡단중,안전운전불이행,건조,맑음,단일로 - 기타,이륜,남,38세,상해없음,보행자,남,50세,경상
2019022300100586,2019년 2월 23일 22시,토요일,경상남도 김해시 진영읍,중상사고,0,1,0,0,차대사람 - 횡단중,안전운전불이행,건조,맑음,교차로 - 교차로부근,승용,남,32세,상해없음,보행자,남,55세,중상
2019022300100604,2019년 2월 23일 23시,토요일,경상남도 창원시 진해구 충무동,중상사고,0,1,0,0,차대차 - 측면충돌,안전운전불이행,건조,맑음,기타 - 기타,승용,남,61세,상해없음,이륜,남,46세,중상
2019022300100605,2019년 2월 23일 23시,토요일,경상남도 김해시 삼정동,경상사고,0,0,1,0,차대차 - 기타,교차로운행방법위반,건조,맑음,교차로 - 교차로안,원동기,남,19세,경상,승용,여,27세,상해없음
2019022400100044,2019년 2월 24일 03시,일요일,경상남도 창원시 성산구 웅남동,중상사고,0,2,0,0,차대차 - 측면충돌,신호위반,건조,맑음,교차로 - 교차로안,승용,여,21세,상해없음,승용,남,50세,중상
2019022400100078,2019년 2월 24일 08시,일요일,경상남도 거제시 동부면,경상사고,0,0,1,0,차대차 - 측면충돌,안전거리미확보,건조,맑음,단일로 - 지하차도(도로)내,농기계,남,71세,경상,승용,남,48세,상해없음
2019022400100110,2019년 2월 24일 10시,일요일,경상남도 사천시 동금동,중상사고,0,1,0,0,차대차 - 측면충돌,직진우회전진행방해,건조,맑음,교차로 - 교차로안,승용,남,34세,상해없음,이륜,남,78세,중상
2019022400100125,2019년 2월 24일 11시,일요일,경상남도 함양군 병곡면,경상사고,0,0,1,0,차대차 - 기타,차로위반,건조,맑음,단일로 - 교량,기타불명,기타불명,미분류,기타불명,화물,남,59세,경상
2019022400100130,2019년 2월 24일 11시,일요일,경상남도 밀양시 상남면,경상사고,0,0,1,0,차대사람 - 기타,안전운전불이행,건조,맑음,단일로 - 기타,승용,남,59세,상해없음,보행자,남,58세,경상
2019022400100131,2019년 2월 24일 11시,일요일,경상남도 양산시 물금읍,중상사고,0,1,2,0,차대차 - 측면충돌,신호위반,건조,맑음,교차로 - 교차로안,승합,남,25세,상해없음,승용,여,38세,경상
2019022400100132,2019년 2월 24일 11시,일요일,경상남도 하동군 금남면,중상사고,0,2,0,0,차대차 - 측면충돌,신호위반,건조,맑음,교차로 - 교차로안,승용,남,50세,상해없음,화물,남,36세,중상
2019022400100159,2019년 2월 24일 12시,일요일,경상남도 진주시 신안동,중상사고,0,1,0,0,차대차 - 측면충돌,중앙선침범,건조,맑음,단일로 - 기타,승용,여,58세,상해없음,이륜,남,40세,중상
2019022400100160,2019년 2월 24일 12시,일요일,경상남도 양산시 물금읍,경상사고,0,0,1,0,차대차 - 측면충돌,안전운전불이행,건조,맑음,단일로 - 기타,승용,여,41세,상해없음,자전거,남,10세,경상
2019022400100161,2019년 2월 24일 12시,일요일,경상남도 의령군 봉수면,경상사고,0,0,2,0,차대차 - 측면충돌,안전운전불이행,건조,맑음,교차로 - 교차로부근,이륜,남,78세,경상,이륜,남,79세,경상
2019022400100197,2019년 2월 24일 13시,일요일,경상남도 진주시 동성동,경상사고,0,0,1,0,차대사람 - 길가장자리구역통행중,안전운전불이행,건조,맑음,교차로 - 교차로부근,승용,남,48세,상해없음,보행자,여,55세,경상
2019022400100198,2019년 2월 24일 13시,일요일,경상남도 창원시 마산회원구 회원동,중상사고,0,1,0,0,차대사람 - 횡단중,안전운전불이행,건조,맑음,교차로 - 교차로부근,승용,여,61세,상해없음,보행자,여,72세,중상
2019022400100199,2019년 2월 24일 13시,일요일,경상남도 김해시 관동동,중상사고,0,1,0,0,차대차 - 측면충돌,안전운전불이행,건조,맑음,교차로 - 교차로안,이륜,남,77세,중상,승용,남,64세,상해없음
2019022400100235,2019년 2월 24일 14시,일요일,경상남도 하동군 고전면,중상사고,0,1,0,0,차량단독 - 전도전복 - 전도,안전운전불이행,건조,맑음,단일로 - 기타,자전거,남,50세,중상,,,,
2019022400100254,2019년 2월 24일 15시,일요일,경상남도 창원시 진해구 용원동,경상사고,0,0,2,0,차대사람 - 횡단중,안전운전불이행,건조,맑음,단일로 - 기타,승용,남,49세,상해없음,보행자,여,40세,경상
2019022400100311,2019년 2월 24일 17시,일요일,경상남도 창녕군 성산면,중상사고,0,2,1,0,차대차 - 측면충돌,중앙선침범,건조,맑음,단일로 - 기타,승용,남,61세,기타불명,승용,남,28세,중상
2019022400100312,2019년 2월 24일 17시,일요일,경상남도 거제시 아주동,중상사고,0,1,0,0,차대차 - 측면충돌,안전운전불이행,건조,맑음,교차로 - 교차로부근,승용,남,35세,상해없음,이륜,남,41세,중상
2019022400100335,2019년 2월 24일 18시,일요일,경상남도 밀양시 내이동,중상사고,0,1,0,0,차대사람 - 횡단중,안전운전불이행,건조,맑음,교차로 - 교차로안,승합,남,62세,상해없음,보행자,남,53세,중상
2019022400100336,2019년 2월 24일 18시,일요일,경상남도 양산시 물금읍,경상사고,0,0,1,0,차대차 - 측면충돌,안전거리미확보,건조,맑음,단일로 - 기타,승용,여,39세,상해없음,이륜,남,31세,경상
2019022400100362,2019년 2월 24일 19시,일요일,경상남도 진주시 상대동,중상사고,0,1,0,0,차대사람 - 횡단중,보행자보호의무위반,건조,맑음,교차로 - 교차로부근,승용,여,36세,상해없음,보행자,여,73세,중상
2019022400100363,2019년 2월 24일 19시,일요일,경상남도 거창군 거창읍,경상사고,0,0,2,0,차대차 - 측면충돌,안전운전불이행,건조,맑음,교차로 - 교차로안,이륜,남,15세,경상,승용,남,22세,경상
2019022400100364,2019년 2월 24일 19시,일요일,경상남도 양산시 삼호동,중상사고,0,1,0,0,차대사람 - 횡단중,안전운전불이행,건조,맑음,교차로 - 교차로부근,승용,남,43세,상해없음,보행자,여,53세,중상
2019022400100365,2019년 2월 24일 19시,일요일,경상남도 거제시 상동동,중상사고,0,1,0,0,차대차 - 기타,교차로운행방법위반,건조,맑음,교차로 - 교차로안,승용,여,44세,상해없음,이륜,남,37세,중상
2019022400100366,2019년 2월 24일 19시,일요일,경상남도 산청군 신안면,중상사고,0,1,0,0,차대사람 - 횡단중,안전운전불이행,건조,맑음,단일로 - 지하차도(도로)내,승용,여,53세,상해없음,보행자,여,56세,중상
2019022400100367,2019년 2월 24일 19시,일요일,경상남도 김해시 한림면,중상사고,0,1,0,0,차대사람 - 횡단중,안전운전불이행,건조,맑음,교차로 - 교차로안,승용,남,22세,상해없음,보행자,남,38세,중상
2019022400100390,2019년 2월 24일 20시,일요일,경상남도 김해시 외동,경상사고,0,0,1,0,차대차 - 추돌,안전운전불이행,건조,맑음,단일로 - 기타,승용,여,28세,상해없음,승용,남,27세,경상
2019022400100391,2019년 2월 24일 20시,일요일,경상남도 진주시 정촌면,사망사고,1,1,0,0,차대차 - 추돌,안전운전불이행,건조,맑음,단일로 - 기타,화물,남,56세,사망,화물,여,71세,중상
2019022400100413,2019년 2월 24일 21시,일요일,경상남도 진주시 평거동,경상사고,0,0,1,0,차대차 - 측면충돌,안전운전불이행,건조,맑음,교차로 - 교차로안,승용,남,59세,상해없음,이륜,남,23세,경상
2019022400100414,2019년 2월 24일 21시,일요일,경상남도 사천시 벌리동,중상사고,0,1,0,0,차대사람 - 길가장자리구역통행중,안전운전불이행,건조,맑음,기타 - 기타,화물,남,44세,상해없음,보행자,남,68세,중상
2019022400100415,2019년 2월 24일 21시,일요일,경상남도 창원시 성산구 사파동,경상사고,0,0,4,0,차대차 - 추돌,안전운전불이행,건조,맑음,교차로 - 교차로안,승용,남,53세,상해없음,승용,남,61세,상해없음
2019022500100024,2019년 2월 25일 00시,월요일,경상남도 김해시 외동,경상사고,0,0,1,0,차대차 - 측면충돌,차로위반,건조,맑음,단일로 - 기타,원동기,남,19세,경상,승용,남,57세,상해없음
2019022500100042,2019년 2월 25일 03시,월요일,경상남도 거제시 고현동,경상사고,0,0,3,0,차대차 - 추돌,안전운전불이행,건조,맑음,교차로 - 교차로부근,승용,남,27세,상해없음,승용,남,51세,경상
2019022500100074,2019년 2월 25일 06시,월요일,경상남도 사천시 사천읍,중상사고,0,1,0,0,차대사람 - 횡단중,신호위반,건조,맑음,교차로 - 교차로횡단보도내,승용,여,47세,상해없음,보행자,여,79세,중상
2019022500100089,2019년 2월 25일 07시,월요일,경상남도 밀양시 초동면,중상사고,0,1,0,0,차대차 - 측면충돌,안전운전불이행,건조,맑음,교차로 - 교차로안,승용,여,55세,상해없음,농기계,남,65세,중상
2019022500100090,2019년 2월 25일 07시,월요일,경상남도 산청군 시천면,중상사고,0,1,0,0,차량단독 - 공작물충돌,안전운전불이행,건조,맑음,단일로 - 지하차도(도로)내,승용,남,57세,중상,,,,
2019022500100116,2019년 2월 25일 08시,월요일,경상남도 창원시 마산회원구 회성동,경상사고,0,0,1,0,차대차 - 측면충돌,안전운전불이행,건조,맑음,단일로 - 기타,화물,남,54세,상해없음,승용,남,31세,경상
2019022500100117,2019년 2월 25일 08시,월요일,경상남도 김해시 대청동,경상사고,0,0,1,0,차대차 - 측면충돌,안전운전불이행,건조,맑음,단일로 - 기타,승용,여,39세,상해없음,승용,여,25세,경상
2019022500100141,2019년 2월 25일 09시,월요일,경상남도 밀양시 내일동,경상사고,0,0,1,0,차대사람 - 횡단중,보행자보호의무위반,건조,맑음,교차로 - 교차로안,승용,여,50세,상해없음,보행자,남,63세,경상
2019022500100142,2019년 2월 25일 09시,월요일,경상남도 김해시 외동,경상사고,0,0,1,0,차대차 - 측면충돌,불법유턴,건조,맑음,단일로 - 기타,자전거,남,52세,경상,화물,남,37세,상해없음
2019022500100143,2019년 2월 25일 09시,월요일,경상남도 창원시 의창구 팔용동,경상사고,0,0,2,0,차대차 - 추돌,안전거리미확보,건조,맑음,단일로 - 기타,승용,여,60세,상해없음,승용,남,51세,경상
2019022500100186,2019년 2월 25일 10시,월요일,경상남도 진주시 금곡면,중상사고,0,1,0,0,차대사람 - 횡단중,보행자보호의무위반,건조,맑음,단일로 - 기타,승용,여,48세,상해없음,보행자,남,7세,중상
2019022500100187,2019년 2월 25일 10시,월요일,경상남도 김해시 삼정동,경상사고,0,0,1,0,차대차 - 추돌,안전거리미확보,건조,맑음,단일로 - 기타,화물,남,48세,상해없음,승용,여,35세,경상
2019022500100188,2019년 2월 25일 10시,월요일,경상남도 하동군 양보면,경상사고,0,0,1,0,차대차 - 측면충돌,안전운전불이행,건조,맑음,교차로 - 교차로안,승용,여,71세,상해없음,이륜,남,82세,경상
2019022500100189,2019년 2월 25일 10시,월요일,경상남도 창원시 성산구 상남동,중상사고,0,1,0,0,차대차 - 측면충돌,안전운전불이행,건조,맑음,교차로 - 교차로부근,승용,여,62세,상해없음,이륜,남,28세,중상
2019022500100216,2019년 2월 25일 11시,월요일,경상남도 거제시 동부면,중상사고,0,1,0,0,차대차 - 기타,중앙선침범,건조,맑음,단일로 - 기타,기타불명,기타불명,미분류,기타불명,승용,남,25세,상해없음
2019022500100217,2019년 2월 25일 11시,월요일,경상남도 창원시 의창구 신월동,중상사고,0,1,0,0,차대차 - 측면충돌,안전운전불이행,건조,맑음,교차로 - 교차로안,승용,여,42세,상해없음,자전거,남,44세,중상
2019022500100255,2019년 2월 25일 12시,월요일,경상남도 김해시 삼계동,경상사고,0,0,1,0,차대차 - 추돌,교차로운행방법위반,건조,맑음,교차로 - 교차로안,이륜,남,50세,경상,승용,여,18세,상해없음
2019022500100256,2019년 2월 25일 12시,월요일,경상남도 거창군 마리면,중상사고,0,1,0,0,차대차 - 측면충돌,안전운전불이행,건조,맑음,교차로 - 교차로안,승용,남,57세,상해없음,이륜,남,76세,중상
2019022500100257,2019년 2월 25일 12시,월요일,경상남도 양산시 물금읍,경상사고,0,0,1,0,차대차 - 추돌,안전운전불이행,건조,맑음,단일로 - 기타,승용,남,36세,상해없음,승용,남,36세,경상
2019022500100258,2019년 2월 25일 12시,월요일,경상남도 함안군 가야읍,경상사고,0,0,1,0,차대차 - 기타,안전운전불이행,건조,맑음,단일로 - 기타,이륜,남,28세,경상,화물,남,24세,상해없음
2019022500100283,2019년 2월 25일 13시,월요일,경상남도 거제시 장승포동,경상사고,0,0,2,0,차대차 - 기타,교차로운행방법위반,건조,맑음,교차로 - 교차로안,승용,남,36세,경상,승용,여,45세,경상
2019022500100319,2019년 2월 25일 14시,월요일,경상남도 사천시 용강동,경상사고,0,0,1,0,차대차 - 측면충돌,안전운전불이행,건조,맑음,교차로 - 교차로안,화물,남,22세,상해없음,승용,여,57세,경상
2019022500100320,2019년 2월 25일 14시,월요일,경상남도 김해시 외동,중상사고,0,1,0,0,차대차 - 측면충돌,불법유턴,건조,맑음,교차로 - 교차로안,승용,여,54세,상해없음,이륜,남,58세,중상
2019022500100321,2019년 2월 25일 14시,월요일,경상남도 창원시 의창구 팔용동,사망사고,1,0,0,0,차대사람 - 횡단중,과속,건조,맑음,단일로 - 기타,이륜,남,36세,상해없음,보행자,여,67세,사망
2019022500100380,2019년 2월 25일 16시,월요일,경상남도 김해시 구산동,중상사고,0,1,1,0,차대차 - 측면충돌,중앙선침범,건조,맑음,단일로 - 기타,승용,남,74세,상해없음,승용,남,54세,경상
2019022500100420,2019년 2월 25일 17시,월요일,경상남도 거창군 거창읍,중상사고,0,1,0,0,차대사람 - 기타,기타,건조,맑음,단일로 - 기타,승용,여,57세,상해없음,보행자,남,34세,중상
2019022500100421,2019년 2월 25일 17시,월요일,경상남도 함안군 칠북면,경상사고,0,0,1,0,차대차 - 측면충돌,안전운전불이행,건조,맑음,교차로 - 교차로안,승용,남,19세,상해없음,이륜,남,28세,상해없음
2019022500100507,2019년 2월 25일 19시,월요일,경상남도 밀양시 내이동,중상사고,0,1,0,0,차대사람 - 기타,안전운전불이행,건조,맑음,주차장 - 주차장,승합,남,47세,상해없음,보행자,남,60세,중상
2019022500100508,2019년 2월 25일 19시,월요일,경상남도 양산시 교동,경상사고,0,0,1,0,차대차 - 추돌,안전운전불이행,건조,맑음,단일로 - 교량,승용,남,63세,상해없음,승용,남,38세,경상
2019022500100509,2019년 2월 25일 19시,월요일,경상남도 거제시 장평동,경상사고,0,0,1,0,차대사람 - 횡단중,안전운전불이행,건조,맑음,단일로 - 지하차도(도로)내,승용,남,63세,상해없음,보행자,남,25세,경상
2019022500100536,2019년 2월 25일 20시,월요일,경상남도 밀양시 상동면,경상사고,0,0,1,0,차대차 - 측면충돌,중앙선침범,건조,맑음,단일로 - 기타,자전거,남,86세,경상,승용,여,40세,상해없음
2019022500100537,2019년 2월 25일 20시,월요일,경상남도 거제시 거제면,중상사고,0,1,2,0,차대차 - 추돌,안전운전불이행,건조,맑음,단일로 - 기타,승용,여,54세,경상,승합,남,65세,상해없음
2019022500100538,2019년 2월 25일 20시,월요일,경상남도 함안군 칠서면,경상사고,0,0,1,0,차대차 - 추돌,안전운전불이행,건조,맑음,교차로 - 교차로부근,승용,남,60세,상해없음,승용,남,41세,경상
2019022500100539,2019년 2월 25일 20시,월요일,경상남도 창원시 성산구 남양동,경상사고,0,0,1,0,차대차 - 측면충돌,안전운전불이행,건조,맑음,교차로 - 교차로안,승용,남,53세,상해없음,승용,여,43세,경상
2019022500100584,2019년 2월 25일 22시,월요일,경상남도 양산시 평산동,경상사고,0,0,1,1,차대사람 - 기타,안전운전불이행,건조,맑음,단일로 - 기타,자전거,남,15세,부상신고,보행자,남,58세,경상
2019022500100585,2019년 2월 25일 22시,월요일,경상남도 창원시 성산구 중앙동,경상사고,0,0,2,0,차대차 - 측면충돌,신호위반,건조,맑음,교차로 - 교차로안,승용,여,59세,상해없음,승용,남,36세,경상
2019022500100601,2019년 2월 25일 23시,월요일,경상남도 창원시 진해구 안골동,경상사고,0,0,1,0,차대차 - 측면충돌,안전운전불이행,건조,맑음,단일로 - 기타,승용,여,40세,상해없음,승용,남,41세,경상
2019022600100073,2019년 2월 26일 06시,화요일,경상남도 의령군 의령읍,경상사고,0,0,1,0,차대사람 - 길가장자리구역통행중,안전운전불이행,건조,맑음,단일로 - 지하차도(도로)내,승용,남,65세,상해없음,보행자,남,61세,경상
2019022600100084,2019년 2월 26일 07시,화요일,경상남도 김해시 외동,경상사고,0,0,1,0,차대사람 - 횡단중,보행자보호의무위반,건조,맑음,단일로 - 기타,승용,남,44세,상해없음,보행자,여,53세,경상
2019022600100085,2019년 2월 26일 07시,화요일,경상남도 창원시 의창구 팔용동,중상사고,0,1,1,0,차대차 - 추돌,차로위반,건조,맑음,단일로 - 기타,승용,남,28세,상해없음,이륜,남,56세,경상
2019022600100118,2019년 2월 26일 08시,화요일,경상남도 창원시 진해구 이동,중상사고,0,1,0,0,차대차 - 측면충돌,안전운전불이행,건조,맑음,단일로 - 기타,승용,여,30세,기타불명,승용,여,32세,중상
2019022600100176,2019년 2월 26일 10시,화요일,경상남도 창원시 진해구 마천동,경상사고,0,0,1,0,차대차 - 기타,안전운전불이행,건조,맑음,교차로 - 교차로부근,승용,여,34세,상해없음,화물,남,22세,경상
2019022600100177,2019년 2월 26일 10시,화요일,경상남도 사천시 벌리동,중상사고,0,1,0,0,차대사람 - 횡단중,안전운전불이행,건조,맑음,단일로 - 기타,승용,여,63세,상해없음,보행자,여,84세,중상