사고번호,사고일시,요일,시군구,사고내용,사망자수,중상자수,경상자수,부상신고자수,사고유형,법규위반,노면상태,기상상태,도로형태,가해운전자 차종,가해운전자 성별,가해운전자 연령,가해운전자 상해정도,피해운전자 차종,피해운전자 성별,피해운전자 연령,피해운전자 상해정도
2019022600100178,2019년 2월 26일 10시,화요일,경상남도 밀양시 삼문동,경상사고,0,0,6,0,차대차 - 측면충돌,안전운전불이행,건조,맑음,단일로 - 기타,화물,남,34세,경상,승합,남,62세,상해없음
2019022600100179,2019년 2월 26일 10시,화요일,경상남도 김해시 삼정동,경상사고,0,0,1,0,차대차 - 측면충돌,직진우회전진행방해,건조,맑음,교차로 - 교차로안,원동기,남,19세,경상,화물,남,62세,상해없음
2019022600100180,2019년 2월 26일 10시,화요일,경상남도 김해시 내덕동,중상사고,0,1,0,0,차대차 - 측면충돌,중앙선침범,건조,맑음,단일로 - 기타,화물,남,59세,상해없음,승용,여,45세,중상
2019022600100207,2019년 2월 26일 11시,화요일,경상남도 통영시 도남동,경상사고,0,0,1,0,차대사람 - 횡단중,안전운전불이행,건조,맑음,주차장 - 주차장,승용,남,34세,상해없음,보행자,남,4세,경상
2019022600100244,2019년 2월 26일 12시,화요일,경상남도 산청군 산청읍,중상사고,0,1,0,0,차대차 - 측면충돌,신호위반,건조,맑음,교차로 - 교차로안,승용,남,53세,상해없음,이륜,남,81세,중상
2019022600100245,2019년 2월 26일 12시,화요일,경상남도 창원시 성산구 안민동,중상사고,0,1,0,0,차대차 - 기타,안전운전불이행,건조,맑음,단일로 - 기타,승용,남,72세,상해없음,자전거,남,63세,중상
2019022600100339,2019년 2월 26일 15시,화요일,경상남도 진주시 상대동,중상사고,0,1,0,0,차대차 - 기타,안전운전불이행,건조,맑음,단일로 - 기타,자전거,여,68세,중상,건설기계,남,66세,상해없음
2019022600100340,2019년 2월 26일 15시,화요일,경상남도 함안군 법수면,중상사고,0,1,1,0,차대차 - 측면충돌,안전운전불이행,건조,맑음,교차로 - 교차로안,화물,남,48세,상해없음,승용,남,61세,경상
2019022600100368,2019년 2월 26일 16시,화요일,경상남도 사천시 벌리동,경상사고,0,0,1,0,차대차 - 추돌,안전운전불이행,건조,맑음,단일로 - 기타,승용,남,50세,상해없음,승용,남,25세,경상
2019022600100369,2019년 2월 26일 16시,화요일,경상남도 창녕군 부곡면,경상사고,0,0,2,0,차대차 - 정면충돌,신호위반,건조,맑음,교차로 - 교차로안,승용,남,49세,상해없음,화물,남,35세,경상
2019022600100370,2019년 2월 26일 16시,화요일,경상남도 하동군 북천면,중상사고,0,2,1,0,차대차 - 측면충돌,중앙선침범,건조,맑음,단일로 - 기타,화물,남,29세,경상,승용,남,62세,중상
2019022600100392,2019년 2월 26일 17시,화요일,경상남도 양산시 다방동,중상사고,0,1,0,0,차대차 - 측면충돌,안전거리미확보,건조,맑음,단일로 - 기타,승용,여,30세,상해없음,승용,남,52세,중상
2019022600100437,2019년 2월 26일 18시,화요일,경상남도 진주시 상평동,경상사고,0,0,1,0,차대사람 - 기타,안전운전불이행,건조,맑음,교차로 - 교차로부근,승용,남,55세,상해없음,보행자,여,48세,경상
2019022600100438,2019년 2월 26일 18시,화요일,경상남도 거제시 연초면,부상신고사고,0,0,0,1,차대차 - 측면충돌,안전운전불이행,건조,맑음,단일로 - 기타,승합,남,64세,상해없음,승용,남,46세,부상신고
2019022600100473,2019년 2월 26일 19시,화요일,경상남도 김해시 주촌면,경상사고,0,0,1,0,차대차 - 측면충돌,안전운전불이행,건조,맑음,단일로 - 기타,화물,남,47세,상해없음,승용,여,58세,경상
2019022600100498,2019년 2월 26일 20시,화요일,경상남도 김해시 삼정동,중상사고,0,1,0,0,차대사람 - 기타,안전운전불이행,건조,맑음,교차로 - 교차로부근,승용,남,62세,상해없음,보행자,여,52세,중상
2019022600100499,2019년 2월 26일 20시,화요일,경상남도 거제시 장평동,중상사고,0,1,0,0,차대차 - 측면충돌,교차로운행방법위반,건조,맑음,교차로 - 교차로안,승용,남,50세,상해없음,이륜,남,28세,중상
2019022600100523,2019년 2월 26일 21시,화요일,경상남도 진주시 정촌면,경상사고,0,0,1,0,차대차 - 기타,신호위반,건조,맑음,교차로 - 교차로안,승용,남,49세,상해없음,승용,남,28세,경상
2019022600100569,2019년 2월 26일 23시,화요일,경상남도 김해시 구산동,중상사고,0,1,0,0,차대차 - 측면충돌,안전운전불이행,건조,맑음,교차로 - 교차로안,승용,남,71세,상해없음,이륜,남,20세,중상
2019022600100570,2019년 2월 26일 23시,화요일,경상남도 거제시 둔덕면,경상사고,0,0,1,0,차대차 - 측면충돌,교차로운행방법위반,건조,맑음,교차로 - 교차로안,승용,남,43세,상해없음,승용,여,36세,경상
2019022600100571,2019년 2월 26일 23시,화요일,경상남도 창원시 마산회원구 내서읍,중상사고,0,1,0,0,차대사람 - 기타,안전운전불이행,건조,맑음,단일로 - 기타,승용,남,61세,상해없음,보행자,여,33세,중상
2019022700100023,2019년 2월 27일 00시,수요일,경상남도 밀양시 삼랑진읍,사망사고,1,0,1,0,차대차 - 측면충돌,중앙선침범,건조,맑음,교차로 - 교차로안,농기계,남,57세,사망,승용,여,33세,경상
2019022700100074,2019년 2월 27일 06시,수요일,경상남도 창원시 진해구 태평동,중상사고,0,1,0,0,차대사람 - 횡단중,보행자보호의무위반,건조,흐림,단일로 - 기타,승용,남,43세,상해없음,보행자,여,80세,중상
2019022700100075,2019년 2월 27일 06시,수요일,경상남도 창원시 진해구 남양동,중상사고,0,1,1,0,차대차 - 측면충돌,안전운전불이행,건조,맑음,교차로 - 교차로안,승용,여,55세,중상,승용,남,39세,경상
2019022700100076,2019년 2월 27일 06시,수요일,경상남도 김해시 구산동,중상사고,0,2,0,0,차대차 - 측면충돌,신호위반,건조,맑음,교차로 - 교차로안,승용,남,63세,상해없음,승용,남,46세,중상
2019022700100121,2019년 2월 27일 08시,수요일,경상남도 통영시 광도면,중상사고,0,1,0,0,차대차 - 측면충돌,안전거리미확보,건조,맑음,단일로 - 기타,이륜,남,79세,중상,승용,여,58세,상해없음
2019022700100140,2019년 2월 27일 09시,수요일,경상남도 창녕군 창녕읍,중상사고,0,1,1,0,차대차 - 기타,불법유턴,건조,맑음,단일로 - 기타,화물,남,56세,상해없음,이륜,남,78세,중상
2019022700100175,2019년 2월 27일 10시,수요일,경상남도 김해시 진영읍,경상사고,0,0,1,0,차대차 - 측면충돌,안전운전불이행,건조,기타,교차로 - 교차로안,승용,남,30세,상해없음,승용,여,51세,경상
2019022700100205,2019년 2월 27일 11시,수요일,경상남도 사천시 선구동,경상사고,0,0,3,0,차대차 - 추돌,안전운전불이행,건조,맑음,교차로 - 교차로안,승용,남,24세,상해없음,승용,남,71세,경상
2019022700100206,2019년 2월 27일 11시,수요일,경상남도 김해시 삼문동,중상사고,0,1,0,0,차대차 - 정면충돌,안전운전불이행,건조,흐림,단일로 - 기타,사륜오토바이(ATV),남,52세,상해없음,승용,여,71세,중상
2019022700100207,2019년 2월 27일 11시,수요일,경상남도 김해시 진영읍,부상신고사고,0,0,0,1,차대차 - 측면충돌,안전운전불이행,건조,기타,단일로 - 기타,승용,남,44세,부상신고,화물,남,40세,상해없음
2019022700100241,2019년 2월 27일 12시,수요일,경상남도 하동군 횡천면,중상사고,0,1,0,0,차량단독 - 공작물충돌,안전운전불이행,건조,맑음,기타 - 기타,승용,남,74세,중상,,,,
2019022700100242,2019년 2월 27일 12시,수요일,경상남도 김해시 대청동,경상사고,0,0,2,0,차대차 - 측면충돌,중앙선침범,건조,흐림,단일로 - 기타,승합,남,31세,상해없음,승용,여,28세,경상
2019022700100262,2019년 2월 27일 13시,수요일,경상남도 거제시 장목면,중상사고,0,1,0,0,차대차 - 측면충돌,안전운전불이행,건조,맑음,단일로 - 지하차도(도로)내,승용,여,49세,상해없음,화물,남,65세,중상
2019022700100287,2019년 2월 27일 14시,수요일,경상남도 창원시 의창구 북면,경상사고,0,0,2,0,차대차 - 측면충돌,중앙선침범,건조,맑음,단일로 - 기타,승합,남,65세,상해없음,승용,여,56세,경상
2019022700100323,2019년 2월 27일 15시,수요일,경상남도 통영시 태평동,경상사고,0,0,1,0,차대사람 - 차도통행중,안전운전불이행,건조,맑음,단일로 - 기타,승용,여,51세,상해없음,보행자,남,56세,경상
2019022700100324,2019년 2월 27일 15시,수요일,경상남도 함안군 가야읍,경상사고,0,0,2,0,차대차 - 측면충돌,교차로운행방법위반,건조,맑음,교차로 - 교차로안,승용,남,68세,경상,화물,여,68세,경상
2019022700100352,2019년 2월 27일 16시,수요일,경상남도 거제시 상동동,경상사고,0,0,1,0,차대사람 - 횡단중,보행자보호의무위반,건조,맑음,교차로 - 교차로부근,승용,여,40세,상해없음,보행자,남,13세,경상
2019022700100387,2019년 2월 27일 17시,수요일,경상남도 밀양시 하남읍,경상사고,0,0,1,0,차대차 - 측면충돌,안전운전불이행,건조,맑음,교차로 - 교차로안,화물,남,63세,경상,승용,남,59세,상해없음
2019022700100388,2019년 2월 27일 17시,수요일,경상남도 창원시 의창구 팔용동,경상사고,0,0,1,0,차대차 - 측면충돌,안전운전불이행,건조,맑음,단일로 - 기타,승용,여,32세,상해없음,승용,여,28세,경상
2019022700100437,2019년 2월 27일 18시,수요일,경상남도 진주시 상대동,경상사고,0,0,2,0,차대차 - 측면충돌,신호위반,건조,맑음,교차로 - 교차로안,승용,여,24세,상해없음,승용,남,38세,경상
2019022700100438,2019년 2월 27일 18시,수요일,경상남도 산청군 산청읍,중상사고,0,1,2,0,차대차 - 추돌,안전운전불이행,젖음/습기,맑음,교차로 - 교차로안,승용,남,76세,경상,농기계,남,47세,중상
2019022700100439,2019년 2월 27일 18시,수요일,경상남도 김해시 진영읍,중상사고,0,1,3,0,차대차 - 정면충돌,안전운전불이행,건조,흐림,단일로 - 기타,승합,남,44세,상해없음,승합,남,53세,경상
2019022700100480,2019년 2월 27일 19시,수요일,경상남도 진주시 신안동,경상사고,0,0,1,0,차대사람 - 횡단중,안전운전불이행,건조,맑음,교차로 - 교차로안,화물,남,57세,상해없음,보행자,남,57세,경상
2019022700100481,2019년 2월 27일 19시,수요일,경상남도 양산시 물금읍,경상사고,0,0,1,0,차대차 - 추돌,안전운전불이행,건조,맑음,교차로 - 교차로부근,승용,남,48세,상해없음,승용,남,56세,경상
2019022700100530,2019년 2월 27일 21시,수요일,경상남도 진주시 상평동,중상사고,0,1,0,0,차대차 - 측면충돌,직진우회전진행방해,건조,맑음,교차로 - 교차로안,승용,남,61세,상해없음,자전거,여,71세,중상
2019022700100531,2019년 2월 27일 21시,수요일,경상남도 창원시 진해구 화천동,중상사고,0,1,0,0,차대사람 - 기타,안전운전불이행,건조,맑음,단일로 - 기타,승용,남,22세,상해없음,보행자,남,50세,중상
2019022700100532,2019년 2월 27일 21시,수요일,경상남도 사천시 사남면,경상사고,0,0,1,0,차대사람 - 횡단중,안전운전불이행,건조,맑음,교차로 - 교차로안,승용,남,65세,상해없음,보행자,남,34세,경상
2019022700100533,2019년 2월 27일 21시,수요일,경상남도 김해시 대성동,경상사고,0,0,1,0,차대사람 - 횡단중,안전운전불이행,건조,흐림,교차로 - 교차로안,승용,남,40세,상해없음,보행자,여,18세,경상
2019022700100534,2019년 2월 27일 21시,수요일,경상남도 거제시 아주동,중상사고,0,1,1,0,차대차 - 측면충돌,안전운전불이행,건조,맑음,단일로 - 기타,이륜,남,19세,중상,승용,여,51세,경상
2019022800100058,2019년 2월 28일 02시,목요일,경상남도 양산시 주진동,중상사고,0,2,0,1,차대차 - 측면충돌,중앙선침범,젖음/습기,흐림,단일로 - 기타,승용,남,22세,부상신고,승용,여,41세,중상
2019022800100086,2019년 2월 28일 06시,목요일,경상남도 밀양시 하남읍,경상사고,0,0,2,0,차대차 - 추돌,안전거리미확보,기타,안개,단일로 - 기타,화물,남,49세,상해없음,화물,여,56세,경상
2019022800100087,2019년 2월 28일 06시,목요일,경상남도 창원시 의창구 동정동,중상사고,0,1,0,0,차대사람 - 횡단중,신호위반,건조,맑음,교차로 - 교차로횡단보도내,승용,남,66세,상해없음,보행자,여,67세,중상
2019022800100101,2019년 2월 28일 07시,목요일,경상남도 사천시 정동면,중상사고,0,2,0,0,차대차 - 추돌,안전운전불이행,건조,맑음,교차로 - 교차로부근,화물,남,47세,상해없음,승용,여,54세,중상
2019022800100102,2019년 2월 28일 07시,목요일,경상남도 거제시 고현동,경상사고,0,0,1,0,차대차 - 후진중충돌,안전운전불이행,건조,맑음,단일로 - 기타,화물,남,63세,상해없음,승용,남,38세,경상
2019022800100135,2019년 2월 28일 08시,목요일,경상남도 양산시 평산동,경상사고,0,0,1,0,차대차 - 추돌,안전운전불이행,건조,맑음,단일로 - 기타,승용,남,57세,상해없음,승용,남,61세,경상
2019022800100157,2019년 2월 28일 09시,목요일,경상남도 창원시 의창구 대산면,중상사고,0,1,0,0,차대차 - 기타,안전운전불이행,건조,맑음,단일로 - 기타,화물,남,32세,상해없음,자전거,여,61세,중상
2019022800100176,2019년 2월 28일 10시,목요일,경상남도 양산시 동면,중상사고,0,1,7,0,차대차 - 추돌,안전거리미확보,건조,맑음,단일로 - 기타,화물,남,43세,상해없음,화물,남,37세,경상
2019022800100185,2019년 2월 28일 10시,목요일,경상남도 창원시 진해구 용원동,경상사고,0,0,1,0,차대차 - 측면충돌,안전운전불이행,건조,맑음,단일로 - 기타,화물,남,57세,상해없음,화물,남,61세,경상
2019022800100186,2019년 2월 28일 10시,목요일,경상남도 김해시 삼계동,경상사고,0,0,2,0,차대차 - 기타,교차로운행방법위반,건조,맑음,교차로 - 교차로안,승용,여,32세,경상,승용,여,27세,경상
2019022800100215,2019년 2월 28일 11시,목요일,경상남도 창원시 진해구 경화동,중상사고,0,2,0,0,차대차 - 추돌,안전거리미확보,건조,맑음,교차로 - 교차로부근,승용,여,47세,중상,이륜,남,30세,중상
2019022800100216,2019년 2월 28일 11시,목요일,경상남도 양산시 삼호동,경상사고,0,0,1,0,차대차 - 측면충돌,안전거리미확보,건조,맑음,단일로 - 기타,승용,남,47세,상해없음,승용,남,41세,경상
2019022800100217,2019년 2월 28일 11시,목요일,경상남도 거제시 장평동,중상사고,0,1,0,0,차대차 - 측면충돌,안전운전불이행,건조,맑음,교차로 - 교차로안,승용,남,43세,상해없음,이륜,남,41세,중상
2019022800100218,2019년 2월 28일 11시,목요일,경상남도 창원시 의창구 봉곡동,경상사고,0,0,1,0,차대차 - 측면충돌,안전운전불이행,건조,맑음,교차로 - 교차로횡단보도내,기타불명,기타불명,미분류,기타불명,자전거,남,62세,경상
2019022800100253,2019년 2월 28일 12시,목요일,경상남도 창원시 마산합포구 자산동,경상사고,0,0,1,0,차대차 - 추돌,안전운전불이행,건조,맑음,단일로 - 기타,승용,여,37세,상해없음,승용,여,56세,경상
2019022800100254,2019년 2월 28일 12시,목요일,경상남도 밀양시 하남읍,중상사고,0,1,0,0,차대차 - 기타,교차로운행방법위반,건조,맑음,교차로 - 교차로안,승합,남,65세,상해없음,이륜,남,71세,중상
2019022800100255,2019년 2월 28일 12시,목요일,경상남도 밀양시 상남면,경상사고,0,0,1,0,차대차 - 측면충돌,안전운전불이행,건조,흐림,단일로 - 기타,화물,남,70세,상해없음,화물,남,44세,경상
2019022800100256,2019년 2월 28일 12시,목요일,경상남도 양산시 평산동,중상사고,0,3,0,0,차대차 - 기타,안전거리미확보,건조,맑음,단일로 - 기타,화물,남,51세,상해없음,승용,여,50세,중상
2019022800100288,2019년 2월 28일 13시,목요일,경상남도 창녕군 창녕읍,경상사고,0,0,1,0,차대차 - 측면충돌,안전운전불이행,건조,맑음,단일로 - 기타,이륜,남,68세,경상,화물,남,60세,상해없음
2019022800100289,2019년 2월 28일 13시,목요일,경상남도 남해군 고현면,중상사고,0,1,0,0,차량단독 - 전도전복 - 전도,안전운전불이행,건조,맑음,단일로 - 기타,원동기,남,79세,중상,,,,
2019022800100290,2019년 2월 28일 13시,목요일,경상남도 산청군 차황면,중상사고,0,1,0,0,차량단독 - 도로외이탈 - 추락,안전운전불이행,건조,맑음,단일로 - 기타,화물,남,54세,상해없음,,,,
2019022800100321,2019년 2월 28일 14시,목요일,경상남도 김해시 삼계동,경상사고,0,0,1,0,차대차 - 기타,안전운전불이행,건조,맑음,단일로 - 기타,이륜,남,58세,경상,승용,남,70세,상해없음
2019022800100322,2019년 2월 28일 14시,목요일,경상남도 양산시 물금읍,중상사고,0,1,0,0,차대차 - 측면충돌,중앙선침범,건조,맑음,단일로 - 기타,승용,여,36세,상해없음,이륜,남,23세,중상
2019022800100349,2019년 2월 28일 15시,목요일,경상남도 창원시 진해구 여좌동,경상사고,0,0,1,0,차대차 - 기타,안전운전불이행,건조,맑음,단일로 - 기타,이륜,남,41세,경상,승용,남,39세,상해없음
2019022800100350,2019년 2월 28일 15시,목요일,경상남도 사천시 사천읍,경상사고,0,0,1,0,차대사람 - 차도통행중,안전운전불이행,건조,맑음,기타 - 기타,승용,여,41세,상해없음,보행자,남,79세,경상
2019022800100351,2019년 2월 28일 15시,목요일,경상남도 창원시 성산구 남양동,경상사고,0,0,1,0,차대차 - 측면충돌,안전운전불이행,건조,맑음,단일로 - 기타,승용,남,64세,상해없음,승용,여,52세,경상
2019022800100352,2019년 2월 28일 15시,목요일,경상남도 창원시 의창구 북면,경상사고,0,0,1,0,차대사람 - 보도통행중,기타,건조,맑음,교차로 - 교차로횡단보도내,승용,남,74세,상해없음,보행자,여,40세,경상
2019022800100353,2019년 2월 28일 15시,목요일,경상남도 김해시 풍유동,중상사고,0,3,0,0,차대차 - 정면충돌,중앙선침범,건조,맑음,교차로 - 교차로부근,승용,남,32세,중상,승용,남,56세,중상
2019022800100390,2019년 2월 28일 16시,목요일,경상남도 창원시 성산구 가음동,경상사고,0,0,1,0,차대차 - 추돌,안전운전불이행,건조,맑음,교차로 - 교차로부근,승용,남,60세,상해없음,승용,여,31세,경상
2019022800100425,2019년 2월 28일 17시,목요일,경상남도 거제시 일운면,중상사고,0,1,0,0,차대사람 - 횡단중,보행자보호의무위반,건조,맑음,교차로 - 교차로횡단보도내,건설기계,남,63세,상해없음,보행자,남,62세,중상
2019022800100439,2019년 2월 28일 18시,목요일,경상남도 양산시 산막동,경상사고,0,0,1,0,차대차 - 측면충돌,안전거리미확보,건조,맑음,단일로 - 기타,승용,남,35세,상해없음,승용,남,48세,경상
2019022800100461,2019년 2월 28일 18시,목요일,경상남도 김해시 대청동,중상사고,0,1,2,0,차대차 - 추돌,안전운전불이행,건조,맑음,단일로 - 기타,승용,남,20세,상해없음,승용,여,47세,중상
2019022800100513,2019년 2월 28일 19시,목요일,경상남도 창원시 마산합포구 두월동2가,경상사고,0,0,1,0,차대차 - 측면충돌,안전운전불이행,건조,맑음,교차로 - 교차로부근,승용,남,67세,상해없음,승용,여,29세,경상
2019022800100514,2019년 2월 28일 19시,목요일,경상남도 통영시 무전동,경상사고,0,0,1,0,차대사람 - 보도통행중,안전운전불이행,건조,맑음,교차로 - 교차로안,승용,남,53세,상해없음,보행자,남,29세,경상
2019022800100515,2019년 2월 28일 19시,목요일,경상남도 함안군 군북면,경상사고,0,0,3,0,차대차 - 측면충돌,안전거리미확보,건조,맑음,단일로 - 기타,승용,남,59세,상해없음,승용,남,44세,경상
2019022800100542,2019년 2월 28일 20시,목요일,경상남도 김해시 수가동,경상사고,0,0,1,0,차대차 - 측면충돌,안전거리미확보,건조,맑음,단일로 - 기타,승용,남,59세,상해없음,승용,남,28세,경상
2019022800100555,2019년 2월 28일 20시,목요일,경상남도 통영시 무전동,경상사고,0,0,1,0,차대차 - 기타,안전운전불이행,건조,맑음,단일로 - 기타,승용,남,57세,상해없음,이륜,남,36세,경상
2019022800100556,2019년 2월 28일 20시,목요일,경상남도 사천시 정동면,경상사고,0,0,2,0,차대차 - 추돌,안전운전불이행,건조,맑음,교차로 - 교차로부근,승용,남,56세,상해없음,승용,남,46세,경상
2019022800100557,2019년 2월 28일 20시,목요일,경상남도 밀양시 삼문동,경상사고,0,0,1,0,차대사람 - 횡단중,보행자보호의무위반,건조,맑음,단일로 - 기타,화물,남,19세,상해없음,보행자,여,14세,경상
2019022800100558,2019년 2월 28일 20시,목요일,경상남도 창원시 의창구 봉곡동,부상신고사고,0,0,0,1,차대사람 - 차도통행중,안전운전불이행,건조,맑음,단일로 - 기타,승합,남,45세,상해없음,보행자,남,57세,부상신고
2019022800100581,2019년 2월 28일 21시,목요일,경상남도 밀양시 부북면,중상사고,0,1,0,0,차대차 - 측면충돌,신호위반,건조,흐림,교차로 - 교차로안,승용,남,27세,상해없음,승용,남,37세,중상
2019022800100610,2019년 2월 28일 22시,목요일,경상남도 통영시 서호동,경상사고,0,0,1,1,차대차 - 측면충돌,직진우회전진행방해,건조,맑음,교차로 - 교차로안,화물,여,57세,부상신고,이륜,남,19세,경상
2019022800100632,2019년 2월 28일 23시,목요일,경상남도 창원시 의창구 봉곡동,경상사고,0,0,1,0,차대사람 - 보도통행중,안전운전불이행,건조,맑음,교차로 - 교차로안,승합,남,46세,상해없음,보행자,남,57세,경상
2019030100100115,2019년 3월 1일 06시,금요일,경상남도 거제시 두모동,경상사고,0,0,1,0,차대차 - 측면충돌,안전운전불이행,건조,맑음,단일로 - 지하차도(도로)내,승용,남,38세,상해없음,승용,남,46세,경상
2019030100100127,2019년 3월 1일 07시,금요일,경상남도 창원시 의창구 팔용동,경상사고,0,0,1,0,차대차 - 기타,신호위반,건조,맑음,교차로 - 교차로안,승합,남,59세,상해없음,승용,남,33세,경상
2019030100100173,2019년 3월 1일 10시,금요일,경상남도 사천시 축동면,부상신고사고,0,0,0,1,차대차 - 측면충돌,안전운전불이행,건조,맑음,단일로 - 기타,이륜,남,82세,부상신고,승용,남,38세,상해없음
2019030100100182,2019년 3월 1일 11시,금요일,경상남도 양산시 하북면,경상사고,0,0,4,0,차대차 - 추돌,안전운전불이행,건조,맑음,단일로 - 기타,승용,남,57세,상해없음,승합,남,41세,경상
2019030100100194,2019년 3월 1일 11시,금요일,경상남도 창원시 진해구 경화동,중상사고,0,1,2,0,차대차 - 측면충돌,신호위반,건조,맑음,교차로 - 교차로안,승용,남,26세,상해없음,승합,남,53세,상해없음
2019030100100195,2019년 3월 1일 11시,금요일,경상남도 남해군 삼동면,경상사고,0,0,4,0,차대차 - 측면충돌,중앙선침범,건조,맑음,단일로 - 기타,승용,남,56세,상해없음,승용,남,47세,경상
2019030100100215,2019년 3월 1일 12시,금요일,경상남도 창원시 진해구 용원동,경상사고,0,0,2,0,차대차 - 측면충돌,중앙선침범,건조,맑음,단일로 - 기타,승용,남,74세,상해없음,승용,남,25세,경상
2019030100100242,2019년 3월 1일 13시,금요일,경상남도 남해군 남해읍,중상사고,0,1,0,0,차대차 - 측면충돌,안전운전불이행,건조,맑음,단일로 - 기타,승용,여,59세,상해없음,이륜,남,33세,중상
2019030100100243,2019년 3월 1일 13시,금요일,경상남도 창원시 의창구 두대동,경상사고,0,0,1,0,차대차 - 측면충돌,안전운전불이행,건조,맑음,단일로 - 기타,승용,남,59세,상해없음,승용,남,43세,경상
2019030100100278,2019년 3월 1일 14시,금요일,경상남도 통영시 산양읍,부상신고사고,0,0,0,1,차량단독 - 공작물충돌,안전운전불이행,건조,맑음,단일로 - 기타,승용,남,46세,상해없음,,,,
2019030100100327,2019년 3월 1일 16시,금요일,경상남도 함안군 군북면,경상사고,0,0,1,0,차대차 - 측면충돌,교차로운행방법위반,건조,맑음,교차로 - 교차로안,이륜,남,79세,경상,승용,남,66세,상해없음
2019030100100352,2019년 3월 1일 17시,금요일,경상남도 통영시 정량동,경상사고,0,0,1,0,차대사람 - 횡단중,안전운전불이행,건조,맑음,단일로 - 기타,승용,남,56세,상해없음,보행자,여,24세,경상
2019030100100353,2019년 3월 1일 17시,금요일,경상남도 김해시 부원동,경상사고,0,0,1,0,차대차 - 측면충돌,안전운전불이행,건조,맑음,단일로 - 기타,승용,여,52세,상해없음,승용,여,49세,경상
2019030100100378,2019년 3월 1일 18시,금요일,경상남도 통영시 문화동,경상사고,0,0,5,0,차대차 - 측면충돌,교차로운행방법위반,건조,맑음,교차로 - 교차로안,화물,남,60세,상해없음,승용,남,49세,경상
2019030100100379,2019년 3월 1일 18시,금요일,경상남도 통영시 용남면,중상사고,0,1,0,0,차대차 - 정면충돌,안전운전불이행,건조,맑음,단일로 - 지하차도(도로)내,승용,남,35세,상해없음,승용,남,61세,중상
2019030100100380,2019년 3월 1일 18시,금요일,경상남도 김해시 생림면,중상사고,0,2,0,0,차대차 - 추돌,안전운전불이행,건조,맑음,단일로 - 기타,승용,남,34세,상해없음,원동기,남,28세,중상
2019030100100381,2019년 3월 1일 18시,금요일,경상남도 양산시 덕계동,중상사고,0,1,0,0,차대차 - 추돌,안전운전불이행,건조,맑음,단일로 - 기타,승용,남,39세,상해없음,이륜,남,38세,중상
2019030100100382,2019년 3월 1일 18시,금요일,경상남도 창원시 성산구 상남동,경상사고,0,0,1,0,차대사람 - 횡단중,보행자보호의무위반,건조,맑음,단일로 - 기타,승용,여,43세,상해없음,보행자,남,15세,경상
2019030100100383,2019년 3월 1일 18시,금요일,경상남도 창원시 마산회원구 내서읍,경상사고,0,0,1,0,차대차 - 측면충돌,안전운전불이행,건조,맑음,교차로 - 교차로안,승합,남,76세,상해없음,승용,남,30세,경상
2019030100100441,2019년 3월 1일 20시,금요일,경상남도 통영시 광도면,중상사고,0,1,0,0,차대사람 - 횡단중,안전운전불이행,건조,맑음,단일로 - 기타,승용,여,29세,상해없음,보행자,여,59세,중상
2019030100100442,2019년 3월 1일 20시,금요일,경상남도 김해시 삼정동,중상사고,0,1,0,0,차량단독 - 기타,안전운전불이행,건조,맑음,교차로 - 교차로안,승용,남,46세,상해없음,,,,
2019030100100443,2019년 3월 1일 20시,금요일,경상남도 거제시 고현동,경상사고,0,0,1,0,차대차 - 정면충돌,직진우회전진행방해,건조,맑음,교차로 - 교차로안,승용,여,45세,상해없음,이륜,남,35세,경상
2019030100100444,2019년 3월 1일 20시,금요일,경상남도 김해시 진영읍,경상사고,0,0,1,0,차대차 - 측면충돌,교차로운행방법위반,건조,맑음,교차로 - 교차로안,승용,남,41세,상해없음,이륜,남,38세,경상
2019030200100051,2019년 3월 2일 03시,토요일,경상남도 김해시 부원동,경상사고,0,0,2,0,차대차 - 측면충돌,안전운전불이행,건조,맑음,단일로 - 기타,화물,남,54세,경상,화물,남,61세,경상
2019030200100101,2019년 3월 2일 08시,토요일,경상남도 김해시 진영읍,경상사고,0,0,1,0,차대차 - 측면충돌,안전운전불이행,건조,맑음,교차로 - 교차로안,승용,남,73세,상해없음,승용,여,40세,경상
2019030200100114,2019년 3월 2일 09시,토요일,경상남도 김해시 안동,경상사고,0,0,2,0,차대차 - 측면충돌,신호위반,건조,맑음,교차로 - 교차로부근,승용,남,41세,경상,승용,남,59세,상해없음
2019030200100115,2019년 3월 2일 09시,토요일,경상남도 양산시 남부동,중상사고,0,1,0,0,차대사람 - 횡단중,보행자보호의무위반,건조,맑음,교차로 - 교차로안,승용,남,62세,상해없음,보행자,여,73세,중상
2019030200100134,2019년 3월 2일 10시,토요일,경상남도 김해시 안동,경상사고,0,0,2,0,차대차 - 측면충돌,교차로운행방법위반,건조,맑음,교차로 - 교차로부근,특수,남,48세,상해없음,승용,남,53세,경상
2019030200100181,2019년 3월 2일 12시,토요일,경상남도 함양군 함양읍,경상사고,0,0,1,0,차대차 - 측면충돌,교차로운행방법위반,건조,맑음,교차로 - 교차로안,화물,남,64세,상해없음,농기계,남,78세,경상
2019030200100244,2019년 3월 2일 14시,토요일,경상남도 진주시 신안동,중상사고,0,1,0,0,차대차 - 기타,안전운전불이행,건조,맑음,단일로 - 기타,승용,남,57세,상해없음,자전거,여,64세,중상