사고번호,사고일시,요일,시군구,사고내용,사망자수,중상자수,경상자수,부상신고자수,사고유형,법규위반,노면상태,기상상태,도로형태,가해운전자 차종,가해운전자 성별,가해운전자 연령,가해운전자 상해정도,피해운전자 차종,피해운전자 성별,피해운전자 연령,피해운전자 상해정도
2019030900100577,2019년 3월 9일 20시,토요일,경상남도 김해시 부원동,부상신고사고,0,0,0,1,차대차 - 측면충돌,안전운전불이행,건조,맑음,교차로 - 교차로안,승용,남,26세,상해없음,자전거,남,24세,부상신고
2019030900100601,2019년 3월 9일 21시,토요일,경상남도 남해군 창선면,중상사고,0,1,0,0,차대사람 - 길가장자리구역통행중,안전운전불이행,건조,흐림,단일로 - 기타,승합,남,59세,상해없음,보행자,남,63세,중상
2019030900100633,2019년 3월 9일 22시,토요일,경상남도 창원시 진해구 석동,경상사고,0,0,1,0,차대차 - 측면충돌,신호위반,건조,맑음,교차로 - 교차로안,승용,남,64세,상해없음,승용,여,30세,경상
2019030900100634,2019년 3월 9일 22시,토요일,경상남도 창원시 성산구 양곡동,중상사고,0,1,0,0,차대차 - 측면충돌,안전운전불이행,건조,맑음,단일로 - 기타,화물,남,50세,기타불명,승용,남,47세,중상
2019030900100650,2019년 3월 9일 23시,토요일,경상남도 통영시 미수동,경상사고,0,0,3,0,차대차 - 추돌,안전운전불이행,젖음/습기,비,단일로 - 기타,승용,남,34세,상해없음,승용,남,45세,경상
2019030900100651,2019년 3월 9일 23시,토요일,경상남도 밀양시 내이동,경상사고,0,0,3,0,차대차 - 측면충돌,교차로운행방법위반,건조,흐림,교차로 - 교차로안,승용,여,43세,상해없음,승용,남,46세,경상
2019031000100043,2019년 3월 10일 01시,일요일,경상남도 김해시 내동,경상사고,0,0,1,0,차대사람 - 횡단중,보행자보호의무위반,젖음/습기,비,교차로 - 교차로횡단보도내,기타불명,기타불명,미분류,기타불명,보행자,남,23세,경상
2019031000100044,2019년 3월 10일 01시,일요일,경상남도 김해시 삼방동,경상사고,0,0,1,0,차대차 - 추돌,안전운전불이행,젖음/습기,비,교차로 - 교차로횡단보도내,승용,남,63세,상해없음,승용,남,54세,상해없음
2019031000100045,2019년 3월 10일 01시,일요일,경상남도 양산시 동면,부상신고사고,0,0,0,1,차대차 - 기타,안전운전불이행,건조,맑음,단일로 - 기타,승용,남,52세,부상신고,화물,남,38세,기타불명
2019031000100055,2019년 3월 10일 02시,일요일,경상남도 창원시 마산합포구 상남동,부상신고사고,0,0,0,2,차대차 - 측면충돌,안전운전불이행,젖음/습기,비,교차로 - 교차로부근,승용,남,63세,상해없음,승용,남,55세,상해없음
2019031000100056,2019년 3월 10일 02시,일요일,경상남도 사천시 서포면,경상사고,0,0,2,0,차대차 - 측면충돌,안전운전불이행,젖음/습기,비,교차로 - 교차로부근,승용,남,49세,상해없음,승용,남,45세,경상
2019031000100057,2019년 3월 10일 02시,일요일,경상남도 김해시 삼정동,경상사고,0,0,1,0,차대차 - 측면충돌,과속,건조,맑음,단일로 - 기타,승용,남,26세,상해없음,승용,여,52세,경상
2019031000100058,2019년 3월 10일 02시,일요일,경상남도 양산시 평산동,경상사고,0,0,1,0,차대차 - 추돌,안전운전불이행,젖음/습기,비,단일로 - 기타,화물,남,44세,상해없음,승용,남,33세,상해없음
2019031000100071,2019년 3월 10일 03시,일요일,경상남도 양산시 동면,부상신고사고,0,0,0,1,차대차 - 기타,신호위반,젖음/습기,비,교차로 - 교차로안,승용,남,31세,상해없음,승용,남,71세,부상신고
2019031000100102,2019년 3월 10일 06시,일요일,경상남도 창원시 마산합포구 상남동,중상사고,0,1,2,0,차량단독 - 공작물충돌,안전운전불이행,젖음/습기,비,교차로 - 교차로부근,승용,남,53세,상해없음,,,,
2019031000100131,2019년 3월 10일 09시,일요일,경상남도 김해시 삼계동,중상사고,0,1,0,0,차대사람 - 횡단중,안전운전불이행,젖음/습기,흐림,교차로 - 교차로횡단보도내,승용,남,45세,상해없음,보행자,남,28세,중상
2019031000100132,2019년 3월 10일 09시,일요일,경상남도 김해시 한림면,경상사고,0,0,1,0,차대차 - 측면충돌,신호위반,젖음/습기,비,교차로 - 교차로안,승용,남,52세,상해없음,화물,남,53세,경상
2019031000100142,2019년 3월 10일 10시,일요일,경상남도 사천시 정동면,경상사고,0,0,1,0,차대차 - 측면충돌,안전운전불이행,젖음/습기,비,교차로 - 교차로안,승용,여,50세,상해없음,승용,여,59세,경상
2019031000100143,2019년 3월 10일 10시,일요일,경상남도 하동군 옥종면,경상사고,0,0,1,0,차대차 - 측면충돌,신호위반,젖음/습기,비,교차로 - 교차로안,승용,남,52세,상해없음,승용,여,56세,경상
2019031000100176,2019년 3월 10일 12시,일요일,경상남도 창원시 진해구 용원동,중상사고,0,1,0,0,차대차 - 측면충돌,교차로운행방법위반,젖음/습기,비,교차로 - 교차로안,승용,남,45세,상해없음,이륜,남,46세,중상
2019031000100177,2019년 3월 10일 12시,일요일,경상남도 창원시 진해구 태백동,경상사고,0,0,1,0,차대차 - 추돌,안전운전불이행,젖음/습기,비,교차로 - 교차로안,승용,여,49세,기타불명,승용,남,33세,경상
2019031000100178,2019년 3월 10일 12시,일요일,경상남도 양산시 원동면,경상사고,0,0,1,0,차대사람 - 기타,안전운전불이행,젖음/습기,비,단일로 - 기타,승용,남,53세,상해없음,보행자,남,41세,경상
2019031000100179,2019년 3월 10일 12시,일요일,경상남도 창원시 의창구 대산면,경상사고,0,0,3,0,차대차 - 기타,안전운전불이행,건조,맑음,교차로 - 교차로부근,화물,남,76세,상해없음,승용,여,36세,경상
2019031000100180,2019년 3월 10일 12시,일요일,경상남도 김해시 진영읍,경상사고,0,0,1,0,차대차 - 기타,불법유턴,젖음/습기,비,단일로 - 기타,승용,남,48세,상해없음,승용,여,32세,상해없음
2019031000100201,2019년 3월 10일 13시,일요일,경상남도 양산시 동면,중상사고,0,1,0,0,차대차 - 측면충돌,신호위반,젖음/습기,맑음,단일로 - 기타,승용,남,31세,상해없음,승용,남,38세,중상
2019031000100202,2019년 3월 10일 13시,일요일,경상남도 김해시 흥동,경상사고,0,0,1,0,차대차 - 측면충돌,신호위반,젖음/습기,비,교차로 - 교차로안,승용,남,61세,상해없음,승용,여,48세,경상
2019031000100229,2019년 3월 10일 14시,일요일,경상남도 창원시 진해구 경화동,경상사고,0,0,1,0,차대차 - 기타,안전운전불이행,젖음/습기,비,교차로 - 교차로안,화물,남,53세,상해없음,승용,남,42세,경상
2019031000100257,2019년 3월 10일 15시,일요일,경상남도 진주시 상대동,경상사고,0,0,2,0,차대차 - 기타,안전운전불이행,건조,맑음,단일로 - 기타,기타불명,기타불명,미분류,기타불명,승용,남,35세,경상
2019031000100258,2019년 3월 10일 15시,일요일,경상남도 진주시 평거동,경상사고,0,0,4,0,차대차 - 추돌,안전운전불이행,건조,맑음,단일로 - 기타,승용,남,60세,상해없음,승용,남,44세,경상
2019031000100259,2019년 3월 10일 15시,일요일,경상남도 김해시 대청동,중상사고,0,1,0,0,차대사람 - 횡단중,안전운전불이행,젖음/습기,비,교차로 - 교차로안,승용,남,41세,상해없음,보행자,남,64세,중상
2019031000100286,2019년 3월 10일 16시,일요일,경상남도 창원시 마산합포구 월포동,중상사고,0,1,2,0,차대차 - 기타,교차로운행방법위반,젖음/습기,비,교차로 - 교차로안,승용,여,38세,상해없음,승용,남,67세,경상
2019031000100330,2019년 3월 10일 18시,일요일,경상남도 김해시 대동면,중상사고,0,2,0,0,차량단독 - 기타,안전운전불이행,젖음/습기,비,단일로 - 기타,화물,남,55세,상해없음,,,,
2019031000100348,2019년 3월 10일 18시,일요일,경상남도 진주시 상대동,중상사고,0,1,0,0,차대사람 - 횡단중,안전운전불이행,건조,맑음,교차로 - 교차로안,승용,남,38세,상해없음,보행자,남,62세,중상
2019031000100349,2019년 3월 10일 18시,일요일,경상남도 창원시 진해구 석동,경상사고,0,0,1,0,차대차 - 추돌,안전운전불이행,건조,맑음,교차로 - 교차로부근,승용,남,51세,상해없음,승용,남,40세,상해없음
2019031000100350,2019년 3월 10일 18시,일요일,경상남도 창원시 마산회원구 석전동,경상사고,0,0,1,0,차대사람 - 횡단중,신호위반,젖음/습기,맑음,단일로 - 기타,화물,남,41세,상해없음,보행자,여,59세,경상
2019031000100389,2019년 3월 10일 19시,일요일,경상남도 양산시 물금읍,중상사고,0,1,0,0,차대사람 - 횡단중,보행자보호의무위반,젖음/습기,비,교차로 - 교차로횡단보도내,기타불명,기타불명,미분류,기타불명,보행자,남,31세,중상
2019031000100424,2019년 3월 10일 20시,일요일,경상남도 밀양시 내이동,부상신고사고,0,0,0,1,차대사람 - 기타,안전운전불이행,건조,맑음,단일로 - 기타,승용,남,21세,상해없음,보행자,남,25세,부상신고
2019031000100425,2019년 3월 10일 20시,일요일,경상남도 거제시 아주동,경상사고,0,0,1,0,차대차 - 측면충돌,안전운전불이행,건조,맑음,교차로 - 교차로안,승용,여,43세,상해없음,이륜,남,37세,경상
2019031000100450,2019년 3월 10일 21시,일요일,경상남도 사천시 사남면,경상사고,0,0,2,0,차대차 - 측면충돌,신호위반,건조,맑음,교차로 - 교차로안,승용,남,42세,상해없음,승용,남,60세,경상
2019031000100451,2019년 3월 10일 21시,일요일,경상남도 김해시 삼계동,경상사고,0,0,1,0,차량단독 - 전도전복 - 전도,안전운전불이행,건조,맑음,교차로 - 교차로부근,이륜,남,32세,경상,,,,
2019031000100452,2019년 3월 10일 21시,일요일,경상남도 양산시 동면,중상사고,0,1,0,0,차대차 - 기타,안전거리미확보,젖음/습기,비,교차로 - 교차로부근,승용,여,50세,상해없음,이륜,남,42세,중상
2019031000100472,2019년 3월 10일 22시,일요일,경상남도 통영시 정량동,중상사고,0,1,0,0,차대차 - 측면충돌,안전거리미확보,젖음/습기,흐림,단일로 - 기타,승용,남,60세,상해없음,이륜,남,26세,중상
2019031000100473,2019년 3월 10일 22시,일요일,경상남도 창원시 성산구 반지동,경상사고,0,0,1,0,차대사람 - 기타,안전운전불이행,건조,맑음,단일로 - 기타,기타불명,기타불명,미분류,기타불명,보행자,여,35세,경상
2019031100100034,2019년 3월 11일 02시,월요일,경상남도 창원시 마산합포구 신포동2가,경상사고,0,0,1,0,차대차 - 기타,안전운전불이행,건조,흐림,단일로 - 기타,승용,여,46세,상해없음,승용,남,55세,경상
2019031100100035,2019년 3월 11일 02시,월요일,경상남도 거제시 연초면,중상사고,0,1,3,0,차대차 - 추돌,안전운전불이행,건조,맑음,교차로 - 교차로부근,승용,남,50세,상해없음,승용,여,38세,중상
2019031100100064,2019년 3월 11일 06시,월요일,경상남도 김해시 외동,경상사고,0,0,1,0,차대차 - 기타,교차로운행방법위반,건조,맑음,교차로 - 교차로안,화물,남,63세,상해없음,원동기,남,23세,경상
2019031100100087,2019년 3월 11일 07시,월요일,경상남도 김해시 외동,경상사고,0,0,1,0,차대사람 - 기타,보행자보호의무위반,건조,맑음,단일로 - 기타,승용,남,59세,상해없음,보행자,여,13세,경상
2019031100100088,2019년 3월 11일 07시,월요일,경상남도 김해시 서상동,중상사고,0,1,0,0,차대사람 - 횡단중,보행자보호의무위반,건조,맑음,교차로 - 교차로횡단보도내,승용,남,37세,상해없음,보행자,남,18세,중상
2019031100100089,2019년 3월 11일 07시,월요일,경상남도 양산시 어곡동,경상사고,0,0,1,0,차대차 - 측면충돌,안전운전불이행,건조,맑음,교차로 - 교차로안,화물,남,32세,상해없음,화물,남,39세,경상
2019031100100139,2019년 3월 11일 08시,월요일,경상남도 진주시 평거동,중상사고,0,1,0,0,차대차 - 측면충돌,안전운전불이행,건조,맑음,교차로 - 교차로안,승용,남,64세,상해없음,자전거,여,59세,중상
2019031100100164,2019년 3월 11일 09시,월요일,경상남도 진주시 호탄동,중상사고,0,1,0,0,차대사람 - 횡단중,보행자보호의무위반,건조,맑음,단일로 - 기타,승용,여,54세,상해없음,보행자,여,62세,중상
2019031100100165,2019년 3월 11일 09시,월요일,경상남도 합천군 야로면,경상사고,0,0,1,0,차대차 - 정면충돌,중앙선침범,건조,맑음,교차로 - 교차로부근,화물,남,46세,상해없음,승용,여,21세,경상
2019031100100187,2019년 3월 11일 10시,월요일,경상남도 양산시 삼호동,경상사고,0,0,1,0,차대차 - 측면충돌,안전운전불이행,건조,맑음,단일로 - 기타,승용,여,31세,경상,승용,남,43세,상해없음
2019031100100188,2019년 3월 11일 10시,월요일,경상남도 남해군 고현면,경상사고,0,0,1,0,차량단독 - 전도전복 - 전도,안전운전불이행,건조,맑음,교차로 - 교차로부근,농기계,남,81세,경상,,,,
2019031100100212,2019년 3월 11일 11시,월요일,경상남도 창원시 진해구 경화동,경상사고,0,0,1,0,차대차 - 측면충돌,교차로운행방법위반,건조,맑음,교차로 - 교차로횡단보도내,승용,남,49세,상해없음,이륜,남,42세,경상
2019031100100232,2019년 3월 11일 12시,월요일,경상남도 사천시 서동,중상사고,0,1,0,0,차대사람 - 길가장자리구역통행중,안전운전불이행,건조,맑음,교차로 - 교차로부근,승용,여,35세,상해없음,보행자,여,84세,중상
2019031100100233,2019년 3월 11일 12시,월요일,경상남도 양산시 삼호동,부상신고사고,0,0,0,1,차대차 - 기타,직진우회전진행방해,건조,맑음,교차로 - 교차로안,승용,남,80세,상해없음,승용,여,56세,부상신고
2019031100100249,2019년 3월 11일 13시,월요일,경상남도 김해시 대동면,중상사고,0,1,0,0,차대차 - 측면충돌,안전운전불이행,건조,맑음,단일로 - 기타,화물,남,59세,상해없음,승용,여,56세,중상
2019031100100270,2019년 3월 11일 13시,월요일,경상남도 의령군 정곡면,경상사고,0,0,5,0,차대차 - 측면충돌,안전운전불이행,건조,맑음,교차로 - 교차로안,건설기계,남,53세,상해없음,화물,남,77세,경상
2019031100100298,2019년 3월 11일 14시,월요일,경상남도 창녕군 영산면,경상사고,0,0,1,0,차대차 - 기타,안전운전불이행,건조,맑음,교차로 - 교차로안,이륜,여,55세,경상,승용,남,52세,상해없음
2019031100100336,2019년 3월 11일 15시,월요일,경상남도 창원시 마산합포구 구산면,경상사고,0,0,1,0,차대차 - 정면충돌,중앙선침범,건조,맑음,단일로 - 기타,승용,남,62세,상해없음,승용,남,53세,경상
2019031100100337,2019년 3월 11일 15시,월요일,경상남도 창원시 진해구 경화동,경상사고,0,0,1,0,차대사람 - 길가장자리구역통행중,안전운전불이행,건조,맑음,단일로 - 기타,승용,여,57세,상해없음,보행자,남,56세,경상
2019031100100338,2019년 3월 11일 15시,월요일,경상남도 양산시 북정동,중상사고,0,1,0,0,차대사람 - 횡단중,보행자보호의무위반,건조,맑음,교차로 - 교차로안,승용,여,34세,상해없음,보행자,남,7세,중상
2019031100100369,2019년 3월 11일 16시,월요일,경상남도 양산시 동면,중상사고,0,1,0,0,차대차 - 추돌,안전거리미확보,건조,맑음,단일로 - 기타,기타불명,기타불명,미분류,기타불명,자전거,남,63세,중상
2019031100100403,2019년 3월 11일 17시,월요일,경상남도 사천시 송포동,중상사고,0,1,0,0,차대차 - 추돌,중앙선침범,젖음/습기,흐림,단일로 - 기타,승용,남,56세,상해없음,이륜,남,45세,중상
2019031100100445,2019년 3월 11일 18시,월요일,경상남도 진주시 상대동,경상사고,0,0,1,0,차대차 - 추돌,안전운전불이행,건조,맑음,단일로 - 기타,승용,남,47세,상해없음,승용,남,26세,경상
2019031100100446,2019년 3월 11일 18시,월요일,경상남도 양산시 주남동,중상사고,0,1,0,0,차대차 - 측면충돌,신호위반,건조,맑음,교차로 - 교차로안,승용,남,52세,상해없음,이륜,남,49세,중상
2019031100100488,2019년 3월 11일 19시,월요일,경상남도 밀양시 삼랑진읍,경상사고,0,0,2,0,차대차 - 측면충돌,안전운전불이행,건조,흐림,단일로 - 기타,화물,남,71세,상해없음,승용,남,57세,경상
2019031100100489,2019년 3월 11일 19시,월요일,경상남도 양산시 명동,중상사고,0,1,0,0,차대사람 - 횡단중,신호위반,건조,맑음,교차로 - 교차로횡단보도내,승용,여,40세,상해없음,보행자,여,4세,중상
2019031100100490,2019년 3월 11일 19시,월요일,경상남도 창원시 의창구 북면,경상사고,0,0,1,0,차대차 - 측면충돌,안전운전불이행,젖음/습기,비,단일로 - 기타,승용,여,42세,상해없음,승용,남,56세,경상
2019031100100491,2019년 3월 11일 19시,월요일,경상남도 김해시 대청동,경상사고,0,0,1,0,차대차 - 측면충돌,안전거리미확보,건조,맑음,단일로 - 기타,승용,남,78세,상해없음,승용,여,48세,경상
2019031100100519,2019년 3월 11일 20시,월요일,경상남도 거제시 고현동,경상사고,0,0,2,0,차대차 - 측면충돌,불법유턴,건조,맑음,교차로 - 교차로안,승용,남,41세,상해없음,승용,남,53세,경상
2019031100100520,2019년 3월 11일 20시,월요일,경상남도 창원시 의창구 용호동,중상사고,0,1,0,0,차대차 - 측면충돌,신호위반,건조,맑음,교차로 - 교차로안,승용,남,37세,상해없음,이륜,남,25세,중상
2019031100100521,2019년 3월 11일 20시,월요일,경상남도 창원시 마산회원구 내서읍,중상사고,0,1,0,0,차대사람 - 횡단중,안전운전불이행,건조,맑음,단일로 - 기타,승용,여,25세,상해없음,보행자,여,13세,중상
2019031100100596,2019년 3월 11일 23시,월요일,경상남도 사천시 사천읍,중상사고,0,1,0,0,차대사람 - 차도통행중,안전운전불이행,건조,맑음,교차로 - 교차로부근,승용,남,53세,상해없음,보행자,남,46세,중상
2019031200100058,2019년 3월 12일 05시,화요일,경상남도 진주시 신안동,중상사고,0,1,0,0,차대사람 - 횡단중,안전운전불이행,건조,맑음,교차로 - 교차로부근,승용,남,54세,상해없음,보행자,여,76세,중상
2019031200100070,2019년 3월 12일 06시,화요일,경상남도 창원시 진해구 안골동,경상사고,0,0,1,0,차대차 - 추돌,교차로운행방법위반,건조,맑음,교차로 - 교차로부근,승용,남,72세,기타불명,승용,여,58세,경상
2019031200100071,2019년 3월 12일 06시,화요일,경상남도 창원시 진해구 용원동,경상사고,0,0,2,0,차대차 - 측면충돌,신호위반,건조,맑음,교차로 - 교차로안,승용,여,68세,경상,승용,남,33세,경상
2019031200100090,2019년 3월 12일 07시,화요일,경상남도 사천시 선구동,경상사고,0,0,1,0,차량단독 - 공작물충돌,안전운전불이행,건조,맑음,단일로 - 기타,이륜,남,17세,경상,,,,
2019031200100091,2019년 3월 12일 07시,화요일,경상남도 사천시 정동면,중상사고,0,2,0,0,차대차 - 기타,직진우회전진행방해,건조,맑음,교차로 - 교차로안,승용,남,40세,중상,승용,남,37세,중상
2019031200100092,2019년 3월 12일 07시,화요일,경상남도 함안군 군북면,경상사고,0,0,2,0,차대차 - 추돌,안전운전불이행,건조,맑음,교차로 - 교차로부근,건설기계,남,62세,상해없음,승용,남,69세,경상
2019031200100130,2019년 3월 12일 08시,화요일,경상남도 거제시 고현동,경상사고,0,0,1,0,차대사람 - 횡단중,안전운전불이행,건조,맑음,교차로 - 교차로안,화물,남,28세,상해없음,보행자,여,51세,경상
2019031200100159,2019년 3월 12일 09시,화요일,경상남도 남해군 남해읍,중상사고,0,1,0,0,차대사람 - 차도통행중,안전운전불이행,건조,맑음,단일로 - 기타,화물,남,68세,상해없음,보행자,여,82세,중상
2019031200100181,2019년 3월 12일 10시,화요일,경상남도 함양군 마천면,중상사고,0,1,1,0,차량단독 - 전도전복 - 전복,안전운전불이행,건조,맑음,단일로 - 기타,화물,남,41세,경상,,,,
2019031200100218,2019년 3월 12일 11시,화요일,경상남도 사천시 사천읍,경상사고,0,0,1,0,차대사람 - 차도통행중,안전운전불이행,건조,맑음,단일로 - 기타,승용,여,32세,상해없음,보행자,여,61세,경상
2019031200100240,2019년 3월 12일 12시,화요일,경상남도 창원시 의창구 동읍,경상사고,0,0,1,0,차대차 - 추돌,안전거리미확보,건조,맑음,단일로 - 기타,승용,남,25세,상해없음,승용,남,37세,상해없음
2019031200100268,2019년 3월 12일 13시,화요일,경상남도 창원시 성산구 남양동,중상사고,0,1,0,0,차대사람 - 차도통행중,안전운전불이행,건조,맑음,교차로 - 교차로안,승용,여,52세,상해없음,보행자,여,75세,중상
2019031200100288,2019년 3월 12일 14시,화요일,경상남도 김해시 봉황동,경상사고,0,0,1,0,차대차 - 기타,안전거리미확보,건조,맑음,단일로 - 기타,승용,남,61세,상해없음,승용,남,41세,경상
2019031200100306,2019년 3월 12일 14시,화요일,경상남도 사천시 향촌동,경상사고,0,0,1,0,차대차 - 후진중충돌,기타,건조,맑음,단일로 - 기타,승합,남,29세,상해없음,승용,남,27세,상해없음
2019031200100329,2019년 3월 12일 15시,화요일,경상남도 거창군 거창읍,중상사고,0,1,0,0,차대차 - 측면충돌,안전운전불이행,건조,맑음,교차로 - 교차로안,승용,여,53세,상해없음,이륜,여,50세,중상
2019031200100330,2019년 3월 12일 15시,화요일,경상남도 창녕군 부곡면,중상사고,0,2,1,0,차대차 - 추돌,안전운전불이행,건조,맑음,교차로 - 교차로부근,승용,남,51세,경상,승용,여,59세,중상
2019031200100331,2019년 3월 12일 15시,화요일,경상남도 고성군 회화면,경상사고,0,0,2,0,차대차 - 측면충돌,차로위반,건조,맑음,교차로 - 교차로부근,화물,남,60세,상해없음,승용,남,52세,경상
2019031200100332,2019년 3월 12일 15시,화요일,경상남도 거제시 문동동,경상사고,0,0,1,0,차대차 - 후진중충돌,안전운전불이행,건조,맑음,기타 - 기타,승용,남,62세,상해없음,승용,남,34세,경상
2019031200100366,2019년 3월 12일 16시,화요일,경상남도 창원시 마산합포구 부림동,경상사고,0,0,1,0,차대차 - 기타,안전운전불이행,건조,맑음,단일로 - 기타,승용,여,50세,상해없음,이륜,남,76세,경상
2019031200100367,2019년 3월 12일 16시,화요일,경상남도 양산시 동면,경상사고,0,0,1,0,차대차 - 측면충돌,신호위반,건조,맑음,단일로 - 지하차도(도로)내,승용,남,52세,상해없음,승용,남,29세,경상
2019031200100368,2019년 3월 12일 16시,화요일,경상남도 김해시 관동동,경상사고,0,0,1,0,차대차 - 측면충돌,안전운전불이행,건조,맑음,교차로 - 교차로안,화물,남,48세,상해없음,승용,여,62세,경상
2019031200100405,2019년 3월 12일 17시,화요일,경상남도 창원시 마산합포구 월남동5가,경상사고,0,0,3,0,차대차 - 측면충돌,안전운전불이행,젖음/습기,흐림,교차로 - 교차로부근,승용,남,21세,경상,승용,남,22세,경상
2019031200100406,2019년 3월 12일 17시,화요일,경상남도 진주시 봉곡동,중상사고,0,1,0,0,차대사람 - 차도통행중,안전운전불이행,건조,맑음,단일로 - 기타,승용,남,54세,상해없음,보행자,남,69세,중상
2019031200100407,2019년 3월 12일 17시,화요일,경상남도 통영시 북신동,중상사고,0,1,0,0,차대차 - 측면충돌,안전운전불이행,건조,맑음,교차로 - 교차로안,승용,남,40세,상해없음,이륜,남,24세,중상
2019031200100408,2019년 3월 12일 17시,화요일,경상남도 통영시 서호동,중상사고,0,2,0,0,차대차 - 추돌,안전운전불이행,건조,맑음,단일로 - 기타,승용,남,59세,상해없음,자전거,여,36세,중상
2019031200100409,2019년 3월 12일 17시,화요일,경상남도 밀양시 교동,경상사고,0,0,1,0,차대차 - 측면충돌,신호위반,건조,흐림,교차로 - 교차로안,승용,여,43세,상해없음,승용,여,57세,경상
2019031200100410,2019년 3월 12일 17시,화요일,경상남도 양산시 동면,경상사고,0,0,3,0,차대차 - 추돌,안전운전불이행,건조,맑음,단일로 - 기타,승용,남,59세,상해없음,승용,여,42세,경상
2019031200100449,2019년 3월 12일 18시,화요일,경상남도 창원시 마산합포구 해운동,경상사고,0,0,1,0,차대차 - 측면충돌,안전운전불이행,건조,맑음,교차로 - 교차로안,승용,여,27세,상해없음,자전거,남,24세,경상
2019031200100450,2019년 3월 12일 18시,화요일,경상남도 양산시 물금읍,경상사고,0,0,2,0,차대차 - 측면충돌,신호위반,젖음/습기,비,교차로 - 교차로안,승용,남,37세,상해없음,승용,여,44세,경상
2019031200100451,2019년 3월 12일 18시,화요일,경상남도 창원시 의창구 용호동,중상사고,0,1,0,0,차대차 - 측면충돌,안전운전불이행,건조,맑음,교차로 - 교차로안,승용,남,59세,상해없음,자전거,남,46세,중상
2019031200100452,2019년 3월 12일 18시,화요일,경상남도 창원시 성산구 사파동,경상사고,0,0,1,0,차대사람 - 차도통행중,안전운전불이행,건조,맑음,단일로 - 기타,승용,여,39세,상해없음,보행자,여,38세,경상
2019031200100487,2019년 3월 12일 19시,화요일,경상남도 창원시 의창구 소계동,경상사고,0,0,1,0,차대차 - 기타,신호위반,건조,맑음,교차로 - 교차로안,승용,여,36세,상해없음,이륜,남,22세,경상
2019031200100488,2019년 3월 12일 19시,화요일,경상남도 김해시 진례면,중상사고,0,1,0,0,차대사람 - 횡단중,안전운전불이행,건조,맑음,단일로 - 기타,화물,남,51세,상해없음,보행자,남,64세,중상
2019031200100527,2019년 3월 12일 20시,화요일,경상남도 김해시 내덕동,중상사고,0,1,1,0,차대차 - 측면충돌,신호위반,건조,맑음,교차로 - 교차로안,기타불명,기타불명,미분류,기타불명,승용,남,52세,경상
2019031200100558,2019년 3월 12일 21시,화요일,경상남도 김해시 대청동,중상사고,0,1,0,0,차대사람 - 횡단중,안전운전불이행,건조,맑음,교차로 - 교차로안,승용,여,52세,상해없음,보행자,남,52세,중상
2019031200100585,2019년 3월 12일 22시,화요일,경상남도 창원시 마산합포구 중앙동3가,경상사고,0,0,1,0,차대차 - 추돌,안전운전불이행,건조,맑음,단일로 - 기타,승용,남,44세,상해없음,승용,여,48세,경상
2019031200100586,2019년 3월 12일 22시,화요일,경상남도 양산시 북부동,부상신고사고,0,0,0,1,차대차 - 추돌,안전운전불이행,건조,맑음,단일로 - 기타,승용,남,45세,상해없음,승용,남,35세,부상신고
2019031200100587,2019년 3월 12일 22시,화요일,경상남도 김해시 내덕동,중상사고,0,3,4,0,차대차 - 추돌,안전운전불이행,건조,맑음,단일로 - 기타,승용,여,41세,상해없음,승용,남,48세,중상
2019031200100606,2019년 3월 12일 23시,화요일,경상남도 창원시 의창구 동읍,경상사고,0,0,1,0,차량단독 - 기타,안전운전불이행,건조,맑음,단일로 - 기타,승합,남,74세,상해없음,,,,
2019031300100067,2019년 3월 13일 06시,수요일,경상남도 통영시 명정동,중상사고,0,1,0,0,차대사람 - 횡단중,신호위반,건조,맑음,교차로 - 교차로횡단보도내,승용,남,68세,상해없음,보행자,남,65세,중상
2019031300100068,2019년 3월 13일 06시,수요일,경상남도 통영시 항남동,중상사고,0,1,1,0,차대차 - 측면충돌,안전운전불이행,건조,맑음,단일로 - 기타,승합,남,46세,상해없음,화물,남,56세,경상
2019031300100069,2019년 3월 13일 06시,수요일,경상남도 양산시 어곡동,중상사고,0,1,1,0,차대차 - 측면충돌,직진우회전진행방해,건조,맑음,교차로 - 교차로안,승용,남,56세,상해없음,화물,남,64세,중상
2019031300100073,2019년 3월 13일 07시,수요일,경상남도 김해시 부원동,경상사고,0,0,2,0,차대차 - 추돌,안전운전불이행,건조,맑음,단일로 - 기타,승용,남,56세,상해없음,승용,남,37세,경상
2019031300100089,2019년 3월 13일 07시,수요일,경상남도 사천시 사남면,경상사고,0,0,1,0,차대사람 - 횡단중,안전운전불이행,건조,맑음,단일로 - 기타,승용,남,44세,상해없음,보행자,남,33세,경상
2019031300100090,2019년 3월 13일 07시,수요일,경상남도 거제시 연초면,경상사고,0,0,1,0,차대차 - 측면충돌,안전운전불이행,건조,맑음,교차로 - 교차로안,승용,남,65세,상해없음,이륜,남,33세,경상
2019031300100126,2019년 3월 13일 08시,수요일,경상남도 김해시 어방동,경상사고,0,0,1,0,차대사람 - 횡단중,보행자보호의무위반,건조,맑음,단일로 - 기타,승용,남,60세,상해없음,보행자,여,26세,경상