사고번호,사고일시,요일,시군구,사고내용,사망자수,중상자수,경상자수,부상신고자수,사고유형,법규위반,노면상태,기상상태,도로형태,가해운전자 차종,가해운전자 성별,가해운전자 연령,가해운전자 상해정도,피해운전자 차종,피해운전자 성별,피해운전자 연령,피해운전자 상해정도
2019031300100127,2019년 3월 13일 08시,수요일,경상남도 김해시 삼방동,경상사고,0,0,1,0,차대사람 - 횡단중,보행자보호의무위반,건조,맑음,교차로 - 교차로부근,승용,남,62세,상해없음,보행자,여,16세,경상
2019031300100128,2019년 3월 13일 08시,수요일,경상남도 김해시 구산동,경상사고,0,0,1,0,차대사람 - 횡단중,보행자보호의무위반,건조,맑음,교차로 - 교차로횡단보도내,승용,여,38세,상해없음,보행자,여,13세,경상
2019031300100129,2019년 3월 13일 08시,수요일,경상남도 양산시 동면,중상사고,0,1,0,0,차대차 - 추돌,안전운전불이행,건조,맑음,단일로 - 기타,승용,남,75세,중상,승용,여,50세,상해없음
2019031300100130,2019년 3월 13일 08시,수요일,경상남도 하동군 금성면,경상사고,0,0,2,0,차대차 - 측면충돌,신호위반,건조,맑음,교차로 - 교차로안,화물,남,70세,경상,건설기계,남,42세,경상
2019031300100131,2019년 3월 13일 08시,수요일,경상남도 거제시 아주동,중상사고,0,1,0,0,차대사람 - 횡단중,안전운전불이행,건조,맑음,교차로 - 교차로부근,화물,남,42세,상해없음,보행자,남,12세,중상
2019031300100241,2019년 3월 13일 11시,수요일,경상남도 통영시 정량동,경상사고,0,0,1,0,차대차 - 추돌,안전거리미확보,건조,맑음,단일로 - 기타,승용,여,50세,상해없음,승용,남,57세,경상
2019031300100242,2019년 3월 13일 11시,수요일,경상남도 하동군 화개면,중상사고,0,1,2,0,차대차 - 측면충돌,중앙선침범,건조,맑음,단일로 - 기타,승합,남,48세,상해없음,승용,남,75세,경상
2019031300100273,2019년 3월 13일 12시,수요일,경상남도 밀양시 상남면,경상사고,0,0,1,0,차대차 - 측면충돌,안전운전불이행,건조,맑음,단일로 - 기타,화물,남,43세,상해없음,이륜,여,65세,경상
2019031300100299,2019년 3월 13일 13시,수요일,경상남도 김해시 동상동,중상사고,0,1,1,0,차대차 - 측면충돌,교차로운행방법위반,건조,맑음,교차로 - 교차로안,승용,남,31세,경상,승용,여,26세,중상
2019031300100339,2019년 3월 13일 14시,수요일,경상남도 하동군 고전면,중상사고,0,1,0,1,차대차 - 측면충돌,안전운전불이행,건조,맑음,단일로 - 기타,승용,여,62세,상해없음,승용,남,35세,부상신고
2019031300100340,2019년 3월 13일 14시,수요일,경상남도 창원시 성산구 가음정동,중상사고,0,1,0,0,차대차 - 측면충돌,안전운전불이행,건조,맑음,단일로 - 기타,승용,여,43세,상해없음,승용,여,31세,중상
2019031300100341,2019년 3월 13일 14시,수요일,경상남도 창원시 의창구 소계동,중상사고,0,1,2,0,차대차 - 측면충돌,안전거리미확보,건조,맑음,단일로 - 기타,화물,남,67세,상해없음,승용,여,30세,경상
2019031300100411,2019년 3월 13일 16시,수요일,경상남도 사천시 벌리동,중상사고,0,1,0,0,차대사람 - 횡단중,안전운전불이행,건조,맑음,교차로 - 교차로부근,승합,여,38세,상해없음,보행자,남,12세,중상
2019031300100455,2019년 3월 13일 17시,수요일,경상남도 하동군 금성면,사망사고,1,0,0,0,차대차 - 추돌,안전운전불이행,건조,맑음,단일로 - 기타,승용,여,59세,사망,건설기계,남,49세,상해없음
2019031300100489,2019년 3월 13일 18시,수요일,경상남도 통영시 정량동,중상사고,0,1,0,0,차대사람 - 횡단중,보행자보호의무위반,건조,맑음,교차로 - 교차로횡단보도내,승용,남,28세,기타불명,보행자,남,64세,중상
2019031300100490,2019년 3월 13일 18시,수요일,경상남도 통영시 용남면,경상사고,0,0,1,0,차대사람 - 기타,안전운전불이행,건조,맑음,주차장 - 주차장,승합,남,43세,상해없음,보행자,남,7세,경상
2019031300100531,2019년 3월 13일 19시,수요일,경상남도 통영시 도남동,경상사고,0,0,2,0,차대차 - 측면충돌,교차로운행방법위반,건조,맑음,교차로 - 교차로안,승용,남,49세,상해없음,승용,여,45세,경상
2019031300100532,2019년 3월 13일 19시,수요일,경상남도 김해시 동상동,중상사고,0,1,0,0,차대사람 - 횡단중,안전운전불이행,건조,맑음,교차로 - 교차로횡단보도내,승용,남,59세,상해없음,보행자,남,4세,중상
2019031300100533,2019년 3월 13일 19시,수요일,경상남도 창원시 성산구 상남동,중상사고,0,1,0,0,차대사람 - 보도통행중,보행자보호의무위반,건조,맑음,교차로 - 교차로횡단보도내,화물,남,40세,상해없음,보행자,여,50세,중상
2019031300100568,2019년 3월 13일 20시,수요일,경상남도 창원시 진해구 안골동,경상사고,0,0,1,0,차대사람 - 횡단중,신호위반,건조,맑음,교차로 - 교차로횡단보도내,승용,남,23세,상해없음,보행자,여,34세,경상
2019031300100569,2019년 3월 13일 20시,수요일,경상남도 창원시 성산구 반림동,중상사고,0,1,0,0,차량단독 - 기타,안전운전불이행,건조,맑음,단일로 - 기타,승합,남,48세,상해없음,,,,
2019031300100605,2019년 3월 13일 21시,수요일,경상남도 밀양시 내이동,경상사고,0,0,1,0,차대사람 - 길가장자리구역통행중,안전운전불이행,건조,맑음,교차로 - 교차로안,승용,여,41세,상해없음,보행자,여,58세,경상
2019031300100606,2019년 3월 13일 21시,수요일,경상남도 창녕군 창녕읍,경상사고,0,0,1,0,차대차 - 기타,직진우회전진행방해,건조,맑음,교차로 - 교차로안,승용,남,30세,상해없음,이륜,남,17세,경상
2019031300100607,2019년 3월 13일 21시,수요일,경상남도 양산시 주진동,중상사고,0,1,0,0,차대사람 - 기타,안전운전불이행,건조,맑음,교차로 - 교차로안,승용,여,52세,상해없음,보행자,남,60세,중상
2019031300100629,2019년 3월 13일 22시,수요일,경상남도 김해시 부곡동,중상사고,0,1,0,0,차대사람 - 길가장자리구역통행중,안전운전불이행,건조,맑음,단일로 - 기타,승용,여,31세,상해없음,보행자,여,54세,중상
2019031400100031,2019년 3월 14일 00시,목요일,경상남도 창원시 의창구 대산면,경상사고,0,0,1,0,차대차 - 추돌,안전운전불이행,건조,맑음,단일로 - 기타,화물,남,63세,상해없음,승용,남,53세,경상
2019031400100083,2019년 3월 14일 06시,목요일,경상남도 거제시 장평동,중상사고,0,1,0,0,차대차 - 기타,교차로운행방법위반,건조,맑음,교차로 - 교차로안,승용,남,64세,상해없음,이륜,남,41세,중상
2019031400100099,2019년 3월 14일 07시,목요일,경상남도 하동군 하동읍,경상사고,0,0,1,0,차대차 - 추돌,안전운전불이행,건조,맑음,교차로 - 교차로안,화물,남,64세,상해없음,이륜,여,48세,경상
2019031400100100,2019년 3월 14일 07시,목요일,경상남도 함안군 군북면,경상사고,0,0,4,0,차대차 - 추돌,안전운전불이행,건조,맑음,기타 - 기타,승용,남,30세,경상,특수,남,60세,기타불명
2019031400100149,2019년 3월 14일 08시,목요일,경상남도 창원시 진해구 경화동,중상사고,0,1,4,0,차대차 - 측면충돌,안전운전불이행,건조,맑음,교차로 - 교차로안,승용,남,78세,상해없음,승용,남,43세,경상
2019031400100150,2019년 3월 14일 08시,목요일,경상남도 양산시 물금읍,중상사고,0,1,0,0,차대차 - 기타,교차로운행방법위반,건조,맑음,교차로 - 교차로안,승용,남,21세,상해없음,승용,여,48세,중상
2019031400100151,2019년 3월 14일 08시,목요일,경상남도 산청군 신안면,경상사고,0,0,1,0,차대차 - 추돌,안전운전불이행,건조,맑음,단일로 - 기타,승용,여,58세,상해없음,승용,여,41세,경상
2019031400100152,2019년 3월 14일 08시,목요일,경상남도 창원시 의창구 봉곡동,중상사고,0,1,1,0,차대차 - 기타,안전운전불이행,건조,맑음,단일로 - 기타,승용,여,29세,상해없음,승합,남,56세,상해없음
2019031400100191,2019년 3월 14일 09시,목요일,경상남도 양산시 물금읍,경상사고,0,0,5,0,차대차 - 기타,신호위반,건조,맑음,교차로 - 교차로안,승합,남,57세,상해없음,승용,여,33세,경상
2019031400100192,2019년 3월 14일 09시,목요일,경상남도 창원시 성산구 상남동,경상사고,0,0,1,0,차대사람 - 기타,안전운전불이행,건조,맑음,교차로 - 교차로부근,승용,남,63세,상해없음,보행자,남,33세,경상
2019031400100219,2019년 3월 14일 10시,목요일,경상남도 김해시 무계동,중상사고,0,1,0,0,차대사람 - 보도통행중,기타,건조,맑음,단일로 - 기타,승용,남,54세,상해없음,보행자,여,78세,중상
2019031400100251,2019년 3월 14일 11시,목요일,경상남도 양산시 남부동,중상사고,0,1,0,0,차대사람 - 횡단중,안전운전불이행,건조,맑음,교차로 - 교차로횡단보도내,승용,여,46세,기타불명,보행자,여,72세,중상
2019031400100305,2019년 3월 14일 13시,목요일,경상남도 양산시 신기동,경상사고,0,0,1,0,차대차 - 기타,안전운전불이행,건조,맑음,단일로 - 기타,화물,남,39세,상해없음,승용,여,56세,경상
2019031400100334,2019년 3월 14일 14시,목요일,경상남도 창원시 진해구 용원동,경상사고,0,0,1,0,차대사람 - 기타,안전운전불이행,건조,맑음,단일로 - 기타,기타불명,기타불명,미분류,기타불명,보행자,남,38세,경상
2019031400100335,2019년 3월 14일 14시,목요일,경상남도 창원시 진해구 석동,경상사고,0,0,3,0,차대차 - 측면충돌,직진우회전진행방해,건조,맑음,교차로 - 교차로안,승용,여,37세,경상,승용,여,33세,경상
2019031400100336,2019년 3월 14일 14시,목요일,경상남도 통영시 북신동,부상신고사고,0,0,0,3,차대차 - 측면충돌,신호위반,건조,맑음,교차로 - 교차로안,승합,남,71세,상해없음,승용,남,63세,상해없음
2019031400100354,2019년 3월 14일 15시,목요일,경상남도 김해시 안동,경상사고,0,0,2,0,차대차 - 기타,안전거리미확보,건조,맑음,단일로 - 기타,승용,남,42세,상해없음,화물,남,54세,경상
2019031400100371,2019년 3월 14일 15시,목요일,경상남도 거창군 거창읍,경상사고,0,0,1,0,차대차 - 측면충돌,안전운전불이행,건조,맑음,교차로 - 교차로안,승용,남,83세,상해없음,승용,남,52세,경상
2019031400100406,2019년 3월 14일 16시,목요일,경상남도 사천시 죽림동,중상사고,0,1,0,0,차대사람 - 길가장자리구역통행중,안전운전불이행,건조,맑음,단일로 - 기타,승합,남,65세,상해없음,보행자,남,67세,중상
2019031400100407,2019년 3월 14일 16시,목요일,경상남도 사천시 곤명면,중상사고,0,1,0,0,차대차 - 측면충돌,안전운전불이행,건조,맑음,단일로 - 기타,승용,남,65세,상해없음,농기계,남,65세,중상
2019031400100408,2019년 3월 14일 16시,목요일,경상남도 김해시 외동,경상사고,0,0,1,0,차대차 - 기타,안전거리미확보,건조,맑음,단일로 - 기타,승용,남,55세,상해없음,승용,남,54세,상해없음
2019031400100474,2019년 3월 14일 18시,목요일,경상남도 진주시 충무공동,중상사고,0,1,0,0,차대사람 - 횡단중,안전운전불이행,건조,맑음,교차로 - 교차로부근,승용,남,36세,상해없음,보행자,남,12세,중상
2019031400100475,2019년 3월 14일 18시,목요일,경상남도 진주시 초전동,경상사고,0,0,2,0,차대차 - 측면충돌,안전거리미확보,건조,맑음,단일로 - 기타,화물,남,61세,경상,승용,남,37세,경상
2019031400100476,2019년 3월 14일 18시,목요일,경상남도 사천시 사남면,경상사고,0,0,1,0,차대차 - 기타,안전운전불이행,건조,맑음,교차로 - 교차로안,승용,남,31세,상해없음,승용,남,44세,경상
2019031400100477,2019년 3월 14일 18시,목요일,경상남도 고성군 거류면,경상사고,0,0,2,0,차대차 - 기타,중앙선침범,건조,맑음,단일로 - 기타,승용,남,60세,상해없음,승용,남,44세,경상
2019031400100478,2019년 3월 14일 18시,목요일,경상남도 창원시 의창구 팔용동,부상신고사고,0,0,0,1,차량단독 - 공작물충돌,안전운전불이행,건조,맑음,교차로 - 교차로안,승용,남,63세,상해없음,,,,
2019031400100517,2019년 3월 14일 19시,목요일,경상남도 양산시 북부동,경상사고,0,0,1,0,차대차 - 측면충돌,교차로운행방법위반,건조,맑음,교차로 - 교차로안,승용,남,59세,상해없음,승용,여,59세,상해없음
2019031400100557,2019년 3월 14일 20시,목요일,경상남도 함안군 칠서면,경상사고,0,0,1,0,차대차 - 측면충돌,신호위반,건조,맑음,교차로 - 교차로안,승용,여,48세,상해없음,승용,남,33세,경상
2019031400100580,2019년 3월 14일 21시,목요일,경상남도 진주시 주약동,중상사고,0,1,1,0,차대차 - 측면충돌,안전거리미확보,건조,맑음,교차로 - 교차로부근,승용,여,24세,경상,승용,남,29세,중상
2019031400100581,2019년 3월 14일 21시,목요일,경상남도 창원시 의창구 소답동,경상사고,0,0,2,0,차대차 - 정면충돌,안전운전불이행,건조,맑음,단일로 - 기타,승합,남,33세,상해없음,승용,여,43세,기타불명
2019031500100045,2019년 3월 15일 01시,금요일,경상남도 양산시 북부동,중상사고,0,1,0,0,차대차 - 기타,교차로운행방법위반,건조,맑음,교차로 - 교차로안,승용,남,53세,상해없음,승용,남,52세,중상
2019031500100046,2019년 3월 15일 01시,금요일,경상남도 김해시 풍유동,중상사고,0,3,3,0,차대차 - 추돌,안전운전불이행,건조,맑음,단일로 - 기타,승용,남,28세,상해없음,승합,남,34세,중상
2019031500100062,2019년 3월 15일 03시,금요일,경상남도 거제시 고현동,사망사고,1,0,0,0,차대사람 - 차도통행중,안전운전불이행,건조,맑음,단일로 - 기타,승용,남,56세,상해없음,보행자,남,37세,사망
2019031500100073,2019년 3월 15일 05시,금요일,경상남도 창원시 마산합포구 상남동,중상사고,0,1,0,0,차대사람 - 횡단중,안전운전불이행,건조,흐림,교차로 - 교차로횡단보도내,승용,남,35세,상해없음,보행자,남,63세,중상
2019031500100176,2019년 3월 15일 09시,금요일,경상남도 김해시 지내동,경상사고,0,0,2,0,차대차 - 측면충돌,안전운전불이행,건조,맑음,교차로 - 교차로안,승용,여,39세,상해없음,승용,여,55세,경상
2019031500100207,2019년 3월 15일 10시,금요일,경상남도 통영시 태평동,경상사고,0,0,1,0,차대차 - 기타,교차로운행방법위반,건조,맑음,교차로 - 교차로안,화물,남,37세,기타불명,승합,남,54세,상해없음
2019031500100208,2019년 3월 15일 10시,금요일,경상남도 거창군 거창읍,중상사고,0,1,0,0,차대차 - 측면충돌,안전운전불이행,젖음/습기,흐림,교차로 - 교차로안,승용,남,32세,상해없음,승용,여,32세,중상
2019031500100209,2019년 3월 15일 10시,금요일,경상남도 창원시 성산구 성주동,중상사고,0,1,0,0,차대차 - 추돌,안전운전불이행,건조,맑음,단일로 - 기타,화물,남,63세,상해없음,승합,남,45세,중상
2019031500100271,2019년 3월 15일 12시,금요일,경상남도 김해시 외동,부상신고사고,0,0,0,1,차대차 - 측면충돌,교차로운행방법위반,건조,맑음,교차로 - 교차로안,화물,남,50세,상해없음,승용,여,22세,부상신고
2019031500100300,2019년 3월 15일 13시,금요일,경상남도 창원시 진해구 남양동,경상사고,0,0,2,0,차대차 - 측면충돌,교차로운행방법위반,건조,맑음,교차로 - 교차로안,화물,남,41세,경상,승용,여,30세,경상
2019031500100301,2019년 3월 15일 13시,금요일,경상남도 창원시 의창구 동읍,경상사고,0,0,5,0,차대차 - 정면충돌,중앙선침범,건조,맑음,단일로 - 기타,승용,여,45세,상해없음,승용,여,49세,경상
2019031500100333,2019년 3월 15일 14시,금요일,경상남도 김해시 외동,경상사고,0,0,1,0,차대차 - 측면충돌,신호위반,건조,맑음,교차로 - 교차로안,승용,여,47세,상해없음,승용,남,58세,경상
2019031500100334,2019년 3월 15일 14시,금요일,경상남도 거창군 거창읍,경상사고,0,0,1,0,차대차 - 측면충돌,안전운전불이행,건조,맑음,교차로 - 교차로안,승용,남,73세,상해없음,화물,남,54세,경상
2019031500100335,2019년 3월 15일 14시,금요일,경상남도 고성군 하이면,경상사고,0,0,3,0,차대차 - 기타,중앙선침범,건조,맑음,단일로 - 기타,승합,남,63세,상해없음,승용,남,70세,경상
2019031500100371,2019년 3월 15일 15시,금요일,경상남도 창원시 마산합포구 중앙동1가,경상사고,0,0,2,0,차대차 - 측면충돌,안전운전불이행,건조,맑음,교차로 - 교차로안,승용,여,68세,경상,화물,남,56세,경상
2019031500100372,2019년 3월 15일 15시,금요일,경상남도 통영시 북신동,중상사고,0,1,0,0,차대사람 - 차도통행중,보행자보호의무위반,건조,흐림,단일로 - 기타,화물,남,43세,상해없음,보행자,여,59세,중상
2019031500100373,2019년 3월 15일 15시,금요일,경상남도 김해시 내동,경상사고,0,0,1,0,차대차 - 측면충돌,안전거리미확보,건조,맑음,단일로 - 기타,건설기계,남,52세,상해없음,승용,여,30세,경상
2019031500100374,2019년 3월 15일 15시,금요일,경상남도 김해시 대동면,부상신고사고,0,0,0,2,차량단독 - 공작물충돌,안전운전불이행,건조,맑음,단일로 - 기타,승용,여,50세,부상신고,,,,
2019031500100375,2019년 3월 15일 15시,금요일,경상남도 창녕군 창녕읍,중상사고,0,1,0,0,차대차 - 측면충돌,직진우회전진행방해,젖음/습기,비,교차로 - 교차로안,화물,남,56세,상해없음,승용,여,38세,중상
2019031500100418,2019년 3월 15일 16시,금요일,경상남도 창원시 진해구 자은동,경상사고,0,0,1,0,차대차 - 기타,신호위반,젖음/습기,비,교차로 - 교차로횡단보도내,자전거,남,51세,경상,승용,남,62세,상해없음
2019031500100419,2019년 3월 15일 16시,금요일,경상남도 사천시 벌리동,경상사고,0,0,2,0,차대차 - 측면충돌,직진우회전진행방해,젖음/습기,흐림,교차로 - 교차로안,승용,남,19세,상해없음,승용,여,42세,경상
2019031500100420,2019년 3월 15일 16시,금요일,경상남도 김해시 삼정동,경상사고,0,0,1,0,차대차 - 측면충돌,교차로운행방법위반,건조,맑음,교차로 - 교차로안,승용,남,63세,경상,승용,남,26세,상해없음
2019031500100473,2019년 3월 15일 17시,금요일,경상남도 진주시 신안동,중상사고,0,1,0,0,차대사람 - 횡단중,보행자보호의무위반,젖음/습기,비,교차로 - 교차로횡단보도내,승용,여,42세,상해없음,보행자,여,79세,중상
2019031500100474,2019년 3월 15일 17시,금요일,경상남도 양산시 동면,경상사고,0,0,1,0,차대차 - 추돌,안전운전불이행,건조,맑음,교차로 - 교차로부근,승용,남,65세,상해없음,승용,남,63세,경상
2019031500100525,2019년 3월 15일 18시,금요일,경상남도 창원시 진해구 용원동,중상사고,0,1,0,0,차대차 - 기타,차로위반,건조,맑음,단일로 - 기타,승용,여,43세,상해없음,이륜,남,21세,중상
2019031500100526,2019년 3월 15일 18시,금요일,경상남도 사천시 용현면,중상사고,0,2,0,0,차량단독 - 공작물충돌,안전운전불이행,젖음/습기,맑음,교차로 - 교차로안,승용,여,24세,중상,,,,
2019031500100527,2019년 3월 15일 18시,금요일,경상남도 거제시 옥포동,중상사고,0,1,0,0,차대차 - 기타,직진우회전진행방해,건조,맑음,교차로 - 교차로안,화물,남,45세,상해없음,이륜,여,31세,중상
2019031500100577,2019년 3월 15일 19시,금요일,경상남도 창원시 마산합포구 예곡동,경상사고,0,0,1,0,차대차 - 기타,안전거리미확보,젖음/습기,흐림,교차로 - 교차로안,화물,남,58세,상해없음,승용,여,53세,경상
2019031500100578,2019년 3월 15일 19시,금요일,경상남도 통영시 문화동,경상사고,0,0,1,0,차대차 - 추돌,안전운전불이행,건조,맑음,교차로 - 교차로안,이륜,남,66세,상해없음,승용,남,27세,경상
2019031500100579,2019년 3월 15일 19시,금요일,경상남도 거제시 고현동,경상사고,0,0,1,0,차대차 - 측면충돌,안전운전불이행,건조,맑음,단일로 - 기타,승용,남,49세,상해없음,승용,여,23세,경상
2019031500100632,2019년 3월 15일 20시,금요일,경상남도 사천시 사천읍,경상사고,0,0,1,0,차대차 - 측면충돌,안전운전불이행,건조,맑음,교차로 - 교차로부근,승용,남,75세,상해없음,승용,남,29세,경상
2019031500100633,2019년 3월 15일 20시,금요일,경상남도 밀양시 삼문동,경상사고,0,0,1,0,차대차 - 추돌,안전운전불이행,건조,흐림,단일로 - 기타,승용,남,24세,상해없음,승용,여,23세,경상
2019031500100667,2019년 3월 15일 21시,금요일,경상남도 진주시 평거동,경상사고,0,0,2,0,차대차 - 기타,안전운전불이행,건조,맑음,교차로 - 교차로부근,승용,남,39세,상해없음,승용,남,40세,경상
2019031500100668,2019년 3월 15일 21시,금요일,경상남도 통영시 용남면,경상사고,0,0,4,0,차대차 - 추돌,중앙선침범,건조,맑음,단일로 - 기타,승용,남,47세,상해없음,승용,여,51세,경상
2019031500100669,2019년 3월 15일 21시,금요일,경상남도 밀양시 하남읍,경상사고,0,0,2,0,차대차 - 측면충돌,신호위반,건조,맑음,교차로 - 교차로안,승용,남,54세,상해없음,승용,남,42세,경상
2019031500100670,2019년 3월 15일 21시,금요일,경상남도 양산시 물금읍,중상사고,0,1,0,0,차대차 - 측면충돌,안전운전불이행,건조,맑음,교차로 - 교차로안,승용,남,49세,상해없음,원동기,남,36세,중상
2019031500100671,2019년 3월 15일 21시,금요일,경상남도 양산시 삼호동,경상사고,0,0,1,0,차대차 - 측면충돌,신호위반,젖음/습기,비,교차로 - 교차로안,승용,남,46세,상해없음,승용,여,46세,경상
2019031500100703,2019년 3월 15일 22시,금요일,경상남도 창원시 진해구 경화동,경상사고,0,0,2,0,차대차 - 추돌,안전운전불이행,건조,맑음,단일로 - 기타,승용,남,43세,상해없음,승합,남,44세,경상
2019031500100704,2019년 3월 15일 22시,금요일,경상남도 창원시 의창구 신월동,경상사고,0,0,1,0,차대차 - 추돌,안전운전불이행,건조,맑음,교차로 - 교차로부근,승용,남,26세,상해없음,승용,남,57세,경상
2019031600100028,2019년 3월 16일 00시,토요일,경상남도 김해시 상동면,경상사고,0,0,4,1,차대차 - 추돌,안전운전불이행,건조,맑음,단일로 - 기타,화물,남,60세,상해없음,승용,여,52세,경상
2019031600100036,2019년 3월 16일 00시,토요일,경상남도 양산시 삼호동,경상사고,0,0,3,0,차대차 - 측면충돌,직진우회전진행방해,건조,맑음,교차로 - 교차로안,승용,남,49세,경상,승용,여,31세,경상
2019031600100037,2019년 3월 16일 00시,토요일,경상남도 양산시 물금읍,중상사고,0,1,0,0,차대차 - 기타,과속,건조,맑음,단일로 - 기타,승용,남,32세,상해없음,승용,남,47세,중상
2019031600100038,2019년 3월 16일 00시,토요일,경상남도 양산시 삼호동,경상사고,0,0,1,0,차대차 - 기타,안전운전불이행,건조,맑음,교차로 - 교차로안,승용,남,32세,상해없음,승용,남,67세,경상
2019031600100073,2019년 3월 16일 02시,토요일,경상남도 창원시 마산회원구 석전동,중상사고,0,1,0,0,차대사람 - 횡단중,안전운전불이행,건조,기타,단일로 - 기타,승용,남,65세,상해없음,보행자,남,21세,중상
2019031600100091,2019년 3월 16일 04시,토요일,경상남도 산청군 산청읍,중상사고,0,1,0,0,차량단독 - 기타,기타,건조,맑음,단일로 - 기타,승용,여,58세,상해없음,,,,
2019031600100105,2019년 3월 16일 05시,토요일,경상남도 진주시 상대동,사망사고,1,0,0,0,차대차 - 기타,안전운전불이행,건조,맑음,교차로 - 교차로부근,화물,남,64세,상해없음,승용,남,43세,상해없음
2019031600100106,2019년 3월 16일 05시,토요일,경상남도 진주시 충무공동,중상사고,0,1,0,0,차대차 - 측면충돌,신호위반,건조,맑음,교차로 - 교차로안,화물,남,34세,상해없음,승용,남,27세,중상
2019031600100135,2019년 3월 16일 07시,토요일,경상남도 김해시 율하동,중상사고,0,1,0,0,차대차 - 측면충돌,신호위반,건조,맑음,교차로 - 교차로안,승용,남,39세,상해없음,승용,남,64세,중상
2019031600100156,2019년 3월 16일 08시,토요일,경상남도 통영시 광도면,경상사고,0,0,1,0,차대사람 - 횡단중,안전운전불이행,건조,맑음,단일로 - 기타,승용,남,71세,상해없음,보행자,남,23세,경상
2019031600100157,2019년 3월 16일 08시,토요일,경상남도 양산시 물금읍,중상사고,0,1,0,0,차대차 - 측면충돌,안전운전불이행,건조,맑음,단일로 - 기타,승용,남,40세,상해없음,화물,남,23세,중상
2019031600100213,2019년 3월 16일 10시,토요일,경상남도 창원시 진해구 용원동,경상사고,0,0,1,0,차대차 - 측면충돌,신호위반,건조,맑음,교차로 - 교차로안,승용,여,56세,상해없음,승용,여,61세,경상
2019031600100214,2019년 3월 16일 10시,토요일,경상남도 거제시 장평동,경상사고,0,0,3,0,차대차 - 추돌,안전거리미확보,건조,맑음,교차로 - 교차로안,화물,남,86세,상해없음,승용,여,35세,경상
2019031600100249,2019년 3월 16일 11시,토요일,경상남도 창원시 마산합포구 동성동,부상신고사고,0,0,0,1,차대차 - 측면충돌,안전운전불이행,건조,맑음,단일로 - 기타,이륜,남,56세,부상신고,승용,여,57세,상해없음
2019031600100250,2019년 3월 16일 11시,토요일,경상남도 창녕군 남지읍,경상사고,0,0,1,0,차대차 - 측면충돌,직진우회전진행방해,건조,맑음,교차로 - 교차로안,화물,남,71세,상해없음,승용,여,70세,경상
2019031600100251,2019년 3월 16일 11시,토요일,경상남도 양산시 하북면,경상사고,0,0,2,0,차대차 - 측면충돌,안전운전불이행,건조,맑음,단일로 - 기타,승용,여,46세,상해없음,자전거,남,37세,경상
2019031600100252,2019년 3월 16일 11시,토요일,경상남도 창원시 성산구 상남동,경상사고,0,0,1,0,차대사람 - 차도통행중,안전운전불이행,건조,맑음,단일로 - 기타,승용,남,67세,상해없음,보행자,남,39세,경상
2019031600100253,2019년 3월 16일 11시,토요일,경상남도 창원시 의창구 명서동,중상사고,0,1,0,0,차대차 - 기타,안전운전불이행,건조,맑음,교차로 - 교차로안,승용,여,51세,상해없음,이륜,남,39세,중상
2019031600100285,2019년 3월 16일 12시,토요일,경상남도 김해시 부곡동,경상사고,0,0,2,0,차대차 - 측면충돌,안전운전불이행,건조,맑음,교차로 - 교차로안,승용,남,68세,경상,승용,남,33세,경상
2019031600100326,2019년 3월 16일 13시,토요일,경상남도 진주시 평거동,경상사고,0,0,1,0,차대차 - 기타,안전운전불이행,건조,맑음,교차로 - 교차로안,승용,여,38세,상해없음,이륜,남,18세,경상
2019031600100327,2019년 3월 16일 13시,토요일,경상남도 김해시 삼계동,중상사고,0,1,0,0,차대사람 - 기타,보행자보호의무위반,건조,맑음,교차로 - 교차로횡단보도내,승용,여,46세,상해없음,보행자,여,75세,중상
2019031600100328,2019년 3월 16일 13시,토요일,경상남도 양산시 동면,경상사고,0,0,1,0,차대차 - 기타,안전운전불이행,건조,맑음,단일로 - 기타,승용,남,64세,상해없음,승용,남,45세,경상
2019031600100362,2019년 3월 16일 14시,토요일,경상남도 밀양시 삼문동,경상사고,0,0,1,0,차대사람 - 횡단중,보행자보호의무위반,건조,흐림,단일로 - 기타,이륜,남,18세,상해없음,보행자,여,60세,경상
2019031600100363,2019년 3월 16일 14시,토요일,경상남도 창원시 의창구 사림동,경상사고,0,0,1,0,차대차 - 측면충돌,신호위반,건조,맑음,교차로 - 교차로안,승용,여,24세,상해없음,승용,여,55세,경상
2019031600100364,2019년 3월 16일 14시,토요일,경상남도 창원시 의창구 도계동,중상사고,0,1,0,0,차대사람 - 횡단중,보행자보호의무위반,건조,맑음,교차로 - 교차로안,승용,여,68세,상해없음,보행자,남,80세,중상
2019031600100398,2019년 3월 16일 15시,토요일,경상남도 합천군 용주면,경상사고,0,0,1,0,차대차 - 측면충돌,안전운전불이행,건조,맑음,단일로 - 기타,승용,남,50세,상해없음,승용,여,57세,경상
2019031600100399,2019년 3월 16일 15시,토요일,경상남도 양산시 삼호동,중상사고,0,1,0,0,차대사람 - 횡단중,안전운전불이행,건조,맑음,단일로 - 기타,승용,여,32세,상해없음,보행자,남,77세,중상
2019031600100400,2019년 3월 16일 15시,토요일,경상남도 함안군 가야읍,경상사고,0,0,2,0,차대차 - 기타,교차로운행방법위반,건조,맑음,교차로 - 교차로안,승용,남,30세,상해없음,승용,남,65세,경상