사고번호,사고일시,요일,시군구,사고내용,사망자수,중상자수,경상자수,부상신고자수,사고유형,법규위반,노면상태,기상상태,도로형태,가해운전자 차종,가해운전자 성별,가해운전자 연령,가해운전자 상해정도,피해운전자 차종,피해운전자 성별,피해운전자 연령,피해운전자 상해정도
2019031600100401,2019년 3월 16일 15시,토요일,경상남도 창원시 성산구 신촌동,경상사고,0,0,2,0,차대차 - 추돌,안전운전불이행,건조,맑음,교차로 - 교차로부근,승용,남,21세,상해없음,승용,남,69세,경상
2019031600100402,2019년 3월 16일 15시,토요일,경상남도 창원시 성산구 상남동,중상사고,0,1,0,0,차대사람 - 기타,안전운전불이행,건조,맑음,단일로 - 기타,승용,남,49세,상해없음,보행자,여,77세,중상
2019031600100439,2019년 3월 16일 16시,토요일,경상남도 사천시 벌리동,중상사고,0,1,0,0,차대차 - 측면충돌,직진우회전진행방해,건조,맑음,교차로 - 교차로안,이륜,남,70세,중상,승용,남,58세,상해없음
2019031600100440,2019년 3월 16일 16시,토요일,경상남도 김해시 동상동,경상사고,0,0,1,0,차대차 - 측면충돌,신호위반,건조,맑음,교차로 - 교차로안,원동기,남,25세,경상,승용,남,52세,상해없음
2019031600100441,2019년 3월 16일 16시,토요일,경상남도 창원시 마산회원구 석전동,중상사고,0,2,0,0,차대차 - 측면충돌,신호위반,건조,맑음,교차로 - 교차로안,화물,남,22세,상해없음,원동기,남,77세,중상
2019031600100472,2019년 3월 16일 17시,토요일,경상남도 창원시 마산합포구 진동면,중상사고,0,1,0,0,차대사람 - 횡단중,안전운전불이행,건조,맑음,기타 - 기타,승용,남,61세,상해없음,보행자,남,79세,중상
2019031600100473,2019년 3월 16일 17시,토요일,경상남도 진주시 대안동,경상사고,0,0,1,0,차대사람 - 횡단중,신호위반,건조,맑음,단일로 - 기타,승용,남,56세,상해없음,보행자,여,63세,경상
2019031600100474,2019년 3월 16일 17시,토요일,경상남도 양산시 삼호동,경상사고,0,0,1,0,차대사람 - 기타,안전운전불이행,건조,맑음,주차장 - 주차장,승용,남,42세,상해없음,보행자,여,38세,경상
2019031600100502,2019년 3월 16일 18시,토요일,경상남도 김해시 진영읍,중상사고,0,1,0,0,차량단독 - 전도전복 - 전도,안전운전불이행,건조,맑음,단일로 - 기타,이륜,남,46세,중상,,,,
2019031600100529,2019년 3월 16일 19시,토요일,경상남도 창원시 진해구 이동,중상사고,0,1,0,0,차대사람 - 횡단중,보행자보호의무위반,건조,맑음,교차로 - 교차로횡단보도내,승용,여,38세,상해없음,보행자,남,63세,중상
2019031600100530,2019년 3월 16일 19시,토요일,경상남도 거창군 가조면,사망사고,1,0,0,0,차대차 - 정면충돌,중앙선침범,건조,맑음,단일로 - 기타,이륜,남,60세,사망,승용,여,42세,상해없음
2019031600100559,2019년 3월 16일 20시,토요일,경상남도 김해시 동상동,경상사고,0,0,3,0,차대차 - 측면충돌,안전운전불이행,건조,맑음,교차로 - 교차로안,승용,남,48세,상해없음,승용,남,54세,경상
2019031600100615,2019년 3월 16일 23시,토요일,경상남도 통영시 광도면,경상사고,0,0,2,1,차대차 - 측면충돌,신호위반,건조,맑음,교차로 - 교차로안,승용,남,68세,상해없음,승용,여,59세,경상
2019031600100616,2019년 3월 16일 23시,토요일,경상남도 김해시 외동,경상사고,0,0,1,0,차대차 - 기타,안전운전불이행,건조,맑음,교차로 - 교차로안,승용,남,36세,상해없음,이륜,남,27세,경상
2019031600100617,2019년 3월 16일 23시,토요일,경상남도 남해군 서면,사망사고,1,0,0,0,차량단독 - 도로외이탈 - 추락,안전운전불이행,건조,흐림,단일로 - 기타,이륜,남,52세,사망,,,,
2019031700100044,2019년 3월 17일 01시,일요일,경상남도 창원시 마산합포구 진전면,경상사고,0,0,1,0,차량단독 - 도로외이탈 - 기타,안전운전불이행,건조,맑음,단일로 - 기타,승용,남,30세,경상,,,,
2019031700100074,2019년 3월 17일 03시,일요일,경상남도 김해시 흥동,사망사고,2,0,0,0,차량단독 - 공작물충돌,안전운전불이행,건조,맑음,단일로 - 기타,승용,남,17세,사망,,,,
2019031700100102,2019년 3월 17일 06시,일요일,경상남도 함안군 가야읍,중상사고,0,1,0,0,차대차 - 추돌,안전운전불이행,건조,맑음,단일로 - 기타,승합,남,38세,상해없음,승용,남,53세,중상
2019031700100109,2019년 3월 17일 07시,일요일,경상남도 김해시 내동,경상사고,0,0,6,0,차대차 - 측면충돌,과속,건조,맑음,단일로 - 기타,승용,남,22세,경상,승용,남,55세,경상
2019031700100177,2019년 3월 17일 11시,일요일,경상남도 밀양시 삼랑진읍,경상사고,0,0,1,0,차대차 - 측면충돌,안전운전불이행,건조,맑음,교차로 - 교차로부근,승용,남,72세,상해없음,승용,남,35세,경상
2019031700100204,2019년 3월 17일 12시,일요일,경상남도 창원시 성산구 상남동,경상사고,0,0,1,0,차대차 - 측면충돌,신호위반,건조,맑음,교차로 - 교차로안,이륜,남,44세,상해없음,승용,남,44세,경상
2019031700100288,2019년 3월 17일 14시,일요일,경상남도 함안군 칠원읍,경상사고,0,0,1,0,차대사람 - 횡단중,신호위반,건조,맑음,교차로 - 교차로안,승용,여,57세,상해없음,보행자,여,7세,경상
2019031700100313,2019년 3월 17일 15시,일요일,경상남도 거창군 거창읍,중상사고,0,1,0,0,차대차 - 측면충돌,안전운전불이행,건조,맑음,교차로 - 교차로안,승용,여,49세,상해없음,이륜,남,51세,중상
2019031700100314,2019년 3월 17일 15시,일요일,경상남도 거제시 옥포동,경상사고,0,0,1,0,차량단독 - 공작물충돌,안전운전불이행,건조,맑음,단일로 - 기타,승용,여,40세,경상,,,,
2019031700100315,2019년 3월 17일 15시,일요일,경상남도 거제시 장승포동,경상사고,0,0,2,0,차대차 - 측면충돌,교차로운행방법위반,건조,맑음,교차로 - 교차로안,승용,여,51세,상해없음,승용,남,38세,경상
2019031700100349,2019년 3월 17일 16시,일요일,경상남도 김해시 안동,경상사고,0,0,2,0,차대차 - 추돌,안전운전불이행,건조,맑음,단일로 - 기타,승용,여,37세,기타불명,승합,남,55세,경상
2019031700100350,2019년 3월 17일 16시,일요일,경상남도 고성군 하일면,중상사고,0,1,0,0,차대사람 - 기타,안전운전불이행,건조,맑음,단일로 - 기타,승합,남,64세,상해없음,보행자,여,65세,중상
2019031700100351,2019년 3월 17일 16시,일요일,경상남도 하동군 하동읍,중상사고,0,1,0,0,차대사람 - 횡단중,안전운전불이행,건조,맑음,단일로 - 기타,승용,남,77세,상해없음,보행자,여,75세,중상
2019031700100374,2019년 3월 17일 17시,일요일,경상남도 통영시 명정동,경상사고,0,0,2,1,차대차 - 추돌,안전운전불이행,건조,맑음,단일로 - 기타,승용,남,56세,상해없음,승용,남,54세,경상
2019031700100375,2019년 3월 17일 17시,일요일,경상남도 김해시 삼방동,부상신고사고,0,0,0,1,차대사람 - 보도통행중,안전운전불이행,건조,맑음,교차로 - 교차로안,승용,여,49세,상해없음,보행자,여,74세,부상신고
2019031700100376,2019년 3월 17일 17시,일요일,경상남도 거제시 일운면,경상사고,0,0,2,0,차대차 - 측면충돌,안전운전불이행,건조,맑음,단일로 - 기타,승합,남,44세,상해없음,승용,남,54세,경상
2019031700100407,2019년 3월 17일 18시,일요일,경상남도 창원시 마산합포구 월영동,경상사고,0,0,1,0,차대차 - 추돌,안전거리미확보,건조,맑음,교차로 - 교차로부근,이륜,남,66세,경상,승용,남,28세,상해없음
2019031700100408,2019년 3월 17일 18시,일요일,경상남도 거제시 사등면,경상사고,0,0,2,0,차대차 - 측면충돌,중앙선침범,건조,맑음,단일로 - 교량,승용,여,30세,상해없음,승용,여,51세,경상
2019031700100433,2019년 3월 17일 19시,일요일,경상남도 진주시 초전동,중상사고,0,1,0,0,차대차 - 측면충돌,신호위반,건조,맑음,교차로 - 교차로횡단보도내,이륜,남,42세,상해없음,자전거,남,54세,중상
2019031700100434,2019년 3월 17일 19시,일요일,경상남도 창원시 의창구 도계동,경상사고,0,0,1,0,차대차 - 기타,신호위반,건조,맑음,교차로 - 교차로안,이륜,남,35세,경상,승합,남,56세,상해없음
2019031700100450,2019년 3월 17일 20시,일요일,경상남도 진주시 강남동,경상사고,0,0,1,0,차대사람 - 길가장자리구역통행중,안전운전불이행,건조,맑음,단일로 - 기타,승용,남,36세,상해없음,보행자,남,43세,경상
2019031700100451,2019년 3월 17일 20시,일요일,경상남도 김해시 진영읍,중상사고,0,1,0,0,차대차 - 측면충돌,신호위반,건조,기타,교차로 - 교차로안,승용,남,55세,상해없음,승용,여,44세,중상
2019031700100481,2019년 3월 17일 21시,일요일,경상남도 진주시 이현동,경상사고,0,0,1,0,차대차 - 측면충돌,안전운전불이행,건조,맑음,교차로 - 교차로안,승용,남,27세,상해없음,자전거,남,28세,경상
2019031700100497,2019년 3월 17일 22시,일요일,경상남도 밀양시 삼문동,중상사고,0,1,0,0,차대사람 - 횡단중,안전운전불이행,건조,흐림,교차로 - 교차로안,승용,남,43세,상해없음,보행자,여,37세,중상
2019031700100514,2019년 3월 17일 23시,일요일,경상남도 진주시 가좌동,경상사고,0,0,1,0,차대차 - 측면충돌,교차로운행방법위반,건조,맑음,교차로 - 교차로안,승용,남,44세,상해없음,승용,남,61세,경상
2019031700100515,2019년 3월 17일 23시,일요일,경상남도 김해시 진영읍,경상사고,0,0,2,1,차대차 - 측면충돌,안전운전불이행,건조,기타,단일로 - 기타,승용,남,48세,상해없음,승용,남,22세,경상
2019031800100029,2019년 3월 18일 00시,월요일,경상남도 창원시 성산구 대방동,경상사고,0,0,1,0,차대차 - 측면충돌,신호위반,건조,맑음,교차로 - 교차로안,승용,남,61세,상해없음,승용,여,46세,경상
2019031800100077,2019년 3월 18일 06시,월요일,경상남도 창원시 마산합포구 월영동,경상사고,0,0,1,0,차대사람 - 기타,중앙선침범,건조,맑음,교차로 - 교차로부근,승용,남,54세,상해없음,보행자,남,50세,경상
2019031800100078,2019년 3월 18일 06시,월요일,경상남도 창원시 성산구 반지동,경상사고,0,0,1,0,차대차 - 측면충돌,안전운전불이행,건조,맑음,교차로 - 교차로안,승용,남,53세,기타불명,승용,남,38세,경상
2019031800100140,2019년 3월 18일 08시,월요일,경상남도 김해시 내동,경상사고,0,0,1,0,차대차 - 기타,안전운전불이행,건조,맑음,교차로 - 교차로안,자전거,남,60세,경상,승용,여,46세,상해없음
2019031800100141,2019년 3월 18일 08시,월요일,경상남도 창원시 마산회원구 봉암동,경상사고,0,0,1,0,차대사람 - 차도통행중,안전운전불이행,건조,맑음,단일로 - 기타,승용,여,48세,상해없음,보행자,여,16세,경상
2019031800100174,2019년 3월 18일 09시,월요일,경상남도 김해시 봉황동,중상사고,0,1,0,0,차대차 - 추돌,안전운전불이행,건조,맑음,단일로 - 기타,승용,남,42세,상해없음,승용,여,54세,중상
2019031800100175,2019년 3월 18일 09시,월요일,경상남도 하동군 적량면,경상사고,0,0,1,0,차대차 - 측면충돌,안전운전불이행,건조,맑음,교차로 - 교차로안,승용,남,70세,경상,화물,남,67세,상해없음
2019031800100176,2019년 3월 18일 09시,월요일,경상남도 창원시 마산회원구 구암동,중상사고,0,1,0,0,차대사람 - 차도통행중,안전운전불이행,건조,맑음,단일로 - 기타,승용,남,37세,상해없음,보행자,여,62세,중상
2019031800100203,2019년 3월 18일 10시,월요일,경상남도 창원시 마산합포구 신포동2가,중상사고,0,1,0,0,차대차 - 기타,신호위반,건조,맑음,교차로 - 교차로안,승용,남,67세,상해없음,이륜,여,80세,중상
2019031800100204,2019년 3월 18일 10시,월요일,경상남도 김해시 대청동,중상사고,0,1,0,0,차대사람 - 횡단중,안전운전불이행,건조,맑음,단일로 - 기타,승용,남,54세,상해없음,보행자,남,6세,중상
2019031800100236,2019년 3월 18일 11시,월요일,경상남도 창원시 성산구 상남동,경상사고,0,0,1,0,차대차 - 측면충돌,안전운전불이행,건조,맑음,교차로 - 교차로부근,승용,남,63세,상해없음,승용,여,32세,경상
2019031800100237,2019년 3월 18일 11시,월요일,경상남도 창원시 마산회원구 회원동,중상사고,0,1,0,0,차대차 - 측면충돌,신호위반,건조,맑음,교차로 - 교차로안,화물,남,37세,상해없음,자전거,여,68세,중상
2019031800100264,2019년 3월 18일 12시,월요일,경상남도 창원시 진해구 태백동,경상사고,0,0,2,0,차대차 - 측면충돌,신호위반,건조,맑음,교차로 - 교차로안,승용,여,68세,상해없음,승용,남,60세,경상
2019031800100265,2019년 3월 18일 12시,월요일,경상남도 창원시 마산회원구 내서읍,중상사고,0,1,8,0,차대차 - 추돌,안전운전불이행,건조,맑음,교차로 - 교차로안,특수,남,54세,상해없음,승합,남,47세,경상
2019031800100317,2019년 3월 18일 14시,월요일,경상남도 김해시 관동동,경상사고,0,0,1,0,차대차 - 측면충돌,안전운전불이행,건조,맑음,단일로 - 기타,승용,남,55세,상해없음,승용,남,43세,경상
2019031800100346,2019년 3월 18일 15시,월요일,경상남도 창원시 진해구 경화동,경상사고,0,0,1,0,차대사람 - 기타,안전운전불이행,건조,맑음,기타 - 기타,기타불명,남,89세,상해없음,보행자,여,46세,경상
2019031800100386,2019년 3월 18일 16시,월요일,경상남도 진주시 초전동,경상사고,0,0,1,0,차대차 - 추돌,안전운전불이행,건조,맑음,교차로 - 교차로부근,승용,남,26세,상해없음,승용,여,45세,경상
2019031800100424,2019년 3월 18일 17시,월요일,경상남도 창원시 진해구 두동,중상사고,0,1,0,0,차대사람 - 기타,안전운전불이행,건조,맑음,단일로 - 기타,승합,남,59세,기타불명,보행자,남,60세,중상
2019031800100425,2019년 3월 18일 17시,월요일,경상남도 거제시 연초면,중상사고,0,1,0,0,차대차 - 측면충돌,기타,건조,맑음,교차로 - 교차로부근,승용,남,48세,상해없음,이륜,남,34세,중상
2019031800100457,2019년 3월 18일 18시,월요일,경상남도 창원시 진해구 경화동,경상사고,0,0,1,0,차대차 - 측면충돌,안전운전불이행,건조,맑음,교차로 - 교차로안,승용,남,68세,상해없음,자전거,남,27세,경상
2019031800100458,2019년 3월 18일 18시,월요일,경상남도 창원시 마산회원구 합성동,경상사고,0,0,1,0,차대사람 - 차도통행중,안전운전불이행,건조,맑음,교차로 - 교차로안,승용,남,57세,상해없음,보행자,남,54세,경상
2019031800100459,2019년 3월 18일 18시,월요일,경상남도 김해시 주촌면,사망사고,1,0,0,0,차량단독 - 도로외이탈 - 추락,안전운전불이행,건조,맑음,단일로 - 기타,화물,여,57세,사망,,,,
2019031800100587,2019년 3월 18일 23시,월요일,경상남도 진주시 봉곡동,경상사고,0,0,1,0,차대차 - 측면충돌,안전운전불이행,건조,맑음,교차로 - 교차로안,자전거,남,61세,경상,승용,남,61세,상해없음
2019031800100588,2019년 3월 18일 23시,월요일,경상남도 창원시 의창구 소계동,경상사고,0,0,1,0,차대차 - 기타,신호위반,건조,맑음,교차로 - 교차로안,승용,남,65세,상해없음,승용,남,32세,경상
2019031900100028,2019년 3월 19일 00시,화요일,경상남도 김해시 어방동,경상사고,0,0,1,0,차대사람 - 횡단중,안전운전불이행,건조,맑음,단일로 - 기타,승용,남,21세,상해없음,보행자,남,53세,경상
2019031900100044,2019년 3월 19일 01시,화요일,경상남도 밀양시 하남읍,중상사고,0,1,0,0,차량단독 - 공작물충돌,안전운전불이행,건조,맑음,단일로 - 기타,승용,남,51세,상해없음,,,,
2019031900100092,2019년 3월 19일 06시,화요일,경상남도 거제시 수월동,중상사고,0,1,0,0,차대차 - 측면충돌,신호위반,건조,맑음,교차로 - 교차로안,이륜,남,21세,중상,화물,남,54세,상해없음
2019031900100111,2019년 3월 19일 07시,화요일,경상남도 김해시 삼방동,경상사고,0,0,1,0,차량단독 - 기타,안전운전불이행,건조,맑음,기타 - 기타,이륜,남,58세,경상,,,,
2019031900100146,2019년 3월 19일 08시,화요일,경상남도 창원시 의창구 팔용동,경상사고,0,0,1,0,차대차 - 측면충돌,안전운전불이행,건조,맑음,교차로 - 교차로부근,승용,여,42세,상해없음,승용,남,52세,경상
2019031900100167,2019년 3월 19일 09시,화요일,경상남도 의령군 의령읍,경상사고,0,0,1,0,차대차 - 측면충돌,직진우회전진행방해,건조,맑음,교차로 - 교차로안,승용,남,59세,상해없음,이륜,남,34세,경상
2019031900100168,2019년 3월 19일 09시,화요일,경상남도 창원시 의창구 봉곡동,중상사고,0,1,0,0,차대차 - 측면충돌,신호위반,건조,맑음,교차로 - 교차로횡단보도내,승용,여,41세,상해없음,자전거,남,43세,중상
2019031900100169,2019년 3월 19일 09시,화요일,경상남도 창원시 의창구 팔용동,경상사고,0,0,1,0,차대차 - 추돌,안전운전불이행,건조,맑음,교차로 - 교차로부근,승용,여,33세,상해없음,승용,남,59세,경상
2019031900100170,2019년 3월 19일 09시,화요일,경상남도 김해시 율하동,중상사고,0,1,0,0,차대차 - 측면충돌,교차로운행방법위반,건조,맑음,교차로 - 교차로안,승용,여,33세,상해없음,승용,여,34세,중상
2019031900100193,2019년 3월 19일 10시,화요일,경상남도 진주시 이현동,중상사고,0,2,1,0,차대차 - 측면충돌,신호위반,건조,맑음,교차로 - 교차로안,승용,남,70세,상해없음,승용,여,33세,경상
2019031900100214,2019년 3월 19일 11시,화요일,경상남도 창원시 진해구 청안동,중상사고,0,1,1,0,차대차 - 정면충돌,안전운전불이행,건조,맑음,단일로 - 기타,이륜,남,68세,중상,이륜,남,37세,경상
2019031900100215,2019년 3월 19일 11시,화요일,경상남도 김해시 어방동,경상사고,0,0,1,0,차대차 - 추돌,안전운전불이행,건조,맑음,교차로 - 교차로부근,승용,남,50세,상해없음,승용,남,52세,경상
2019031900100243,2019년 3월 19일 12시,화요일,경상남도 창원시 마산합포구 월영동,경상사고,0,0,1,0,차대사람 - 길가장자리구역통행중,안전운전불이행,건조,맑음,단일로 - 기타,승용,남,46세,상해없음,보행자,여,18세,경상
2019031900100244,2019년 3월 19일 12시,화요일,경상남도 밀양시 삼랑진읍,중상사고,0,1,0,0,차대차 - 측면충돌,신호위반,건조,맑음,교차로 - 교차로안,화물,여,60세,상해없음,이륜,남,80세,중상
2019031900100245,2019년 3월 19일 12시,화요일,경상남도 김해시 삼정동,중상사고,0,1,1,0,차대차 - 측면충돌,신호위반,건조,맑음,교차로 - 교차로안,화물,남,66세,상해없음,화물,남,51세,경상
2019031900100246,2019년 3월 19일 12시,화요일,경상남도 함안군 법수면,경상사고,0,0,1,0,차대차 - 정면충돌,중앙선침범,건조,맑음,단일로 - 기타,건설기계,남,44세,상해없음,승용,남,23세,경상
2019031900100247,2019년 3월 19일 12시,화요일,경상남도 의령군 의령읍,경상사고,0,0,1,1,차대차 - 측면충돌,신호위반,건조,맑음,교차로 - 교차로안,승용,남,71세,부상신고,승용,남,38세,경상
2019031900100269,2019년 3월 19일 13시,화요일,경상남도 창원시 마산합포구 창동,경상사고,0,0,1,0,차대사람 - 차도통행중,안전운전불이행,건조,맑음,단일로 - 기타,승용,여,37세,상해없음,보행자,여,77세,경상
2019031900100299,2019년 3월 19일 14시,화요일,경상남도 창원시 진해구 풍호동,중상사고,0,1,1,0,차대차 - 측면충돌,안전운전불이행,건조,맑음,단일로 - 기타,특수,남,65세,상해없음,승용,남,80세,경상
2019031900100300,2019년 3월 19일 14시,화요일,경상남도 양산시 물금읍,경상사고,0,0,1,0,차대차 - 측면충돌,신호위반,건조,맑음,단일로 - 지하차도(도로)내,승용,남,29세,상해없음,이륜,남,30세,경상
2019031900100301,2019년 3월 19일 14시,화요일,경상남도 거제시 거제면,중상사고,0,4,0,0,차대차 - 기타,안전운전불이행,건조,맑음,단일로 - 기타,화물,남,63세,상해없음,승용,남,71세,중상
2019031900100333,2019년 3월 19일 15시,화요일,경상남도 창원시 진해구 이동,중상사고,0,1,0,0,차대차 - 측면충돌,안전운전불이행,건조,맑음,교차로 - 교차로안,승용,남,30세,상해없음,자전거,남,63세,중상
2019031900100334,2019년 3월 19일 15시,화요일,경상남도 거제시 거제면,경상사고,0,0,4,0,차대차 - 측면충돌,안전운전불이행,건조,맑음,교차로 - 교차로안,승용,남,40세,경상,농기계,남,78세,경상
2019031900100335,2019년 3월 19일 15시,화요일,경상남도 창원시 의창구 봉곡동,경상사고,0,0,1,0,차대사람 - 횡단중,안전운전불이행,건조,맑음,교차로 - 교차로안,승용,남,38세,상해없음,보행자,남,80세,경상
2019031900100366,2019년 3월 19일 16시,화요일,경상남도 사천시 사천읍,경상사고,0,0,1,0,차대사람 - 기타,안전운전불이행,건조,맑음,교차로 - 교차로안,승용,남,55세,상해없음,보행자,남,11세,경상
2019031900100401,2019년 3월 19일 17시,화요일,경상남도 양산시 중부동,경상사고,0,0,1,0,차대차 - 측면충돌,안전운전불이행,건조,맑음,단일로 - 기타,승용,남,66세,상해없음,승용,여,33세,경상
2019031900100436,2019년 3월 19일 18시,화요일,경상남도 창원시 진해구 안골동,경상사고,0,0,1,0,차대차 - 측면충돌,안전운전불이행,건조,맑음,교차로 - 교차로부근,승합,남,59세,상해없음,승용,남,39세,경상
2019031900100437,2019년 3월 19일 18시,화요일,경상남도 창녕군 창녕읍,경상사고,0,0,1,0,차대차 - 기타,중앙선침범,건조,맑음,단일로 - 기타,승용,남,58세,상해없음,승용,여,54세,경상
2019031900100438,2019년 3월 19일 18시,화요일,경상남도 거제시 연초면,중상사고,0,1,0,0,차대차 - 기타,안전거리미확보,건조,맑음,단일로 - 기타,승용,여,47세,상해없음,이륜,남,58세,중상
2019031900100439,2019년 3월 19일 18시,화요일,경상남도 창원시 마산회원구 석전동,경상사고,0,0,1,0,차대차 - 기타,안전운전불이행,건조,맑음,교차로 - 교차로안,승용,여,45세,상해없음,승합,남,52세,상해없음
2019031900100468,2019년 3월 19일 19시,화요일,경상남도 사천시 벌리동,경상사고,0,0,1,0,차대차 - 측면충돌,신호위반,건조,맑음,교차로 - 교차로부근,승용,남,69세,상해없음,승용,남,23세,경상
2019031900100469,2019년 3월 19일 19시,화요일,경상남도 창원시 의창구 신월동,경상사고,0,0,1,0,차대차 - 추돌,안전운전불이행,건조,맑음,교차로 - 교차로안,승용,여,63세,상해없음,승용,여,51세,경상
2019031900100491,2019년 3월 19일 20시,화요일,경상남도 창원시 의창구 명서동,경상사고,0,0,1,0,차대사람 - 길가장자리구역통행중,안전운전불이행,건조,맑음,단일로 - 기타,승용,여,45세,상해없음,보행자,남,35세,경상
2019031900100492,2019년 3월 19일 20시,화요일,경상남도 창원시 의창구 중동,중상사고,0,1,0,0,차대사람 - 횡단중,안전운전불이행,건조,맑음,교차로 - 교차로안,승용,여,65세,상해없음,보행자,남,66세,중상
2019031900100554,2019년 3월 19일 23시,화요일,경상남도 창원시 마산합포구 중앙동2가,중상사고,0,1,1,0,차대사람 - 길가장자리구역통행중,안전운전불이행,건조,맑음,단일로 - 기타,승용,남,40세,상해없음,보행자,남,38세,경상
2019031900100555,2019년 3월 19일 23시,화요일,경상남도 창원시 성산구 중앙동,중상사고,0,3,2,0,차대차 - 측면충돌,신호위반,건조,맑음,교차로 - 교차로안,승용,남,70세,상해없음,승용,남,71세,중상
2019032000100033,2019년 3월 20일 00시,수요일,경상남도 창원시 마산합포구 중앙동1가,중상사고,0,1,0,0,차대차 - 측면충돌,중앙선침범,건조,맑음,단일로 - 기타,승용,남,52세,상해없음,이륜,남,42세,중상
2019032000100034,2019년 3월 20일 00시,수요일,경상남도 통영시 도남동,경상사고,0,0,2,0,차대차 - 기타,안전운전불이행,건조,맑음,교차로 - 교차로안,승용,여,52세,상해없음,승용,남,59세,경상
2019032000100076,2019년 3월 20일 05시,수요일,경상남도 김해시 어방동,경상사고,0,0,2,0,차대차 - 측면충돌,신호위반,건조,맑음,교차로 - 교차로안,승용,남,74세,경상,승용,남,46세,경상
2019032000100117,2019년 3월 20일 07시,수요일,경상남도 창원시 의창구 북면,중상사고,0,1,1,0,차대차 - 측면충돌,안전운전불이행,건조,기타,교차로 - 교차로안,승용,남,36세,상해없음,화물,남,68세,경상
2019032000100162,2019년 3월 20일 08시,수요일,경상남도 통영시 도천동,경상사고,0,0,1,0,차대차 - 측면충돌,신호위반,건조,맑음,교차로 - 교차로안,화물,남,63세,상해없음,승용,남,46세,경상
2019032000100163,2019년 3월 20일 08시,수요일,경상남도 거창군 신원면,경상사고,0,0,2,0,차대차 - 측면충돌,안전운전불이행,건조,흐림,교차로 - 교차로안,화물,남,74세,상해없음,화물,남,80세,경상
2019032000100164,2019년 3월 20일 08시,수요일,경상남도 거창군 웅양면,경상사고,0,0,2,0,차대차 - 측면충돌,중앙선침범,건조,맑음,단일로 - 기타,승용,여,48세,경상,승용,남,42세,경상
2019032000100195,2019년 3월 20일 09시,수요일,경상남도 창녕군 고암면,중상사고,0,1,9,1,차대차 - 측면충돌,신호위반,건조,맑음,교차로 - 교차로안,승용,남,86세,중상,승합,남,43세,상해없음
2019032000100196,2019년 3월 20일 09시,수요일,경상남도 양산시 평산동,중상사고,0,1,2,0,차대차 - 측면충돌,안전운전불이행,건조,맑음,교차로 - 교차로안,승용,남,32세,상해없음,승용,남,31세,상해없음
2019032000100214,2019년 3월 20일 10시,수요일,경상남도 남해군 남해읍,중상사고,0,1,0,0,차대차 - 추돌,안전운전불이행,건조,맑음,단일로 - 기타,승용,남,46세,상해없음,이륜,남,74세,중상
2019032000100236,2019년 3월 20일 11시,수요일,경상남도 창원시 성산구 신촌동,중상사고,0,1,0,0,차대차 - 측면충돌,신호위반,건조,맑음,교차로 - 교차로안,승용,여,22세,상해없음,이륜,남,24세,중상
2019032000100260,2019년 3월 20일 12시,수요일,경상남도 진주시 중안동,중상사고,0,1,0,0,차대사람 - 횡단중,안전운전불이행,건조,맑음,교차로 - 교차로안,승용,여,49세,상해없음,보행자,여,28세,중상
2019032000100261,2019년 3월 20일 12시,수요일,경상남도 창녕군 길곡면,중상사고,0,1,0,0,차대차 - 측면충돌,직진우회전진행방해,건조,맑음,교차로 - 교차로안,화물,남,60세,상해없음,원동기,남,46세,중상
2019032000100289,2019년 3월 20일 13시,수요일,경상남도 합천군 합천읍,경상사고,0,0,2,0,차대차 - 측면충돌,직진우회전진행방해,건조,맑음,교차로 - 교차로안,승용,남,69세,경상,승용,여,46세,경상
2019032000100290,2019년 3월 20일 13시,수요일,경상남도 양산시 상북면,경상사고,0,0,2,0,차대차 - 추돌,안전거리미확보,건조,맑음,교차로 - 교차로부근,화물,남,35세,상해없음,승용,여,26세,경상
2019032000100291,2019년 3월 20일 13시,수요일,경상남도 김해시 내덕동,경상사고,0,0,1,0,차대차 - 추돌,안전운전불이행,건조,맑음,교차로 - 교차로부근,승용,여,57세,상해없음,승용,남,62세,상해없음
2019032000100368,2019년 3월 20일 15시,수요일,경상남도 거창군 거창읍,중상사고,0,1,0,0,차대차 - 추돌,안전운전불이행,건조,맑음,교차로 - 교차로부근,승용,여,45세,상해없음,승용,여,43세,중상
2019032000100402,2019년 3월 20일 16시,수요일,경상남도 사천시 용현면,경상사고,0,0,2,0,차대차 - 측면충돌,직진우회전진행방해,젖음/습기,비,교차로 - 교차로안,승용,여,36세,경상,화물,여,60세,경상
2019032000100443,2019년 3월 20일 17시,수요일,경상남도 진주시 상봉동,중상사고,0,1,0,0,차대사람 - 횡단중,안전운전불이행,젖음/습기,비,단일로 - 기타,승용,여,45세,상해없음,보행자,여,55세,중상
2019032000100444,2019년 3월 20일 17시,수요일,경상남도 창원시 진해구 장천동,부상신고사고,0,0,0,1,차대차 - 추돌,안전운전불이행,젖음/습기,비,단일로 - 기타,원동기,남,60세,부상신고,승용,남,35세,상해없음
2019032000100445,2019년 3월 20일 17시,수요일,경상남도 양산시 물금읍,경상사고,0,0,1,0,차대사람 - 기타,안전운전불이행,젖음/습기,비,교차로 - 교차로횡단보도내,승용,남,41세,상해없음,보행자,여,72세,경상