사고번호,사고일시,요일,시군구,사고내용,사망자수,중상자수,경상자수,부상신고자수,사고유형,법규위반,노면상태,기상상태,도로형태,가해운전자 차종,가해운전자 성별,가해운전자 연령,가해운전자 상해정도,피해운전자 차종,피해운전자 성별,피해운전자 연령,피해운전자 상해정도
2019032000100446,2019년 3월 20일 17시,수요일,경상남도 함안군 가야읍,경상사고,0,0,1,0,차대사람 - 횡단중,안전운전불이행,젖음/습기,비,교차로 - 교차로안,승용,여,54세,상해없음,보행자,여,73세,경상
2019032000100487,2019년 3월 20일 18시,수요일,경상남도 진주시 봉곡동,중상사고,0,1,0,0,차대사람 - 횡단중,보행자보호의무위반,젖음/습기,비,교차로 - 교차로부근,승용,남,19세,상해없음,보행자,여,79세,중상
2019032000100488,2019년 3월 20일 18시,수요일,경상남도 통영시 무전동,경상사고,0,0,1,0,차대차 - 측면충돌,안전운전불이행,젖음/습기,비,단일로 - 기타,이륜,남,38세,경상,승용,여,58세,상해없음
2019032000100489,2019년 3월 20일 18시,수요일,경상남도 창원시 의창구 봉곡동,부상신고사고,0,0,0,1,차대사람 - 기타,신호위반,젖음/습기,비,교차로 - 교차로횡단보도내,승용,여,50세,상해없음,보행자,여,62세,부상신고
2019032000100545,2019년 3월 20일 19시,수요일,경상남도 김해시 삼정동,경상사고,0,0,1,0,차대사람 - 횡단중,안전운전불이행,젖음/습기,비,교차로 - 교차로부근,승용,남,54세,상해없음,보행자,여,29세,경상
2019032000100546,2019년 3월 20일 19시,수요일,경상남도 김해시 구산동,경상사고,0,0,1,0,차대차 - 기타,안전운전불이행,젖음/습기,비,단일로 - 기타,기타불명,기타불명,미분류,기타불명,승용,남,26세,경상
2019032000100547,2019년 3월 20일 19시,수요일,경상남도 양산시 물금읍,경상사고,0,0,1,0,차대차 - 측면충돌,안전운전불이행,건조,맑음,교차로 - 교차로안,승합,남,59세,상해없음,승용,남,44세,경상
2019032000100596,2019년 3월 20일 20시,수요일,경상남도 창원시 성산구 대방동,중상사고,0,1,0,0,차대사람 - 횡단중,신호위반,젖음/습기,비,교차로 - 교차로횡단보도내,이륜,남,30세,상해없음,보행자,남,59세,중상
2019032000100645,2019년 3월 20일 21시,수요일,경상남도 김해시 어방동,경상사고,0,0,1,0,차대차 - 측면충돌,안전운전불이행,젖음/습기,비,교차로 - 교차로안,승용,남,30세,상해없음,승용,남,51세,경상
2019032000100646,2019년 3월 20일 21시,수요일,경상남도 김해시 상동면,중상사고,0,1,0,0,차대사람 - 차도통행중,안전운전불이행,젖음/습기,비,단일로 - 기타,화물,남,60세,상해없음,보행자,남,21세,중상
2019032000100647,2019년 3월 20일 21시,수요일,경상남도 거제시 장평동,경상사고,0,0,1,0,차량단독 - 공작물충돌,안전운전불이행,젖음/습기,비,단일로 - 지하차도(도로)내,이륜,남,35세,경상,,,,
2019032000100706,2019년 3월 20일 22시,수요일,경상남도 창원시 성산구 사파동,경상사고,0,0,2,0,차대차 - 기타,안전운전불이행,건조,맑음,단일로 - 기타,기타불명,기타불명,미분류,기타불명,기타불명,여,28세,경상
2019032000100729,2019년 3월 20일 23시,수요일,경상남도 양산시 동면,경상사고,0,0,1,0,차량단독 - 기타,안전운전불이행,젖음/습기,비,단일로 - 기타,승용,남,61세,상해없음,,,,
2019032000100740,2019년 3월 20일 23시,수요일,경상남도 진주시 하대동,중상사고,0,1,0,0,차대사람 - 횡단중,안전운전불이행,젖음/습기,비,교차로 - 교차로부근,승용,남,41세,상해없음,보행자,남,50세,중상
2019032100100028,2019년 3월 21일 00시,목요일,경상남도 창원시 마산합포구 오동동,경상사고,0,0,1,0,차대차 - 측면충돌,안전운전불이행,젖음/습기,비,교차로 - 교차로안,승용,남,42세,상해없음,승용,여,66세,경상
2019032100100029,2019년 3월 21일 00시,목요일,경상남도 통영시 태평동,경상사고,0,0,2,0,차대차 - 추돌,안전운전불이행,젖음/습기,비,교차로 - 교차로부근,승용,남,33세,상해없음,승용,남,51세,경상
2019032100100030,2019년 3월 21일 00시,목요일,경상남도 창원시 의창구 봉곡동,경상사고,0,0,1,0,차대차 - 추돌,안전운전불이행,젖음/습기,흐림,단일로 - 기타,승용,남,36세,상해없음,승용,여,67세,경상
2019032100100044,2019년 3월 21일 01시,목요일,경상남도 창원시 마산합포구 신포동2가,경상사고,0,0,1,0,차대차 - 추돌,안전운전불이행,젖음/습기,비,단일로 - 기타,승용,남,37세,상해없음,승용,남,50세,경상
2019032100100045,2019년 3월 21일 01시,목요일,경상남도 창원시 진해구 태백동,부상신고사고,0,0,0,1,차대차 - 기타,안전운전불이행,젖음/습기,비,단일로 - 기타,승용,남,19세,부상신고,건설기계,여,49세,기타불명
2019032100100046,2019년 3월 21일 01시,목요일,경상남도 창원시 마산회원구 양덕동,중상사고,0,1,0,0,차대사람 - 횡단중,안전운전불이행,젖음/습기,비,교차로 - 교차로부근,기타불명,기타불명,미분류,기타불명,보행자,남,68세,중상
2019032100100058,2019년 3월 21일 02시,목요일,경상남도 창원시 의창구 명서동,부상신고사고,0,0,0,1,차대사람 - 기타,안전운전불이행,젖음/습기,흐림,단일로 - 기타,승용,남,63세,상해없음,보행자,남,33세,부상신고
2019032100100064,2019년 3월 21일 03시,목요일,경상남도 창원시 마산합포구 남성동,중상사고,0,1,0,0,차대사람 - 기타,안전운전불이행,건조,맑음,교차로 - 교차로안,이륜,남,64세,상해없음,보행자,여,81세,중상
2019032100100077,2019년 3월 21일 04시,목요일,경상남도 거제시 아주동,중상사고,0,1,0,0,차량단독 - 공작물충돌,안전운전불이행,젖음/습기,비,단일로 - 지하차도(도로)내,승용,남,27세,중상,,,,
2019032100100085,2019년 3월 21일 05시,목요일,경상남도 함양군 서상면,경상사고,0,0,1,0,차대차 - 추돌,안전운전불이행,젖음/습기,비,단일로 - 기타,승용,남,30세,상해없음,화물,남,39세,경상
2019032100100096,2019년 3월 21일 06시,목요일,경상남도 창원시 진해구 남양동,경상사고,0,0,1,0,차대차 - 측면충돌,안전운전불이행,젖음/습기,비,교차로 - 교차로부근,승용,남,62세,기타불명,승용,남,60세,경상
2019032100100097,2019년 3월 21일 06시,목요일,경상남도 창원시 성산구 상남동,중상사고,0,1,0,0,차대차 - 추돌,안전운전불이행,건조,맑음,단일로 - 기타,승용,남,37세,상해없음,승용,남,55세,중상
2019032100100098,2019년 3월 21일 06시,목요일,경상남도 창원시 의창구 봉곡동,경상사고,0,0,1,0,차대차 - 기타,안전운전불이행,젖음/습기,흐림,교차로 - 교차로안,자전거,남,46세,상해없음,승용,남,64세,경상
2019032100100116,2019년 3월 21일 07시,목요일,경상남도 김해시 삼정동,중상사고,0,1,1,0,차대차 - 기타,교차로운행방법위반,건조,맑음,교차로 - 교차로안,승용,남,28세,경상,화물,여,57세,중상
2019032100100117,2019년 3월 21일 07시,목요일,경상남도 양산시 중부동,중상사고,0,1,2,1,차대차 - 측면충돌,안전거리미확보,건조,맑음,단일로 - 기타,승용,여,58세,상해없음,승용,여,59세,경상
2019032100100163,2019년 3월 21일 08시,목요일,경상남도 창원시 진해구 태백동,경상사고,0,0,5,0,차대차 - 기타,안전거리미확보,건조,맑음,단일로 - 기타,승용,여,30세,상해없음,승용,여,54세,경상
2019032100100164,2019년 3월 21일 08시,목요일,경상남도 창원시 진해구 태백동,중상사고,0,1,1,0,차대차 - 기타,안전운전불이행,건조,맑음,단일로 - 기타,승용,남,21세,상해없음,승용,남,62세,중상
2019032100100165,2019년 3월 21일 08시,목요일,경상남도 창원시 진해구 두동,경상사고,0,0,1,0,차대차 - 기타,안전운전불이행,건조,맑음,교차로 - 교차로안,승용,남,49세,상해없음,이륜,남,71세,경상
2019032100100166,2019년 3월 21일 08시,목요일,경상남도 거창군 마리면,중상사고,0,1,0,0,차대차 - 추돌,안전운전불이행,건조,맑음,단일로 - 터널,화물,남,52세,상해없음,화물,남,58세,중상
2019032100100167,2019년 3월 21일 08시,목요일,경상남도 산청군 생초면,중상사고,0,1,0,0,차대차 - 측면충돌,안전운전불이행,젖음/습기,흐림,단일로 - 지하차도(도로)내,승용,남,53세,상해없음,자전거,여,71세,중상
2019032100100168,2019년 3월 21일 08시,목요일,경상남도 김해시 부곡동,중상사고,0,1,0,0,차대차 - 측면충돌,교차로운행방법위반,건조,맑음,교차로 - 교차로안,승용,여,53세,상해없음,승용,여,37세,중상
2019032100100198,2019년 3월 21일 09시,목요일,경상남도 양산시 동면,중상사고,0,1,1,0,차대차 - 추돌,안전운전불이행,건조,맑음,단일로 - 기타,화물,남,58세,상해없음,승용,남,54세,중상
2019032100100199,2019년 3월 21일 09시,목요일,경상남도 하동군 횡천면,경상사고,0,0,2,1,차대차 - 측면충돌,교차로운행방법위반,건조,맑음,교차로 - 교차로안,승용,여,64세,부상신고,승용,남,47세,경상
2019032100100200,2019년 3월 21일 09시,목요일,경상남도 거제시 연초면,중상사고,0,1,0,0,차대차 - 측면충돌,신호위반,건조,맑음,교차로 - 교차로안,승용,여,38세,상해없음,승용,남,25세,중상
2019032100100201,2019년 3월 21일 09시,목요일,경상남도 남해군 이동면,중상사고,0,1,0,0,차대사람 - 횡단중,안전운전불이행,건조,맑음,단일로 - 기타,화물,남,72세,상해없음,보행자,여,57세,중상
2019032100100336,2019년 3월 21일 14시,목요일,경상남도 창원시 의창구 서상동,중상사고,0,1,0,0,차대사람 - 횡단중,보행자보호의무위반,건조,맑음,기타 - 기타,화물,남,69세,상해없음,보행자,남,87세,중상
2019032100100337,2019년 3월 21일 14시,목요일,경상남도 김해시 주촌면,중상사고,0,1,0,0,차량단독 - 전도전복 - 전도,안전운전불이행,건조,맑음,단일로 - 기타,화물,남,37세,중상,,,,
2019032100100368,2019년 3월 21일 15시,목요일,경상남도 창원시 마산회원구 양덕동,경상사고,0,0,1,0,차대차 - 측면충돌,중앙선침범,건조,맑음,단일로 - 지하차도(도로)내,이륜,남,23세,상해없음,이륜,남,23세,상해없음
2019032100100409,2019년 3월 21일 16시,목요일,경상남도 양산시 중부동,경상사고,0,0,3,0,차대차 - 정면충돌,불법유턴,건조,맑음,교차로 - 교차로부근,이륜,남,15세,경상,승용,남,30세,경상
2019032100100410,2019년 3월 21일 16시,목요일,경상남도 김해시 부곡동,경상사고,0,0,1,0,차대차 - 측면충돌,불법유턴,건조,맑음,교차로 - 교차로부근,승용,여,38세,상해없음,승용,여,42세,경상
2019032100100439,2019년 3월 21일 17시,목요일,경상남도 밀양시 하남읍,경상사고,0,0,1,0,차대차 - 측면충돌,교차로운행방법위반,건조,맑음,교차로 - 교차로안,이륜,남,71세,경상,화물,남,52세,상해없음
2019032100100440,2019년 3월 21일 17시,목요일,경상남도 김해시 구산동,경상사고,0,0,1,0,차대차 - 측면충돌,차로위반,건조,맑음,단일로 - 기타,이륜,남,47세,경상,승용,남,50세,상해없음
2019032100100441,2019년 3월 21일 17시,목요일,경상남도 함양군 안의면,중상사고,0,2,0,0,차대차 - 측면충돌,신호위반,건조,맑음,교차로 - 교차로안,화물,남,53세,상해없음,승용,여,59세,중상
2019032100100488,2019년 3월 21일 18시,목요일,경상남도 창원시 마산합포구 창동,경상사고,0,0,1,0,차대차 - 추돌,안전운전불이행,건조,맑음,단일로 - 기타,승용,여,63세,상해없음,승용,여,30세,경상
2019032100100489,2019년 3월 21일 18시,목요일,경상남도 사천시 사남면,경상사고,0,0,1,0,차대차 - 측면충돌,안전운전불이행,건조,맑음,교차로 - 교차로안,승합,남,46세,상해없음,승용,남,22세,경상
2019032100100532,2019년 3월 21일 19시,목요일,경상남도 김해시 부원동,경상사고,0,0,1,0,차대차 - 기타,안전운전불이행,건조,맑음,단일로 - 기타,원동기,남,60세,경상,승용,남,57세,상해없음
2019032100100533,2019년 3월 21일 19시,목요일,경상남도 양산시 물금읍,중상사고,0,1,0,0,차대사람 - 차도통행중,보행자보호의무위반,건조,맑음,교차로 - 교차로안,승용,여,58세,기타불명,보행자,남,74세,중상
2019032100100534,2019년 3월 21일 19시,목요일,경상남도 남해군 고현면,부상신고사고,0,0,0,1,차대차 - 측면충돌,안전운전불이행,건조,맑음,단일로 - 기타,농기계,남,85세,부상신고,승합,여,65세,상해없음
2019032100100560,2019년 3월 21일 20시,목요일,경상남도 김해시 어방동,경상사고,0,0,2,0,차대차 - 측면충돌,안전운전불이행,건조,맑음,단일로 - 기타,원동기,남,45세,경상,원동기,남,24세,경상
2019032200100063,2019년 3월 22일 04시,금요일,경상남도 창원시 의창구 신월동,중상사고,0,1,0,0,차대차 - 정면충돌,중앙선침범,건조,맑음,단일로 - 기타,승용,남,28세,상해없음,승용,남,54세,중상
2019032200100077,2019년 3월 22일 06시,금요일,경상남도 창원시 마산합포구 신포동2가,부상신고사고,0,0,0,1,차량단독 - 기타,안전운전불이행,건조,맑음,단일로 - 기타,자전거,남,84세,부상신고,,,,
2019032200100078,2019년 3월 22일 06시,금요일,경상남도 창원시 성산구 가음동,경상사고,0,0,1,0,차대차 - 추돌,안전운전불이행,건조,맑음,단일로 - 기타,승용,남,50세,상해없음,승용,남,54세,경상
2019032200100105,2019년 3월 22일 07시,금요일,경상남도 양산시 북부동,중상사고,0,1,0,0,차대사람 - 기타,보행자보호의무위반,건조,맑음,기타 - 기타,승용,남,31세,상해없음,보행자,여,79세,중상
2019032200100139,2019년 3월 22일 08시,금요일,경상남도 양산시 물금읍,경상사고,0,0,1,0,차대차 - 기타,안전운전불이행,건조,맑음,단일로 - 기타,자전거,남,46세,경상,승용,남,51세,상해없음
2019032200100140,2019년 3월 22일 08시,금요일,경상남도 고성군 하이면,중상사고,0,2,0,0,차대차 - 측면충돌,기타,건조,맑음,교차로 - 교차로안,승용,남,37세,상해없음,기타불명,남,54세,중상
2019032200100168,2019년 3월 22일 09시,금요일,경상남도 진주시 대안동,중상사고,0,1,0,0,차량단독 - 기타,안전운전불이행,건조,맑음,단일로 - 기타,승합,남,56세,상해없음,,,,
2019032200100169,2019년 3월 22일 09시,금요일,경상남도 사천시 좌룡동,경상사고,0,0,1,0,차대차 - 측면충돌,안전운전불이행,건조,맑음,단일로 - 기타,화물,남,58세,상해없음,화물,남,33세,경상
2019032200100170,2019년 3월 22일 09시,금요일,경상남도 사천시 축동면,경상사고,0,0,3,0,차대차 - 기타,중앙선침범,건조,맑음,단일로 - 기타,승용,여,22세,상해없음,승용,여,27세,경상
2019032200100171,2019년 3월 22일 09시,금요일,경상남도 고성군 고성읍,중상사고,0,1,0,0,차대사람 - 횡단중,안전운전불이행,건조,맑음,단일로 - 기타,승용,남,78세,상해없음,보행자,여,80세,중상
2019032200100193,2019년 3월 22일 10시,금요일,경상남도 고성군 거류면,경상사고,0,0,2,0,차대차 - 추돌,신호위반,건조,맑음,교차로 - 교차로안,승용,여,47세,상해없음,승합,남,62세,경상
2019032200100221,2019년 3월 22일 11시,금요일,경상남도 양산시 평산동,중상사고,0,1,0,0,차대차 - 추돌,안전거리미확보,건조,맑음,교차로 - 교차로부근,화물,남,56세,상해없음,승용,여,40세,중상
2019032200100250,2019년 3월 22일 12시,금요일,경상남도 창원시 마산합포구 중앙동1가,경상사고,0,0,2,0,차대차 - 정면충돌,신호위반,건조,맑음,교차로 - 교차로안,승합,남,56세,상해없음,승용,여,51세,경상
2019032200100251,2019년 3월 22일 12시,금요일,경상남도 창원시 마산합포구 현동,경상사고,0,0,3,0,차대차 - 기타,안전거리미확보,건조,맑음,단일로 - 기타,승용,여,44세,상해없음,승용,여,48세,경상
2019032200100276,2019년 3월 22일 13시,금요일,경상남도 창녕군 남지읍,중상사고,0,1,0,0,차대사람 - 횡단중,안전운전불이행,건조,맑음,단일로 - 기타,승용,여,56세,상해없음,보행자,여,39세,중상
2019032200100277,2019년 3월 22일 13시,금요일,경상남도 창녕군 창녕읍,경상사고,0,0,1,0,차대사람 - 횡단중,안전운전불이행,건조,맑음,교차로 - 교차로부근,승용,남,67세,상해없음,보행자,여,66세,경상
2019032200100278,2019년 3월 22일 13시,금요일,경상남도 김해시 관동동,경상사고,0,0,1,0,차대차 - 측면충돌,신호위반,건조,맑음,교차로 - 교차로부근,승용,여,36세,상해없음,승용,여,45세,경상
2019032200100315,2019년 3월 22일 14시,금요일,경상남도 밀양시 삼랑진읍,경상사고,0,0,2,0,차대차 - 추돌,안전운전불이행,건조,맑음,단일로 - 기타,승용,남,64세,상해없음,승용,여,60세,경상
2019032200100346,2019년 3월 22일 15시,금요일,경상남도 김해시 어방동,경상사고,0,0,1,0,차대차 - 측면충돌,교차로운행방법위반,건조,맑음,교차로 - 교차로안,승용,남,50세,상해없음,이륜,남,25세,경상
2019032200100347,2019년 3월 22일 15시,금요일,경상남도 양산시 삼호동,중상사고,0,1,0,0,차대차 - 기타,교차로운행방법위반,건조,맑음,교차로 - 교차로안,화물,남,36세,상해없음,이륜,남,55세,중상
2019032200100348,2019년 3월 22일 15시,금요일,경상남도 김해시 내덕동,중상사고,0,1,0,0,차대차 - 측면충돌,신호위반,건조,맑음,교차로 - 교차로안,화물,남,37세,상해없음,승용,여,46세,중상
2019032200100386,2019년 3월 22일 16시,금요일,경상남도 김해시 서상동,중상사고,0,2,1,0,차대차 - 측면충돌,교차로운행방법위반,건조,맑음,교차로 - 교차로안,이륜,남,87세,중상,승용,여,25세,경상
2019032200100387,2019년 3월 22일 16시,금요일,경상남도 거창군 남하면,중상사고,0,1,2,0,차대차 - 기타,안전운전불이행,건조,맑음,단일로 - 기타,화물,남,57세,경상,농기계,남,63세,경상
2019032200100388,2019년 3월 22일 16시,금요일,경상남도 창녕군 부곡면,중상사고,0,1,0,0,차대차 - 측면충돌,직진우회전진행방해,건조,맑음,교차로 - 교차로안,승용,여,63세,상해없음,이륜,남,82세,중상
2019032200100429,2019년 3월 22일 17시,금요일,경상남도 창원시 마산합포구 월포동,경상사고,0,0,1,0,차대차 - 후진중충돌,안전운전불이행,건조,맑음,교차로 - 교차로부근,승합,남,52세,상해없음,이륜,남,26세,경상
2019032200100430,2019년 3월 22일 17시,금요일,경상남도 창원시 진해구 경화동,경상사고,0,0,2,0,차대차 - 추돌,안전운전불이행,건조,맑음,교차로 - 교차로부근,승용,여,59세,경상,승용,여,42세,경상
2019032200100431,2019년 3월 22일 17시,금요일,경상남도 사천시 실안동,중상사고,0,1,0,0,차대사람 - 횡단중,안전운전불이행,건조,맑음,단일로 - 기타,승용,여,45세,상해없음,보행자,여,68세,중상
2019032200100432,2019년 3월 22일 17시,금요일,경상남도 밀양시 내일동,중상사고,0,1,0,0,차대사람 - 횡단중,안전운전불이행,건조,맑음,단일로 - 기타,화물,남,52세,상해없음,보행자,여,81세,중상
2019032200100433,2019년 3월 22일 17시,금요일,경상남도 거창군 거창읍,중상사고,0,1,0,0,차대차 - 기타,안전운전불이행,건조,맑음,교차로 - 교차로안,승용,여,46세,상해없음,이륜,남,50세,중상
2019032200100434,2019년 3월 22일 17시,금요일,경상남도 고성군 마암면,경상사고,0,0,1,0,차대차 - 기타,안전운전불이행,건조,맑음,단일로 - 기타,화물,남,49세,상해없음,승용,여,76세,경상
2019032200100435,2019년 3월 22일 17시,금요일,경상남도 고성군 마암면,경상사고,0,0,1,0,차대차 - 기타,안전운전불이행,건조,맑음,단일로 - 기타,화물,남,69세,상해없음,화물,남,58세,상해없음
2019032200100436,2019년 3월 22일 17시,금요일,경상남도 창원시 의창구 팔용동,경상사고,0,0,1,0,차대차 - 추돌,안전운전불이행,건조,맑음,교차로 - 교차로안,화물,남,44세,상해없음,승용,여,61세,경상
2019032200100489,2019년 3월 22일 18시,금요일,경상남도 통영시 무전동,경상사고,0,0,6,0,차대차 - 측면충돌,안전운전불이행,건조,맑음,교차로 - 교차로안,화물,남,57세,상해없음,승합,남,42세,경상
2019032200100490,2019년 3월 22일 18시,금요일,경상남도 거제시 아주동,중상사고,0,1,0,0,차대차 - 측면충돌,안전운전불이행,건조,맑음,교차로 - 교차로부근,승용,남,33세,상해없음,이륜,남,57세,중상
2019032200100533,2019년 3월 22일 19시,금요일,경상남도 창원시 마산회원구 합성동,경상사고,0,0,1,0,차대사람 - 기타,안전운전불이행,건조,맑음,교차로 - 교차로횡단보도내,기타불명,기타불명,미분류,기타불명,보행자,여,75세,경상
2019032200100534,2019년 3월 22일 19시,금요일,경상남도 창원시 의창구 소계동,경상사고,0,0,2,0,차대차 - 측면충돌,안전운전불이행,건조,맑음,교차로 - 교차로안,승용,남,57세,상해없음,화물,남,65세,경상
2019032200100570,2019년 3월 22일 20시,금요일,경상남도 김해시 삼계동,경상사고,0,0,1,0,차대사람 - 길가장자리구역통행중,안전운전불이행,건조,맑음,교차로 - 교차로안,승용,남,52세,상해없음,보행자,남,59세,경상
2019032200100599,2019년 3월 22일 21시,금요일,경상남도 김해시 동상동,경상사고,0,0,1,0,차대차 - 측면충돌,안전운전불이행,건조,맑음,교차로 - 교차로안,승용,여,58세,상해없음,승용,남,49세,경상
2019032200100600,2019년 3월 22일 21시,금요일,경상남도 함안군 가야읍,경상사고,0,0,2,0,차대차 - 추돌,안전운전불이행,건조,맑음,교차로 - 교차로부근,승용,여,40세,상해없음,승용,남,24세,경상
2019032200100628,2019년 3월 22일 22시,금요일,경상남도 밀양시 교동,중상사고,0,1,0,0,차대사람 - 기타,안전운전불이행,건조,맑음,단일로 - 기타,승용,여,36세,상해없음,보행자,남,47세,중상
2019032200100629,2019년 3월 22일 22시,금요일,경상남도 양산시 상북면,중상사고,0,2,0,0,차대차 - 추돌,안전운전불이행,건조,맑음,단일로 - 기타,승용,남,45세,상해없음,승용,남,56세,중상
2019032300100028,2019년 3월 23일 00시,토요일,경상남도 양산시 물금읍,중상사고,0,1,1,0,차대차 - 기타,신호위반,건조,맑음,교차로 - 교차로안,승용,여,36세,기타불명,승용,남,62세,중상
2019032300100043,2019년 3월 23일 01시,토요일,경상남도 김해시 생림면,중상사고,0,1,0,0,차대차 - 추돌,안전운전불이행,건조,맑음,단일로 - 기타,화물,남,55세,중상,화물,기타불명,미분류,기타불명
2019032300100044,2019년 3월 23일 01시,토요일,경상남도 창원시 성산구 내동,경상사고,0,0,1,0,차량단독 - 기타,안전운전불이행,건조,맑음,단일로 - 기타,이륜,남,18세,경상,,,,
2019032300100069,2019년 3월 23일 03시,토요일,경상남도 김해시 내동,경상사고,0,0,1,0,차대사람 - 횡단중,보행자보호의무위반,건조,맑음,교차로 - 교차로횡단보도내,승용,남,68세,상해없음,보행자,여,21세,경상
2019032300100078,2019년 3월 23일 04시,토요일,경상남도 남해군 삼동면,중상사고,0,1,14,3,차량단독 - 공작물충돌,안전운전불이행,건조,맑음,단일로 - 기타,승합,남,51세,상해없음,,,,
2019032300100099,2019년 3월 23일 06시,토요일,경상남도 창원시 성산구 반지동,경상사고,0,0,1,0,차대사람 - 기타,안전운전불이행,건조,맑음,단일로 - 기타,승용,여,47세,상해없음,보행자,여,47세,경상
2019032300100100,2019년 3월 23일 06시,토요일,경상남도 창원시 의창구 대원동,경상사고,0,0,1,0,차대차 - 정면충돌,안전운전불이행,건조,맑음,교차로 - 교차로부근,원동기,남,33세,상해없음,승용,남,64세,경상
2019032300100116,2019년 3월 23일 07시,토요일,경상남도 창원시 마산합포구 산호동,경상사고,0,0,1,0,차대차 - 추돌,안전운전불이행,건조,맑음,교차로 - 교차로부근,승용,남,24세,상해없음,승용,여,51세,상해없음
2019032300100137,2019년 3월 23일 08시,토요일,경상남도 창원시 의창구 동읍,경상사고,0,0,2,0,차대차 - 측면충돌,안전운전불이행,건조,맑음,단일로 - 기타,건설기계,남,42세,상해없음,승용,남,64세,경상
2019032300100158,2019년 3월 23일 09시,토요일,경상남도 김해시 내동,중상사고,0,1,2,0,차대차 - 측면충돌,안전운전불이행,건조,맑음,교차로 - 교차로안,승용,여,46세,경상,승용,남,58세,중상
2019032300100159,2019년 3월 23일 09시,토요일,경상남도 김해시 진례면,중상사고,0,2,0,0,차대차 - 측면충돌,신호위반,건조,맑음,교차로 - 교차로안,화물,남,51세,상해없음,화물,남,57세,중상
2019032300100160,2019년 3월 23일 09시,토요일,경상남도 김해시 대청동,경상사고,0,0,4,0,차대차 - 추돌,안전운전불이행,건조,맑음,단일로 - 기타,화물,남,43세,상해없음,화물,남,69세,경상
2019032300100183,2019년 3월 23일 10시,토요일,경상남도 통영시 북신동,경상사고,0,0,1,0,차대사람 - 횡단중,보행자보호의무위반,건조,맑음,교차로 - 교차로횡단보도내,승용,남,63세,상해없음,보행자,여,41세,경상
2019032300100184,2019년 3월 23일 10시,토요일,경상남도 합천군 대양면,중상사고,0,1,0,0,차대차 - 측면충돌,안전운전불이행,건조,맑음,교차로 - 교차로안,승용,남,58세,상해없음,이륜,남,75세,중상
2019032300100185,2019년 3월 23일 10시,토요일,경상남도 창녕군 부곡면,경상사고,0,0,1,0,차대차 - 기타,기타,건조,맑음,교차로 - 교차로안,승용,남,70세,상해없음,이륜,남,56세,경상
2019032300100186,2019년 3월 23일 10시,토요일,경상남도 김해시 대청동,경상사고,0,0,6,0,차대차 - 정면충돌,안전운전불이행,건조,기타,교차로 - 교차로안,승용,여,37세,경상,승용,남,67세,경상
2019032300100220,2019년 3월 23일 11시,토요일,경상남도 통영시 서호동,중상사고,0,3,4,0,차대차 - 측면충돌,교차로운행방법위반,건조,맑음,교차로 - 교차로안,화물,남,68세,상해없음,승합,남,48세,경상
2019032300100221,2019년 3월 23일 11시,토요일,경상남도 김해시 삼계동,경상사고,0,0,1,0,차대사람 - 횡단중,안전운전불이행,건조,맑음,단일로 - 기타,승용,남,40세,상해없음,보행자,남,8세,경상
2019032300100222,2019년 3월 23일 11시,토요일,경상남도 양산시 물금읍,경상사고,0,0,2,0,차대차 - 추돌,안전운전불이행,건조,맑음,교차로 - 교차로부근,승용,여,32세,상해없음,승용,남,42세,경상
2019032300100297,2019년 3월 23일 13시,토요일,경상남도 창원시 진해구 석동,경상사고,0,0,1,0,차대차 - 추돌,안전운전불이행,건조,맑음,교차로 - 교차로부근,승용,남,30세,상해없음,승합,남,43세,경상
2019032300100298,2019년 3월 23일 13시,토요일,경상남도 함안군 칠원읍,경상사고,0,0,1,0,차대차 - 추돌,안전거리미확보,건조,맑음,단일로 - 기타,승용,남,20세,상해없음,승용,남,38세,기타불명
2019032300100343,2019년 3월 23일 14시,토요일,경상남도 밀양시 하남읍,경상사고,0,0,1,0,차대차 - 측면충돌,안전운전불이행,건조,맑음,단일로 - 기타,이륜,남,82세,상해없음,자전거,여,32세,경상
2019032300100344,2019년 3월 23일 14시,토요일,경상남도 하동군 하동읍,경상사고,0,0,3,0,차대차 - 측면충돌,중앙선침범,건조,맑음,단일로 - 기타,승용,여,57세,경상,승용,남,24세,경상
2019032300100372,2019년 3월 23일 15시,토요일,경상남도 창원시 진해구 석동,경상사고,0,0,1,0,차대차 - 추돌,안전운전불이행,건조,맑음,단일로 - 기타,승용,남,34세,상해없음,승용,여,29세,경상
2019032300100373,2019년 3월 23일 15시,토요일,경상남도 양산시 동면,중상사고,0,1,1,0,차대차 - 측면충돌,신호위반,건조,맑음,교차로 - 교차로안,승용,여,57세,경상,승용,남,54세,중상
2019032300100374,2019년 3월 23일 15시,토요일,경상남도 김해시 진영읍,경상사고,0,0,1,0,차대사람 - 횡단중,신호위반,건조,기타,교차로 - 교차로안,이륜,남,19세,상해없음,보행자,여,66세,경상
2019032300100420,2019년 3월 23일 16시,토요일,경상남도 밀양시 상동면,중상사고,0,1,2,0,차대차 - 측면충돌,안전운전불이행,건조,맑음,단일로 - 기타,승용,여,54세,상해없음,승용,남,66세,경상