사고번호,사고일시,요일,시군구,사고내용,사망자수,중상자수,경상자수,부상신고자수,사고유형,법규위반,노면상태,기상상태,도로형태,가해운전자 차종,가해운전자 성별,가해운전자 연령,가해운전자 상해정도,피해운전자 차종,피해운전자 성별,피해운전자 연령,피해운전자 상해정도
2019032300100421,2019년 3월 23일 16시,토요일,경상남도 산청군 생초면,중상사고,0,1,0,0,차대차 - 측면충돌,교차로운행방법위반,젖음/습기,비,교차로 - 교차로안,승용,여,49세,상해없음,이륜,남,80세,중상
2019032300100482,2019년 3월 23일 18시,토요일,경상남도 거제시 옥포동,경상사고,0,0,1,0,차대차 - 기타,안전운전불이행,건조,맑음,교차로 - 교차로안,이륜,남,33세,경상,승용,여,49세,상해없음
2019032300100483,2019년 3월 23일 18시,토요일,경상남도 창원시 마산회원구 양덕동,중상사고,0,1,1,0,차대차 - 측면충돌,안전운전불이행,젖음/습기,비,교차로 - 교차로안,승용,남,47세,상해없음,승용,남,24세,중상
2019032300100517,2019년 3월 23일 19시,토요일,경상남도 창원시 진해구 용원동,경상사고,0,0,2,0,차대차 - 추돌,안전운전불이행,젖음/습기,흐림,단일로 - 기타,화물,남,49세,상해없음,승합,남,51세,경상
2019032300100518,2019년 3월 23일 19시,토요일,경상남도 통영시 용남면,경상사고,0,0,4,0,차대차 - 측면충돌,안전운전불이행,건조,맑음,단일로 - 기타,화물,남,66세,경상,승용,남,50세,경상
2019032300100519,2019년 3월 23일 19시,토요일,경상남도 통영시 용남면,경상사고,0,0,3,0,차대차 - 추돌,안전운전불이행,건조,맑음,단일로 - 기타,승용,남,30세,상해없음,승용,여,61세,경상
2019032300100520,2019년 3월 23일 19시,토요일,경상남도 창원시 의창구 동읍,경상사고,0,0,1,0,차대차 - 측면충돌,안전운전불이행,젖음/습기,흐림,교차로 - 교차로안,화물,여,49세,상해없음,이륜,남,17세,경상
2019032300100572,2019년 3월 23일 21시,토요일,경상남도 사천시 벌리동,경상사고,0,0,1,0,차대사람 - 차도통행중,안전운전불이행,건조,맑음,교차로 - 교차로안,화물,남,57세,상해없음,보행자,여,60세,경상
2019032300100602,2019년 3월 23일 22시,토요일,경상남도 거제시 사등면,중상사고,0,1,2,0,차대사람 - 기타,안전운전불이행,건조,맑음,단일로 - 기타,승용,남,61세,상해없음,보행자,남,48세,중상
2019032300100603,2019년 3월 23일 22시,토요일,경상남도 창원시 성산구 신촌동,경상사고,0,0,1,0,차대차 - 추돌,안전운전불이행,건조,맑음,교차로 - 교차로부근,승용,남,61세,상해없음,승용,남,31세,상해없음
2019032400100051,2019년 3월 24일 01시,일요일,경상남도 양산시 명동,경상사고,0,0,2,0,차대차 - 측면충돌,직진우회전진행방해,건조,맑음,교차로 - 교차로안,승용,남,58세,경상,승용,남,45세,경상
2019032400100086,2019년 3월 24일 04시,일요일,경상남도 진주시 동성동,경상사고,0,0,3,0,차대차 - 추돌,안전운전불이행,건조,맑음,단일로 - 기타,승용,남,24세,상해없음,승용,남,57세,경상
2019032400100101,2019년 3월 24일 06시,일요일,경상남도 김해시 삼방동,경상사고,0,0,1,0,차대사람 - 보도통행중,기타,건조,맑음,단일로 - 기타,승용,여,41세,상해없음,보행자,여,21세,경상
2019032400100108,2019년 3월 24일 07시,일요일,경상남도 김해시 진영읍,중상사고,0,1,2,0,차대차 - 정면충돌,신호위반,건조,맑음,교차로 - 교차로안,승용,여,52세,경상,화물,남,64세,중상
2019032400100134,2019년 3월 24일 09시,일요일,경상남도 통영시 북신동,중상사고,0,1,1,1,차대차 - 측면충돌,안전운전불이행,건조,맑음,교차로 - 교차로안,승용,남,55세,부상신고,승용,여,37세,중상
2019032400100135,2019년 3월 24일 09시,일요일,경상남도 거창군 위천면,부상신고사고,0,0,0,1,차대차 - 정면충돌,직진우회전진행방해,건조,맑음,교차로 - 교차로안,이륜,남,81세,부상신고,승용,여,50세,상해없음
2019032400100136,2019년 3월 24일 09시,일요일,경상남도 양산시 물금읍,경상사고,0,0,1,0,차대차 - 측면충돌,안전운전불이행,건조,맑음,교차로 - 교차로안,승용,남,56세,상해없음,승용,여,52세,경상
2019032400100137,2019년 3월 24일 09시,일요일,경상남도 창원시 의창구 봉곡동,중상사고,0,1,0,0,차대차 - 기타,안전운전불이행,건조,맑음,교차로 - 교차로안,화물,남,53세,상해없음,원동기,남,71세,중상
2019032400100195,2019년 3월 24일 11시,일요일,경상남도 함양군 지곡면,중상사고,0,1,0,0,차대차 - 추돌,안전운전불이행,건조,맑음,단일로 - 기타,이륜,남,26세,상해없음,이륜,남,45세,중상
2019032400100196,2019년 3월 24일 11시,일요일,경상남도 김해시 삼문동,중상사고,0,1,0,0,차대사람 - 차도통행중,안전운전불이행,건조,맑음,기타 - 기타,승용,여,51세,상해없음,보행자,남,64세,중상
2019032400100223,2019년 3월 24일 12시,일요일,경상남도 진주시 대곡면,중상사고,0,1,1,0,차대차 - 측면충돌,중앙선침범,건조,맑음,단일로 - 기타,화물,남,47세,경상,화물,남,31세,중상
2019032400100253,2019년 3월 24일 13시,일요일,경상남도 남해군 설천면,중상사고,0,1,0,0,차대차 - 측면충돌,안전운전불이행,건조,맑음,단일로 - 기타,화물,남,74세,상해없음,이륜,남,77세,중상
2019032400100254,2019년 3월 24일 13시,일요일,경상남도 창원시 성산구 상남동,중상사고,0,1,0,0,차대사람 - 차도통행중,안전운전불이행,건조,맑음,교차로 - 교차로안,승용,남,58세,상해없음,보행자,여,58세,중상
2019032400100284,2019년 3월 24일 14시,일요일,경상남도 창원시 진해구 석동,경상사고,0,0,3,0,차대차 - 추돌,안전운전불이행,건조,맑음,단일로 - 터널,승용,남,35세,상해없음,승용,남,26세,경상
2019032400100285,2019년 3월 24일 14시,일요일,경상남도 김해시 삼방동,경상사고,0,0,3,0,차대차 - 측면충돌,직진우회전진행방해,건조,맑음,교차로 - 교차로안,승용,여,51세,경상,승용,여,44세,경상
2019032400100286,2019년 3월 24일 14시,일요일,경상남도 양산시 하북면,중상사고,0,1,0,0,차대사람 - 횡단중,안전운전불이행,건조,맑음,교차로 - 교차로안,승용,남,69세,상해없음,보행자,여,68세,중상
2019032400100287,2019년 3월 24일 14시,일요일,경상남도 창원시 마산회원구 양덕동,중상사고,0,1,0,0,차대사람 - 기타,안전운전불이행,건조,맑음,단일로 - 기타,기타불명,기타불명,미분류,기타불명,보행자,여,90세 이상,중상
2019032400100317,2019년 3월 24일 15시,일요일,경상남도 진주시 수정동,중상사고,0,1,0,0,차대사람 - 길가장자리구역통행중,안전운전불이행,건조,맑음,교차로 - 교차로부근,승용,남,82세,상해없음,보행자,여,77세,중상
2019032400100318,2019년 3월 24일 15시,일요일,경상남도 창원시 진해구 여좌동,경상사고,0,0,1,0,차대사람 - 차도통행중,안전운전불이행,건조,맑음,기타 - 기타,승용,남,21세,상해없음,보행자,남,47세,경상
2019032400100319,2019년 3월 24일 15시,일요일,경상남도 사천시 송포동,경상사고,0,0,1,0,차량단독 - 기타,안전운전불이행,건조,맑음,단일로 - 기타,사륜오토바이(ATV),남,57세,상해없음,,,,
2019032400100320,2019년 3월 24일 15시,일요일,경상남도 김해시 서상동,경상사고,0,0,1,0,차대사람 - 길가장자리구역통행중,안전운전불이행,건조,맑음,단일로 - 기타,승용,여,37세,상해없음,보행자,남,61세,경상
2019032400100321,2019년 3월 24일 15시,일요일,경상남도 양산시 원동면,경상사고,0,0,1,0,차대사람 - 기타,안전운전불이행,건조,맑음,단일로 - 기타,승용,여,45세,상해없음,보행자,여,38세,경상
2019032400100354,2019년 3월 24일 16시,일요일,경상남도 거창군 거창읍,경상사고,0,0,1,1,차대차 - 측면충돌,안전운전불이행,건조,맑음,교차로 - 교차로안,승용,남,74세,부상신고,승용,여,42세,경상
2019032400100355,2019년 3월 24일 16시,일요일,경상남도 창원시 의창구 팔용동,경상사고,0,0,1,0,차대차 - 기타,안전운전불이행,건조,맑음,교차로 - 교차로안,승용,남,64세,상해없음,승용,남,32세,경상
2019032400100408,2019년 3월 24일 18시,일요일,경상남도 사천시 신벽동,경상사고,0,0,1,0,차대사람 - 차도통행중,안전운전불이행,건조,맑음,단일로 - 기타,화물,남,55세,상해없음,보행자,여,71세,경상
2019032400100409,2019년 3월 24일 18시,일요일,경상남도 김해시 삼방동,경상사고,0,0,1,0,차대사람 - 횡단중,신호위반,건조,맑음,교차로 - 교차로안,이륜,남,17세,상해없음,보행자,여,13세,경상
2019032400100436,2019년 3월 24일 19시,일요일,경상남도 거창군 거창읍,중상사고,0,2,0,1,차대차 - 측면충돌,신호위반,건조,맑음,교차로 - 교차로안,승용,남,67세,부상신고,승합,남,59세,중상
2019032400100437,2019년 3월 24일 19시,일요일,경상남도 거제시 연초면,경상사고,0,0,3,0,차대차 - 추돌,안전운전불이행,건조,맑음,교차로 - 교차로부근,승용,남,42세,상해없음,승용,남,56세,상해없음
2019032400100438,2019년 3월 24일 19시,일요일,경상남도 김해시 대청동,경상사고,0,0,1,0,차대차 - 측면충돌,안전운전불이행,건조,맑음,단일로 - 기타,승용,남,60세,상해없음,승용,남,39세,경상
2019032400100461,2019년 3월 24일 20시,일요일,경상남도 거제시 옥포동,경상사고,0,0,3,0,차대차 - 측면충돌,안전운전불이행,건조,맑음,단일로 - 기타,승용,여,24세,경상,승용,남,35세,경상
2019032400100506,2019년 3월 24일 22시,일요일,경상남도 통영시 명정동,경상사고,0,0,2,0,차대차 - 측면충돌,신호위반,건조,맑음,교차로 - 교차로안,승용,남,18세,상해없음,승용,남,64세,경상
2019032400100507,2019년 3월 24일 22시,일요일,경상남도 김해시 삼계동,중상사고,0,2,1,0,차대차 - 측면충돌,안전운전불이행,건조,맑음,교차로 - 교차로안,이륜,남,18세,경상,승용,남,62세,중상
2019032400100521,2019년 3월 24일 23시,일요일,경상남도 통영시 광도면,경상사고,0,0,1,0,차대사람 - 기타,안전운전불이행,건조,맑음,교차로 - 교차로안,승용,남,27세,상해없음,보행자,남,21세,경상
2019032400100522,2019년 3월 24일 23시,일요일,경상남도 거제시 아주동,경상사고,0,0,1,0,차대차 - 정면충돌,안전운전불이행,건조,맑음,단일로 - 기타,승용,남,29세,상해없음,승용,남,39세,경상
2019032500100080,2019년 3월 25일 07시,월요일,경상남도 진주시 상대동,중상사고,0,1,1,0,차대차 - 추돌,안전운전불이행,건조,맑음,교차로 - 교차로부근,승용,여,50세,상해없음,원동기,남,51세,경상
2019032500100125,2019년 3월 25일 08시,월요일,경상남도 김해시 내동,경상사고,0,0,1,0,차대차 - 기타,중앙선침범,건조,맑음,교차로 - 교차로부근,자전거,남,78세,경상,승용,남,24세,상해없음
2019032500100126,2019년 3월 25일 08시,월요일,경상남도 양산시 상북면,경상사고,0,0,2,0,차대차 - 측면충돌,신호위반,건조,맑음,교차로 - 교차로안,승용,남,27세,상해없음,승용,남,35세,경상
2019032500100127,2019년 3월 25일 08시,월요일,경상남도 의령군 부림면,경상사고,0,0,1,0,차대차 - 측면충돌,안전운전불이행,건조,맑음,단일로 - 기타,승합,남,46세,상해없음,이륜,남,76세,경상
2019032500100128,2019년 3월 25일 08시,월요일,경상남도 창원시 성산구 반림동,중상사고,0,1,0,0,차대차 - 측면충돌,안전운전불이행,건조,맑음,단일로 - 기타,승용,여,37세,상해없음,자전거,여,29세,중상
2019032500100192,2019년 3월 25일 10시,월요일,경상남도 창원시 마산합포구 창포동2가,경상사고,0,0,1,1,차대차 - 기타,교차로운행방법위반,건조,맑음,교차로 - 교차로안,승용,남,63세,상해없음,승합,여,60세,상해없음
2019032500100272,2019년 3월 25일 13시,월요일,경상남도 거제시 아주동,경상사고,0,0,1,0,차대차 - 측면충돌,신호위반,건조,맑음,교차로 - 교차로안,승용,남,58세,상해없음,승용,남,52세,경상
2019032500100273,2019년 3월 25일 13시,월요일,경상남도 의령군 부림면,중상사고,0,1,0,0,차대차 - 측면충돌,직진우회전진행방해,건조,맑음,교차로 - 교차로안,승용,여,32세,상해없음,이륜,남,73세,중상
2019032500100308,2019년 3월 25일 14시,월요일,경상남도 김해시 어방동,경상사고,0,0,1,3,차대차 - 추돌,안전운전불이행,건조,맑음,교차로 - 교차로부근,승용,남,65세,경상,승합,남,57세,상해없음
2019032500100338,2019년 3월 25일 15시,월요일,경상남도 창원시 마산합포구 해운동,부상신고사고,0,0,0,1,차대사람 - 길가장자리구역통행중,안전운전불이행,건조,맑음,교차로 - 교차로부근,승용,여,60세,상해없음,보행자,남,77세,부상신고
2019032500100339,2019년 3월 25일 15시,월요일,경상남도 진주시 충무공동,경상사고,0,0,3,0,차대차 - 측면충돌,교차로운행방법위반,건조,맑음,교차로 - 교차로안,화물,남,58세,경상,승용,남,47세,경상
2019032500100340,2019년 3월 25일 15시,월요일,경상남도 남해군 삼동면,사망사고,1,1,0,0,차대차 - 정면충돌,중앙선침범,건조,맑음,단일로 - 기타,화물,남,55세,중상,건설기계,남,49세,상해없음
2019032500100374,2019년 3월 25일 16시,월요일,경상남도 진주시 칠암동,경상사고,0,0,1,0,차대차 - 측면충돌,안전운전불이행,건조,맑음,교차로 - 교차로부근,이륜,남,19세,상해없음,자전거,남,76세,경상
2019032500100375,2019년 3월 25일 16시,월요일,경상남도 사천시 용현면,경상사고,0,0,1,0,차대차 - 측면충돌,안전운전불이행,건조,맑음,단일로 - 기타,화물,남,57세,상해없음,승용,여,39세,경상
2019032500100376,2019년 3월 25일 16시,월요일,경상남도 김해시 내동,경상사고,0,0,1,0,차대사람 - 차도통행중,안전운전불이행,건조,맑음,교차로 - 교차로안,승용,여,39세,상해없음,보행자,남,48세,경상
2019032500100377,2019년 3월 25일 16시,월요일,경상남도 창원시 마산합포구 산호동,경상사고,0,0,1,0,차대사람 - 기타,안전운전불이행,건조,맑음,단일로 - 기타,화물,남,63세,상해없음,보행자,남,61세,경상
2019032500100422,2019년 3월 25일 17시,월요일,경상남도 합천군 가야면,사망사고,1,0,1,0,차대차 - 추돌,안전운전불이행,건조,맑음,단일로 - 터널,승용,남,74세,사망,화물,남,45세,상해없음
2019032500100464,2019년 3월 25일 18시,월요일,경상남도 김해시 구산동,경상사고,0,0,2,0,차대차 - 기타,안전운전불이행,건조,맑음,단일로 - 기타,승용,남,46세,상해없음,이륜,남,16세,경상
2019032500100503,2019년 3월 25일 19시,월요일,경상남도 창원시 마산합포구 중앙동3가,경상사고,0,0,1,0,차대차 - 측면충돌,안전운전불이행,건조,맑음,단일로 - 기타,승용,남,51세,상해없음,승용,남,40세,경상
2019032500100532,2019년 3월 25일 20시,월요일,경상남도 통영시 광도면,경상사고,0,0,1,0,차대차 - 정면충돌,신호위반,건조,맑음,교차로 - 교차로안,승용,여,33세,상해없음,승용,여,44세,경상
2019032500100533,2019년 3월 25일 20시,월요일,경상남도 창원시 마산회원구 석전동,경상사고,0,0,3,0,차대차 - 추돌,안전운전불이행,건조,맑음,교차로 - 교차로부근,화물,남,52세,상해없음,승용,여,38세,경상
2019032500100595,2019년 3월 25일 22시,월요일,경상남도 김해시 풍유동,경상사고,0,0,3,0,차대차 - 측면충돌,신호위반,건조,맑음,교차로 - 교차로안,승용,남,41세,상해없음,승용,남,54세,경상
2019032600100038,2019년 3월 26일 01시,화요일,경상남도 양산시 상북면,경상사고,0,0,1,0,차대차 - 추돌,안전거리미확보,건조,맑음,단일로 - 기타,승용,여,58세,상해없음,승용,여,47세,상해없음
2019032600100109,2019년 3월 26일 07시,화요일,경상남도 사천시 용강동,경상사고,0,0,1,0,차량단독 - 도로외이탈 - 기타,안전운전불이행,건조,맑음,단일로 - 기타,승용,여,57세,경상,,,,
2019032600100110,2019년 3월 26일 07시,화요일,경상남도 거제시 고현동,중상사고,0,1,1,0,차대차 - 측면충돌,신호위반,건조,맑음,교차로 - 교차로안,이륜,남,36세,중상,승용,여,59세,경상
2019032600100111,2019년 3월 26일 07시,화요일,경상남도 창원시 마산회원구 합성동,중상사고,0,1,0,0,차대사람 - 횡단중,안전운전불이행,건조,맑음,교차로 - 교차로안,승용,남,49세,상해없음,보행자,여,69세,중상
2019032600100112,2019년 3월 26일 07시,화요일,경상남도 창원시 의창구 북면,경상사고,0,0,1,0,차대차 - 측면충돌,안전운전불이행,건조,맑음,단일로 - 기타,기타불명,기타불명,미분류,기타불명,원동기,남,38세,경상
2019032600100142,2019년 3월 26일 08시,화요일,경상남도 진주시 문산읍,경상사고,0,0,2,0,차대차 - 측면충돌,직진우회전진행방해,건조,맑음,교차로 - 교차로안,승용,여,60세,경상,승용,여,57세,경상
2019032600100143,2019년 3월 26일 08시,화요일,경상남도 밀양시 내이동,중상사고,0,1,1,0,차대차 - 측면충돌,신호위반,건조,맑음,교차로 - 교차로안,이륜,남,85세,경상,승용,남,58세,상해없음
2019032600100144,2019년 3월 26일 08시,화요일,경상남도 창원시 의창구 팔용동,경상사고,0,0,1,0,차대차 - 기타,안전운전불이행,건조,맑음,기타 - 기타,화물,남,63세,상해없음,승용,남,24세,경상
2019032600100179,2019년 3월 26일 09시,화요일,경상남도 밀양시 내이동,경상사고,0,0,1,0,차대사람 - 기타,안전운전불이행,건조,맑음,교차로 - 교차로안,승용,여,50세,상해없음,보행자,남,86세,경상
2019032600100180,2019년 3월 26일 09시,화요일,경상남도 창원시 의창구 동읍,경상사고,0,0,1,0,차대사람 - 기타,안전운전불이행,건조,맑음,기타 - 기타,승합,남,51세,상해없음,보행자,남,82세,경상
2019032600100201,2019년 3월 26일 10시,화요일,경상남도 고성군 동해면,중상사고,0,1,0,0,차대사람 - 기타,안전운전불이행,건조,맑음,단일로 - 기타,화물,남,59세,상해없음,보행자,여,86세,중상
2019032600100202,2019년 3월 26일 10시,화요일,경상남도 고성군 마암면,중상사고,0,1,0,0,차대차 - 기타,안전거리미확보,건조,맑음,교차로 - 교차로안,화물,남,37세,상해없음,화물,남,41세,중상
2019032600100203,2019년 3월 26일 10시,화요일,경상남도 창원시 마산합포구 산호동,경상사고,0,0,1,0,차대차 - 측면충돌,신호위반,건조,맑음,교차로 - 교차로안,승용,남,81세,상해없음,승용,여,52세,경상
2019032600100238,2019년 3월 26일 11시,화요일,경상남도 진주시 금산면,중상사고,0,1,0,0,차대차 - 기타,안전운전불이행,건조,맑음,단일로 - 기타,자전거,남,90세 이상,중상,승용,여,41세,상해없음
2019032600100239,2019년 3월 26일 11시,화요일,경상남도 거제시 장평동,중상사고,0,1,0,0,차대차 - 측면충돌,직진우회전진행방해,건조,맑음,교차로 - 교차로안,승용,남,73세,상해없음,이륜,남,51세,중상
2019032600100240,2019년 3월 26일 11시,화요일,경상남도 창원시 의창구 팔용동,경상사고,0,0,2,0,차대차 - 기타,안전운전불이행,건조,맑음,기타 - 기타,승용,여,55세,경상,승용,남,74세,경상
2019032600100293,2019년 3월 26일 13시,화요일,경상남도 김해시 진영읍,경상사고,0,0,2,1,차대차 - 측면충돌,신호위반,건조,맑음,교차로 - 교차로안,승용,남,43세,부상신고,화물,남,35세,경상
2019032600100353,2019년 3월 26일 15시,화요일,경상남도 창원시 마산합포구 진북면,중상사고,0,2,0,0,차대차 - 기타,교차로운행방법위반,건조,맑음,교차로 - 교차로안,화물,여,52세,상해없음,승용,남,59세,중상
2019032600100354,2019년 3월 26일 15시,화요일,경상남도 김해시 부원동,경상사고,0,0,1,0,차대차 - 기타,신호위반,건조,맑음,교차로 - 교차로안,화물,남,69세,상해없음,승용,여,52세,경상
2019032600100355,2019년 3월 26일 15시,화요일,경상남도 함안군 가야읍,중상사고,0,1,0,0,차대사람 - 횡단중,보행자보호의무위반,건조,맑음,교차로 - 교차로안,승용,여,58세,상해없음,보행자,여,59세,중상
2019032600100400,2019년 3월 26일 16시,화요일,경상남도 합천군 초계면,경상사고,0,0,1,0,차량단독 - 전도전복 - 전도,안전운전불이행,건조,맑음,단일로 - 기타,이륜,남,83세,경상,,,,
2019032600100401,2019년 3월 26일 16시,화요일,경상남도 창원시 마산회원구 봉암동,중상사고,0,1,0,0,차대사람 - 횡단중,보행자보호의무위반,건조,맑음,교차로 - 교차로부근,승합,남,63세,상해없음,보행자,여,67세,중상
2019032600100402,2019년 3월 26일 16시,화요일,경상남도 창원시 의창구 소답동,중상사고,0,1,0,0,차대사람 - 기타,안전운전불이행,건조,맑음,기타 - 기타,승용,여,51세,상해없음,보행자,남,6세,중상
2019032600100445,2019년 3월 26일 17시,화요일,경상남도 합천군 초계면,경상사고,0,0,2,0,차대차 - 측면충돌,교차로운행방법위반,건조,맑음,교차로 - 교차로안,승합,여,67세,경상,화물,남,60세,경상
2019032600100446,2019년 3월 26일 17시,화요일,경상남도 양산시 남부동,경상사고,0,0,1,0,차대차 - 측면충돌,안전거리미확보,건조,맑음,단일로 - 기타,기타불명,기타불명,미분류,기타불명,화물,남,48세,경상
2019032600100447,2019년 3월 26일 17시,화요일,경상남도 거제시 장평동,중상사고,0,1,0,0,차대차 - 측면충돌,안전운전불이행,건조,맑음,교차로 - 교차로안,승용,여,50세,상해없음,자전거,남,18세,중상
2019032600100448,2019년 3월 26일 17시,화요일,경상남도 산청군 시천면,중상사고,0,1,0,0,차량단독 - 공작물충돌,안전운전불이행,건조,맑음,단일로 - 기타,승용,여,54세,중상,,,,
2019032600100449,2019년 3월 26일 17시,화요일,경상남도 창원시 의창구 신월동,경상사고,0,0,2,0,차대차 - 추돌,안전운전불이행,건조,맑음,교차로 - 교차로부근,승용,남,61세,상해없음,승용,남,56세,경상
2019032600100482,2019년 3월 26일 18시,화요일,경상남도 창원시 마산합포구 상남동,경상사고,0,0,1,0,차대차 - 기타,교차로운행방법위반,건조,맑음,교차로 - 교차로부근,승용,남,71세,상해없음,승용,남,49세,상해없음
2019032600100483,2019년 3월 26일 18시,화요일,경상남도 진주시 금산면,중상사고,0,1,1,0,차대차 - 정면충돌,신호위반,건조,맑음,교차로 - 교차로안,승용,남,26세,경상,화물,남,51세,중상
2019032600100484,2019년 3월 26일 18시,화요일,경상남도 양산시 교동,경상사고,0,0,1,0,차대차 - 추돌,안전운전불이행,건조,맑음,단일로 - 기타,승용,남,40세,상해없음,승용,여,38세,경상
2019032600100485,2019년 3월 26일 18시,화요일,경상남도 창원시 의창구 명서동,중상사고,0,1,0,0,차대차 - 기타,신호위반,건조,맑음,교차로 - 교차로안,승용,여,23세,상해없음,이륜,남,64세,중상
2019032600100486,2019년 3월 26일 18시,화요일,경상남도 창원시 의창구 동읍,경상사고,0,0,2,0,차대차 - 기타,안전운전불이행,건조,맑음,기타 - 기타,승용,남,54세,상해없음,승용,남,32세,경상
2019032600100487,2019년 3월 26일 18시,화요일,경상남도 김해시 관동동,중상사고,0,1,2,0,차대차 - 측면충돌,안전운전불이행,건조,맑음,교차로 - 교차로안,승용,남,63세,경상,이륜,남,17세,중상
2019032600100522,2019년 3월 26일 19시,화요일,경상남도 남해군 이동면,사망사고,1,0,0,0,차대사람 - 횡단중,보행자보호의무위반,건조,흐림,단일로 - 기타,승용,남,32세,상해없음,보행자,여,75세,사망
2019032600100523,2019년 3월 26일 19시,화요일,경상남도 김해시 한림면,중상사고,0,1,0,0,차대사람 - 기타,안전운전불이행,건조,맑음,단일로 - 기타,승합,여,55세,상해없음,보행자,남,46세,중상
2019032600100524,2019년 3월 26일 19시,화요일,경상남도 김해시 부곡동,중상사고,0,1,0,0,차대차 - 측면충돌,중앙선침범,건조,맑음,교차로 - 교차로안,승용,남,52세,상해없음,승용,남,79세,중상
2019032600100559,2019년 3월 26일 20시,화요일,경상남도 김해시 대성동,경상사고,0,0,1,0,차대사람 - 기타,안전운전불이행,건조,맑음,교차로 - 교차로안,화물,남,75세,상해없음,보행자,남,73세,경상
2019032600100586,2019년 3월 26일 21시,화요일,경상남도 창원시 마산회원구 구암동,중상사고,0,1,0,0,차대차 - 측면충돌,안전운전불이행,건조,맑음,교차로 - 교차로부근,승용,남,53세,상해없음,승용,남,53세,중상
2019032600100608,2019년 3월 26일 22시,화요일,경상남도 창원시 마산회원구 석전동,중상사고,0,1,0,0,차대사람 - 차도통행중,안전운전불이행,건조,맑음,단일로 - 기타,승용,남,59세,상해없음,보행자,남,49세,중상
2019032600100609,2019년 3월 26일 22시,화요일,경상남도 하동군 금남면,중상사고,0,1,1,0,차대차 - 추돌,안전운전불이행,건조,맑음,단일로 - 기타,화물,남,46세,중상,화물,남,49세,경상
2019032600100632,2019년 3월 26일 23시,화요일,경상남도 통영시 정량동,중상사고,0,1,0,0,차대사람 - 횡단중,안전운전불이행,건조,맑음,단일로 - 기타,화물,여,65세,상해없음,보행자,여,62세,중상
2019032600100633,2019년 3월 26일 23시,화요일,경상남도 김해시 관동동,중상사고,0,2,0,0,차대차 - 측면충돌,안전운전불이행,건조,맑음,교차로 - 교차로부근,승용,남,49세,상해없음,승용,남,70세,중상
2019032700100056,2019년 3월 27일 03시,수요일,경상남도 창원시 의창구 동정동,중상사고,0,1,0,0,차대사람 - 차도통행중,안전운전불이행,건조,맑음,단일로 - 기타,승용,남,47세,상해없음,보행자,남,79세,중상
2019032700100061,2019년 3월 27일 04시,수요일,경상남도 양산시 물금읍,경상사고,0,0,1,0,차대차 - 기타,신호위반,건조,맑음,교차로 - 교차로횡단보도내,승용,남,42세,상해없음,자전거,여,57세,경상
2019032700100081,2019년 3월 27일 06시,수요일,경상남도 김해시 삼계동,중상사고,0,1,1,0,차대차 - 측면충돌,신호위반,건조,맑음,단일로 - 기타,승용,남,59세,중상,승용,남,41세,경상
2019032700100082,2019년 3월 27일 06시,수요일,경상남도 함양군 함양읍,중상사고,0,1,0,0,차대사람 - 횡단중,안전운전불이행,건조,맑음,교차로 - 교차로안,승용,여,53세,상해없음,보행자,여,78세,중상
2019032700100104,2019년 3월 27일 07시,수요일,경상남도 진주시 가좌동,경상사고,0,0,1,0,차대차 - 추돌,안전운전불이행,건조,맑음,교차로 - 교차로안,승합,남,63세,경상,화물,남,48세,기타불명
2019032700100105,2019년 3월 27일 07시,수요일,경상남도 창원시 진해구 두동,중상사고,0,1,0,0,차대차 - 측면충돌,안전운전불이행,건조,맑음,단일로 - 기타,건설기계,남,59세,상해없음,승용,남,46세,중상
2019032700100106,2019년 3월 27일 07시,수요일,경상남도 김해시 삼계동,경상사고,0,0,1,0,차대차 - 측면충돌,교차로운행방법위반,건조,맑음,교차로 - 교차로안,승용,남,25세,상해없음,승용,남,42세,경상
2019032700100107,2019년 3월 27일 07시,수요일,경상남도 거제시 아주동,경상사고,0,0,1,0,차대차 - 기타,안전거리미확보,건조,맑음,단일로 - 기타,승합,남,39세,상해없음,승용,여,43세,경상
2019032700100108,2019년 3월 27일 07시,수요일,경상남도 김해시 진영읍,경상사고,0,0,1,0,차대차 - 측면충돌,안전운전불이행,건조,맑음,단일로 - 기타,승용,남,24세,상해없음,승용,남,47세,경상
2019032700100109,2019년 3월 27일 07시,수요일,경상남도 김해시 한림면,경상사고,0,0,1,0,차대차 - 측면충돌,안전운전불이행,건조,맑음,단일로 - 기타,승용,남,62세,상해없음,승용,남,32세,경상
2019032700100145,2019년 3월 27일 08시,수요일,경상남도 밀양시 삼문동,경상사고,0,0,1,0,차대차 - 측면충돌,교차로운행방법위반,건조,맑음,교차로 - 교차로안,승용,여,26세,상해없음,승용,여,39세,경상
2019032700100146,2019년 3월 27일 08시,수요일,경상남도 하동군 하동읍,중상사고,0,1,0,0,차대차 - 측면충돌,교차로운행방법위반,건조,맑음,교차로 - 교차로안,승용,남,55세,상해없음,이륜,남,74세,중상
2019032700100179,2019년 3월 27일 09시,수요일,경상남도 창원시 마산합포구 진동면,중상사고,0,1,0,0,차대사람 - 차도통행중,안전운전불이행,건조,맑음,교차로 - 교차로부근,승용,여,47세,상해없음,보행자,남,90세 이상,중상