사고번호,사고일시,요일,시군구,사고내용,사망자수,중상자수,경상자수,부상신고자수,사고유형,법규위반,노면상태,기상상태,도로형태,가해운전자 차종,가해운전자 성별,가해운전자 연령,가해운전자 상해정도,피해운전자 차종,피해운전자 성별,피해운전자 연령,피해운전자 상해정도
2019032700100180,2019년 3월 27일 09시,수요일,경상남도 창원시 성산구 외동,중상사고,0,1,1,0,차대차 - 측면충돌,신호위반,건조,맑음,교차로 - 교차로안,승용,여,56세,상해없음,승용,남,71세,중상
2019032700100211,2019년 3월 27일 10시,수요일,경상남도 밀양시 상남면,중상사고,0,1,0,0,차대차 - 측면충돌,신호위반,건조,맑음,교차로 - 교차로안,승용,남,67세,상해없음,이륜,남,37세,중상
2019032700100233,2019년 3월 27일 11시,수요일,경상남도 창원시 성산구 외동,경상사고,0,0,1,0,차대차 - 측면충돌,신호위반,건조,맑음,교차로 - 교차로안,승용,여,45세,상해없음,승용,여,50세,경상
2019032700100261,2019년 3월 27일 12시,수요일,경상남도 밀양시 부북면,경상사고,0,0,1,0,차대차 - 측면충돌,안전운전불이행,건조,맑음,단일로 - 기타,화물,남,65세,상해없음,이륜,남,58세,경상
2019032700100262,2019년 3월 27일 12시,수요일,경상남도 창원시 의창구 동읍,경상사고,0,0,1,0,차대사람 - 횡단중,안전운전불이행,건조,맑음,단일로 - 기타,화물,여,66세,상해없음,보행자,여,62세,경상
2019032700100281,2019년 3월 27일 13시,수요일,경상남도 창원시 진해구 자은동,중상사고,0,1,0,0,차대차 - 기타,안전운전불이행,건조,맑음,교차로 - 교차로안,승용,여,46세,상해없음,자전거,남,89세,중상
2019032700100282,2019년 3월 27일 13시,수요일,경상남도 합천군 대병면,경상사고,0,0,1,0,차대차 - 측면충돌,안전운전불이행,건조,맑음,교차로 - 교차로부근,승용,여,58세,기타불명,승용,여,37세,경상
2019032700100283,2019년 3월 27일 13시,수요일,경상남도 남해군 고현면,중상사고,0,1,0,0,차대차 - 측면충돌,안전운전불이행,건조,맑음,교차로 - 교차로안,화물,남,54세,상해없음,농기계,남,81세,중상
2019032700100310,2019년 3월 27일 14시,수요일,경상남도 창녕군 영산면,경상사고,0,0,1,0,차대차 - 기타,안전운전불이행,건조,맑음,단일로 - 기타,승용,여,55세,상해없음,승용,남,31세,경상
2019032700100311,2019년 3월 27일 14시,수요일,경상남도 양산시 삼호동,중상사고,0,1,0,0,차대차 - 측면충돌,직진우회전진행방해,건조,맑음,교차로 - 교차로안,화물,남,61세,상해없음,승용,여,39세,중상
2019032700100312,2019년 3월 27일 14시,수요일,경상남도 창원시 마산합포구 산호동,중상사고,0,1,0,0,차대사람 - 횡단중,보행자보호의무위반,건조,맑음,교차로 - 교차로횡단보도내,승용,남,50세,상해없음,보행자,남,7세,중상
2019032700100340,2019년 3월 27일 15시,수요일,경상남도 함양군 함양읍,경상사고,0,0,1,0,차대차 - 측면충돌,교차로운행방법위반,건조,맑음,교차로 - 교차로안,이륜,여,67세,경상,승합,남,52세,상해없음
2019032700100366,2019년 3월 27일 16시,수요일,경상남도 창원시 진해구 장천동,경상사고,0,0,1,0,차대차 - 추돌,안전거리미확보,건조,맑음,단일로 - 기타,승용,남,40세,상해없음,승용,남,41세,경상
2019032700100367,2019년 3월 27일 16시,수요일,경상남도 창원시 진해구 여좌동,경상사고,0,0,1,0,차대사람 - 기타,안전운전불이행,건조,맑음,단일로 - 기타,승합,남,75세,상해없음,보행자,남,28세,경상
2019032700100368,2019년 3월 27일 16시,수요일,경상남도 고성군 고성읍,경상사고,0,0,1,0,차대사람 - 차도통행중,기타,건조,맑음,교차로 - 교차로부근,승용,남,62세,상해없음,보행자,여,57세,경상
2019032700100403,2019년 3월 27일 17시,수요일,경상남도 창원시 진해구 용원동,경상사고,0,0,2,0,차대차 - 정면충돌,신호위반,건조,맑음,교차로 - 교차로안,승용,남,75세,상해없음,승용,남,37세,경상
2019032700100404,2019년 3월 27일 17시,수요일,경상남도 창원시 성산구 신촌동,사망사고,1,0,0,0,차대차 - 측면충돌,안전운전불이행,건조,맑음,교차로 - 교차로안,화물,남,50세,상해없음,자전거,남,59세,사망
2019032700100441,2019년 3월 27일 18시,수요일,경상남도 밀양시 내이동,경상사고,0,0,1,0,차대차 - 측면충돌,신호위반,건조,맑음,교차로 - 교차로안,승용,여,28세,상해없음,승용,남,33세,경상
2019032700100442,2019년 3월 27일 18시,수요일,경상남도 창원시 마산회원구 구암동,경상사고,0,0,1,0,차대차 - 측면충돌,안전운전불이행,건조,흐림,교차로 - 교차로안,화물,남,60세,경상,승용,남,36세,상해없음
2019032700100457,2019년 3월 27일 19시,수요일,경상남도 김해시 부곡동,경상사고,0,0,1,0,차대차 - 기타,기타,건조,맑음,단일로 - 기타,화물,남,41세,상해없음,승용,남,56세,상해없음
2019032700100480,2019년 3월 27일 19시,수요일,경상남도 창원시 마산합포구 예곡동,경상사고,0,0,2,0,차대차 - 기타,안전운전불이행,건조,맑음,단일로 - 기타,화물,남,54세,상해없음,승용,여,67세,경상
2019032700100481,2019년 3월 27일 19시,수요일,경상남도 진주시 동성동,경상사고,0,0,1,0,차대차 - 측면충돌,직진우회전진행방해,건조,맑음,교차로 - 교차로안,이륜,남,32세,경상,승용,남,51세,상해없음
2019032700100482,2019년 3월 27일 19시,수요일,경상남도 양산시 동면,중상사고,0,1,0,0,차대차 - 측면충돌,안전운전불이행,건조,맑음,단일로 - 기타,승용,남,53세,상해없음,이륜,남,47세,중상
2019032700100483,2019년 3월 27일 19시,수요일,경상남도 창원시 마산회원구 내서읍,경상사고,0,0,2,0,차대차 - 추돌,안전운전불이행,건조,맑음,교차로 - 교차로부근,승용,여,45세,상해없음,승용,남,40세,경상
2019032700100505,2019년 3월 27일 20시,수요일,경상남도 창원시 진해구 경화동,경상사고,0,0,1,0,차대사람 - 길가장자리구역통행중,안전운전불이행,건조,맑음,기타 - 기타,승용,여,29세,상해없음,보행자,남,26세,경상
2019032700100506,2019년 3월 27일 20시,수요일,경상남도 함안군 칠원읍,경상사고,0,0,1,0,차대사람 - 기타,안전운전불이행,건조,맑음,교차로 - 교차로안,승용,남,48세,상해없음,보행자,남,58세,경상
2019032700100528,2019년 3월 27일 21시,수요일,경상남도 통영시 무전동,경상사고,0,0,1,0,차대차 - 기타,교차로운행방법위반,건조,맑음,교차로 - 교차로안,승용,여,47세,상해없음,이륜,남,35세,경상
2019032700100529,2019년 3월 27일 21시,수요일,경상남도 창녕군 남지읍,경상사고,0,0,1,0,차량단독 - 기타,안전운전불이행,건조,맑음,단일로 - 기타,승용,남,63세,경상,,,,
2019032700100530,2019년 3월 27일 21시,수요일,경상남도 거제시 고현동,중상사고,0,1,0,0,차대차 - 기타,안전운전불이행,건조,맑음,교차로 - 교차로안,승용,여,48세,상해없음,원동기,남,28세,중상
2019032700100554,2019년 3월 27일 22시,수요일,경상남도 창원시 진해구 여좌동,중상사고,0,2,0,0,차대사람 - 차도통행중,안전운전불이행,건조,맑음,교차로 - 교차로부근,승용,남,66세,상해없음,보행자,남,57세,중상
2019032700100555,2019년 3월 27일 22시,수요일,경상남도 밀양시 내이동,경상사고,0,0,1,0,차대차 - 측면충돌,기타,건조,맑음,교차로 - 교차로안,화물,남,45세,상해없음,승합,남,32세,경상
2019032700100556,2019년 3월 27일 22시,수요일,경상남도 창원시 마산회원구 합성동,중상사고,0,1,0,0,차대차 - 정면충돌,안전운전불이행,건조,맑음,교차로 - 교차로안,승용,남,62세,상해없음,이륜,남,37세,중상
2019032700100557,2019년 3월 27일 22시,수요일,경상남도 창원시 의창구 중동,경상사고,0,0,1,0,차대차 - 기타,안전운전불이행,건조,맑음,교차로 - 교차로안,기타불명,기타불명,미분류,기타불명,이륜,여,30세,경상
2019032800100056,2019년 3월 28일 03시,목요일,경상남도 창원시 의창구 동정동,사망사고,1,4,0,1,차대사람 - 보도통행중,신호위반,건조,맑음,교차로 - 교차로안,승용,남,31세,기타불명,보행자,남,61세,사망
2019032800100073,2019년 3월 28일 06시,목요일,경상남도 창원시 성산구 웅남동,경상사고,0,0,1,0,차대차 - 측면충돌,신호위반,건조,맑음,교차로 - 교차로안,승용,남,59세,상해없음,승용,남,59세,경상
2019032800100137,2019년 3월 28일 08시,목요일,경상남도 창녕군 대지면,중상사고,0,1,1,0,차대차 - 기타,안전운전불이행,건조,맑음,단일로 - 기타,승용,여,19세,경상,승용,여,46세,중상
2019032800100138,2019년 3월 28일 08시,목요일,경상남도 양산시 물금읍,중상사고,0,1,1,0,차대차 - 측면충돌,신호위반,건조,맑음,교차로 - 교차로부근,승용,남,60세,상해없음,승용,남,47세,중상
2019032800100139,2019년 3월 28일 08시,목요일,경상남도 거제시 고현동,경상사고,0,0,1,0,차대차 - 측면충돌,교차로운행방법위반,건조,맑음,교차로 - 교차로안,특수,남,60세,상해없음,승용,여,35세,경상
2019032800100140,2019년 3월 28일 08시,목요일,경상남도 함안군 군북면,중상사고,0,1,0,0,차대사람 - 차도통행중,안전운전불이행,건조,맑음,교차로 - 교차로부근,기타불명,기타불명,미분류,기타불명,보행자,여,60세,중상
2019032800100200,2019년 3월 28일 10시,목요일,경상남도 진주시 문산읍,중상사고,0,2,0,0,차대차 - 기타,신호위반,건조,맑음,교차로 - 교차로안,승용,남,57세,상해없음,승용,남,62세,중상
2019032800100201,2019년 3월 28일 10시,목요일,경상남도 합천군 대양면,중상사고,0,1,0,0,차대차 - 추돌,안전운전불이행,건조,맑음,교차로 - 교차로부근,승용,남,67세,상해없음,이륜,남,62세,중상
2019032800100244,2019년 3월 28일 11시,목요일,경상남도 창원시 마산합포구 가포동,중상사고,0,2,0,0,차대차 - 측면충돌,교차로운행방법위반,건조,맑음,교차로 - 교차로안,승합,남,56세,상해없음,승용,여,57세,중상
2019032800100273,2019년 3월 28일 12시,목요일,경상남도 창원시 진해구 장천동,중상사고,0,1,1,0,차량단독 - 도로외이탈 - 추락,안전운전불이행,건조,맑음,단일로 - 기타,승용,여,52세,상해없음,,,,
2019032800100274,2019년 3월 28일 12시,목요일,경상남도 창원시 진해구 남문동,경상사고,0,0,2,0,차대차 - 측면충돌,신호위반,건조,맑음,교차로 - 교차로안,화물,남,51세,경상,화물,남,45세,경상
2019032800100325,2019년 3월 28일 14시,목요일,경상남도 창원시 진해구 대죽동,경상사고,0,0,1,0,차대차 - 측면충돌,안전운전불이행,건조,맑음,교차로 - 교차로부근,화물,여,58세,기타불명,승용,남,23세,경상
2019032800100358,2019년 3월 28일 15시,목요일,경상남도 창원시 진해구 이동,경상사고,0,0,1,0,차량단독 - 공작물충돌,안전운전불이행,건조,맑음,단일로 - 기타,승용,여,69세,경상,,,,
2019032800100359,2019년 3월 28일 15시,목요일,경상남도 사천시 벌리동,경상사고,0,0,1,0,차대사람 - 횡단중,보행자보호의무위반,건조,맑음,단일로 - 기타,승용,여,53세,상해없음,보행자,남,6세,경상
2019032800100360,2019년 3월 28일 15시,목요일,경상남도 창원시 성산구 신촌동,경상사고,0,0,2,0,차대차 - 측면충돌,안전운전불이행,건조,맑음,단일로 - 기타,승용,남,70세,상해없음,승용,여,35세,경상
2019032800100361,2019년 3월 28일 15시,목요일,경상남도 창원시 마산회원구 회원동,중상사고,0,1,0,0,차대차 - 추돌,안전운전불이행,건조,맑음,단일로 - 기타,승용,남,71세,상해없음,이륜,남,32세,중상
2019032800100405,2019년 3월 28일 16시,목요일,경상남도 창원시 진해구 용원동,중상사고,0,1,0,0,차대차 - 측면충돌,직진우회전진행방해,건조,맑음,교차로 - 교차로안,승합,여,38세,상해없음,이륜,남,33세,중상
2019032800100406,2019년 3월 28일 16시,목요일,경상남도 김해시 부원동,중상사고,0,1,0,0,차대사람 - 보도통행중,안전운전불이행,건조,맑음,교차로 - 교차로안,승용,여,44세,상해없음,보행자,남,68세,중상
2019032800100444,2019년 3월 28일 17시,목요일,경상남도 창원시 마산합포구 완월동,경상사고,0,0,1,0,차대차 - 측면충돌,안전운전불이행,건조,맑음,교차로 - 교차로안,승용,남,76세,상해없음,승용,남,34세,경상
2019032800100445,2019년 3월 28일 17시,목요일,경상남도 창원시 진해구 석동,경상사고,0,0,1,0,차대사람 - 기타,안전운전불이행,건조,맑음,단일로 - 기타,승용,여,59세,상해없음,보행자,남,11세,경상
2019032800100446,2019년 3월 28일 17시,목요일,경상남도 사천시 사남면,경상사고,0,0,1,0,차대차 - 추돌,안전운전불이행,건조,맑음,단일로 - 기타,승용,여,52세,상해없음,승용,여,25세,경상
2019032800100447,2019년 3월 28일 17시,목요일,경상남도 양산시 물금읍,사망사고,1,0,0,0,차대사람 - 횡단중,안전운전불이행,건조,맑음,교차로 - 교차로안,화물,남,59세,상해없음,보행자,남,81세,사망
2019032800100448,2019년 3월 28일 17시,목요일,경상남도 고성군 고성읍,경상사고,0,0,1,0,차대사람 - 길가장자리구역통행중,안전운전불이행,건조,맑음,교차로 - 교차로부근,승합,여,57세,상해없음,보행자,남,3세,경상
2019032800100449,2019년 3월 28일 17시,목요일,경상남도 창원시 의창구 서상동,경상사고,0,0,1,0,차대차 - 기타,안전운전불이행,건조,맑음,단일로 - 기타,승용,여,69세,상해없음,승용,여,34세,경상
2019032800100490,2019년 3월 28일 18시,목요일,경상남도 통영시 광도면,경상사고,0,0,1,0,차대차 - 측면충돌,안전운전불이행,건조,맑음,단일로 - 기타,화물,여,45세,상해없음,승합,여,35세,경상
2019032800100491,2019년 3월 28일 18시,목요일,경상남도 의령군 의령읍,경상사고,0,0,1,0,차대차 - 측면충돌,신호위반,건조,맑음,교차로 - 교차로횡단보도내,이륜,남,17세,상해없음,승용,여,27세,경상
2019032800100492,2019년 3월 28일 18시,목요일,경상남도 창원시 의창구 봉곡동,경상사고,0,0,1,0,차대차 - 기타,안전운전불이행,건조,맑음,단일로 - 기타,승용,남,53세,상해없음,승용,남,32세,경상
2019032800100535,2019년 3월 28일 19시,목요일,경상남도 양산시 평산동,경상사고,0,0,1,0,차대사람 - 기타,안전운전불이행,건조,맑음,단일로 - 기타,승용,남,62세,상해없음,보행자,여,68세,경상
2019032800100572,2019년 3월 28일 20시,목요일,경상남도 창원시 마산합포구 월남동4가,중상사고,0,1,0,0,차대차 - 측면충돌,안전운전불이행,건조,맑음,교차로 - 교차로안,승용,남,60세,상해없음,이륜,남,29세,중상
2019032800100593,2019년 3월 28일 21시,목요일,경상남도 창원시 마산합포구 월영동,중상사고,0,2,1,0,차대차 - 측면충돌,안전운전불이행,건조,맑음,교차로 - 교차로안,승합,남,51세,상해없음,승용,남,41세,경상
2019032800100594,2019년 3월 28일 21시,목요일,경상남도 김해시 동상동,경상사고,0,0,2,0,차대차 - 측면충돌,신호위반,건조,맑음,교차로 - 교차로안,승합,여,47세,경상,승용,남,65세,경상
2019032800100595,2019년 3월 28일 21시,목요일,경상남도 하동군 금남면,중상사고,0,2,0,0,차대차 - 측면충돌,안전운전불이행,건조,맑음,단일로 - 기타,화물,남,51세,상해없음,승용,남,21세,중상
2019032800100596,2019년 3월 28일 21시,목요일,경상남도 거제시 상동동,경상사고,0,0,2,0,차대차 - 정면충돌,안전운전불이행,건조,맑음,교차로 - 교차로안,승용,남,28세,상해없음,승용,남,32세,경상
2019032800100597,2019년 3월 28일 21시,목요일,경상남도 창원시 의창구 대원동,중상사고,0,1,0,0,차대사람 - 기타,안전운전불이행,건조,맑음,단일로 - 기타,승합,남,49세,상해없음,보행자,여,30세,중상
2019032800100598,2019년 3월 28일 21시,목요일,경상남도 창원시 의창구 대산면,경상사고,0,0,2,0,차대차 - 기타,안전운전불이행,건조,맑음,단일로 - 기타,승용,남,49세,상해없음,승용,남,28세,경상
2019032800100622,2019년 3월 28일 22시,목요일,경상남도 김해시 삼방동,중상사고,0,1,0,0,차대차 - 측면충돌,안전운전불이행,건조,맑음,교차로 - 교차로안,승용,남,31세,상해없음,이륜,남,55세,중상
2019032800100647,2019년 3월 28일 23시,목요일,경상남도 통영시 도천동,중상사고,0,2,0,0,차대차 - 기타,신호위반,건조,맑음,교차로 - 교차로안,승용,남,17세,중상,승용,남,40세,상해없음
2019032900100038,2019년 3월 29일 01시,금요일,경상남도 통영시 용남면,경상사고,0,0,1,0,차대차 - 추돌,안전운전불이행,건조,맑음,단일로 - 기타,승용,여,24세,상해없음,이륜,남,43세,경상
2019032900100039,2019년 3월 29일 01시,금요일,경상남도 창원시 의창구 팔용동,경상사고,0,0,2,0,차대차 - 기타,안전운전불이행,건조,맑음,단일로 - 기타,승용,남,31세,상해없음,승용,남,51세,경상
2019032900100076,2019년 3월 29일 06시,금요일,경상남도 밀양시 상남면,경상사고,0,0,2,0,차대차 - 측면충돌,안전운전불이행,건조,맑음,교차로 - 교차로안,승용,남,60세,상해없음,승용,여,56세,경상
2019032900100077,2019년 3월 29일 06시,금요일,경상남도 거제시 옥포동,중상사고,0,1,0,0,차대차 - 측면충돌,안전운전불이행,건조,맑음,단일로 - 지하차도(도로)내,승용,여,44세,상해없음,자전거,남,52세,중상
2019032900100078,2019년 3월 29일 06시,금요일,경상남도 거제시 수월동,경상사고,0,0,1,0,차대차 - 측면충돌,안전운전불이행,건조,맑음,교차로 - 교차로안,기타불명,기타불명,미분류,기타불명,승용,남,30세,경상
2019032900100098,2019년 3월 29일 07시,금요일,경상남도 김해시 부원동,중상사고,0,1,0,0,차대차 - 기타,안전운전불이행,건조,맑음,교차로 - 교차로안,자전거,남,58세,중상,승용,남,57세,상해없음
2019032900100099,2019년 3월 29일 07시,금요일,경상남도 김해시 삼정동,경상사고,0,0,1,0,차대차 - 측면충돌,직진우회전진행방해,건조,맑음,교차로 - 교차로부근,화물,남,59세,상해없음,승용,남,31세,경상
2019032900100128,2019년 3월 29일 08시,금요일,경상남도 창원시 진해구 남문동,중상사고,0,1,0,0,차대사람 - 기타,안전운전불이행,건조,맑음,단일로 - 기타,화물,남,55세,상해없음,보행자,남,58세,중상
2019032900100129,2019년 3월 29일 08시,금요일,경상남도 거제시 연초면,중상사고,0,2,2,0,차대차 - 측면충돌,중앙선침범,건조,맑음,교차로 - 교차로부근,승용,여,61세,상해없음,화물,남,57세,경상
2019032900100211,2019년 3월 29일 10시,금요일,경상남도 창원시 성산구 사파동,중상사고,0,1,0,0,차대차 - 측면충돌,안전운전불이행,건조,맑음,교차로 - 교차로안,승용,여,50세,상해없음,자전거,여,69세,중상
2019032900100248,2019년 3월 29일 11시,금요일,경상남도 창원시 성산구 상남동,경상사고,0,0,1,0,차대사람 - 횡단중,안전운전불이행,건조,맑음,교차로 - 교차로부근,승용,남,18세,상해없음,보행자,여,33세,경상
2019032900100319,2019년 3월 29일 13시,금요일,경상남도 창원시 마산합포구 진동면,경상사고,0,0,1,0,차대사람 - 기타,안전운전불이행,건조,맑음,단일로 - 기타,승용,남,67세,상해없음,보행자,남,62세,경상
2019032900100320,2019년 3월 29일 13시,금요일,경상남도 김해시 구산동,중상사고,0,1,0,0,차대차 - 측면충돌,안전운전불이행,건조,맑음,단일로 - 기타,화물,남,38세,상해없음,화물,남,18세,중상
2019032900100354,2019년 3월 29일 14시,금요일,경상남도 진주시 호탄동,중상사고,0,2,1,0,차대차 - 정면충돌,직진우회전진행방해,건조,맑음,교차로 - 교차로안,승용,여,25세,상해없음,승용,여,43세,중상
2019032900100355,2019년 3월 29일 14시,금요일,경상남도 창원시 진해구 두동,경상사고,0,0,1,0,차량단독 - 공작물충돌,안전운전불이행,건조,맑음,단일로 - 기타,승용,남,75세,경상,,,,
2019032900100356,2019년 3월 29일 14시,금요일,경상남도 사천시 동동,중상사고,0,1,0,0,차대차 - 측면충돌,안전운전불이행,건조,맑음,교차로 - 교차로부근,승용,남,63세,상해없음,화물,남,39세,중상
2019032900100357,2019년 3월 29일 14시,금요일,경상남도 양산시 물금읍,경상사고,0,0,2,0,차대차 - 측면충돌,교차로운행방법위반,건조,맑음,교차로 - 교차로안,승용,남,36세,경상,승용,남,63세,경상
2019032900100358,2019년 3월 29일 14시,금요일,경상남도 양산시 북정동,경상사고,0,0,1,0,차대차 - 기타,안전운전불이행,건조,맑음,단일로 - 기타,승용,남,43세,상해없음,화물,남,43세,경상
2019032900100393,2019년 3월 29일 15시,금요일,경상남도 사천시 곤명면,중상사고,0,4,0,0,차대차 - 정면충돌,중앙선침범,건조,맑음,단일로 - 기타,승용,남,60세,중상,승용,남,31세,중상
2019032900100488,2019년 3월 29일 17시,금요일,경상남도 창원시 마산합포구 서성동,중상사고,0,1,0,0,차대사람 - 기타,보행자보호의무위반,건조,맑음,교차로 - 교차로횡단보도내,승용,남,33세,상해없음,보행자,여,33세,중상
2019032900100489,2019년 3월 29일 17시,금요일,경상남도 진주시 문산읍,경상사고,0,0,1,0,차대차 - 측면충돌,직진우회전진행방해,건조,맑음,교차로 - 교차로안,승용,남,68세,상해없음,승용,여,46세,경상
2019032900100490,2019년 3월 29일 17시,금요일,경상남도 사천시 신벽동,경상사고,0,0,1,0,차대차 - 측면충돌,안전운전불이행,건조,맑음,교차로 - 교차로안,승용,남,54세,경상,화물,남,63세,상해없음
2019032900100491,2019년 3월 29일 17시,금요일,경상남도 양산시 다방동,부상신고사고,0,0,0,1,차대차 - 측면충돌,교차로운행방법위반,건조,맑음,교차로 - 교차로안,승용,남,57세,상해없음,승용,남,53세,부상신고
2019032900100492,2019년 3월 29일 17시,금요일,경상남도 창원시 성산구 상남동,중상사고,0,1,0,0,차대차 - 정면충돌,안전운전불이행,건조,맑음,단일로 - 기타,승용,여,57세,상해없음,자전거,남,52세,중상
2019032900100493,2019년 3월 29일 17시,금요일,경상남도 창원시 의창구 용호동,경상사고,0,0,2,0,차대차 - 후진중충돌,안전운전불이행,건조,맑음,단일로 - 기타,승용,여,54세,상해없음,승용,남,33세,경상
2019032900100539,2019년 3월 29일 18시,금요일,경상남도 창녕군 영산면,중상사고,0,1,0,0,차대차 - 측면충돌,신호위반,건조,맑음,교차로 - 교차로안,이륜,남,47세,중상,승용,여,61세,상해없음
2019032900100540,2019년 3월 29일 18시,금요일,경상남도 양산시 삼호동,부상신고사고,0,0,0,1,차대사람 - 횡단중,기타,건조,맑음,교차로 - 교차로부근,승용,남,51세,상해없음,보행자,여,66세,부상신고
2019032900100541,2019년 3월 29일 18시,금요일,경상남도 거제시 일운면,경상사고,0,0,1,0,차대차 - 기타,교차로운행방법위반,건조,맑음,교차로 - 교차로안,승용,남,61세,상해없음,승용,남,72세,경상
2019032900100542,2019년 3월 29일 18시,금요일,경상남도 창원시 마산합포구 산호동,경상사고,0,0,1,0,차대차 - 후진중충돌,안전운전불이행,건조,맑음,교차로 - 교차로안,승용,남,40세,상해없음,승용,여,51세,경상
2019032900100582,2019년 3월 29일 19시,금요일,경상남도 양산시 물금읍,중상사고,0,1,0,0,차대차 - 측면충돌,교차로운행방법위반,건조,맑음,교차로 - 교차로안,승용,여,45세,상해없음,이륜,남,28세,중상
2019032900100583,2019년 3월 29일 19시,금요일,경상남도 양산시 중부동,중상사고,0,1,0,0,차대차 - 추돌,안전운전불이행,건조,맑음,교차로 - 교차로부근,승용,남,25세,상해없음,화물,남,37세,중상
2019032900100584,2019년 3월 29일 19시,금요일,경상남도 하동군 하동읍,중상사고,0,1,1,0,차대차 - 추돌,안전운전불이행,건조,맑음,교차로 - 교차로안,승용,남,54세,상해없음,화물,남,58세,상해없음
2019032900100585,2019년 3월 29일 19시,금요일,경상남도 창원시 마산회원구 양덕동,경상사고,0,0,1,0,차대차 - 측면충돌,안전운전불이행,건조,맑음,단일로 - 기타,승합,남,45세,상해없음,승용,남,56세,경상
2019032900100620,2019년 3월 29일 20시,금요일,경상남도 창원시 성산구 중앙동,중상사고,0,1,1,0,차대차 - 측면충돌,신호위반,건조,맑음,교차로 - 교차로안,승용,남,37세,기타불명,승용,남,64세,경상
2019032900100655,2019년 3월 29일 21시,금요일,경상남도 김해시 동상동,경상사고,0,0,1,0,차대사람 - 길가장자리구역통행중,안전운전불이행,건조,맑음,단일로 - 기타,승용,남,67세,상해없음,보행자,여,18세,경상
2019032900100656,2019년 3월 29일 21시,금요일,경상남도 김해시 삼정동,경상사고,0,0,1,0,차대차 - 측면충돌,기타,건조,맑음,단일로 - 기타,화물,남,55세,상해없음,이륜,남,17세,경상
2019032900100657,2019년 3월 29일 21시,금요일,경상남도 양산시 삼호동,경상사고,0,0,1,0,차대차 - 측면충돌,신호위반,건조,맑음,교차로 - 교차로안,이륜,남,19세,경상,승용,남,24세,상해없음
2019032900100658,2019년 3월 29일 21시,금요일,경상남도 남해군 남해읍,부상신고사고,0,0,0,1,차대사람 - 횡단중,보행자보호의무위반,건조,맑음,교차로 - 교차로안,승용,여,65세,상해없음,보행자,여,15세,부상신고
2019032900100689,2019년 3월 29일 22시,금요일,경상남도 거제시 아주동,경상사고,0,0,1,0,차대차 - 측면충돌,안전운전불이행,건조,맑음,주차장 - 주차장,승용,여,58세,상해없음,승용,여,39세,경상
2019033000100039,2019년 3월 30일 00시,토요일,경상남도 하동군 화개면,경상사고,0,0,1,0,차대차 - 측면충돌,중앙선침범,건조,맑음,기타 - 기타,화물,남,50세,상해없음,승용,여,35세,경상
2019033000100073,2019년 3월 30일 01시,토요일,경상남도 거제시 장목면,부상신고사고,0,0,0,1,차량단독 - 기타,안전운전불이행,건조,맑음,단일로 - 지하차도(도로)내,승용,남,53세,상해없음,,,,
2019033000100074,2019년 3월 30일 01시,토요일,경상남도 거제시 아주동,경상사고,0,0,5,0,차대차 - 추돌,안전운전불이행,건조,맑음,교차로 - 교차로부근,승용,남,53세,상해없음,승용,남,18세,경상
2019033000100120,2019년 3월 30일 03시,토요일,경상남도 김해시 무계동,경상사고,0,0,2,0,차대차 - 측면충돌,안전운전불이행,건조,기타,단일로 - 기타,승합,남,58세,경상,승용,남,51세,경상
2019033000100121,2019년 3월 30일 03시,토요일,경상남도 김해시 대청동,중상사고,0,1,0,0,차량단독 - 공작물충돌,안전운전불이행,젖음/습기,기타,교차로 - 교차로부근,승용,남,31세,상해없음,,,,
2019033000100135,2019년 3월 30일 04시,토요일,경상남도 김해시 내동,경상사고,0,0,1,0,차대사람 - 기타,안전운전불이행,건조,맑음,단일로 - 기타,승용,남,52세,상해없음,보행자,남,49세,경상
2019033000100187,2019년 3월 30일 08시,토요일,경상남도 김해시 지내동,경상사고,0,0,2,0,차대차 - 측면충돌,신호위반,건조,맑음,단일로 - 기타,화물,남,45세,상해없음,승용,남,48세,상해없음
2019033000100250,2019년 3월 30일 10시,토요일,경상남도 창원시 마산합포구 남성동,경상사고,0,0,2,0,차대차 - 측면충돌,안전운전불이행,건조,맑음,단일로 - 기타,승용,남,44세,상해없음,승용,남,59세,경상
2019033000100251,2019년 3월 30일 10시,토요일,경상남도 김해시 진례면,중상사고,0,1,0,0,차대사람 - 횡단중,안전운전불이행,건조,맑음,단일로 - 기타,승용,남,64세,상해없음,보행자,여,68세,중상
2019033000100297,2019년 3월 30일 11시,토요일,경상남도 밀양시 무안면,중상사고,0,1,0,0,차대차 - 측면충돌,안전운전불이행,건조,맑음,주차장 - 주차장,화물,여,52세,상해없음,승용,남,40세,중상
2019033000100298,2019년 3월 30일 11시,토요일,경상남도 양산시 삼호동,경상사고,0,0,1,0,차대차 - 측면충돌,안전운전불이행,건조,맑음,교차로 - 교차로안,승용,남,63세,상해없음,화물,남,56세,상해없음
2019033000100299,2019년 3월 30일 11시,토요일,경상남도 양산시 물금읍,경상사고,0,0,1,0,차대사람 - 횡단중,신호위반,건조,맑음,교차로 - 교차로부근,승용,여,53세,상해없음,보행자,여,42세,경상