사고번호,사고일시,요일,시군구,사고내용,사망자수,중상자수,경상자수,부상신고자수,사고유형,법규위반,노면상태,기상상태,도로형태,가해운전자 차종,가해운전자 성별,가해운전자 연령,가해운전자 상해정도,피해운전자 차종,피해운전자 성별,피해운전자 연령,피해운전자 상해정도
2019033000100300,2019년 3월 30일 11시,토요일,경상남도 창원시 의창구 소답동,경상사고,0,0,2,0,차대차 - 측면충돌,신호위반,건조,맑음,교차로 - 교차로안,승용,남,65세,상해없음,승용,여,57세,경상
2019033000100334,2019년 3월 30일 12시,토요일,경상남도 창원시 마산합포구 오동동,경상사고,0,0,2,0,차대차 - 추돌,안전거리미확보,건조,맑음,교차로 - 교차로부근,승용,여,34세,상해없음,승용,남,61세,경상
2019033000100376,2019년 3월 30일 13시,토요일,경상남도 통영시 북신동,경상사고,0,0,1,0,차대차 - 측면충돌,안전거리미확보,건조,맑음,교차로 - 교차로부근,승용,남,54세,상해없음,승용,남,29세,경상
2019033000100411,2019년 3월 30일 14시,토요일,경상남도 진주시 신안동,경상사고,0,0,1,0,차대차 - 정면충돌,안전운전불이행,건조,맑음,교차로 - 교차로안,이륜,남,56세,경상,승용,여,44세,상해없음
2019033000100412,2019년 3월 30일 14시,토요일,경상남도 창원시 진해구 자은동,경상사고,0,0,2,0,차대차 - 기타,안전운전불이행,건조,맑음,단일로 - 기타,이륜,남,35세,경상,승용,여,36세,경상
2019033000100413,2019년 3월 30일 14시,토요일,경상남도 통영시 봉평동,경상사고,0,0,1,0,차대사람 - 횡단중,안전운전불이행,건조,맑음,단일로 - 기타,자전거,남,14세,상해없음,보행자,여,42세,경상
2019033000100414,2019년 3월 30일 14시,토요일,경상남도 김해시 생림면,경상사고,0,0,7,0,차대차 - 기타,안전운전불이행,건조,맑음,단일로 - 기타,승용,남,64세,상해없음,승용,남,37세,경상
2019033000100452,2019년 3월 30일 15시,토요일,경상남도 창원시 마산합포구 대내동,중상사고,0,1,0,0,차대차 - 측면충돌,교차로운행방법위반,건조,맑음,교차로 - 교차로안,승용,남,58세,상해없음,개인형이동수단(PM),남,37세,중상
2019033000100484,2019년 3월 30일 16시,토요일,경상남도 창원시 마산합포구 상남동,중상사고,0,1,0,0,차대사람 - 차도통행중,안전운전불이행,건조,맑음,교차로 - 교차로부근,승용,여,58세,상해없음,보행자,여,79세,중상
2019033000100485,2019년 3월 30일 16시,토요일,경상남도 사천시 사천읍,중상사고,0,1,1,0,차대차 - 추돌,안전운전불이행,건조,맑음,단일로 - 기타,승용,남,21세,상해없음,승용,여,27세,중상
2019033000100486,2019년 3월 30일 16시,토요일,경상남도 합천군 용주면,중상사고,0,3,2,0,차량단독 - 공작물충돌,안전운전불이행,건조,맑음,단일로 - 기타,승합,여,56세,상해없음,,,,
2019033000100487,2019년 3월 30일 16시,토요일,경상남도 창원시 성산구 가음동,경상사고,0,0,1,0,차대사람 - 횡단중,보행자보호의무위반,건조,맑음,단일로 - 기타,승용,여,56세,상해없음,보행자,여,4세,경상
2019033000100488,2019년 3월 30일 16시,토요일,경상남도 창원시 의창구 명서동,경상사고,0,0,1,0,차대사람 - 기타,안전운전불이행,건조,맑음,단일로 - 기타,승용,남,34세,상해없음,보행자,남,21세,경상
2019033000100528,2019년 3월 30일 17시,토요일,경상남도 하동군 화개면,경상사고,0,0,1,0,차대차 - 측면충돌,중앙선침범,건조,맑음,단일로 - 기타,화물,여,40세,상해없음,이륜,남,55세,경상
2019033000100588,2019년 3월 30일 19시,토요일,경상남도 김해시 무계동,중상사고,0,1,0,0,차량단독 - 기타,안전운전불이행,건조,맑음,단일로 - 기타,승합,남,60세,상해없음,,,,
2019033000100621,2019년 3월 30일 20시,토요일,경상남도 김해시 어방동,경상사고,0,0,2,0,차대차 - 측면충돌,안전운전불이행,건조,맑음,교차로 - 교차로부근,승용,남,57세,상해없음,화물,남,24세,경상
2019033000100622,2019년 3월 30일 20시,토요일,경상남도 양산시 덕계동,중상사고,0,1,0,0,차대사람 - 기타,중앙선침범,건조,맑음,단일로 - 기타,승용,여,61세,상해없음,보행자,여,78세,중상
2019033000100660,2019년 3월 30일 21시,토요일,경상남도 창원시 마산합포구 완월동,경상사고,0,0,1,0,차대사람 - 횡단중,보행자보호의무위반,건조,맑음,교차로 - 교차로횡단보도내,승용,여,22세,상해없음,보행자,남,34세,경상
2019033000100661,2019년 3월 30일 21시,토요일,경상남도 창녕군 영산면,중상사고,0,1,1,0,차대차 - 정면충돌,중앙선침범,건조,맑음,교차로 - 교차로부근,화물,남,56세,상해없음,승용,여,27세,경상
2019033000100662,2019년 3월 30일 21시,토요일,경상남도 함양군 수동면,중상사고,0,1,1,0,차대차 - 추돌,안전운전불이행,건조,맑음,교차로 - 교차로부근,화물,남,60세,상해없음,승용,여,57세,중상
2019033000100680,2019년 3월 30일 22시,토요일,경상남도 창원시 진해구 풍호동,경상사고,0,0,5,0,차대차 - 측면충돌,교차로운행방법위반,건조,맑음,교차로 - 교차로안,승용,남,61세,상해없음,승용,여,44세,경상
2019033000100681,2019년 3월 30일 22시,토요일,경상남도 함양군 함양읍,중상사고,0,1,1,0,차대차 - 정면충돌,중앙선침범,건조,흐림,단일로 - 기타,화물,남,55세,경상,승용,남,66세,중상
2019033000100699,2019년 3월 30일 23시,토요일,경상남도 창원시 마산합포구 자산동,중상사고,0,1,0,0,차량단독 - 전도전복 - 전도,안전운전불이행,건조,맑음,단일로 - 기타,이륜,남,49세,중상,,,,
2019033000100700,2019년 3월 30일 23시,토요일,경상남도 창원시 의창구 봉곡동,경상사고,0,0,1,0,차대사람 - 기타,안전운전불이행,건조,맑음,단일로 - 기타,승용,여,51세,상해없음,보행자,남,49세,경상
2019033100100035,2019년 3월 31일 00시,일요일,경상남도 양산시 삼호동,중상사고,0,1,0,0,차대사람 - 횡단중,안전운전불이행,건조,맑음,교차로 - 교차로안,승용,남,66세,상해없음,보행자,여,61세,중상
2019033100100055,2019년 3월 31일 01시,일요일,경상남도 함안군 군북면,중상사고,0,1,0,0,차량단독 - 기타,안전운전불이행,건조,맑음,교차로 - 교차로안,승용,남,52세,중상,,,,
2019033100100067,2019년 3월 31일 02시,일요일,경상남도 사천시 죽림동,경상사고,0,0,2,0,차대차 - 추돌,안전운전불이행,건조,맑음,단일로 - 기타,화물,남,30세,상해없음,승용,남,44세,경상
2019033100100090,2019년 3월 31일 05시,일요일,경상남도 김해시 내동,중상사고,0,1,0,0,차대차 - 기타,신호위반,건조,맑음,교차로 - 교차로안,이륜,남,79세,중상,승용,남,59세,상해없음
2019033100100100,2019년 3월 31일 07시,일요일,경상남도 진주시 하대동,경상사고,0,0,1,0,차대차 - 측면충돌,안전운전불이행,건조,맑음,교차로 - 교차로안,승합,남,61세,상해없음,승용,남,33세,경상
2019033100100108,2019년 3월 31일 08시,일요일,경상남도 진주시 평거동,중상사고,0,1,0,0,차대사람 - 기타,안전운전불이행,건조,맑음,교차로 - 교차로횡단보도내,승용,여,57세,상해없음,보행자,남,69세,중상
2019033100100109,2019년 3월 31일 08시,일요일,경상남도 김해시 외동,경상사고,0,0,1,0,차대사람 - 횡단중,안전운전불이행,건조,맑음,교차로 - 교차로횡단보도내,승용,남,39세,상해없음,보행자,남,37세,경상
2019033100100110,2019년 3월 31일 08시,일요일,경상남도 김해시 삼문동,중상사고,0,2,0,0,차대차 - 측면충돌,안전운전불이행,건조,맑음,교차로 - 교차로안,승용,여,46세,상해없음,승합,남,26세,중상
2019033100100117,2019년 3월 31일 09시,일요일,경상남도 창원시 진해구 송학동,중상사고,0,2,0,1,차대차 - 정면충돌,안전운전불이행,건조,맑음,교차로 - 교차로부근,이륜,여,60세,부상신고,승용,남,35세,중상
2019033100100133,2019년 3월 31일 10시,일요일,경상남도 김해시 외동,경상사고,0,0,1,0,차대차 - 후진중충돌,안전운전불이행,건조,맑음,단일로 - 기타,이륜,남,45세,경상,승용,남,23세,상해없음
2019033100100134,2019년 3월 31일 10시,일요일,경상남도 김해시 부원동,경상사고,0,0,1,0,차대차 - 추돌,안전운전불이행,건조,맑음,단일로 - 기타,승용,남,39세,상해없음,승용,남,28세,경상
2019033100100135,2019년 3월 31일 10시,일요일,경상남도 양산시 물금읍,중상사고,0,1,0,0,차량단독 - 공작물충돌,안전운전불이행,건조,맑음,교차로 - 교차로안,자전거,남,44세,중상,,,,
2019033100100154,2019년 3월 31일 11시,일요일,경상남도 양산시 동면,중상사고,0,1,0,0,차대차 - 측면충돌,신호위반,건조,맑음,교차로 - 교차로안,승용,남,27세,상해없음,이륜,남,49세,중상
2019033100100179,2019년 3월 31일 12시,일요일,경상남도 진주시 평거동,중상사고,0,2,0,0,차대차 - 측면충돌,신호위반,건조,맑음,교차로 - 교차로안,승합,여,46세,상해없음,화물,남,57세,중상
2019033100100180,2019년 3월 31일 12시,일요일,경상남도 통영시 미수동,경상사고,0,0,1,0,차대사람 - 횡단중,안전운전불이행,건조,맑음,단일로 - 기타,승용,여,57세,상해없음,보행자,남,78세,경상
2019033100100181,2019년 3월 31일 12시,일요일,경상남도 사천시 서포면,경상사고,0,0,1,0,차대차 - 측면충돌,안전운전불이행,건조,맑음,교차로 - 교차로부근,승용,남,68세,상해없음,자전거,남,57세,경상
2019033100100212,2019년 3월 31일 13시,일요일,경상남도 창원시 마산합포구 중앙동2가,경상사고,0,0,1,0,차대차 - 정면충돌,안전운전불이행,건조,맑음,교차로 - 교차로부근,승용,남,56세,상해없음,자전거,남,79세,경상
2019033100100213,2019년 3월 31일 13시,일요일,경상남도 거제시 사등면,경상사고,0,0,1,0,차대차 - 후진중충돌,차로위반,건조,맑음,교차로 - 교차로부근,승용,남,61세,상해없음,승용,남,62세,경상
2019033100100227,2019년 3월 31일 14시,일요일,경상남도 밀양시 상남면,경상사고,0,0,2,0,차대차 - 측면충돌,중앙선침범,건조,맑음,단일로 - 기타,승용,남,35세,상해없음,승용,남,54세,경상
2019033100100243,2019년 3월 31일 14시,일요일,경상남도 거창군 거창읍,경상사고,0,0,1,0,차대차 - 추돌,안전거리미확보,건조,맑음,교차로 - 교차로부근,승용,여,40세,경상,승용,남,59세,상해없음
2019033100100258,2019년 3월 31일 15시,일요일,경상남도 김해시 대동면,경상사고,0,0,5,0,차대차 - 추돌,안전운전불이행,건조,맑음,단일로 - 기타,승용,남,19세,경상,승용,남,39세,경상
2019033100100269,2019년 3월 31일 15시,일요일,경상남도 진주시 평거동,경상사고,0,0,3,0,차대차 - 후진중충돌,안전운전불이행,건조,맑음,단일로 - 기타,승용,여,35세,상해없음,승합,남,48세,경상
2019033100100270,2019년 3월 31일 15시,일요일,경상남도 거창군 남하면,경상사고,0,0,1,0,차량단독 - 전도전복 - 전도,안전운전불이행,건조,맑음,단일로 - 기타,이륜,남,61세,경상,,,,
2019033100100286,2019년 3월 31일 16시,일요일,경상남도 김해시 대동면,경상사고,0,0,2,0,차대차 - 기타,안전운전불이행,건조,맑음,단일로 - 기타,승용,남,56세,상해없음,승용,남,28세,경상
2019033100100298,2019년 3월 31일 16시,일요일,경상남도 진주시 진성면,경상사고,0,0,1,0,차대차 - 측면충돌,중앙선침범,건조,맑음,단일로 - 기타,승용,여,66세,상해없음,승용,남,59세,경상
2019033100100299,2019년 3월 31일 16시,일요일,경상남도 양산시 물금읍,중상사고,0,1,4,0,차대차 - 측면충돌,직진우회전진행방해,건조,맑음,교차로 - 교차로안,승용,여,26세,경상,승용,남,39세,중상
2019033100100300,2019년 3월 31일 16시,일요일,경상남도 거제시 상동동,경상사고,0,0,3,0,차대차 - 기타,안전거리미확보,건조,맑음,교차로 - 교차로안,승용,남,33세,상해없음,승용,남,46세,경상
2019033100100301,2019년 3월 31일 16시,일요일,경상남도 김해시 진영읍,경상사고,0,0,1,0,차대사람 - 보도통행중,안전운전불이행,건조,맑음,단일로 - 기타,자전거,여,45세,상해없음,보행자,여,68세,경상
2019033100100330,2019년 3월 31일 17시,일요일,경상남도 진주시 상대동,경상사고,0,0,1,0,차대사람 - 길가장자리구역통행중,안전운전불이행,건조,맑음,단일로 - 기타,승용,여,26세,상해없음,보행자,남,24세,경상
2019033100100331,2019년 3월 31일 17시,일요일,경상남도 김해시 내동,경상사고,0,0,1,0,차대차 - 기타,안전운전불이행,건조,맑음,교차로 - 교차로안,승용,남,47세,상해없음,이륜,남,20세,경상
2019033100100332,2019년 3월 31일 17시,일요일,경상남도 거제시 아주동,경상사고,0,0,1,0,차대차 - 추돌,안전거리미확보,건조,맑음,단일로 - 터널,승용,남,61세,상해없음,승용,남,35세,경상
2019033100100362,2019년 3월 31일 18시,일요일,경상남도 사천시 서포면,경상사고,0,0,1,0,차대차 - 측면충돌,직진우회전진행방해,건조,맑음,교차로 - 교차로안,승용,남,69세,상해없음,승용,남,51세,경상
2019033100100391,2019년 3월 31일 19시,일요일,경상남도 창원시 진해구 자은동,중상사고,0,1,0,0,차대차 - 측면충돌,기타,건조,맑음,교차로 - 교차로부근,승용,여,47세,상해없음,원동기,남,25세,중상
2019033100100392,2019년 3월 31일 19시,일요일,경상남도 사천시 서동,중상사고,0,1,0,0,차대사람 - 횡단중,보행자보호의무위반,건조,맑음,교차로 - 교차로안,화물,남,48세,상해없음,보행자,여,59세,중상
2019033100100393,2019년 3월 31일 19시,일요일,경상남도 양산시 물금읍,경상사고,0,0,1,0,차대차 - 기타,신호위반,건조,맑음,교차로 - 교차로부근,원동기,남,19세,경상,승용,여,48세,상해없음
2019033100100421,2019년 3월 31일 20시,일요일,경상남도 창원시 의창구 봉곡동,경상사고,0,0,2,0,차대차 - 기타,안전운전불이행,건조,맑음,단일로 - 기타,화물,남,69세,상해없음,승용,남,46세,경상
2019033100100422,2019년 3월 31일 20시,일요일,경상남도 창원시 의창구 북면,경상사고,0,0,2,0,차대차 - 측면충돌,안전운전불이행,건조,맑음,단일로 - 기타,화물,남,61세,상해없음,승용,여,55세,경상
2019033100100445,2019년 3월 31일 21시,일요일,경상남도 거제시 장평동,중상사고,0,1,0,0,차대차 - 측면충돌,신호위반,건조,맑음,교차로 - 교차로안,승용,여,41세,상해없음,화물,남,69세,중상
2019033100100468,2019년 3월 31일 23시,일요일,경상남도 창원시 성산구 상남동,경상사고,0,0,2,0,차대차 - 추돌,안전운전불이행,건조,맑음,교차로 - 교차로안,이륜,남,29세,상해없음,승용,남,53세,상해없음
2019040100100033,2019년 4월 1일 00시,월요일,경상남도 사천시 동금동,중상사고,0,1,0,0,차대차 - 후진중충돌,안전운전불이행,건조,맑음,기타 - 기타,승용,남,59세,상해없음,승용,여,29세,상해없음
2019040100100042,2019년 4월 1일 01시,월요일,경상남도 진주시 상평동,경상사고,0,0,1,0,차대차 - 측면충돌,신호위반,건조,맑음,교차로 - 교차로안,승용,남,27세,상해없음,승용,남,63세,경상
2019040100100046,2019년 4월 1일 02시,월요일,경상남도 김해시 부원동,경상사고,0,0,3,0,차대차 - 측면충돌,안전운전불이행,건조,맑음,교차로 - 교차로안,승용,여,45세,상해없음,승합,남,27세,경상
2019040100100058,2019년 4월 1일 04시,월요일,경상남도 김해시 삼문동,경상사고,0,0,1,0,차대차 - 측면충돌,신호위반,건조,맑음,교차로 - 교차로안,승용,남,60세,상해없음,승용,남,47세,경상
2019040100100069,2019년 4월 1일 05시,월요일,경상남도 김해시 진영읍,경상사고,0,0,1,0,차대차 - 측면충돌,신호위반,건조,맑음,교차로 - 교차로안,승용,남,35세,상해없음,화물,남,66세,경상
2019040100100085,2019년 4월 1일 06시,월요일,경상남도 창원시 마산합포구 오동동,경상사고,0,0,2,0,차대차 - 측면충돌,신호위반,건조,맑음,교차로 - 교차로안,승용,남,65세,경상,승용,남,35세,경상
2019040100100118,2019년 4월 1일 07시,월요일,경상남도 창원시 마산합포구 우산동,중상사고,0,1,0,0,차대차 - 측면충돌,중앙선침범,건조,맑음,단일로 - 기타,승용,여,40세,상해없음,승용,남,40세,중상
2019040100100119,2019년 4월 1일 07시,월요일,경상남도 사천시 축동면,경상사고,0,0,2,0,차대차 - 측면충돌,안전운전불이행,건조,맑음,교차로 - 교차로부근,승용,남,26세,경상,승용,남,25세,경상
2019040100100120,2019년 4월 1일 07시,월요일,경상남도 남해군 미조면,사망사고,1,0,0,0,차대사람 - 횡단중,안전운전불이행,건조,맑음,교차로 - 교차로안,화물,남,74세,상해없음,보행자,여,77세,사망
2019040100100121,2019년 4월 1일 07시,월요일,경상남도 김해시 진영읍,경상사고,0,0,1,0,차대차 - 측면충돌,신호위반,건조,맑음,교차로 - 교차로안,승용,남,22세,경상,승용,남,51세,상해없음
2019040100100165,2019년 4월 1일 08시,월요일,경상남도 양산시 물금읍,중상사고,0,1,2,0,차대차 - 측면충돌,안전운전불이행,건조,맑음,교차로 - 교차로안,화물,남,41세,상해없음,승합,여,60세,중상
2019040100100208,2019년 4월 1일 09시,월요일,경상남도 김해시 대청동,중상사고,0,1,2,0,차대차 - 측면충돌,안전운전불이행,건조,맑음,단일로 - 기타,승용,여,42세,상해없음,승용,여,36세,중상
2019040100100244,2019년 4월 1일 10시,월요일,경상남도 거제시 장목면,중상사고,0,1,1,0,차대차 - 측면충돌,안전운전불이행,건조,맑음,단일로 - 기타,승용,남,69세,경상,화물,남,72세,중상
2019040100100245,2019년 4월 1일 10시,월요일,경상남도 창원시 성산구 상남동,경상사고,0,0,1,0,차대사람 - 기타,안전운전불이행,건조,맑음,단일로 - 기타,승용,여,50세,상해없음,보행자,여,35세,경상
2019040100100246,2019년 4월 1일 10시,월요일,경상남도 창원시 의창구 북동,경상사고,0,0,1,0,차대차 - 기타,안전운전불이행,건조,맑음,교차로 - 교차로안,승합,남,64세,상해없음,승용,남,53세,경상
2019040100100275,2019년 4월 1일 11시,월요일,경상남도 진주시 동성동,중상사고,0,1,0,0,차대차 - 기타,중앙선침범,건조,맑음,단일로 - 기타,자전거,남,58세,중상,승용,남,61세,상해없음
2019040100100276,2019년 4월 1일 11시,월요일,경상남도 통영시 중앙동,경상사고,0,0,1,0,차대차 - 추돌,안전거리미확보,건조,맑음,단일로 - 기타,승용,남,68세,상해없음,이륜,남,36세,경상
2019040100100309,2019년 4월 1일 12시,월요일,경상남도 창원시 진해구 용원동,중상사고,0,6,1,0,차대차 - 추돌,안전운전불이행,건조,맑음,교차로 - 교차로부근,승용,남,49세,중상,승용,남,21세,중상
2019040100100310,2019년 4월 1일 12시,월요일,경상남도 함안군 칠서면,경상사고,0,0,1,0,차대차 - 측면충돌,안전거리미확보,건조,맑음,단일로 - 기타,승용,남,61세,기타불명,승용,여,32세,경상
2019040100100341,2019년 4월 1일 13시,월요일,경상남도 창원시 진해구 제황산동,중상사고,0,1,2,0,차대차 - 측면충돌,안전운전불이행,건조,맑음,교차로 - 교차로안,승용,남,47세,경상,이륜,남,48세,중상
2019040100100342,2019년 4월 1일 13시,월요일,경상남도 창원시 진해구 석동,경상사고,0,0,1,0,차대차 - 추돌,안전운전불이행,건조,맑음,교차로 - 교차로부근,이륜,남,48세,경상,승용,여,37세,상해없음
2019040100100343,2019년 4월 1일 13시,월요일,경상남도 함양군 함양읍,경상사고,0,0,1,0,차대차 - 측면충돌,교차로운행방법위반,건조,맑음,교차로 - 교차로안,원동기,남,77세,경상,승용,남,68세,상해없음
2019040100100344,2019년 4월 1일 13시,월요일,경상남도 창원시 의창구 용호동,경상사고,0,0,1,0,차대차 - 측면충돌,안전운전불이행,건조,맑음,단일로 - 기타,승용,남,60세,상해없음,자전거,여,20세,경상
2019040100100380,2019년 4월 1일 14시,월요일,경상남도 양산시 물금읍,중상사고,0,1,0,0,차대사람 - 기타,안전운전불이행,건조,맑음,단일로 - 기타,승합,남,50세,상해없음,보행자,여,82세,중상
2019040100100381,2019년 4월 1일 14시,월요일,경상남도 거제시 고현동,중상사고,0,1,0,0,차대차 - 측면충돌,신호위반,건조,맑음,교차로 - 교차로안,승용,여,54세,상해없음,승용,여,41세,중상
2019040100100420,2019년 4월 1일 15시,월요일,경상남도 창원시 마산회원구 석전동,중상사고,0,1,0,0,차대사람 - 횡단중,신호위반,건조,맑음,교차로 - 교차로횡단보도내,승용,남,65세,상해없음,보행자,여,68세,중상
2019040100100453,2019년 4월 1일 16시,월요일,경상남도 김해시 진영읍,경상사고,0,0,1,0,차대차 - 추돌,안전운전불이행,건조,맑음,교차로 - 교차로부근,화물,남,59세,상해없음,승용,여,62세,경상
2019040100100504,2019년 4월 1일 17시,월요일,경상남도 창원시 진해구 석동,경상사고,0,0,2,0,차대차 - 추돌,안전운전불이행,건조,맑음,단일로 - 터널,승용,남,60세,상해없음,승용,남,29세,경상
2019040100100505,2019년 4월 1일 17시,월요일,경상남도 사천시 곤명면,경상사고,0,0,2,0,차대차 - 추돌,안전운전불이행,건조,맑음,단일로 - 기타,화물,남,58세,상해없음,승용,여,47세,경상
2019040100100506,2019년 4월 1일 17시,월요일,경상남도 김해시 부원동,중상사고,0,1,0,0,차대차 - 측면충돌,신호위반,건조,맑음,단일로 - 기타,승용,남,36세,상해없음,화물,남,48세,중상
2019040100100507,2019년 4월 1일 17시,월요일,경상남도 양산시 남부동,중상사고,0,1,0,0,차대사람 - 횡단중,보행자보호의무위반,건조,맑음,교차로 - 교차로횡단보도내,승용,여,64세,상해없음,보행자,남,10세,중상
2019040100100508,2019년 4월 1일 17시,월요일,경상남도 고성군 고성읍,중상사고,0,1,2,0,차대차 - 기타,안전운전불이행,건조,맑음,교차로 - 교차로부근,화물,남,59세,상해없음,승합,남,55세,경상
2019040100100553,2019년 4월 1일 18시,월요일,경상남도 김해시 삼방동,중상사고,0,1,0,0,차대차 - 측면충돌,불법유턴,건조,맑음,단일로 - 기타,승용,남,26세,상해없음,사륜오토바이(ATV),남,24세,중상
2019040100100554,2019년 4월 1일 18시,월요일,경상남도 고성군 하이면,경상사고,0,0,3,0,차대차 - 추돌,안전거리미확보,건조,맑음,교차로 - 교차로부근,승용,여,30세,상해없음,승용,여,32세,경상
2019040100100555,2019년 4월 1일 18시,월요일,경상남도 창원시 성산구 반림동,경상사고,0,0,2,0,차대차 - 추돌,안전운전불이행,건조,맑음,교차로 - 교차로부근,승용,남,30세,상해없음,승용,남,31세,경상
2019040100100556,2019년 4월 1일 18시,월요일,경상남도 창원시 의창구 동읍,경상사고,0,0,2,0,차대차 - 기타,안전운전불이행,건조,맑음,교차로 - 교차로부근,승용,남,28세,상해없음,승용,여,24세,경상
2019040100100633,2019년 4월 1일 20시,월요일,경상남도 김해시 진영읍,중상사고,0,2,0,0,차대사람 - 횡단중,안전운전불이행,건조,맑음,교차로 - 교차로안,승용,남,23세,중상,보행자,남,48세,중상
2019040100100656,2019년 4월 1일 21시,월요일,경상남도 김해시 전하동,경상사고,0,0,1,0,차대차 - 측면충돌,신호위반,건조,맑음,단일로 - 기타,승용,여,26세,상해없음,승합,남,37세,경상
2019040100100691,2019년 4월 1일 23시,월요일,경상남도 양산시 평산동,경상사고,0,0,1,0,차대차 - 정면충돌,중앙선침범,건조,맑음,단일로 - 기타,승용,남,51세,상해없음,승용,남,27세,경상
2019040200100035,2019년 4월 2일 00시,화요일,경상남도 거창군 거창읍,중상사고,0,1,0,0,차대사람 - 차도통행중,중앙선침범,건조,맑음,단일로 - 기타,이륜,남,16세,중상,보행자,여,68세,상해없음
2019040200100113,2019년 4월 2일 07시,화요일,경상남도 고성군 고성읍,중상사고,0,2,0,0,차대차 - 추돌,신호위반,건조,맑음,교차로 - 교차로안,승용,남,25세,상해없음,승용,남,26세,중상
2019040200100169,2019년 4월 2일 08시,화요일,경상남도 통영시 도천동,중상사고,0,1,0,0,차대차 - 기타,안전운전불이행,건조,맑음,교차로 - 교차로안,승용,남,64세,기타불명,승합,남,49세,상해없음
2019040200100208,2019년 4월 2일 09시,화요일,경상남도 김해시 진례면,중상사고,0,1,0,0,차량단독 - 기타,기타,건조,맑음,단일로 - 기타,승합,남,44세,상해없음,,,,
2019040200100244,2019년 4월 2일 10시,화요일,경상남도 거제시 옥포동,중상사고,0,1,0,0,차대차 - 추돌,안전운전불이행,건조,맑음,교차로 - 교차로부근,화물,남,36세,상해없음,승합,남,30세,중상
2019040200100245,2019년 4월 2일 10시,화요일,경상남도 남해군 창선면,사망사고,1,1,0,0,차량단독 - 도로외이탈 - 추락,안전운전불이행,건조,맑음,단일로 - 기타,화물,남,67세,사망,,,,
2019040200100246,2019년 4월 2일 10시,화요일,경상남도 창원시 의창구 소답동,경상사고,0,0,1,0,차대차 - 측면충돌,안전거리미확보,건조,맑음,단일로 - 기타,승용,여,39세,상해없음,승용,여,40세,경상
2019040200100275,2019년 4월 2일 11시,화요일,경상남도 거제시 아주동,경상사고,0,0,1,0,차대차 - 측면충돌,안전운전불이행,건조,맑음,교차로 - 교차로안,승용,여,37세,상해없음,이륜,남,59세,경상
2019040200100276,2019년 4월 2일 11시,화요일,경상남도 김해시 대청동,경상사고,0,0,1,0,차대차 - 측면충돌,불법유턴,건조,맑음,단일로 - 기타,화물,남,35세,상해없음,이륜,남,27세,경상
2019040200100309,2019년 4월 2일 12시,화요일,경상남도 김해시 구산동,중상사고,0,1,1,0,차대차 - 측면충돌,교차로운행방법위반,건조,맑음,교차로 - 교차로안,승용,여,48세,경상,승용,남,52세,중상
2019040200100310,2019년 4월 2일 12시,화요일,경상남도 김해시 삼정동,중상사고,0,1,0,0,차대사람 - 횡단중,안전운전불이행,건조,맑음,교차로 - 교차로안,승용,여,47세,상해없음,보행자,여,67세,중상
2019040200100311,2019년 4월 2일 12시,화요일,경상남도 창원시 성산구 반림동,경상사고,0,0,1,0,차대차 - 후진중충돌,안전운전불이행,건조,맑음,기타 - 기타,승용,여,62세,상해없음,이륜,남,35세,경상
2019040200100341,2019년 4월 2일 13시,화요일,경상남도 거창군 거창읍,경상사고,0,0,1,0,차대차 - 측면충돌,안전운전불이행,건조,맑음,교차로 - 교차로안,이륜,여,62세,경상,승용,여,67세,상해없음
2019040200100342,2019년 4월 2일 13시,화요일,경상남도 거제시 일운면,경상사고,0,0,5,0,차대차 - 측면충돌,안전거리미확보,건조,맑음,단일로 - 기타,승합,남,66세,상해없음,승용,여,51세,경상
2019040200100379,2019년 4월 2일 14시,화요일,경상남도 창녕군 부곡면,중상사고,0,1,3,0,차대차 - 측면충돌,안전운전불이행,건조,맑음,교차로 - 교차로부근,이륜,남,83세,중상,승용,여,57세,경상
2019040200100380,2019년 4월 2일 14시,화요일,경상남도 하동군 하동읍,경상사고,0,0,1,0,차대차 - 측면충돌,안전운전불이행,건조,맑음,교차로 - 교차로안,이륜,남,77세,경상,승용,여,49세,상해없음
2019040200100381,2019년 4월 2일 14시,화요일,경상남도 산청군 산청읍,부상신고사고,0,0,0,1,차량단독 - 전도전복 - 전도,안전운전불이행,건조,맑음,단일로 - 기타,농기계,남,72세,부상신고,,,,
2019040200100417,2019년 4월 2일 15시,화요일,경상남도 사천시 대방동,경상사고,0,0,1,0,차대차 - 측면충돌,신호위반,건조,맑음,교차로 - 교차로안,승합,남,58세,상해없음,승용,여,55세,경상
2019040200100418,2019년 4월 2일 15시,화요일,경상남도 김해시 대동면,중상사고,0,1,0,0,차대차 - 측면충돌,교차로운행방법위반,건조,맑음,교차로 - 교차로안,승용,여,27세,상해없음,자전거,남,68세,중상
2019040200100419,2019년 4월 2일 15시,화요일,경상남도 창원시 의창구 봉곡동,부상신고사고,0,0,0,1,차대차 - 기타,안전운전불이행,건조,맑음,단일로 - 기타,기타불명,기타불명,미분류,기타불명,자전거,여,76세,부상신고
2019040200100582,2019년 4월 2일 19시,화요일,경상남도 창원시 진해구 풍호동,중상사고,0,1,0,0,차대차 - 측면충돌,안전운전불이행,건조,맑음,교차로 - 교차로안,승용,여,76세,중상,승용,남,58세,상해없음
2019040200100583,2019년 4월 2일 19시,화요일,경상남도 양산시 중부동,경상사고,0,0,1,0,차대차 - 측면충돌,안전운전불이행,건조,맑음,단일로 - 기타,자전거,남,12세,경상,승용,남,27세,상해없음