사고번호,사고일시,요일,시군구,사고내용,사망자수,중상자수,경상자수,부상신고자수,사고유형,법규위반,노면상태,기상상태,도로형태,가해운전자 차종,가해운전자 성별,가해운전자 연령,가해운전자 상해정도,피해운전자 차종,피해운전자 성별,피해운전자 연령,피해운전자 상해정도
2019040600100060,2019년 4월 6일 01시,토요일,경상남도 양산시 물금읍,경상사고,0,0,2,0,차대차 - 추돌,안전거리미확보,건조,맑음,교차로 - 교차로부근,승용,남,47세,상해없음,승용,남,37세,경상
2019040600100091,2019년 4월 6일 04시,토요일,경상남도 진주시 하대동,경상사고,0,0,1,0,차대차 - 추돌,안전운전불이행,건조,맑음,단일로 - 기타,승용,남,27세,경상,화물,남,59세,상해없음
2019040600100097,2019년 4월 6일 05시,토요일,경상남도 남해군 이동면,중상사고,0,2,0,0,차대차 - 추돌,안전운전불이행,건조,맑음,단일로 - 기타,화물,남,56세,상해없음,화물,여,64세,중상
2019040600100109,2019년 4월 6일 06시,토요일,경상남도 진주시 대곡면,중상사고,0,1,0,0,차량단독 - 전도전복 - 전도,안전운전불이행,건조,맑음,단일로 - 기타,이륜,여,57세,중상,,,,
2019040600100110,2019년 4월 6일 06시,토요일,경상남도 양산시 동면,중상사고,0,1,0,0,차대차 - 측면충돌,불법유턴,건조,맑음,단일로 - 기타,승용,남,25세,상해없음,승용,남,44세,중상
2019040600100148,2019년 4월 6일 08시,토요일,경상남도 사천시 선구동,경상사고,0,0,1,0,차대차 - 측면충돌,직진우회전진행방해,건조,맑음,교차로 - 교차로안,이륜,남,76세,경상,승용,남,61세,상해없음
2019040600100149,2019년 4월 6일 08시,토요일,경상남도 남해군 남해읍,중상사고,0,1,0,0,차대차 - 추돌,안전운전불이행,건조,맑음,단일로 - 기타,승용,남,72세,상해없음,이륜,남,87세,중상
2019040600100150,2019년 4월 6일 08시,토요일,경상남도 창원시 의창구 명서동,경상사고,0,0,1,0,차대차 - 측면충돌,안전거리미확보,건조,맑음,단일로 - 기타,승용,여,62세,상해없음,화물,남,48세,경상
2019040600100173,2019년 4월 6일 09시,토요일,경상남도 거제시 고현동,경상사고,0,0,1,0,차대차 - 추돌,안전운전불이행,건조,맑음,단일로 - 지하차도(도로)내,승용,여,44세,상해없음,승용,남,48세,경상
2019040600100174,2019년 4월 6일 09시,토요일,경상남도 김해시 주촌면,중상사고,0,1,0,0,차대차 - 추돌,안전운전불이행,건조,맑음,교차로 - 교차로부근,건설기계,남,54세,상해없음,이륜,남,32세,중상
2019040600100207,2019년 4월 6일 10시,토요일,경상남도 창원시 성산구 외동,경상사고,0,0,1,0,차대차 - 측면충돌,안전운전불이행,건조,맑음,단일로 - 기타,화물,남,30세,상해없음,자전거,남,57세,경상
2019040600100208,2019년 4월 6일 10시,토요일,경상남도 창원시 의창구 팔용동,경상사고,0,0,1,0,차대차 - 추돌,안전운전불이행,건조,맑음,단일로 - 기타,승용,여,39세,상해없음,승용,여,48세,경상
2019040600100242,2019년 4월 6일 11시,토요일,경상남도 밀양시 삼랑진읍,중상사고,0,1,1,0,차대차 - 측면충돌,안전운전불이행,건조,맑음,교차로 - 교차로안,이륜,남,62세,경상,승용,남,70세,상해없음
2019040600100243,2019년 4월 6일 11시,토요일,경상남도 창원시 의창구 신월동,경상사고,0,0,1,0,차대차 - 측면충돌,안전운전불이행,건조,맑음,단일로 - 기타,승용,남,55세,상해없음,승용,남,25세,경상
2019040600100272,2019년 4월 6일 12시,토요일,경상남도 양산시 물금읍,경상사고,0,0,1,0,차대차 - 기타,안전운전불이행,건조,맑음,단일로 - 기타,승용,남,41세,상해없음,자전거,남,79세,경상
2019040600100273,2019년 4월 6일 12시,토요일,경상남도 창원시 성산구 사파정동,중상사고,0,1,0,0,차대차 - 측면충돌,안전운전불이행,건조,맑음,교차로 - 교차로부근,승용,여,63세,상해없음,이륜,남,44세,중상
2019040600100274,2019년 4월 6일 12시,토요일,경상남도 창원시 성산구 상남동,경상사고,0,0,2,0,차대차 - 측면충돌,안전운전불이행,건조,맑음,교차로 - 교차로안,승용,남,61세,상해없음,승용,남,33세,경상
2019040600100322,2019년 4월 6일 13시,토요일,경상남도 김해시 삼방동,중상사고,0,1,0,0,차대사람 - 길가장자리구역통행중,기타,건조,맑음,단일로 - 기타,승합,남,34세,상해없음,보행자,여,78세,중상
2019040600100323,2019년 4월 6일 13시,토요일,경상남도 합천군 야로면,중상사고,0,1,1,0,차대차 - 측면충돌,중앙선침범,건조,맑음,단일로 - 기타,화물,남,52세,중상,승용,남,48세,경상
2019040600100324,2019년 4월 6일 13시,토요일,경상남도 고성군 대가면,중상사고,0,2,1,0,차대차 - 측면충돌,교차로운행방법위반,건조,맑음,교차로 - 교차로안,승용,남,57세,상해없음,승용,남,81세,중상
2019040600100325,2019년 4월 6일 13시,토요일,경상남도 창원시 성산구 상남동,경상사고,0,0,1,0,차대차 - 측면충돌,안전운전불이행,건조,맑음,단일로 - 기타,승용,여,47세,상해없음,승용,여,25세,경상
2019040600100326,2019년 4월 6일 13시,토요일,경상남도 창원시 의창구 동정동,경상사고,0,0,1,0,차대차 - 추돌,안전운전불이행,건조,맑음,단일로 - 기타,승용,남,34세,상해없음,승용,여,57세,경상
2019040600100361,2019년 4월 6일 14시,토요일,경상남도 사천시 사천읍,경상사고,0,0,1,0,차대차 - 측면충돌,직진우회전진행방해,건조,맑음,교차로 - 교차로안,승용,남,57세,상해없음,승용,여,46세,경상
2019040600100362,2019년 4월 6일 14시,토요일,경상남도 밀양시 삼랑진읍,경상사고,0,0,1,0,차대사람 - 길가장자리구역통행중,안전운전불이행,건조,맑음,단일로 - 기타,승용,남,73세,상해없음,보행자,여,59세,경상
2019040600100380,2019년 4월 6일 15시,토요일,경상남도 김해시 수가동,경상사고,0,0,2,0,차대차 - 추돌,안전운전불이행,건조,맑음,단일로 - 기타,승용,남,29세,상해없음,승용,남,37세,경상
2019040600100393,2019년 4월 6일 15시,토요일,경상남도 사천시 곤명면,중상사고,0,1,0,0,차대사람 - 횡단중,안전운전불이행,건조,맑음,단일로 - 기타,화물,남,63세,상해없음,보행자,여,67세,중상
2019040600100394,2019년 4월 6일 15시,토요일,경상남도 고성군 고성읍,중상사고,0,1,0,0,차대차 - 측면충돌,차로위반,건조,맑음,단일로 - 기타,화물,남,29세,상해없음,이륜,남,83세,중상
2019040600100430,2019년 4월 6일 16시,토요일,경상남도 사천시 대방동,경상사고,0,0,2,0,차대차 - 추돌,안전운전불이행,건조,맑음,단일로 - 교량,승용,남,27세,상해없음,이륜,남,35세,상해없음
2019040600100431,2019년 4월 6일 16시,토요일,경상남도 창녕군 도천면,중상사고,0,2,0,0,차대차 - 기타,안전운전불이행,건조,맑음,단일로 - 기타,화물,남,70세,중상,승용,남,52세,중상
2019040600100432,2019년 4월 6일 16시,토요일,경상남도 창원시 마산회원구 석전동,중상사고,0,1,0,0,차대사람 - 횡단중,신호위반,건조,맑음,단일로 - 지하차도(도로)내,승용,여,45세,상해없음,보행자,여,50세,중상
2019040600100469,2019년 4월 6일 17시,토요일,경상남도 진주시 칠암동,경상사고,0,0,1,0,차대차 - 측면충돌,중앙선침범,건조,맑음,교차로 - 교차로안,자전거,남,78세,경상,승합,남,49세,상해없음
2019040600100470,2019년 4월 6일 17시,토요일,경상남도 창원시 진해구 용원동,경상사고,0,0,4,0,차대차 - 추돌,안전운전불이행,건조,맑음,교차로 - 교차로부근,승용,남,43세,상해없음,승용,남,26세,경상
2019040600100471,2019년 4월 6일 17시,토요일,경상남도 함안군 군북면,경상사고,0,0,1,0,차량단독 - 전도전복 - 전복,안전운전불이행,건조,맑음,기타 - 기타,사륜오토바이(ATV),남,79세,경상,,,,
2019040600100500,2019년 4월 6일 18시,토요일,경상남도 양산시 북정동,경상사고,0,0,1,0,차대차 - 측면충돌,신호위반,건조,맑음,교차로 - 교차로안,승용,남,27세,상해없음,승용,남,59세,경상
2019040600100501,2019년 4월 6일 18시,토요일,경상남도 거제시 고현동,경상사고,0,0,2,0,차대차 - 측면충돌,안전거리미확보,건조,맑음,교차로 - 교차로부근,승용,여,36세,상해없음,승용,남,27세,경상
2019040600100543,2019년 4월 6일 19시,토요일,경상남도 창원시 진해구 여좌동,경상사고,0,0,1,0,차대사람 - 횡단중,안전운전불이행,건조,맑음,단일로 - 기타,승용,남,76세,상해없음,보행자,여,31세,경상
2019040600100544,2019년 4월 6일 19시,토요일,경상남도 김해시 삼방동,경상사고,0,0,1,0,차대차 - 측면충돌,교차로운행방법위반,건조,맑음,교차로 - 교차로안,승용,남,57세,상해없음,승용,여,28세,경상
2019040600100571,2019년 4월 6일 20시,토요일,경상남도 진주시 상봉동,경상사고,0,0,1,0,차대사람 - 보도통행중,기타,건조,맑음,단일로 - 기타,이륜,남,50세,상해없음,보행자,남,22세,경상
2019040600100598,2019년 4월 6일 21시,토요일,경상남도 창원시 진해구 용원동,경상사고,0,0,1,0,차대차 - 측면충돌,안전운전불이행,건조,맑음,교차로 - 교차로안,승용,남,38세,상해없음,이륜,남,23세,경상
2019040600100599,2019년 4월 6일 21시,토요일,경상남도 양산시 물금읍,부상신고사고,0,0,0,1,차대차 - 측면충돌,안전운전불이행,건조,맑음,교차로 - 교차로부근,자전거,남,14세,부상신고,승용,남,33세,상해없음
2019040600100600,2019년 4월 6일 21시,토요일,경상남도 하동군 금남면,경상사고,0,0,1,0,차대차 - 측면충돌,안전운전불이행,건조,맑음,단일로 - 기타,승용,남,56세,상해없음,승용,남,38세,경상
2019040600100644,2019년 4월 6일 23시,토요일,경상남도 진주시 신안동,부상신고사고,0,0,0,1,차대차 - 측면충돌,안전운전불이행,건조,맑음,단일로 - 기타,자전거,남,46세,부상신고,승용,남,41세,기타불명
2019040700100038,2019년 4월 7일 00시,일요일,경상남도 진주시 망경동,사망사고,1,0,0,0,차대사람 - 길가장자리구역통행중,안전운전불이행,건조,맑음,단일로 - 기타,화물,남,67세,상해없음,보행자,여,64세,사망
2019040700100039,2019년 4월 7일 00시,일요일,경상남도 진주시 하대동,경상사고,0,0,1,0,차대차 - 측면충돌,신호위반,건조,맑음,교차로 - 교차로안,승용,여,30세,상해없음,승용,여,21세,경상
2019040700100040,2019년 4월 7일 00시,일요일,경상남도 김해시 구산동,사망사고,1,0,0,0,차대사람 - 횡단중,안전운전불이행,건조,맑음,교차로 - 교차로안,승용,남,57세,상해없음,보행자,여,71세,사망
2019040700100052,2019년 4월 7일 01시,일요일,경상남도 사천시 사천읍,경상사고,0,0,1,0,차대차 - 측면충돌,안전운전불이행,건조,맑음,단일로 - 기타,승용,여,47세,경상,승합,남,43세,상해없음
2019040700100053,2019년 4월 7일 01시,일요일,경상남도 김해시 부원동,중상사고,0,1,0,0,차대사람 - 길가장자리구역통행중,안전운전불이행,건조,맑음,단일로 - 기타,승용,남,23세,상해없음,보행자,남,74세,중상
2019040700100063,2019년 4월 7일 02시,일요일,경상남도 양산시 중부동,경상사고,0,0,2,0,차대차 - 측면충돌,안전운전불이행,건조,맑음,교차로 - 교차로부근,승용,남,62세,상해없음,화물,남,39세,경상
2019040700100074,2019년 4월 7일 03시,일요일,경상남도 통영시 도천동,경상사고,0,0,1,0,차대차 - 측면충돌,안전운전불이행,건조,맑음,교차로 - 교차로안,승용,남,45세,상해없음,승용,남,47세,경상
2019040700100089,2019년 4월 7일 05시,일요일,경상남도 밀양시 삼랑진읍,사망사고,1,1,1,0,차대차 - 추돌,안전운전불이행,건조,맑음,단일로 - 기타,승용,남,24세,사망,화물,남,36세,경상
2019040700100113,2019년 4월 7일 07시,일요일,경상남도 남해군 창선면,중상사고,0,5,0,2,차량단독 - 전도전복 - 전도,안전운전불이행,건조,맑음,단일로 - 기타,화물,남,64세,상해없음,,,,
2019040700100118,2019년 4월 7일 08시,일요일,경상남도 함양군 병곡면,중상사고,0,1,0,0,차대차 - 측면충돌,교차로운행방법위반,건조,맑음,교차로 - 교차로안,승용,남,67세,상해없음,이륜,남,77세,중상
2019040700100131,2019년 4월 7일 09시,일요일,경상남도 밀양시 교동,중상사고,0,1,1,0,차대차 - 측면충돌,교차로운행방법위반,건조,맑음,교차로 - 교차로안,승용,남,68세,상해없음,화물,여,50세,중상
2019040700100132,2019년 4월 7일 09시,일요일,경상남도 하동군 금남면,경상사고,0,0,1,0,차대사람 - 횡단중,안전운전불이행,건조,맑음,단일로 - 기타,승용,여,78세,상해없음,보행자,남,6세,경상
2019040700100133,2019년 4월 7일 09시,일요일,경상남도 창원시 성산구 남산동,경상사고,0,0,1,0,차대차 - 추돌,안전운전불이행,건조,맑음,단일로 - 기타,화물,남,53세,상해없음,승용,여,40세,경상
2019040700100156,2019년 4월 7일 10시,일요일,경상남도 진주시 상봉동,경상사고,0,0,1,0,차대사람 - 횡단중,안전운전불이행,건조,흐림,교차로 - 교차로횡단보도내,승용,남,71세,기타불명,보행자,여,90세 이상,경상
2019040700100157,2019년 4월 7일 10시,일요일,경상남도 창원시 진해구 여좌동,중상사고,0,1,0,0,차대차 - 기타,신호위반,건조,맑음,단일로 - 기타,승용,여,47세,상해없음,이륜,남,63세,중상
2019040700100158,2019년 4월 7일 10시,일요일,경상남도 사천시 사천읍,경상사고,0,0,1,0,차대사람 - 기타,안전운전불이행,건조,맑음,주차장 - 주차장,승용,여,49세,상해없음,보행자,여,36세,경상
2019040700100159,2019년 4월 7일 10시,일요일,경상남도 거제시 사등면,경상사고,0,0,1,0,차대차 - 추돌,안전거리미확보,건조,맑음,단일로 - 기타,특수,남,47세,상해없음,승합,남,48세,경상
2019040700100160,2019년 4월 7일 10시,일요일,경상남도 창원시 성산구 반지동,사망사고,1,1,1,0,차대차 - 측면충돌,안전운전불이행,건조,맑음,교차로 - 교차로부근,승용,남,53세,중상,승용,남,27세,경상
2019040700100161,2019년 4월 7일 10시,일요일,경상남도 김해시 진례면,경상사고,0,0,3,0,차대차 - 측면충돌,교차로운행방법위반,건조,맑음,교차로 - 교차로안,승용,남,52세,상해없음,승용,남,49세,경상
2019040700100187,2019년 4월 7일 11시,일요일,경상남도 합천군 적중면,중상사고,0,1,0,0,차대사람 - 횡단중,중앙선침범,건조,맑음,단일로 - 기타,승용,남,30세,상해없음,보행자,남,45세,중상
2019040700100188,2019년 4월 7일 11시,일요일,경상남도 함안군 가야읍,경상사고,0,0,1,0,차대차 - 측면충돌,신호위반,건조,맑음,교차로 - 교차로안,승용,여,54세,상해없음,승용,여,54세,경상
2019040700100210,2019년 4월 7일 12시,일요일,경상남도 진주시 하대동,경상사고,0,0,1,0,차대차 - 기타,신호위반,건조,흐림,교차로 - 교차로안,승용,여,60세,상해없음,이륜,남,23세,경상
2019040700100211,2019년 4월 7일 12시,일요일,경상남도 창녕군 남지읍,중상사고,0,1,0,0,차대차 - 기타,직진우회전진행방해,건조,맑음,교차로 - 교차로안,자전거,여,58세,중상,승용,남,58세,상해없음
2019040700100212,2019년 4월 7일 12시,일요일,경상남도 김해시 삼문동,중상사고,0,1,0,0,차대차 - 측면충돌,교차로운행방법위반,건조,맑음,교차로 - 교차로안,승용,여,44세,상해없음,이륜,남,43세,중상
2019040700100278,2019년 4월 7일 14시,일요일,경상남도 진주시 하대동,중상사고,0,1,0,0,차대사람 - 횡단중,안전운전불이행,젖음/습기,비,단일로 - 기타,승용,여,54세,상해없음,보행자,남,60세,중상
2019040700100279,2019년 4월 7일 14시,일요일,경상남도 창원시 진해구 경화동,경상사고,0,0,1,0,차대차 - 측면충돌,안전운전불이행,건조,맑음,단일로 - 기타,화물,남,45세,상해없음,승용,남,66세,상해없음
2019040700100280,2019년 4월 7일 14시,일요일,경상남도 창원시 의창구 북면,경상사고,0,0,1,0,차대사람 - 길가장자리구역통행중,안전운전불이행,건조,흐림,단일로 - 기타,승용,남,60세,상해없음,보행자,남,53세,경상
2019040700100310,2019년 4월 7일 15시,일요일,경상남도 창원시 마산합포구 월영동,경상사고,0,0,1,1,차대차 - 추돌,안전거리미확보,젖음/습기,비,교차로 - 교차로부근,승용,남,75세,상해없음,승합,남,56세,상해없음
2019040700100311,2019년 4월 7일 15시,일요일,경상남도 창원시 마산합포구 산호동,경상사고,0,0,2,0,차대차 - 측면충돌,안전거리미확보,젖음/습기,비,교차로 - 교차로부근,승용,남,63세,상해없음,승용,여,27세,경상
2019040700100312,2019년 4월 7일 15시,일요일,경상남도 거제시 고현동,경상사고,0,0,1,0,차대차 - 추돌,안전운전불이행,젖음/습기,비,단일로 - 기타,승용,남,57세,상해없음,승용,남,34세,경상
2019040700100351,2019년 4월 7일 16시,일요일,경상남도 창원시 진해구 자은동,경상사고,0,0,2,0,차대차 - 기타,안전운전불이행,젖음/습기,비,교차로 - 교차로안,승용,여,44세,기타불명,승용,여,57세,경상
2019040700100352,2019년 4월 7일 16시,일요일,경상남도 거제시 옥포동,경상사고,0,0,5,0,차대차 - 측면충돌,신호위반,건조,맑음,교차로 - 교차로안,승합,남,48세,상해없음,승용,남,46세,경상
2019040700100385,2019년 4월 7일 17시,일요일,경상남도 김해시 진영읍,경상사고,0,0,1,0,차량단독 - 공작물충돌,안전운전불이행,젖음/습기,흐림,단일로 - 기타,승용,남,19세,경상,,,,
2019040700100403,2019년 4월 7일 18시,일요일,경상남도 양산시 동면,경상사고,0,0,1,0,차대차 - 기타,교차로운행방법위반,건조,맑음,교차로 - 교차로안,승용,남,32세,상해없음,이륜,남,21세,경상
2019040700100404,2019년 4월 7일 18시,일요일,경상남도 거제시 연초면,경상사고,0,0,1,0,차대차 - 기타,안전거리미확보,젖음/습기,비,단일로 - 기타,승용,남,25세,상해없음,승용,남,38세,경상
2019040700100405,2019년 4월 7일 18시,일요일,경상남도 의령군 의령읍,경상사고,0,0,1,0,차대차 - 정면충돌,신호위반,건조,맑음,교차로 - 교차로부근,승용,여,57세,상해없음,승용,여,42세,경상
2019040700100418,2019년 4월 7일 19시,일요일,경상남도 김해시 불암동,경상사고,0,0,1,0,차대차 - 추돌,안전운전불이행,건조,맑음,단일로 - 기타,승용,남,35세,상해없음,승용,여,44세,경상
2019040700100433,2019년 4월 7일 19시,일요일,경상남도 진주시 충무공동,경상사고,0,0,1,0,차대차 - 기타,안전운전불이행,건조,맑음,단일로 - 기타,원동기,남,18세,상해없음,원동기,남,30세,경상
2019040700100434,2019년 4월 7일 19시,일요일,경상남도 사천시 정동면,중상사고,0,2,0,0,차대사람 - 횡단중,보행자보호의무위반,젖음/습기,비,단일로 - 기타,이륜,남,21세,중상,보행자,남,24세,중상
2019040700100435,2019년 4월 7일 19시,일요일,경상남도 고성군 고성읍,중상사고,0,2,0,0,차대차 - 기타,교차로운행방법위반,젖음/습기,비,교차로 - 교차로안,화물,남,65세,상해없음,승용,남,70세,중상
2019040700100436,2019년 4월 7일 19시,일요일,경상남도 거제시 덕포동,경상사고,0,0,1,0,차대차 - 측면충돌,안전거리미확보,젖음/습기,비,단일로 - 기타,화물,남,53세,상해없음,승용,남,57세,경상
2019040700100489,2019년 4월 7일 21시,일요일,경상남도 고성군 고성읍,경상사고,0,0,1,0,차대차 - 기타,안전거리미확보,건조,맑음,단일로 - 기타,승용,남,24세,상해없음,이륜,남,35세,경상
2019040800100066,2019년 4월 8일 05시,월요일,경상남도 창원시 마산합포구 오동동,중상사고,0,1,0,0,차대사람 - 횡단중,안전운전불이행,건조,흐림,단일로 - 기타,화물,남,29세,상해없음,보행자,여,80세,중상
2019040800100077,2019년 4월 8일 06시,월요일,경상남도 진주시 남성동,중상사고,0,1,0,0,차대차 - 측면충돌,안전운전불이행,건조,맑음,단일로 - 기타,자전거,남,65세,중상,승용,남,43세,상해없음
2019040800100078,2019년 4월 8일 06시,월요일,경상남도 사천시 벌리동,사망사고,1,0,0,0,차대차 - 측면충돌,신호위반,건조,맑음,교차로 - 교차로안,이륜,여,59세,사망,화물,남,50세,상해없음
2019040800100079,2019년 4월 8일 06시,월요일,경상남도 양산시 동면,중상사고,0,1,0,0,차대차 - 추돌,안전운전불이행,건조,맑음,단일로 - 기타,화물,남,50세,상해없음,농기계,남,67세,중상
2019040800100080,2019년 4월 8일 06시,월요일,경상남도 거제시 고현동,경상사고,0,0,1,0,차대차 - 측면충돌,신호위반,건조,맑음,교차로 - 교차로안,승용,남,61세,상해없음,이륜,남,40세,경상
2019040800100110,2019년 4월 8일 07시,월요일,경상남도 양산시 물금읍,경상사고,0,0,1,0,차대차 - 기타,교차로운행방법위반,건조,맑음,교차로 - 교차로안,승용,여,44세,상해없음,승용,남,24세,경상
2019040800100111,2019년 4월 8일 07시,월요일,경상남도 김해시 내덕동,경상사고,0,0,1,0,차대차 - 기타,안전운전불이행,건조,맑음,단일로 - 기타,승용,여,49세,상해없음,승용,여,30세,경상
2019040800100112,2019년 4월 8일 07시,월요일,경상남도 김해시 한림면,경상사고,0,0,1,0,차대차 - 정면충돌,안전운전불이행,건조,맑음,단일로 - 기타,승용,남,51세,상해없음,승용,여,52세,경상
2019040800100155,2019년 4월 8일 08시,월요일,경상남도 사천시 사남면,중상사고,0,1,1,0,차대차 - 추돌,안전운전불이행,건조,맑음,단일로 - 기타,승용,여,49세,상해없음,승용,여,34세,경상
2019040800100156,2019년 4월 8일 08시,월요일,경상남도 창녕군 이방면,중상사고,0,4,0,0,차대차 - 측면충돌,신호위반,건조,맑음,교차로 - 교차로안,승용,여,33세,상해없음,승용,남,76세,중상
2019040800100157,2019년 4월 8일 08시,월요일,경상남도 양산시 물금읍,중상사고,0,1,0,0,차대차 - 측면충돌,신호위반,건조,맑음,교차로 - 교차로횡단보도내,승용,여,47세,기타불명,자전거,남,25세,중상
2019040800100158,2019년 4월 8일 08시,월요일,경상남도 창원시 의창구 신월동,경상사고,0,0,2,0,차대차 - 추돌,안전운전불이행,건조,맑음,교차로 - 교차로부근,승용,남,36세,상해없음,화물,남,35세,경상
2019040800100203,2019년 4월 8일 09시,월요일,경상남도 김해시 생림면,경상사고,0,0,2,0,차대차 - 측면충돌,직진우회전진행방해,건조,맑음,교차로 - 교차로안,승용,남,37세,경상,화물,남,57세,경상
2019040800100204,2019년 4월 8일 09시,월요일,경상남도 거제시 아주동,중상사고,0,1,0,0,차대차 - 기타,안전운전불이행,건조,맑음,단일로 - 터널,승용,여,23세,상해없음,승용,여,34세,중상
2019040800100236,2019년 4월 8일 10시,월요일,경상남도 사천시 사천읍,중상사고,0,1,0,0,차대차 - 측면충돌,직진우회전진행방해,건조,맑음,교차로 - 교차로안,승용,여,38세,상해없음,이륜,남,78세,중상
2019040800100265,2019년 4월 8일 11시,월요일,경상남도 진주시 상대동,중상사고,0,1,0,0,차대차 - 측면충돌,직진우회전진행방해,건조,맑음,교차로 - 교차로안,승용,남,41세,상해없음,이륜,남,37세,중상
2019040800100266,2019년 4월 8일 11시,월요일,경상남도 진주시 상대동,중상사고,0,1,0,0,차대사람 - 보도통행중,기타,건조,맑음,기타 - 기타,승용,여,41세,상해없음,보행자,여,69세,중상
2019040800100267,2019년 4월 8일 11시,월요일,경상남도 밀양시 가곡동,경상사고,0,0,1,0,차대차 - 측면충돌,안전운전불이행,건조,맑음,단일로 - 기타,화물,남,45세,상해없음,이륜,남,68세,경상
2019040800100268,2019년 4월 8일 11시,월요일,경상남도 거제시 아주동,경상사고,0,0,2,0,차대차 - 기타,신호위반,건조,맑음,교차로 - 교차로안,승용,여,51세,경상,화물,남,43세,경상
2019040800100269,2019년 4월 8일 11시,월요일,경상남도 창원시 의창구 소답동,중상사고,0,1,0,0,차대사람 - 보도통행중,안전운전불이행,건조,맑음,교차로 - 교차로안,승용,여,51세,상해없음,보행자,여,75세,중상
2019040800100298,2019년 4월 8일 12시,월요일,경상남도 창원시 진해구 대죽동,경상사고,0,0,3,0,차대차 - 기타,안전운전불이행,건조,맑음,교차로 - 교차로안,원동기,남,57세,경상,승용,남,39세,경상
2019040800100299,2019년 4월 8일 12시,월요일,경상남도 밀양시 내이동,경상사고,0,0,1,0,차대차 - 측면충돌,교차로운행방법위반,건조,맑음,교차로 - 교차로안,승용,남,55세,상해없음,승용,여,43세,경상
2019040800100394,2019년 4월 8일 15시,월요일,경상남도 통영시 무전동,경상사고,0,0,3,0,차대차 - 측면충돌,직진우회전진행방해,건조,맑음,교차로 - 교차로안,승용,남,64세,상해없음,승용,여,28세,상해없음
2019040800100424,2019년 4월 8일 16시,월요일,경상남도 진주시 인사동,중상사고,0,1,0,0,차대차 - 정면충돌,신호위반,건조,맑음,교차로 - 교차로안,승용,여,33세,상해없음,승용,여,68세,중상
2019040800100425,2019년 4월 8일 16시,월요일,경상남도 창원시 진해구 석동,경상사고,0,0,1,0,차대차 - 추돌,안전거리미확보,건조,맑음,교차로 - 교차로안,승용,여,58세,상해없음,승용,남,58세,경상
2019040800100426,2019년 4월 8일 16시,월요일,경상남도 김해시 율하동,경상사고,0,0,1,0,차대차 - 추돌,안전운전불이행,건조,맑음,교차로 - 교차로부근,승용,여,33세,상해없음,승용,여,50세,경상
2019040800100466,2019년 4월 8일 17시,월요일,경상남도 김해시 부원동,경상사고,0,0,1,0,차대차 - 측면충돌,신호위반,건조,맑음,교차로 - 교차로안,승용,여,57세,상해없음,자전거,남,50세,경상
2019040800100467,2019년 4월 8일 17시,월요일,경상남도 창원시 마산회원구 봉암동,경상사고,0,0,1,0,차대차 - 측면충돌,안전운전불이행,건조,맑음,교차로 - 교차로부근,승용,남,74세,상해없음,승용,남,47세,경상
2019040800100468,2019년 4월 8일 17시,월요일,경상남도 창원시 의창구 동읍,중상사고,0,1,0,0,차대차 - 추돌,안전거리미확보,건조,맑음,교차로 - 교차로안,화물,남,61세,상해없음,승용,여,59세,중상
2019040800100512,2019년 4월 8일 18시,월요일,경상남도 진주시 망경동,경상사고,0,0,2,0,차대차 - 추돌,안전거리미확보,건조,맑음,단일로 - 기타,승합,남,51세,상해없음,승용,여,51세,경상
2019040800100513,2019년 4월 8일 18시,월요일,경상남도 창원시 진해구 용원동,경상사고,0,0,1,0,차대차 - 정면충돌,직진우회전진행방해,건조,맑음,교차로 - 교차로안,승용,남,30세,상해없음,이륜,남,49세,경상
2019040800100514,2019년 4월 8일 18시,월요일,경상남도 창원시 진해구 석동,경상사고,0,0,2,0,차대차 - 기타,신호위반,건조,맑음,교차로 - 교차로안,이륜,남,20세,경상,승용,남,34세,경상
2019040800100515,2019년 4월 8일 18시,월요일,경상남도 김해시 어방동,경상사고,0,0,1,0,차대사람 - 차도통행중,안전운전불이행,건조,맑음,단일로 - 기타,승용,여,54세,상해없음,보행자,여,15세,경상
2019040800100516,2019년 4월 8일 18시,월요일,경상남도 양산시 북부동,부상신고사고,0,0,0,1,차대사람 - 기타,안전운전불이행,건조,맑음,기타 - 기타,화물,남,55세,상해없음,보행자,여,52세,부상신고
2019040800100588,2019년 4월 8일 20시,월요일,경상남도 통영시 산양읍,중상사고,0,1,0,1,차대차 - 추돌,안전운전불이행,건조,맑음,단일로 - 기타,승용,여,26세,부상신고,기타불명,남,41세,중상
2019040800100589,2019년 4월 8일 20시,월요일,경상남도 창원시 성산구 내동,경상사고,0,0,1,0,차대사람 - 횡단중,보행자보호의무위반,건조,맑음,교차로 - 교차로횡단보도내,승용,남,62세,상해없음,보행자,남,60세,경상
2019040800100590,2019년 4월 8일 20시,월요일,경상남도 창원시 마산회원구 양덕동,중상사고,0,1,0,0,차대사람 - 횡단중,신호위반,건조,기타,단일로 - 기타,승용,남,39세,상해없음,보행자,여,44세,중상
2019040800100613,2019년 4월 8일 21시,월요일,경상남도 김해시 구산동,중상사고,0,1,0,0,차대사람 - 기타,기타,건조,맑음,기타 - 기타,승용,여,25세,상해없음,보행자,여,63세,중상
2019040800100614,2019년 4월 8일 21시,월요일,경상남도 김해시 상동면,중상사고,0,1,0,0,차량단독 - 공작물충돌,안전운전불이행,건조,맑음,단일로 - 기타,화물,남,51세,중상,,,,
2019040900100029,2019년 4월 9일 00시,화요일,경상남도 김해시 내동,중상사고,0,1,0,0,차대차 - 기타,안전운전불이행,건조,맑음,교차로 - 교차로안,승용,남,29세,상해없음,이륜,여,21세,중상