사고번호,사고일시,요일,시군구,사고내용,사망자수,중상자수,경상자수,부상신고자수,사고유형,법규위반,노면상태,기상상태,도로형태,가해운전자 차종,가해운전자 성별,가해운전자 연령,가해운전자 상해정도,피해운전자 차종,피해운전자 성별,피해운전자 연령,피해운전자 상해정도
2019041500100279,2019년 4월 15일 12시,월요일,경상남도 창원시 마산합포구 월남동3가,중상사고,0,1,0,0,차대사람 - 횡단중,안전운전불이행,건조,맑음,교차로 - 교차로부근,승합,남,36세,상해없음,보행자,여,76세,중상
2019041500100280,2019년 4월 15일 12시,월요일,경상남도 사천시 대방동,중상사고,0,1,0,0,차대사람 - 기타,안전운전불이행,건조,맑음,단일로 - 기타,화물,남,50세,기타불명,보행자,남,77세,중상
2019041500100281,2019년 4월 15일 12시,월요일,경상남도 거제시 사등면,경상사고,0,0,2,0,차대차 - 기타,안전거리미확보,건조,맑음,단일로 - 기타,승용,여,62세,기타불명,승용,남,32세,경상
2019041500100282,2019년 4월 15일 12시,월요일,경상남도 거제시 아주동,경상사고,0,0,4,0,차대차 - 추돌,안전운전불이행,건조,맑음,단일로 - 터널,승용,여,33세,상해없음,승용,여,28세,경상
2019041500100319,2019년 4월 15일 13시,월요일,경상남도 창원시 마산합포구 진북면,중상사고,0,1,0,0,차대차 - 추돌,안전거리미확보,건조,맑음,교차로 - 교차로부근,건설기계,남,38세,상해없음,화물,남,62세,중상
2019041500100320,2019년 4월 15일 13시,월요일,경상남도 사천시 사천읍,경상사고,0,0,3,0,차대차 - 측면충돌,안전운전불이행,건조,맑음,단일로 - 기타,이륜,남,70세,경상,승용,남,20세,경상
2019041500100321,2019년 4월 15일 13시,월요일,경상남도 창원시 성산구 신촌동,경상사고,0,0,2,0,차대차 - 측면충돌,안전운전불이행,건조,맑음,기타 - 기타,화물,남,39세,경상,승용,남,54세,경상
2019041500100322,2019년 4월 15일 13시,월요일,경상남도 김해시 진영읍,중상사고,0,1,0,0,차대차 - 추돌,안전운전불이행,건조,맑음,단일로 - 기타,화물,남,56세,중상,화물,남,61세,기타불명
2019041500100369,2019년 4월 15일 14시,월요일,경상남도 거제시 수월동,경상사고,0,0,1,0,차대차 - 측면충돌,신호위반,건조,맑음,교차로 - 교차로안,승용,여,37세,상해없음,화물,남,38세,경상
2019041500100416,2019년 4월 15일 15시,월요일,경상남도 양산시 남부동,중상사고,0,1,0,0,차대차 - 기타,안전운전불이행,건조,맑음,교차로 - 교차로부근,이륜,남,65세,상해없음,승용,남,52세,상해없음
2019041500100471,2019년 4월 15일 16시,월요일,경상남도 김해시 불암동,중상사고,0,1,0,0,차대차 - 기타,신호위반,건조,맑음,교차로 - 교차로안,승용,남,23세,상해없음,화물,남,58세,중상
2019041500100472,2019년 4월 15일 16시,월요일,경상남도 김해시 삼계동,경상사고,0,0,1,0,차대차 - 기타,안전운전불이행,건조,맑음,교차로 - 교차로안,승용,남,24세,상해없음,승용,남,63세,경상
2019041500100522,2019년 4월 15일 17시,월요일,경상남도 창원시 진해구 석동,경상사고,0,0,1,0,차대차 - 기타,기타,건조,맑음,교차로 - 교차로부근,승합,남,62세,상해없음,이륜,남,51세,경상
2019041500100523,2019년 4월 15일 17시,월요일,경상남도 통영시 북신동,중상사고,0,1,0,0,차대차 - 기타,안전운전불이행,건조,맑음,교차로 - 교차로부근,승용,여,58세,상해없음,이륜,남,36세,중상
2019041500100524,2019년 4월 15일 17시,월요일,경상남도 김해시 대동면,중상사고,0,1,3,0,차대차 - 기타,중앙선침범,건조,맑음,단일로 - 기타,승용,남,51세,중상,승용,남,63세,경상
2019041500100525,2019년 4월 15일 17시,월요일,경상남도 양산시 상북면,경상사고,0,0,1,0,차대차 - 기타,안전운전불이행,건조,맑음,교차로 - 교차로안,화물,남,61세,상해없음,승합,남,37세,경상
2019041500100526,2019년 4월 15일 17시,월요일,경상남도 거제시 두모동,경상사고,0,0,2,0,차대차 - 측면충돌,안전운전불이행,건조,맑음,단일로 - 기타,승용,남,50세,상해없음,승합,남,30세,상해없음
2019041500100527,2019년 4월 15일 17시,월요일,경상남도 남해군 남해읍,부상신고사고,0,0,0,1,차대차 - 측면충돌,안전운전불이행,건조,맑음,교차로 - 교차로안,승용,여,62세,부상신고,화물,남,32세,상해없음
2019041500100575,2019년 4월 15일 18시,월요일,경상남도 사천시 서금동,경상사고,0,0,1,0,차대차 - 측면충돌,안전운전불이행,건조,맑음,교차로 - 교차로안,승용,남,51세,상해없음,승합,남,67세,상해없음
2019041500100576,2019년 4월 15일 18시,월요일,경상남도 사천시 사천읍,경상사고,0,0,1,0,차대차 - 측면충돌,안전운전불이행,건조,맑음,교차로 - 교차로안,이륜,남,16세,경상,승용,남,51세,상해없음
2019041500100621,2019년 4월 15일 19시,월요일,경상남도 진주시 초전동,경상사고,0,0,1,0,차대차 - 측면충돌,신호위반,건조,맑음,단일로 - 기타,승용,남,18세,상해없음,자전거,남,12세,경상
2019041500100622,2019년 4월 15일 19시,월요일,경상남도 통영시 미수동,중상사고,0,1,2,0,차대차 - 추돌,안전운전불이행,건조,맑음,단일로 - 기타,승용,남,70세,상해없음,승용,남,50세,경상
2019041500100623,2019년 4월 15일 19시,월요일,경상남도 김해시 진영읍,경상사고,0,0,1,0,차대사람 - 횡단중,안전운전불이행,건조,맑음,단일로 - 기타,승용,남,49세,상해없음,보행자,남,59세,경상
2019041500100657,2019년 4월 15일 20시,월요일,경상남도 양산시 물금읍,중상사고,0,1,0,0,차대사람 - 횡단중,안전운전불이행,건조,맑음,교차로 - 교차로부근,승용,남,57세,상해없음,보행자,남,77세,중상
2019041500100679,2019년 4월 15일 21시,월요일,경상남도 사천시 용강동,중상사고,0,1,0,0,차대차 - 기타,중앙선침범,건조,맑음,교차로 - 교차로부근,기타불명,기타불명,미분류,기타불명,자전거,여,54세,중상
2019041500100680,2019년 4월 15일 21시,월요일,경상남도 김해시 부곡동,중상사고,0,1,0,0,차대차 - 측면충돌,안전운전불이행,건조,맑음,단일로 - 기타,승용,여,48세,상해없음,승용,남,31세,중상
2019041500100698,2019년 4월 15일 22시,월요일,경상남도 김해시 어방동,중상사고,0,1,0,0,차대사람 - 보도통행중,보행자보호의무위반,건조,맑음,단일로 - 기타,승용,남,43세,상해없음,보행자,남,44세,중상
2019041500100718,2019년 4월 15일 23시,월요일,경상남도 김해시 어방동,경상사고,0,0,2,0,차대차 - 추돌,안전거리미확보,건조,맑음,단일로 - 기타,화물,남,34세,상해없음,승용,남,42세,경상
2019041500100719,2019년 4월 15일 23시,월요일,경상남도 거제시 장승포동,경상사고,0,0,1,0,차대차 - 측면충돌,중앙선침범,건조,맑음,단일로 - 기타,승용,남,47세,상해없음,승용,여,55세,경상
2019041500100720,2019년 4월 15일 23시,월요일,경상남도 창원시 성산구 중앙동,중상사고,0,1,0,0,차대사람 - 기타,안전운전불이행,건조,맑음,교차로 - 교차로부근,승용,남,36세,기타불명,보행자,남,34세,중상
2019041600100029,2019년 4월 16일 00시,화요일,경상남도 창원시 진해구 이동,경상사고,0,0,2,0,차량단독 - 공작물충돌,안전운전불이행,건조,맑음,단일로 - 기타,승용,여,27세,경상,,,,
2019041600100030,2019년 4월 16일 00시,화요일,경상남도 김해시 삼방동,경상사고,0,0,2,0,차대차 - 기타,신호위반,건조,맑음,교차로 - 교차로안,이륜,남,19세,경상,승용,여,31세,경상
2019041600100053,2019년 4월 16일 03시,화요일,경상남도 창원시 성산구 남산동,경상사고,0,0,1,0,차대차 - 추돌,안전운전불이행,건조,맑음,교차로 - 교차로부근,승용,여,34세,상해없음,승용,남,42세,경상
2019041600100067,2019년 4월 16일 05시,화요일,경상남도 거제시 연초면,경상사고,0,0,1,0,차대차 - 측면충돌,신호위반,건조,맑음,교차로 - 교차로안,승용,여,57세,상해없음,승합,남,37세,경상
2019041600100080,2019년 4월 16일 06시,화요일,경상남도 김해시 대동면,중상사고,0,2,1,3,차대차 - 기타,직진우회전진행방해,건조,맑음,교차로 - 교차로안,승용,여,65세,경상,승용,여,51세,부상신고
2019041600100081,2019년 4월 16일 06시,화요일,경상남도 거창군 거창읍,사망사고,1,1,1,0,차대차 - 측면충돌,신호위반,건조,맑음,교차로 - 교차로안,승용,여,58세,사망,화물,남,43세,경상
2019041600100106,2019년 4월 16일 07시,화요일,경상남도 창원시 진해구 도만동,경상사고,0,0,2,0,차대차 - 정면충돌,안전운전불이행,건조,맑음,교차로 - 교차로부근,승용,남,57세,상해없음,승용,남,25세,경상
2019041600100107,2019년 4월 16일 07시,화요일,경상남도 창원시 의창구 봉곡동,중상사고,0,1,0,0,차대사람 - 보도통행중,기타,건조,맑음,기타 - 기타,자전거,남,16세,상해없음,보행자,여,63세,중상
2019041600100156,2019년 4월 16일 08시,화요일,경상남도 산청군 신등면,중상사고,0,1,0,0,차대사람 - 차도통행중,안전운전불이행,건조,맑음,단일로 - 기타,승용,여,55세,상해없음,보행자,여,10세,중상
2019041600100157,2019년 4월 16일 08시,화요일,경상남도 창원시 마산회원구 석전동,경상사고,0,0,1,0,차대차 - 추돌,안전운전불이행,건조,흐림,단일로 - 기타,승합,남,38세,상해없음,자전거,남,63세,경상
2019041600100158,2019년 4월 16일 08시,화요일,경상남도 김해시 부곡동,중상사고,0,2,0,0,차대차 - 측면충돌,신호위반,건조,맑음,교차로 - 교차로안,승용,남,28세,상해없음,승용,여,45세,중상
2019041600100210,2019년 4월 16일 09시,화요일,경상남도 창원시 마산합포구 중앙동1가,경상사고,0,0,1,0,차대사람 - 기타,안전운전불이행,건조,맑음,단일로 - 기타,승용,남,75세,상해없음,보행자,여,66세,경상
2019041600100211,2019년 4월 16일 09시,화요일,경상남도 양산시 북부동,중상사고,0,1,0,0,차대사람 - 길가장자리구역통행중,안전운전불이행,건조,맑음,단일로 - 기타,승용,여,50세,상해없음,보행자,여,81세,중상
2019041600100238,2019년 4월 16일 10시,화요일,경상남도 김해시 외동,중상사고,0,1,1,0,차대차 - 추돌,안전거리미확보,건조,맑음,교차로 - 교차로안,승용,남,64세,상해없음,승용,여,50세,경상
2019041600100239,2019년 4월 16일 10시,화요일,경상남도 김해시 삼계동,경상사고,0,0,1,0,차대차 - 측면충돌,안전운전불이행,건조,맑음,교차로 - 교차로안,화물,남,27세,상해없음,개인형이동수단(PM),남,54세,경상
2019041600100279,2019년 4월 16일 11시,화요일,경상남도 창녕군 창녕읍,사망사고,1,0,0,0,차대차 - 측면충돌,안전운전불이행,건조,맑음,교차로 - 교차로부근,승용,남,80세,상해없음,이륜,남,77세,사망
2019041600100280,2019년 4월 16일 11시,화요일,경상남도 창녕군 창녕읍,중상사고,0,1,0,0,차대차 - 후진중충돌,안전운전불이행,건조,맑음,교차로 - 교차로부근,승합,남,61세,상해없음,이륜,남,78세,중상
2019041600100281,2019년 4월 16일 11시,화요일,경상남도 양산시 유산동,중상사고,0,1,0,0,차대사람 - 기타,안전운전불이행,건조,맑음,단일로 - 기타,화물,남,64세,상해없음,보행자,남,62세,중상
2019041600100282,2019년 4월 16일 11시,화요일,경상남도 거제시 고현동,중상사고,0,1,0,0,차대사람 - 차도통행중,안전운전불이행,건조,맑음,교차로 - 교차로부근,승용,여,28세,상해없음,보행자,여,57세,중상
2019041600100315,2019년 4월 16일 12시,화요일,경상남도 거제시 연초면,경상사고,0,0,1,0,차량단독 - 전도전복 - 전도,안전운전불이행,건조,맑음,단일로 - 기타,이륜,남,16세,상해없음,,,,
2019041600100316,2019년 4월 16일 12시,화요일,경상남도 거제시 상동동,경상사고,0,0,2,0,차대차 - 정면충돌,교차로운행방법위반,건조,맑음,교차로 - 교차로안,화물,남,26세,상해없음,승용,남,34세,경상
2019041600100339,2019년 4월 16일 13시,화요일,경상남도 함안군 군북면,경상사고,0,0,1,0,차대차 - 기타,중앙선침범,건조,맑음,교차로 - 교차로안,이륜,남,85세,경상,승용,남,76세,상해없음
2019041600100354,2019년 4월 16일 14시,화요일,경상남도 김해시 전하동,경상사고,0,0,2,0,차대차 - 측면충돌,안전운전불이행,건조,맑음,단일로 - 기타,승용,여,30세,경상,승용,여,40세,경상
2019041600100367,2019년 4월 16일 14시,화요일,경상남도 진주시 칠암동,중상사고,0,1,0,0,차대사람 - 횡단중,보행자보호의무위반,건조,맑음,단일로 - 기타,승용,여,23세,상해없음,보행자,여,65세,중상
2019041600100453,2019년 4월 16일 16시,화요일,경상남도 밀양시 산내면,중상사고,0,1,0,0,차대차 - 추돌,안전운전불이행,건조,맑음,단일로 - 기타,건설기계,남,41세,상해없음,이륜,남,73세,중상
2019041600100454,2019년 4월 16일 16시,화요일,경상남도 양산시 중부동,중상사고,0,1,1,0,차대차 - 측면충돌,신호위반,건조,맑음,교차로 - 교차로안,승용,남,52세,상해없음,승용,남,24세,중상
2019041600100455,2019년 4월 16일 16시,화요일,경상남도 양산시 북부동,경상사고,0,0,1,0,차대차 - 측면충돌,안전운전불이행,건조,맑음,교차로 - 교차로부근,승용,남,55세,상해없음,승용,남,36세,경상
2019041600100506,2019년 4월 16일 17시,화요일,경상남도 김해시 대청동,중상사고,0,1,0,0,차대차 - 기타,안전운전불이행,건조,맑음,교차로 - 교차로부근,승용,여,38세,상해없음,승합,남,51세,상해없음
2019041600100552,2019년 4월 16일 18시,화요일,경상남도 양산시 동면,경상사고,0,0,1,0,차대차 - 측면충돌,차로위반,건조,맑음,단일로 - 기타,화물,남,51세,상해없음,승용,여,28세,경상
2019041600100585,2019년 4월 16일 19시,화요일,경상남도 거제시 고현동,경상사고,0,0,1,0,차대차 - 후진중충돌,안전운전불이행,건조,맑음,교차로 - 교차로안,승용,남,38세,상해없음,승용,여,36세,경상
2019041600100586,2019년 4월 16일 19시,화요일,경상남도 창원시 의창구 서상동,사망사고,1,0,0,0,차대사람 - 보도통행중,안전운전불이행,건조,맑음,단일로 - 기타,승용,남,64세,상해없음,보행자,남,71세,사망
2019041600100675,2019년 4월 16일 22시,화요일,경상남도 창원시 마산회원구 합성동,경상사고,0,0,1,0,차대차 - 측면충돌,안전운전불이행,건조,기타,교차로 - 교차로부근,이륜,남,19세,기타불명,승용,남,59세,경상
2019041700100025,2019년 4월 17일 00시,수요일,경상남도 창원시 마산합포구 중성동,경상사고,0,0,1,0,차대차 - 측면충돌,안전운전불이행,건조,맑음,교차로 - 교차로안,이륜,남,66세,경상,승용,여,39세,상해없음
2019041700100063,2019년 4월 17일 05시,수요일,경상남도 통영시 무전동,사망사고,1,0,0,0,차대사람 - 횡단중,과속,젖음/습기,비,교차로 - 교차로횡단보도내,승용,남,59세,상해없음,보행자,여,59세,사망
2019041700100080,2019년 4월 17일 06시,수요일,경상남도 거제시 장평동,경상사고,0,0,1,0,차대차 - 기타,안전운전불이행,젖음/습기,흐림,단일로 - 지하차도(도로)내,승용,남,59세,상해없음,승용,남,61세,경상
2019041700100149,2019년 4월 17일 08시,수요일,경상남도 양산시 교동,경상사고,0,0,1,0,차대사람 - 횡단중,안전운전불이행,건조,맑음,단일로 - 기타,승용,여,40세,상해없음,보행자,여,9세,경상
2019041700100150,2019년 4월 17일 08시,수요일,경상남도 양산시 물금읍,중상사고,0,1,0,0,차대차 - 추돌,안전운전불이행,건조,맑음,교차로 - 교차로부근,이륜,남,47세,중상,승용,여,37세,상해없음
2019041700100151,2019년 4월 17일 08시,수요일,경상남도 의령군 의령읍,중상사고,0,1,1,0,차대차 - 측면충돌,신호위반,건조,맑음,교차로 - 교차로부근,화물,남,60세,중상,승용,여,35세,경상
2019041700100191,2019년 4월 17일 09시,수요일,경상남도 거창군 거창읍,부상신고사고,0,0,0,1,차대차 - 추돌,안전운전불이행,건조,맑음,단일로 - 기타,화물,남,48세,부상신고,화물,남,57세,상해없음
2019041700100192,2019년 4월 17일 09시,수요일,경상남도 창원시 마산회원구 두척동,중상사고,0,2,0,0,차대차 - 측면충돌,안전운전불이행,건조,맑음,교차로 - 교차로안,승용,남,28세,상해없음,승용,여,43세,중상
2019041700100222,2019년 4월 17일 10시,수요일,경상남도 하동군 악양면,중상사고,0,1,0,0,차대사람 - 기타,안전운전불이행,건조,맑음,단일로 - 기타,승용,여,57세,상해없음,보행자,남,78세,중상
2019041700100249,2019년 4월 17일 11시,수요일,경상남도 진주시 상대동,중상사고,0,1,0,0,차대사람 - 기타,안전운전불이행,건조,맑음,단일로 - 기타,화물,남,31세,상해없음,보행자,남,47세,중상
2019041700100250,2019년 4월 17일 11시,수요일,경상남도 밀양시 내이동,경상사고,0,0,1,0,차대차 - 측면충돌,교차로운행방법위반,건조,맑음,교차로 - 교차로안,승용,남,76세,상해없음,이륜,남,25세,경상
2019041700100279,2019년 4월 17일 12시,수요일,경상남도 창원시 마산회원구 양덕동,중상사고,0,1,0,0,차대사람 - 차도통행중,안전운전불이행,건조,맑음,단일로 - 기타,승용,남,26세,상해없음,보행자,여,64세,중상
2019041700100312,2019년 4월 17일 13시,수요일,경상남도 창원시 진해구 석동,중상사고,0,1,0,0,차대차 - 정면충돌,신호위반,건조,맑음,교차로 - 교차로안,이륜,남,52세,중상,승용,남,37세,상해없음
2019041700100313,2019년 4월 17일 13시,수요일,경상남도 거제시 일운면,경상사고,0,0,1,0,차대차 - 추돌,안전거리미확보,건조,맑음,단일로 - 기타,승용,남,70세,상해없음,승용,여,58세,경상
2019041700100386,2019년 4월 17일 15시,수요일,경상남도 창원시 진해구 석동,경상사고,0,0,2,0,차대차 - 기타,안전운전불이행,건조,맑음,단일로 - 기타,특수,남,57세,상해없음,특수,남,64세,경상
2019041700100387,2019년 4월 17일 15시,수요일,경상남도 하동군 하동읍,부상신고사고,0,0,0,1,차량단독 - 전도전복 - 전도,안전운전불이행,건조,맑음,단일로 - 기타,이륜,남,87세,부상신고,,,,
2019041700100416,2019년 4월 17일 16시,수요일,경상남도 사천시 서포면,경상사고,0,0,1,0,차대사람 - 기타,안전운전불이행,건조,맑음,주차장 - 주차장,승용,남,43세,상해없음,보행자,남,77세,경상
2019041700100417,2019년 4월 17일 16시,수요일,경상남도 밀양시 상남면,경상사고,0,0,1,0,차대차 - 측면충돌,안전운전불이행,건조,맑음,교차로 - 교차로안,화물,남,74세,상해없음,자전거,남,10세,경상
2019041700100418,2019년 4월 17일 16시,수요일,경상남도 하동군 횡천면,경상사고,0,0,1,0,차대차 - 측면충돌,교차로운행방법위반,건조,맑음,교차로 - 교차로안,원동기,남,78세,경상,승용,여,27세,상해없음
2019041700100419,2019년 4월 17일 16시,수요일,경상남도 창원시 의창구 명서동,경상사고,0,0,1,0,차대차 - 추돌,안전운전불이행,건조,맑음,교차로 - 교차로부근,승용,여,52세,상해없음,승용,남,35세,경상
2019041700100420,2019년 4월 17일 16시,수요일,경상남도 김해시 진영읍,경상사고,0,0,1,0,차대사람 - 보도통행중,기타,건조,맑음,단일로 - 기타,기타불명,기타불명,미분류,기타불명,보행자,여,23세,경상
2019041700100457,2019년 4월 17일 17시,수요일,경상남도 진주시 호탄동,중상사고,0,1,0,0,차대차 - 기타,신호위반,건조,맑음,단일로 - 기타,이륜,남,16세,상해없음,승용,여,51세,상해없음
2019041700100458,2019년 4월 17일 17시,수요일,경상남도 통영시 무전동,경상사고,0,0,1,0,차대차 - 측면충돌,안전운전불이행,건조,맑음,단일로 - 기타,승합,남,48세,상해없음,승용,남,37세,경상
2019041700100459,2019년 4월 17일 17시,수요일,경상남도 김해시 관동동,중상사고,0,1,0,0,차대차 - 측면충돌,교차로운행방법위반,건조,맑음,교차로 - 교차로안,승용,여,48세,상해없음,이륜,남,49세,중상
2019041700100504,2019년 4월 17일 18시,수요일,경상남도 창원시 마산합포구 부림동,부상신고사고,0,0,0,1,차대차 - 추돌,안전운전불이행,건조,맑음,교차로 - 교차로부근,이륜,남,76세,부상신고,승용,남,50세,상해없음
2019041700100505,2019년 4월 17일 18시,수요일,경상남도 창원시 진해구 화천동,경상사고,0,0,1,0,차량단독 - 기타,안전운전불이행,건조,맑음,단일로 - 기타,승합,남,54세,상해없음,,,,
2019041700100506,2019년 4월 17일 18시,수요일,경상남도 창녕군 남지읍,경상사고,0,0,1,0,차대차 - 기타,안전운전불이행,건조,맑음,교차로 - 교차로안,자전거,남,48세,경상,화물,남,58세,상해없음
2019041700100507,2019년 4월 17일 18시,수요일,경상남도 창원시 의창구 소답동,중상사고,0,1,0,0,차대사람 - 기타,안전운전불이행,건조,맑음,단일로 - 기타,화물,남,38세,상해없음,보행자,남,51세,상해없음
2019041700100508,2019년 4월 17일 18시,수요일,경상남도 김해시 관동동,중상사고,0,1,0,0,차대차 - 측면충돌,교차로운행방법위반,건조,맑음,교차로 - 교차로안,승용,여,69세,상해없음,승용,여,47세,중상
2019041700100544,2019년 4월 17일 19시,수요일,경상남도 진주시 상봉동,중상사고,0,1,0,0,차대사람 - 횡단중,안전운전불이행,건조,맑음,단일로 - 기타,이륜,남,34세,상해없음,보행자,여,79세,중상
2019041700100545,2019년 4월 17일 19시,수요일,경상남도 사천시 축동면,중상사고,0,2,1,0,차대차 - 정면충돌,중앙선침범,건조,맑음,단일로 - 기타,승용,남,23세,경상,화물,남,26세,중상
2019041700100546,2019년 4월 17일 19시,수요일,경상남도 김해시 안동,경상사고,0,0,1,0,차대사람 - 횡단중,신호위반,건조,맑음,단일로 - 기타,승용,남,47세,상해없음,보행자,남,51세,경상
2019041700100547,2019년 4월 17일 19시,수요일,경상남도 거제시 장평동,경상사고,0,0,1,0,차대사람 - 횡단중,보행자보호의무위반,건조,맑음,교차로 - 교차로횡단보도내,승합,여,45세,상해없음,보행자,여,16세,경상
2019041700100548,2019년 4월 17일 19시,수요일,경상남도 창원시 마산회원구 양덕동,경상사고,0,0,1,0,차대사람 - 횡단중,안전운전불이행,건조,맑음,교차로 - 교차로안,이륜,남,49세,상해없음,보행자,여,9세,경상
2019041700100586,2019년 4월 17일 20시,수요일,경상남도 밀양시 삼문동,경상사고,0,0,1,0,차대사람 - 횡단중,보행자보호의무위반,건조,맑음,교차로 - 교차로횡단보도내,화물,남,57세,상해없음,보행자,여,48세,경상
2019041700100587,2019년 4월 17일 20시,수요일,경상남도 김해시 어방동,중상사고,0,1,0,0,차대사람 - 횡단중,안전운전불이행,건조,맑음,교차로 - 교차로안,승용,여,57세,상해없음,보행자,남,49세,중상
2019041700100615,2019년 4월 17일 21시,수요일,경상남도 창원시 의창구 도계동,경상사고,0,0,3,0,차대차 - 추돌,안전운전불이행,건조,맑음,교차로 - 교차로부근,승용,남,30세,상해없음,승용,남,64세,경상
2019041700100638,2019년 4월 17일 22시,수요일,경상남도 진주시 신안동,중상사고,0,1,0,0,차대차 - 측면충돌,신호위반,건조,맑음,교차로 - 교차로안,승용,남,53세,상해없음,이륜,남,17세,중상
2019041700100639,2019년 4월 17일 22시,수요일,경상남도 고성군 고성읍,경상사고,0,0,1,0,차대차 - 기타,교차로운행방법위반,건조,맑음,교차로 - 교차로안,승용,여,56세,상해없음,이륜,남,31세,경상
2019041700100658,2019년 4월 17일 23시,수요일,경상남도 창원시 의창구 명서동,중상사고,0,1,0,0,차대사람 - 횡단중,안전운전불이행,건조,맑음,단일로 - 기타,승합,남,58세,상해없음,보행자,여,58세,중상
2019041800100018,2019년 4월 18일 00시,목요일,경상남도 창원시 의창구 소계동,경상사고,0,0,1,0,차대차 - 정면충돌,중앙선침범,건조,맑음,교차로 - 교차로부근,승용,남,54세,상해없음,승용,여,34세,경상
2019041800100026,2019년 4월 18일 01시,목요일,경상남도 밀양시 내이동,중상사고,0,1,0,0,차대차 - 측면충돌,안전운전불이행,건조,맑음,단일로 - 기타,승용,남,23세,상해없음,자전거,남,17세,중상
2019041800100027,2019년 4월 18일 01시,목요일,경상남도 김해시 대청동,경상사고,0,0,1,0,차대차 - 추돌,안전운전불이행,건조,맑음,단일로 - 기타,승용,여,31세,경상,화물,남,47세,상해없음
2019041800100045,2019년 4월 18일 03시,목요일,경상남도 창원시 성산구 상남동,경상사고,0,0,1,0,차대차 - 추돌,안전운전불이행,건조,맑음,단일로 - 기타,승용,남,22세,상해없음,승용,남,27세,경상
2019041800100054,2019년 4월 18일 04시,목요일,경상남도 사천시 사천읍,경상사고,0,0,1,0,차량단독 - 기타,안전운전불이행,건조,맑음,단일로 - 기타,승합,남,59세,경상,,,,
2019041800100137,2019년 4월 18일 08시,목요일,경상남도 밀양시 삼문동,경상사고,0,0,3,0,차대차 - 추돌,안전운전불이행,건조,맑음,단일로 - 교량,승용,여,43세,상해없음,승용,남,50세,경상
2019041800100138,2019년 4월 18일 08시,목요일,경상남도 함안군 법수면,중상사고,0,1,0,0,차대차 - 측면충돌,안전운전불이행,건조,맑음,교차로 - 교차로안,이륜,남,82세,중상,화물,남,28세,상해없음
2019041800100139,2019년 4월 18일 08시,목요일,경상남도 의령군 의령읍,경상사고,0,0,1,1,차대차 - 측면충돌,교차로운행방법위반,건조,맑음,교차로 - 교차로안,승용,남,84세,부상신고,이륜,남,84세,경상
2019041800100140,2019년 4월 18일 08시,목요일,경상남도 의령군 봉수면,경상사고,0,0,1,0,차대차 - 추돌,안전운전불이행,기타,맑음,단일로 - 지하차도(도로)내,승용,남,38세,상해없음,화물,남,39세,경상
2019041800100210,2019년 4월 18일 10시,목요일,경상남도 통영시 서호동,경상사고,0,0,1,0,차대사람 - 횡단중,안전운전불이행,건조,맑음,교차로 - 교차로부근,승용,남,56세,상해없음,보행자,여,57세,경상
2019041800100211,2019년 4월 18일 10시,목요일,경상남도 밀양시 하남읍,사망사고,1,2,0,0,차대차 - 측면충돌,과속,건조,맑음,교차로 - 교차로안,승용,남,34세,중상,승용,여,53세,상해없음
2019041800100212,2019년 4월 18일 10시,목요일,경상남도 김해시 외동,중상사고,0,1,0,0,차대사람 - 횡단중,안전운전불이행,건조,맑음,교차로 - 교차로안,승용,남,64세,상해없음,보행자,여,90세 이상,중상
2019041800100213,2019년 4월 18일 10시,목요일,경상남도 양산시 덕계동,경상사고,0,0,1,0,차대사람 - 횡단중,안전운전불이행,건조,맑음,교차로 - 교차로안,승용,남,68세,상해없음,보행자,여,53세,경상
2019041800100214,2019년 4월 18일 10시,목요일,경상남도 양산시 물금읍,중상사고,0,1,0,0,차대차 - 기타,안전운전불이행,건조,맑음,교차로 - 교차로부근,승합,남,51세,상해없음,자전거,남,70세,중상
2019041800100215,2019년 4월 18일 10시,목요일,경상남도 김해시 삼문동,중상사고,0,2,0,0,차대차 - 추돌,안전운전불이행,건조,맑음,교차로 - 교차로부근,승용,남,50세,상해없음,승용,남,46세,중상
2019041800100241,2019년 4월 18일 11시,목요일,경상남도 통영시 태평동,중상사고,0,1,0,0,차대차 - 측면충돌,안전거리미확보,건조,맑음,단일로 - 기타,승용,여,60세,상해없음,이륜,남,26세,중상
2019041800100242,2019년 4월 18일 11시,목요일,경상남도 김해시 안동,중상사고,0,1,1,0,차대차 - 측면충돌,신호위반,건조,맑음,단일로 - 기타,이륜,남,49세,중상,이륜,남,32세,경상
2019041800100243,2019년 4월 18일 11시,목요일,경상남도 김해시 안동,중상사고,0,1,0,0,차대차 - 측면충돌,중앙선침범,건조,맑음,교차로 - 교차로부근,이륜,남,70세,중상,승용,남,56세,상해없음
2019041800100244,2019년 4월 18일 11시,목요일,경상남도 창원시 성산구 사파동,중상사고,0,1,0,0,차대차 - 측면충돌,신호위반,건조,맑음,교차로 - 교차로부근,승용,남,60세,상해없음,승용,여,47세,중상
2019041800100245,2019년 4월 18일 11시,목요일,경상남도 창원시 의창구 명서동,경상사고,0,0,1,1,차대차 - 측면충돌,안전거리미확보,건조,맑음,단일로 - 기타,승용,남,51세,상해없음,승용,여,56세,부상신고