사고번호,사고일시,요일,시군구,사고내용,사망자수,중상자수,경상자수,부상신고자수,사고유형,법규위반,노면상태,기상상태,도로형태,가해운전자 차종,가해운전자 성별,가해운전자 연령,가해운전자 상해정도,피해운전자 차종,피해운전자 성별,피해운전자 연령,피해운전자 상해정도
2019042700100709,2019년 4월 27일 23시,토요일,경상남도 창원시 성산구 가음정동,중상사고,0,2,0,0,차대차 - 추돌,안전운전불이행,건조,맑음,단일로 - 기타,승용,남,53세,상해없음,승용,여,57세,중상
2019042700100710,2019년 4월 27일 23시,토요일,경상남도 창원시 의창구 봉곡동,중상사고,0,1,0,0,차대사람 - 횡단중,안전운전불이행,건조,맑음,교차로 - 교차로안,이륜,남,39세,상해없음,보행자,남,71세,중상
2019042800100036,2019년 4월 28일 01시,일요일,경상남도 거창군 거창읍,중상사고,0,1,0,0,차대차 - 측면충돌,신호위반,건조,맑음,교차로 - 교차로안,승용,남,43세,상해없음,승용,여,51세,중상
2019042800100072,2019년 4월 28일 04시,일요일,경상남도 김해시 내동,경상사고,0,0,3,0,차대차 - 정면충돌,안전운전불이행,건조,맑음,교차로 - 교차로안,승용,남,27세,상해없음,승용,남,59세,경상
2019042800100081,2019년 4월 28일 05시,일요일,경상남도 진주시 초전동,중상사고,0,1,0,0,차대차 - 기타,신호위반,건조,흐림,교차로 - 교차로안,승용,남,24세,상해없음,화물,남,72세,중상
2019042800100124,2019년 4월 28일 08시,일요일,경상남도 창녕군 대지면,중상사고,0,1,2,0,차대차 - 기타,안전운전불이행,건조,맑음,교차로 - 교차로안,승용,남,69세,경상,승용,남,83세,경상
2019042800100139,2019년 4월 28일 09시,일요일,경상남도 창원시 진해구 태백동,경상사고,0,0,1,0,차대차 - 측면충돌,안전운전불이행,건조,흐림,단일로 - 기타,승용,남,39세,상해없음,승용,남,20세,경상
2019042800100140,2019년 4월 28일 09시,일요일,경상남도 사천시 사남면,경상사고,0,0,1,0,차대차 - 측면충돌,안전운전불이행,건조,맑음,교차로 - 교차로안,승용,남,78세,상해없음,승용,여,50세,경상
2019042800100141,2019년 4월 28일 09시,일요일,경상남도 사천시 서동,경상사고,0,0,2,0,차대차 - 측면충돌,안전운전불이행,건조,맑음,교차로 - 교차로안,승용,여,53세,상해없음,승용,여,26세,경상
2019042800100142,2019년 4월 28일 09시,일요일,경상남도 함양군 서상면,중상사고,0,2,0,0,차대차 - 측면충돌,신호위반,건조,맑음,교차로 - 교차로안,화물,남,55세,상해없음,승용,남,63세,중상
2019042800100165,2019년 4월 28일 11시,일요일,경상남도 창원시 진해구 석동,중상사고,0,1,1,0,차대차 - 기타,안전운전불이행,건조,맑음,교차로 - 교차로부근,승용,남,69세,기타불명,승용,여,26세,경상
2019042800100166,2019년 4월 28일 11시,일요일,경상남도 김해시 안동,경상사고,0,0,2,0,차대차 - 측면충돌,신호위반,건조,맑음,교차로 - 교차로안,승용,남,55세,상해없음,승용,여,47세,경상
2019042800100167,2019년 4월 28일 11시,일요일,경상남도 산청군 시천면,중상사고,0,1,0,0,차량단독 - 전도전복 - 전도,안전운전불이행,건조,맑음,단일로 - 기타,승용,여,61세,상해없음,,,,
2019042800100224,2019년 4월 28일 13시,일요일,경상남도 창원시 마산회원구 석전동,경상사고,0,0,1,0,차대차 - 측면충돌,안전운전불이행,건조,맑음,단일로 - 기타,승용,남,24세,상해없음,이륜,남,30세,경상
2019042800100225,2019년 4월 28일 13시,일요일,경상남도 창원시 마산회원구 합성동,경상사고,0,0,1,0,차대사람 - 횡단중,보행자보호의무위반,건조,맑음,단일로 - 기타,승용,여,45세,상해없음,보행자,여,38세,경상
2019042800100252,2019년 4월 28일 14시,일요일,경상남도 김해시 동상동,경상사고,0,0,2,0,차대차 - 추돌,안전운전불이행,건조,맑음,단일로 - 기타,승용,여,32세,상해없음,승용,남,32세,경상
2019042800100253,2019년 4월 28일 14시,일요일,경상남도 합천군 가회면,경상사고,0,0,1,0,차대사람 - 길가장자리구역통행중,안전운전불이행,건조,맑음,주차장 - 주차장,화물,남,69세,상해없음,보행자,남,63세,경상
2019042800100285,2019년 4월 28일 15시,일요일,경상남도 김해시 삼정동,경상사고,0,0,1,0,차대차 - 측면충돌,중앙선침범,건조,맑음,교차로 - 교차로부근,이륜,남,83세,경상,승용,여,45세,상해없음
2019042800100286,2019년 4월 28일 15시,일요일,경상남도 김해시 부원동,경상사고,0,0,1,0,차대차 - 측면충돌,안전운전불이행,건조,맑음,단일로 - 기타,승용,남,66세,상해없음,자전거,남,58세,경상
2019042800100287,2019년 4월 28일 15시,일요일,경상남도 양산시 물금읍,부상신고사고,0,0,0,1,차대차 - 기타,직진우회전진행방해,건조,맑음,교차로 - 교차로안,승용,남,42세,상해없음,승용,남,34세,상해없음
2019042800100288,2019년 4월 28일 15시,일요일,경상남도 산청군 신안면,경상사고,0,0,2,0,차대차 - 추돌,안전운전불이행,건조,맑음,단일로 - 기타,승용,남,59세,기타불명,승용,남,64세,경상
2019042800100313,2019년 4월 28일 16시,일요일,경상남도 진주시 정촌면,경상사고,0,0,2,0,차대차 - 추돌,안전거리미확보,건조,맑음,교차로 - 교차로부근,승용,남,24세,상해없음,승용,남,31세,경상
2019042800100314,2019년 4월 28일 16시,일요일,경상남도 김해시 진영읍,경상사고,0,0,1,0,차대사람 - 횡단중,안전운전불이행,건조,맑음,단일로 - 기타,승용,여,34세,상해없음,보행자,남,7세,경상
2019042800100380,2019년 4월 28일 18시,일요일,경상남도 김해시 외동,중상사고,0,1,0,0,차대차 - 추돌,안전운전불이행,건조,맑음,단일로 - 기타,승용,여,48세,상해없음,승용,남,36세,중상
2019042800100381,2019년 4월 28일 18시,일요일,경상남도 김해시 외동,중상사고,0,1,1,0,차대차 - 측면충돌,신호위반,건조,맑음,교차로 - 교차로안,승용,남,45세,경상,승용,남,65세,중상
2019042800100426,2019년 4월 28일 20시,일요일,경상남도 창원시 의창구 팔용동,경상사고,0,0,1,0,차대차 - 측면충돌,안전운전불이행,건조,맑음,교차로 - 교차로안,승용,여,43세,상해없음,자전거,남,8세,경상
2019042800100427,2019년 4월 28일 20시,일요일,경상남도 김해시 무계동,중상사고,0,2,0,0,차대차 - 측면충돌,신호위반,건조,맑음,교차로 - 교차로안,이륜,남,72세,중상,승용,여,60세,중상
2019042800100457,2019년 4월 28일 21시,일요일,경상남도 합천군 합천읍,경상사고,0,0,1,0,차대사람 - 길가장자리구역통행중,안전운전불이행,건조,맑음,교차로 - 교차로부근,화물,남,60세,상해없음,보행자,여,71세,경상
2019042800100495,2019년 4월 28일 23시,일요일,경상남도 김해시 삼정동,중상사고,0,1,0,0,차대사람 - 기타,안전운전불이행,건조,맑음,교차로 - 교차로안,승용,남,33세,상해없음,보행자,남,51세,중상
2019042800100496,2019년 4월 28일 23시,일요일,경상남도 양산시 중부동,부상신고사고,0,0,0,1,차대차 - 기타,직진우회전진행방해,건조,맑음,교차로 - 교차로안,승용,남,28세,기타불명,승용,남,56세,부상신고
2019042800100497,2019년 4월 28일 23시,일요일,경상남도 창원시 마산회원구 내서읍,경상사고,0,0,1,0,차대차 - 측면충돌,신호위반,건조,흐림,교차로 - 교차로안,승용,남,21세,상해없음,승용,남,32세,경상
2019042900100033,2019년 4월 29일 00시,월요일,경상남도 진주시 충무공동,중상사고,0,1,0,0,차대차 - 측면충돌,신호위반,건조,맑음,교차로 - 교차로안,승용,여,41세,상해없음,승용,남,50세,중상
2019042900100034,2019년 4월 29일 00시,월요일,경상남도 통영시 서호동,경상사고,0,0,1,0,차대차 - 측면충돌,직진우회전진행방해,젖음/습기,비,교차로 - 교차로안,이륜,남,67세,경상,승용,남,48세,상해없음
2019042900100050,2019년 4월 29일 03시,월요일,경상남도 양산시 물금읍,부상신고사고,0,0,0,1,차량단독 - 기타,안전운전불이행,건조,맑음,단일로 - 기타,이륜,남,18세,상해없음,,,,
2019042900100055,2019년 4월 29일 04시,월요일,경상남도 김해시 동상동,경상사고,0,0,1,0,차량단독 - 기타,안전운전불이행,건조,맑음,단일로 - 기타,화물,남,61세,상해없음,,,,
2019042900100063,2019년 4월 29일 05시,월요일,경상남도 창원시 성산구 중앙동,경상사고,0,0,1,0,차대차 - 측면충돌,안전운전불이행,젖음/습기,비,교차로 - 교차로안,승용,남,43세,경상,기타불명,기타불명,미분류,기타불명
2019042900100107,2019년 4월 29일 07시,월요일,경상남도 진주시 사봉면,중상사고,0,2,0,0,차대차 - 추돌,안전운전불이행,건조,맑음,단일로 - 기타,화물,남,38세,중상,건설기계,남,46세,상해없음
2019042900100108,2019년 4월 29일 07시,월요일,경상남도 거제시 고현동,중상사고,0,1,0,0,차대차 - 기타,불법유턴,젖음/습기,흐림,교차로 - 교차로부근,승용,남,60세,상해없음,이륜,남,46세,중상
2019042900100109,2019년 4월 29일 07시,월요일,경상남도 남해군 설천면,부상신고사고,0,0,0,1,차량단독 - 공작물충돌,안전운전불이행,젖음/습기,비,단일로 - 기타,화물,남,24세,부상신고,,,,
2019042900100110,2019년 4월 29일 07시,월요일,경상남도 창원시 마산회원구 구암동,경상사고,0,0,1,0,차대사람 - 횡단중,안전운전불이행,건조,맑음,교차로 - 교차로안,승용,여,40세,상해없음,보행자,여,90세 이상,경상
2019042900100111,2019년 4월 29일 07시,월요일,경상남도 창원시 의창구 봉곡동,경상사고,0,0,1,0,차대차 - 기타,중앙선침범,젖음/습기,비,교차로 - 교차로안,승용,여,43세,상해없음,승합,남,43세,경상
2019042900100144,2019년 4월 29일 08시,월요일,경상남도 김해시 대성동,경상사고,0,0,1,0,차대차 - 기타,교차로운행방법위반,건조,맑음,교차로 - 교차로안,승용,남,47세,상해없음,승용,남,43세,경상
2019042900100145,2019년 4월 29일 08시,월요일,경상남도 김해시 외동,경상사고,0,0,2,0,차대차 - 추돌,안전운전불이행,젖음/습기,비,단일로 - 기타,승용,남,63세,상해없음,승용,여,33세,경상
2019042900100146,2019년 4월 29일 08시,월요일,경상남도 고성군 고성읍,중상사고,0,1,0,0,차대사람 - 보도통행중,보행자보호의무위반,건조,맑음,교차로 - 교차로안,승용,여,37세,상해없음,보행자,남,81세,중상
2019042900100147,2019년 4월 29일 08시,월요일,경상남도 함안군 칠원읍,중상사고,0,1,0,0,차대차 - 측면충돌,신호위반,젖음/습기,비,교차로 - 교차로안,이륜,남,31세,중상,승용,여,40세,상해없음
2019042900100179,2019년 4월 29일 09시,월요일,경상남도 거제시 거제면,중상사고,0,2,1,0,차대사람 - 기타,안전운전불이행,젖음/습기,흐림,단일로 - 지하차도(도로)내,화물,남,70세,상해없음,보행자,여,63세,중상
2019042900100180,2019년 4월 29일 09시,월요일,경상남도 거제시 거제면,경상사고,0,0,1,0,차대사람 - 차도통행중,안전운전불이행,건조,맑음,단일로 - 기타,승용,남,72세,상해없음,보행자,여,78세,경상
2019042900100214,2019년 4월 29일 10시,월요일,경상남도 창원시 마산합포구 진동면,경상사고,0,0,3,0,차대차 - 측면충돌,기타,젖음/습기,비,교차로 - 교차로안,승용,여,50세,경상,승용,여,61세,경상
2019042900100215,2019년 4월 29일 10시,월요일,경상남도 창원시 의창구 대산면,경상사고,0,0,1,0,차대차 - 추돌,안전거리미확보,젖음/습기,비,단일로 - 기타,승용,남,71세,상해없음,승용,남,40세,경상
2019042900100262,2019년 4월 29일 11시,월요일,경상남도 김해시 부원동,경상사고,0,0,1,0,차대차 - 기타,안전운전불이행,젖음/습기,비,단일로 - 기타,승용,여,74세,상해없음,승용,남,27세,경상
2019042900100290,2019년 4월 29일 12시,월요일,경상남도 거창군 거창읍,중상사고,0,1,0,0,차량단독 - 기타,안전운전불이행,젖음/습기,비,단일로 - 기타,승용,남,66세,중상,,,,
2019042900100291,2019년 4월 29일 12시,월요일,경상남도 양산시 동면,경상사고,0,0,2,0,차대차 - 측면충돌,직진우회전진행방해,건조,맑음,교차로 - 교차로안,승용,남,70세,상해없음,승합,남,30세,경상
2019042900100320,2019년 4월 29일 13시,월요일,경상남도 김해시 구산동,경상사고,0,0,2,0,차대차 - 기타,신호위반,젖음/습기,비,교차로 - 교차로안,승용,남,67세,경상,승용,여,41세,경상
2019042900100321,2019년 4월 29일 13시,월요일,경상남도 거제시 덕포동,중상사고,0,1,0,0,차량단독 - 공작물충돌,안전운전불이행,젖음/습기,비,교차로 - 교차로부근,승용,여,39세,중상,,,,
2019042900100389,2019년 4월 29일 15시,월요일,경상남도 김해시 삼방동,경상사고,0,0,1,0,차대차 - 기타,안전운전불이행,젖음/습기,비,단일로 - 기타,승용,여,54세,상해없음,승용,여,41세,경상
2019042900100390,2019년 4월 29일 15시,월요일,경상남도 양산시 신기동,경상사고,0,0,2,0,차대차 - 측면충돌,중앙선침범,건조,맑음,단일로 - 기타,승용,남,35세,상해없음,승용,남,46세,경상
2019042900100391,2019년 4월 29일 15시,월요일,경상남도 진주시 문산읍,중상사고,0,1,0,0,차량단독 - 공작물충돌,안전운전불이행,젖음/습기,맑음,단일로 - 기타,화물,남,44세,상해없음,,,,
2019042900100408,2019년 4월 29일 16시,월요일,경상남도 밀양시 삼랑진읍,중상사고,0,4,0,0,차대차 - 추돌,안전운전불이행,젖음/습기,비,단일로 - 기타,건설기계,남,44세,상해없음,승합,여,37세,중상
2019042900100424,2019년 4월 29일 16시,월요일,경상남도 양산시 동면,중상사고,0,1,0,0,차대차 - 측면충돌,안전운전불이행,건조,맑음,단일로 - 기타,승용,남,47세,상해없음,승용,여,48세,중상
2019042900100425,2019년 4월 29일 16시,월요일,경상남도 남해군 고현면,경상사고,0,0,2,0,차대차 - 추돌,안전운전불이행,젖음/습기,비,단일로 - 기타,승용,여,54세,경상,승용,남,31세,경상
2019042900100473,2019년 4월 29일 17시,월요일,경상남도 함양군 함양읍,중상사고,0,1,0,0,차대차 - 측면충돌,교차로운행방법위반,젖음/습기,맑음,교차로 - 교차로안,승용,여,50세,상해없음,이륜,여,73세,중상
2019042900100474,2019년 4월 29일 17시,월요일,경상남도 양산시 물금읍,경상사고,0,0,1,0,차대차 - 측면충돌,안전운전불이행,젖음/습기,비,단일로 - 기타,승용,남,64세,상해없음,승용,남,47세,경상
2019042900100521,2019년 4월 29일 18시,월요일,경상남도 양산시 평산동,경상사고,0,0,2,0,차대차 - 추돌,안전거리미확보,젖음/습기,비,단일로 - 기타,승용,남,38세,경상,승용,남,27세,상해없음
2019042900100522,2019년 4월 29일 18시,월요일,경상남도 창원시 의창구 중동,경상사고,0,0,1,0,차대사람 - 기타,안전운전불이행,젖음/습기,비,단일로 - 기타,승합,남,64세,상해없음,보행자,남,25세,경상
2019042900100523,2019년 4월 29일 18시,월요일,경상남도 창원시 의창구 팔용동,경상사고,0,0,2,0,차대차 - 측면충돌,안전거리미확보,젖음/습기,비,단일로 - 기타,승용,남,27세,상해없음,승용,남,60세,경상
2019042900100524,2019년 4월 29일 18시,월요일,경상남도 창원시 의창구 팔용동,중상사고,0,1,0,0,차대차 - 추돌,안전거리미확보,젖음/습기,비,단일로 - 기타,승용,남,37세,상해없음,승용,남,56세,중상
2019042900100552,2019년 4월 29일 19시,월요일,경상남도 양산시 물금읍,경상사고,0,0,1,0,차대차 - 측면충돌,교차로운행방법위반,젖음/습기,비,교차로 - 교차로안,승용,남,47세,상해없음,승용,남,49세,경상
2019042900100553,2019년 4월 29일 19시,월요일,경상남도 창원시 마산회원구 양덕동,경상사고,0,0,1,0,차대차 - 기타,신호위반,젖음/습기,비,교차로 - 교차로안,승용,여,24세,상해없음,승용,여,44세,경상
2019042900100554,2019년 4월 29일 19시,월요일,경상남도 김해시 진영읍,중상사고,0,1,0,0,차대차 - 측면충돌,신호위반,젖음/습기,비,교차로 - 교차로안,이륜,남,34세,중상,승용,남,44세,상해없음
2019042900100580,2019년 4월 29일 20시,월요일,경상남도 통영시 명정동,경상사고,0,0,1,0,차대사람 - 횡단중,보행자보호의무위반,젖음/습기,비,교차로 - 교차로횡단보도내,승용,남,30세,상해없음,보행자,남,32세,경상
2019042900100602,2019년 4월 29일 21시,월요일,경상남도 창원시 마산합포구 진전면,부상신고사고,0,0,0,1,차량단독 - 공작물충돌,안전운전불이행,건조,맑음,교차로 - 교차로안,화물,남,44세,부상신고,,,,
2019042900100603,2019년 4월 29일 21시,월요일,경상남도 김해시 어방동,부상신고사고,0,0,0,1,차대사람 - 차도통행중,안전운전불이행,건조,맑음,교차로 - 교차로안,승용,남,53세,상해없음,보행자,남,41세,부상신고
2019042900100604,2019년 4월 29일 21시,월요일,경상남도 김해시 삼문동,중상사고,0,1,0,0,차대차 - 추돌,안전운전불이행,젖음/습기,비,교차로 - 교차로부근,승용,남,58세,상해없음,이륜,남,42세,중상
2019042900100619,2019년 4월 29일 22시,월요일,경상남도 거제시 사등면,중상사고,0,1,0,0,차량단독 - 전도전복 - 전복,안전운전불이행,젖음/습기,흐림,단일로 - 기타,승용,여,29세,중상,,,,
2019042900100638,2019년 4월 29일 23시,월요일,경상남도 김해시 외동,경상사고,0,0,1,0,차대차 - 측면충돌,안전운전불이행,건조,맑음,교차로 - 교차로부근,이륜,남,41세,경상,승용,남,60세,상해없음
2019042900100639,2019년 4월 29일 23시,월요일,경상남도 창원시 마산회원구 양덕동,경상사고,0,0,2,0,차대차 - 기타,안전운전불이행,젖음/습기,흐림,교차로 - 교차로안,승용,남,64세,상해없음,승용,남,60세,상해없음
2019043000100070,2019년 4월 30일 05시,화요일,경상남도 거제시 일운면,중상사고,0,2,0,0,차대차 - 측면충돌,안전운전불이행,건조,맑음,교차로 - 교차로안,승용,남,21세,상해없음,승용,여,35세,중상
2019043000100077,2019년 4월 30일 06시,화요일,경상남도 김해시 서상동,경상사고,0,0,1,0,차대차 - 기타,교차로운행방법위반,건조,맑음,교차로 - 교차로안,승용,남,24세,상해없음,승용,남,41세,경상
2019043000100099,2019년 4월 30일 07시,화요일,경상남도 김해시 상동면,경상사고,0,0,1,0,차대차 - 기타,안전운전불이행,건조,맑음,교차로 - 교차로부근,화물,남,44세,상해없음,승용,남,32세,경상
2019043000100100,2019년 4월 30일 07시,화요일,경상남도 창원시 의창구 도계동,경상사고,0,0,1,0,차대차 - 측면충돌,안전거리미확보,건조,맑음,단일로 - 기타,승용,남,57세,상해없음,승용,여,53세,경상
2019043000100138,2019년 4월 30일 08시,화요일,경상남도 진주시 판문동,중상사고,0,1,0,0,차대사람 - 기타,안전운전불이행,건조,맑음,교차로 - 교차로안,승용,여,51세,상해없음,보행자,여,65세,중상
2019043000100139,2019년 4월 30일 08시,화요일,경상남도 함양군 함양읍,경상사고,0,0,1,0,차대차 - 측면충돌,교차로운행방법위반,건조,맑음,교차로 - 교차로안,승합,남,27세,상해없음,승용,여,53세,경상
2019043000100140,2019년 4월 30일 08시,화요일,경상남도 고성군 고성읍,경상사고,0,0,1,0,차대차 - 측면충돌,안전운전불이행,건조,맑음,교차로 - 교차로안,승용,여,46세,상해없음,이륜,남,48세,경상
2019043000100177,2019년 4월 30일 09시,화요일,경상남도 사천시 신벽동,경상사고,0,0,3,0,차대차 - 측면충돌,안전운전불이행,건조,맑음,교차로 - 교차로부근,특수,남,57세,상해없음,승용,남,67세,상해없음
2019043000100208,2019년 4월 30일 10시,화요일,경상남도 의령군 부림면,경상사고,0,0,1,0,차대차 - 측면충돌,안전운전불이행,건조,맑음,교차로 - 교차로부근,화물,남,71세,상해없음,원동기,남,52세,경상
2019043000100209,2019년 4월 30일 10시,화요일,경상남도 창원시 성산구 웅남동,경상사고,0,0,1,0,차대차 - 후진중충돌,안전운전불이행,건조,맑음,교차로 - 교차로부근,화물,남,56세,상해없음,승용,남,37세,경상
2019043000100237,2019년 4월 30일 11시,화요일,경상남도 양산시 북부동,경상사고,0,0,1,0,차대차 - 측면충돌,신호위반,건조,맑음,교차로 - 교차로부근,승용,여,51세,상해없음,이륜,남,17세,경상
2019043000100295,2019년 4월 30일 13시,화요일,경상남도 창원시 마산합포구 남성동,경상사고,0,0,1,0,차대차 - 추돌,안전운전불이행,건조,맑음,단일로 - 기타,승용,남,31세,상해없음,승용,남,45세,경상
2019043000100296,2019년 4월 30일 13시,화요일,경상남도 창원시 진해구 소사동,중상사고,0,1,0,0,차대차 - 추돌,안전운전불이행,건조,맑음,단일로 - 기타,건설기계,남,55세,상해없음,화물,남,62세,중상
2019043000100297,2019년 4월 30일 13시,화요일,경상남도 창녕군 창녕읍,경상사고,0,0,2,0,차대차 - 측면충돌,안전거리미확보,건조,맑음,교차로 - 교차로부근,원동기,남,55세,경상,승용,여,60세,경상
2019043000100298,2019년 4월 30일 13시,화요일,경상남도 양산시 유산동,중상사고,0,1,0,0,차대차 - 정면충돌,안전운전불이행,건조,맑음,단일로 - 기타,승용,남,27세,상해없음,승용,남,43세,중상
2019043000100329,2019년 4월 30일 14시,화요일,경상남도 양산시 하북면,경상사고,0,0,1,0,차대차 - 정면충돌,안전운전불이행,건조,맑음,단일로 - 기타,승용,남,23세,상해없음,이륜,남,30세,경상
2019043000100367,2019년 4월 30일 15시,화요일,경상남도 김해시 진영읍,중상사고,0,1,0,0,차대사람 - 차도통행중,안전운전불이행,건조,맑음,교차로 - 교차로횡단보도내,특수,남,53세,상해없음,보행자,남,85세,중상
2019043000100399,2019년 4월 30일 16시,화요일,경상남도 고성군 대가면,중상사고,0,1,1,0,차량단독 - 공작물충돌,안전운전불이행,건조,맑음,단일로 - 기타,승용,여,57세,경상,,,,
2019043000100450,2019년 4월 30일 17시,화요일,경상남도 하동군 금성면,중상사고,0,1,1,0,차대차 - 측면충돌,교차로운행방법위반,건조,맑음,교차로 - 교차로안,승용,남,40세,상해없음,승용,남,80세,경상
2019043000100491,2019년 4월 30일 18시,화요일,경상남도 함안군 법수면,경상사고,0,0,1,0,차량단독 - 전도전복 - 전도,안전운전불이행,건조,맑음,단일로 - 기타,이륜,남,57세,경상,,,,
2019043000100554,2019년 4월 30일 20시,화요일,경상남도 창원시 마산회원구 양덕동,경상사고,0,0,1,0,차대차 - 측면충돌,안전운전불이행,건조,맑음,단일로 - 지하차도(도로)내,승용,남,31세,상해없음,이륜,남,52세,경상
2019043000100582,2019년 4월 30일 21시,화요일,경상남도 창원시 마산합포구 완월동,중상사고,0,1,0,0,차대사람 - 기타,안전운전불이행,건조,맑음,교차로 - 교차로부근,화물,남,61세,상해없음,보행자,남,16세,중상
2019043000100583,2019년 4월 30일 21시,화요일,경상남도 양산시 삼호동,경상사고,0,0,1,0,차대차 - 측면충돌,직진우회전진행방해,건조,맑음,교차로 - 교차로안,승용,남,29세,상해없음,이륜,남,29세,경상
2019043000100584,2019년 4월 30일 21시,화요일,경상남도 거제시 아주동,경상사고,0,0,8,0,차대차 - 추돌,안전운전불이행,건조,맑음,단일로 - 기타,승용,남,36세,상해없음,승용,남,33세,경상
2019043000100585,2019년 4월 30일 21시,화요일,경상남도 창원시 마산회원구 합성동,중상사고,0,2,0,0,차대차 - 추돌,안전운전불이행,건조,맑음,교차로 - 교차로안,승용,남,54세,상해없음,승용,남,23세,상해없음
2019050100100040,2019년 5월 1일 00시,수요일,경상남도 남해군 남면,경상사고,0,0,1,0,차량단독 - 공작물충돌,안전운전불이행,건조,맑음,단일로 - 기타,화물,여,59세,경상,,,,
2019050100100057,2019년 5월 1일 01시,수요일,경상남도 창원시 마산회원구 합성동,사망사고,1,0,0,0,차대사람 - 차도통행중,과속,건조,맑음,단일로 - 지하차도(도로)내,승용,남,62세,상해없음,보행자,여,85세,사망
2019050100100093,2019년 5월 1일 04시,수요일,경상남도 사천시 선구동,중상사고,0,1,0,0,차대차 - 측면충돌,안전운전불이행,건조,맑음,교차로 - 교차로안,화물,여,59세,상해없음,원동기,남,72세,중상
2019050100100104,2019년 5월 1일 05시,수요일,경상남도 김해시 진영읍,경상사고,0,0,1,0,차대차 - 추돌,안전운전불이행,건조,맑음,단일로 - 기타,승용,남,34세,상해없음,화물,남,56세,경상
2019050100100115,2019년 5월 1일 06시,수요일,경상남도 통영시 광도면,경상사고,0,0,4,0,차대차 - 측면충돌,안전운전불이행,건조,맑음,단일로 - 기타,승합,남,71세,상해없음,승용,남,68세,경상
2019050100100123,2019년 5월 1일 07시,수요일,경상남도 창원시 의창구 명서동,중상사고,0,1,0,0,차대차 - 기타,안전운전불이행,건조,맑음,단일로 - 기타,승용,남,59세,상해없음,승합,남,54세,상해없음
2019050100100160,2019년 5월 1일 09시,수요일,경상남도 창녕군 영산면,중상사고,0,1,0,0,차대차 - 정면충돌,중앙선침범,건조,맑음,단일로 - 기타,승용,남,67세,상해없음,화물,남,57세,중상
2019050100100161,2019년 5월 1일 09시,수요일,경상남도 창원시 의창구 팔용동,경상사고,0,0,1,0,차대차 - 측면충돌,안전운전불이행,건조,맑음,단일로 - 기타,화물,남,61세,상해없음,승용,남,34세,경상
2019050100100177,2019년 5월 1일 10시,수요일,경상남도 김해시 부원동,경상사고,0,0,1,0,차대차 - 측면충돌,안전운전불이행,건조,흐림,단일로 - 기타,승용,여,44세,상해없음,자전거,남,77세,경상
2019050100100206,2019년 5월 1일 11시,수요일,경상남도 사천시 동금동,중상사고,0,1,1,0,차대차 - 측면충돌,안전운전불이행,건조,맑음,단일로 - 기타,화물,남,57세,상해없음,승용,여,34세,경상
2019050100100207,2019년 5월 1일 11시,수요일,경상남도 김해시 상동면,중상사고,0,1,0,0,차량단독 - 도로외이탈 - 추락,안전운전불이행,건조,맑음,주차장 - 주차장,화물,남,59세,중상,,,,
2019050100100208,2019년 5월 1일 11시,수요일,경상남도 양산시 물금읍,경상사고,0,0,2,0,차대차 - 기타,교차로운행방법위반,건조,맑음,교차로 - 교차로안,승용,여,59세,경상,승용,여,59세,경상
2019050100100209,2019년 5월 1일 11시,수요일,경상남도 창원시 의창구 팔용동,경상사고,0,0,1,0,차대사람 - 기타,안전운전불이행,건조,맑음,주차장 - 주차장,승용,남,50세,상해없음,보행자,여,37세,경상
2019050100100245,2019년 5월 1일 12시,수요일,경상남도 거제시 능포동,경상사고,0,0,1,0,차대차 - 측면충돌,교차로운행방법위반,건조,맑음,교차로 - 교차로안,이륜,남,67세,경상,승용,남,37세,상해없음
2019050100100282,2019년 5월 1일 13시,수요일,경상남도 함안군 가야읍,경상사고,0,0,1,0,차대사람 - 횡단중,신호위반,건조,맑음,교차로 - 교차로횡단보도내,화물,여,66세,상해없음,보행자,여,10세,경상
2019050100100320,2019년 5월 1일 14시,수요일,경상남도 양산시 동면,경상사고,0,0,8,0,차대차 - 기타,교차로운행방법위반,건조,맑음,교차로 - 교차로안,승용,여,43세,경상,승용,여,34세,경상
2019050100100357,2019년 5월 1일 15시,수요일,경상남도 창원시 마산합포구 해운동,중상사고,0,1,0,0,차대사람 - 횡단중,안전운전불이행,건조,맑음,단일로 - 기타,이륜,남,24세,상해없음,보행자,여,81세,중상
2019050100100358,2019년 5월 1일 15시,수요일,경상남도 남해군 남해읍,중상사고,0,1,0,0,차대차 - 측면충돌,교차로운행방법위반,건조,맑음,교차로 - 교차로안,승용,남,33세,상해없음,원동기,남,74세,중상
2019050100100359,2019년 5월 1일 15시,수요일,경상남도 산청군 단성면,중상사고,0,2,1,0,차대차 - 정면충돌,중앙선침범,건조,맑음,단일로 - 기타,화물,남,42세,상해없음,승용,여,56세,상해없음
2019050100100392,2019년 5월 1일 16시,수요일,경상남도 진주시 대평면,경상사고,0,0,3,0,차대차 - 정면충돌,중앙선침범,건조,맑음,단일로 - 기타,이륜,남,41세,상해없음,승용,남,72세,경상
2019050100100393,2019년 5월 1일 16시,수요일,경상남도 김해시 삼방동,중상사고,0,1,0,0,차대사람 - 기타,기타,건조,맑음,단일로 - 기타,승용,남,45세,상해없음,보행자,여,33세,중상
2019050100100394,2019년 5월 1일 16시,수요일,경상남도 거제시 옥포동,경상사고,0,0,1,0,차대사람 - 횡단중,안전운전불이행,건조,맑음,교차로 - 교차로부근,승용,남,69세,상해없음,보행자,여,22세,경상