사고번호,사고일시,요일,시군구,사고내용,사망자수,중상자수,경상자수,부상신고자수,사고유형,법규위반,노면상태,기상상태,도로형태,가해운전자 차종,가해운전자 성별,가해운전자 연령,가해운전자 상해정도,피해운전자 차종,피해운전자 성별,피해운전자 연령,피해운전자 상해정도
2019050100100395,2019년 5월 1일 16시,수요일,경상남도 창원시 성산구 중앙동,중상사고,0,1,0,0,차대사람 - 횡단중,보행자보호의무위반,건조,맑음,교차로 - 교차로안,승합,남,62세,상해없음,보행자,여,55세,중상
2019050100100428,2019년 5월 1일 17시,수요일,경상남도 창원시 진해구 이동,경상사고,0,0,1,0,차대사람 - 기타,안전운전불이행,건조,맑음,단일로 - 기타,승용,여,59세,상해없음,보행자,남,44세,경상
2019050100100429,2019년 5월 1일 17시,수요일,경상남도 통영시 무전동,경상사고,0,0,1,0,차대차 - 측면충돌,직진우회전진행방해,건조,맑음,교차로 - 교차로안,승용,남,25세,상해없음,승용,여,46세,경상
2019050100100430,2019년 5월 1일 17시,수요일,경상남도 밀양시 삼문동,중상사고,0,2,1,0,차대차 - 측면충돌,안전운전불이행,건조,맑음,교차로 - 교차로안,승용,여,49세,상해없음,승용,남,50세,중상
2019050100100431,2019년 5월 1일 17시,수요일,경상남도 함양군 함양읍,중상사고,0,1,0,0,차대차 - 측면충돌,교차로운행방법위반,건조,맑음,교차로 - 교차로안,화물,남,66세,상해없음,승용,여,41세,중상
2019050100100432,2019년 5월 1일 17시,수요일,경상남도 창원시 마산회원구 석전동,중상사고,0,1,3,0,차대차 - 정면충돌,안전운전불이행,젖음/습기,흐림,교차로 - 교차로부근,화물,여,58세,중상,승용,남,68세,경상
2019050100100467,2019년 5월 1일 18시,수요일,경상남도 창원시 마산합포구 산호동,중상사고,0,2,2,0,차대차 - 추돌,안전운전불이행,건조,맑음,단일로 - 기타,승용,남,46세,상해없음,승용,남,32세,경상
2019050100100525,2019년 5월 1일 20시,수요일,경상남도 진주시 신안동,중상사고,0,1,0,0,차대차 - 측면충돌,신호위반,건조,맑음,교차로 - 교차로안,승용,남,74세,상해없음,이륜,남,36세,중상
2019050100100556,2019년 5월 1일 21시,수요일,경상남도 진주시 평거동,중상사고,0,1,0,0,차대사람 - 횡단중,안전운전불이행,건조,맑음,단일로 - 기타,승용,남,57세,상해없음,보행자,여,67세,중상
2019050100100557,2019년 5월 1일 21시,수요일,경상남도 진주시 내동면,경상사고,0,0,1,0,차대차 - 추돌,안전운전불이행,건조,맑음,단일로 - 기타,승용,남,30세,기타불명,승용,여,48세,경상
2019050100100570,2019년 5월 1일 22시,수요일,경상남도 사천시 좌룡동,경상사고,0,0,1,0,차대차 - 측면충돌,안전운전불이행,건조,맑음,교차로 - 교차로안,승용,남,65세,상해없음,승용,남,45세,경상
2019050200100038,2019년 5월 2일 01시,목요일,경상남도 거제시 아주동,경상사고,0,0,2,0,차대차 - 측면충돌,안전운전불이행,건조,맑음,교차로 - 교차로안,승용,남,53세,상해없음,승용,여,37세,경상
2019050200100039,2019년 5월 2일 01시,목요일,경상남도 창원시 마산합포구 산호동,경상사고,0,0,3,0,차대차 - 측면충돌,신호위반,건조,맑음,교차로 - 교차로안,승용,남,45세,상해없음,승용,남,65세,경상
2019050200100070,2019년 5월 2일 06시,목요일,경상남도 창원시 마산합포구 남성동,경상사고,0,0,1,0,차대차 - 기타,차로위반,건조,맑음,교차로 - 교차로안,승용,남,70세,상해없음,승합,남,44세,상해없음
2019050200100071,2019년 5월 2일 06시,목요일,경상남도 통영시 무전동,경상사고,0,0,1,0,차대차 - 기타,신호위반,건조,맑음,교차로 - 교차로안,승합,남,62세,상해없음,화물,남,59세,상해없음
2019050200100072,2019년 5월 2일 06시,목요일,경상남도 함양군 함양읍,중상사고,0,1,0,0,차대차 - 측면충돌,교차로운행방법위반,건조,맑음,교차로 - 교차로안,화물,남,58세,상해없음,승용,남,66세,상해없음
2019050200100073,2019년 5월 2일 06시,목요일,경상남도 의령군 정곡면,중상사고,0,2,0,0,차대차 - 측면충돌,신호위반,건조,맑음,교차로 - 교차로안,건설기계,남,65세,중상,건설기계,남,43세,중상
2019050200100102,2019년 5월 2일 07시,목요일,경상남도 창원시 진해구 덕산동,경상사고,0,0,1,0,차대차 - 측면충돌,신호위반,건조,맑음,교차로 - 교차로안,승용,남,33세,상해없음,승용,여,50세,경상
2019050200100103,2019년 5월 2일 07시,목요일,경상남도 합천군 삼가면,중상사고,0,1,0,0,차대차 - 정면충돌,안전운전불이행,건조,맑음,단일로 - 기타,화물,남,54세,상해없음,농기계,남,64세,중상
2019050200100104,2019년 5월 2일 07시,목요일,경상남도 창원시 의창구 팔용동,중상사고,0,1,0,0,차대차 - 측면충돌,안전운전불이행,건조,맑음,교차로 - 교차로안,승용,여,52세,상해없음,자전거,여,58세,중상
2019050200100192,2019년 5월 2일 09시,목요일,경상남도 함양군 함양읍,경상사고,0,0,1,0,차대사람 - 보도통행중,안전운전불이행,건조,맑음,단일로 - 기타,승용,여,57세,상해없음,보행자,남,90세 이상,경상
2019050200100193,2019년 5월 2일 09시,목요일,경상남도 양산시 원동면,중상사고,0,1,0,0,차대사람 - 기타,중앙선침범,건조,맑음,단일로 - 기타,승용,여,65세,상해없음,보행자,남,64세,중상
2019050200100194,2019년 5월 2일 09시,목요일,경상남도 창원시 마산회원구 양덕동,중상사고,0,1,0,0,차대차 - 정면충돌,신호위반,건조,맑음,교차로 - 교차로부근,승용,남,79세,상해없음,승용,여,61세,중상
2019050200100222,2019년 5월 2일 10시,목요일,경상남도 거제시 양정동,경상사고,0,0,1,0,차대차 - 추돌,안전운전불이행,건조,맑음,단일로 - 지하차도(도로)내,승용,여,37세,상해없음,승용,여,44세,경상
2019050200100223,2019년 5월 2일 10시,목요일,경상남도 함안군 군북면,중상사고,0,1,0,0,차대차 - 추돌,기타,건조,맑음,단일로 - 교량,기타불명,기타불명,미분류,기타불명,이륜,여,67세,중상
2019050200100224,2019년 5월 2일 10시,목요일,경상남도 창원시 의창구 소답동,경상사고,0,0,1,0,차대차 - 추돌,안전운전불이행,건조,맑음,단일로 - 기타,승용,남,44세,상해없음,이륜,남,30세,경상
2019050200100263,2019년 5월 2일 11시,목요일,경상남도 창원시 마산합포구 상남동,경상사고,0,0,1,0,차대차 - 측면충돌,안전운전불이행,건조,맑음,교차로 - 교차로안,이륜,남,74세,경상,승용,여,60세,상해없음
2019050200100264,2019년 5월 2일 11시,목요일,경상남도 김해시 삼방동,경상사고,0,0,2,0,차대차 - 측면충돌,교차로운행방법위반,건조,맑음,교차로 - 교차로안,승용,남,53세,경상,승용,남,63세,경상
2019050200100265,2019년 5월 2일 11시,목요일,경상남도 양산시 평산동,경상사고,0,0,1,1,차대차 - 측면충돌,직진우회전진행방해,건조,맑음,교차로 - 교차로안,화물,남,61세,부상신고,화물,남,61세,경상
2019050200100296,2019년 5월 2일 12시,목요일,경상남도 창원시 진해구 청안동,중상사고,0,1,0,0,차대사람 - 기타,안전운전불이행,건조,맑음,기타 - 기타,승용,남,45세,상해없음,보행자,여,74세,중상
2019050200100325,2019년 5월 2일 13시,목요일,경상남도 김해시 삼방동,경상사고,0,0,1,0,차대차 - 측면충돌,차로위반,건조,맑음,단일로 - 기타,승용,남,59세,상해없음,화물,남,52세,경상
2019050200100326,2019년 5월 2일 13시,목요일,경상남도 산청군 신안면,경상사고,0,0,1,1,차대차 - 기타,안전운전불이행,건조,맑음,단일로 - 기타,화물,여,46세,상해없음,승용,남,26세,부상신고
2019050200100369,2019년 5월 2일 14시,목요일,경상남도 창원시 마산합포구 신포동2가,경상사고,0,0,1,0,차대사람 - 차도통행중,안전운전불이행,건조,맑음,교차로 - 교차로부근,승용,남,29세,상해없음,보행자,여,75세,경상
2019050200100370,2019년 5월 2일 14시,목요일,경상남도 사천시 선구동,중상사고,0,1,0,0,차대차 - 추돌,안전거리미확보,건조,맑음,단일로 - 기타,승용,남,60세,상해없음,승용,여,47세,중상
2019050200100371,2019년 5월 2일 14시,목요일,경상남도 함양군 함양읍,경상사고,0,0,1,0,차대차 - 추돌,교차로운행방법위반,건조,맑음,교차로 - 교차로안,화물,남,37세,상해없음,승용,여,49세,상해없음
2019050200100372,2019년 5월 2일 14시,목요일,경상남도 거제시 장승포동,중상사고,0,1,0,0,차대차 - 기타,차로위반,건조,맑음,단일로 - 기타,이륜,남,21세,상해없음,승용,여,62세,중상
2019050200100411,2019년 5월 2일 15시,목요일,경상남도 진주시 상대동,중상사고,0,1,0,0,차대차 - 측면충돌,안전운전불이행,건조,맑음,교차로 - 교차로안,승용,남,46세,상해없음,이륜,남,17세,중상
2019050200100412,2019년 5월 2일 15시,목요일,경상남도 통영시 무전동,경상사고,0,0,1,0,차대차 - 측면충돌,안전거리미확보,건조,맑음,교차로 - 교차로안,승용,남,69세,상해없음,승용,여,34세,경상
2019050200100413,2019년 5월 2일 15시,목요일,경상남도 창원시 성산구 상남동,중상사고,0,1,0,0,차대사람 - 횡단중,신호위반,건조,맑음,교차로 - 교차로안,승용,여,39세,상해없음,보행자,여,39세,중상
2019050200100414,2019년 5월 2일 15시,목요일,경상남도 창원시 의창구 중동,경상사고,0,0,1,0,차대사람 - 기타,보행자보호의무위반,건조,맑음,교차로 - 교차로안,승용,남,72세,상해없음,보행자,남,67세,경상
2019050200100415,2019년 5월 2일 15시,목요일,경상남도 김해시 율하동,경상사고,0,0,1,0,차대차 - 측면충돌,안전운전불이행,건조,맑음,교차로 - 교차로안,자전거,남,13세,경상,승용,여,37세,상해없음
2019050200100446,2019년 5월 2일 16시,목요일,경상남도 창원시 의창구 팔용동,중상사고,0,1,0,0,차대사람 - 횡단중,보행자보호의무위반,건조,맑음,교차로 - 교차로안,승용,남,65세,상해없음,보행자,여,27세,중상
2019050200100495,2019년 5월 2일 17시,목요일,경상남도 진주시 상대동,경상사고,0,0,1,0,차대사람 - 횡단중,안전운전불이행,건조,맑음,단일로 - 기타,화물,남,56세,상해없음,보행자,여,17세,경상
2019050200100496,2019년 5월 2일 17시,목요일,경상남도 진주시 신안동,중상사고,0,1,0,0,차량단독 - 기타,안전운전불이행,건조,맑음,단일로 - 기타,승합,남,50세,상해없음,,,,
2019050200100497,2019년 5월 2일 17시,목요일,경상남도 양산시 물금읍,경상사고,0,0,4,0,차대차 - 측면충돌,안전거리미확보,건조,맑음,교차로 - 교차로안,승용,남,20세,상해없음,승용,남,28세,경상
2019050200100553,2019년 5월 2일 18시,목요일,경상남도 거제시 사등면,경상사고,0,0,2,0,차대차 - 추돌,안전운전불이행,건조,기타,교차로 - 교차로부근,승용,남,55세,경상,승용,남,62세,경상
2019050200100593,2019년 5월 2일 19시,목요일,경상남도 김해시 어방동,중상사고,0,1,0,0,차대차 - 측면충돌,신호위반,건조,맑음,교차로 - 교차로안,승용,여,24세,상해없음,원동기,남,25세,중상
2019050200100621,2019년 5월 2일 20시,목요일,경상남도 밀양시 초동면,경상사고,0,0,1,0,차대차 - 측면충돌,안전운전불이행,건조,맑음,단일로 - 기타,승용,남,82세,상해없음,농기계,남,73세,경상
2019050200100622,2019년 5월 2일 20시,목요일,경상남도 창원시 의창구 팔용동,경상사고,0,0,1,0,차대차 - 후진중충돌,안전운전불이행,건조,맑음,단일로 - 기타,승용,여,72세,상해없음,승용,여,50세,경상
2019050200100652,2019년 5월 2일 21시,목요일,경상남도 진주시 상대동,중상사고,0,1,0,0,차대사람 - 차도통행중,안전운전불이행,건조,맑음,단일로 - 기타,승합,남,50세,상해없음,보행자,남,54세,중상
2019050200100653,2019년 5월 2일 21시,목요일,경상남도 통영시 용남면,중상사고,0,1,0,0,차대차 - 측면충돌,안전운전불이행,건조,맑음,단일로 - 기타,이륜,남,40세,중상,건설기계,남,53세,상해없음
2019050200100654,2019년 5월 2일 21시,목요일,경상남도 창원시 성산구 중앙동,중상사고,0,1,0,0,차대차 - 측면충돌,신호위반,건조,맑음,교차로 - 교차로안,승용,여,62세,상해없음,자전거,여,22세,중상
2019050200100687,2019년 5월 2일 22시,목요일,경상남도 진주시 초전동,경상사고,0,0,1,0,차대차 - 측면충돌,신호위반,건조,맑음,단일로 - 기타,승용,남,71세,상해없음,승용,남,34세,경상
2019050200100688,2019년 5월 2일 22시,목요일,경상남도 거제시 상동동,경상사고,0,0,1,0,차대차 - 측면충돌,안전운전불이행,건조,맑음,교차로 - 교차로부근,승용,남,61세,상해없음,이륜,남,41세,경상
2019050200100713,2019년 5월 2일 23시,목요일,경상남도 거제시 장평동,중상사고,0,1,0,0,차대차 - 추돌,안전운전불이행,건조,맑음,단일로 - 기타,승용,여,55세,상해없음,이륜,남,53세,중상
2019050300100050,2019년 5월 3일 01시,금요일,경상남도 김해시 외동,경상사고,0,0,2,0,차대차 - 기타,안전운전불이행,건조,맑음,단일로 - 기타,화물,남,58세,상해없음,승용,남,53세,상해없음
2019050300100051,2019년 5월 3일 01시,금요일,경상남도 김해시 어방동,중상사고,0,1,1,0,차대차 - 정면충돌,중앙선침범,건조,맑음,단일로 - 기타,승용,남,19세,상해없음,승용,남,63세,경상
2019050300100062,2019년 5월 3일 02시,금요일,경상남도 창녕군 창녕읍,경상사고,0,0,2,0,차대차 - 기타,신호위반,건조,맑음,교차로 - 교차로안,승용,여,56세,경상,승용,남,33세,상해없음
2019050300100066,2019년 5월 3일 03시,금요일,경상남도 양산시 물금읍,부상신고사고,0,0,0,1,차대사람 - 기타,안전운전불이행,건조,맑음,단일로 - 기타,기타불명,기타불명,미분류,기타불명,보행자,남,40세,부상신고
2019050300100081,2019년 5월 3일 05시,금요일,경상남도 창녕군 대지면,중상사고,0,3,2,0,차대차 - 기타,신호위반,건조,맑음,교차로 - 교차로안,승용,여,66세,중상,승합,남,27세,상해없음
2019050300100088,2019년 5월 3일 06시,금요일,경상남도 양산시 물금읍,중상사고,0,1,1,0,차대차 - 측면충돌,안전거리미확보,건조,맑음,단일로 - 기타,특수,남,51세,상해없음,승용,남,56세,중상
2019050300100093,2019년 5월 3일 06시,금요일,경상남도 통영시 도산면,경상사고,0,0,1,0,차대차 - 추돌,안전운전불이행,건조,맑음,단일로 - 기타,화물,남,59세,상해없음,승용,여,38세,경상
2019050300100094,2019년 5월 3일 06시,금요일,경상남도 거제시 옥포동,경상사고,0,0,1,0,차대차 - 측면충돌,안전운전불이행,건조,맑음,교차로 - 교차로안,승용,남,29세,상해없음,승용,여,54세,경상
2019050300100095,2019년 5월 3일 06시,금요일,경상남도 창원시 마산회원구 석전동,경상사고,0,0,1,0,차대차 - 측면충돌,안전운전불이행,건조,맑음,단일로 - 기타,승용,남,52세,상해없음,승용,남,40세,경상
2019050300100113,2019년 5월 3일 07시,금요일,경상남도 양산시 다방동,경상사고,0,0,3,0,차대차 - 측면충돌,안전거리미확보,건조,맑음,단일로 - 기타,승용,여,42세,경상,화물,남,45세,경상
2019050300100123,2019년 5월 3일 07시,금요일,경상남도 창원시 마산합포구 예곡동,경상사고,0,0,1,0,차대차 - 추돌,안전운전불이행,건조,맑음,교차로 - 교차로부근,화물,남,32세,상해없음,승용,남,77세,경상
2019050300100124,2019년 5월 3일 07시,금요일,경상남도 양산시 물금읍,경상사고,0,0,1,0,차대차 - 기타,신호위반,건조,맑음,교차로 - 교차로부근,승용,여,53세,상해없음,승용,남,35세,경상
2019050300100125,2019년 5월 3일 07시,금요일,경상남도 창원시 의창구 서상동,경상사고,0,0,3,0,차대차 - 측면충돌,신호위반,건조,맑음,교차로 - 교차로안,승용,남,49세,상해없음,승합,남,46세,상해없음
2019050300100162,2019년 5월 3일 08시,금요일,경상남도 김해시 외동,경상사고,0,0,1,0,차대차 - 측면충돌,신호위반,건조,맑음,교차로 - 교차로안,승용,남,56세,상해없음,승용,남,40세,경상
2019050300100163,2019년 5월 3일 08시,금요일,경상남도 양산시 북부동,경상사고,0,0,2,0,차대차 - 측면충돌,안전운전불이행,건조,맑음,교차로 - 교차로안,승용,여,22세,상해없음,승용,남,61세,경상
2019050300100164,2019년 5월 3일 08시,금요일,경상남도 양산시 유산동,중상사고,0,1,0,0,차대차 - 측면충돌,안전운전불이행,건조,맑음,교차로 - 교차로안,승용,남,40세,상해없음,승용,여,45세,중상
2019050300100165,2019년 5월 3일 08시,금요일,경상남도 양산시 평산동,중상사고,0,1,0,0,차대차 - 측면충돌,과속,건조,맑음,단일로 - 기타,승용,여,36세,상해없음,자전거,남,76세,중상
2019050300100166,2019년 5월 3일 08시,금요일,경상남도 양산시 삼호동,중상사고,0,1,1,0,차대차 - 측면충돌,직진우회전진행방해,건조,맑음,교차로 - 교차로안,승용,여,41세,경상,승용,남,57세,중상
2019050300100167,2019년 5월 3일 08시,금요일,경상남도 창원시 의창구 팔용동,경상사고,0,0,2,0,차대차 - 기타,신호위반,건조,맑음,교차로 - 교차로안,승합,남,29세,상해없음,승용,남,25세,경상
2019050300100168,2019년 5월 3일 08시,금요일,경상남도 김해시 진영읍,중상사고,0,1,0,0,차대사람 - 기타,안전운전불이행,건조,맑음,단일로 - 기타,승합,남,44세,상해없음,보행자,남,57세,중상
2019050300100241,2019년 5월 3일 10시,금요일,경상남도 사천시 사천읍,중상사고,0,1,0,0,차대차 - 기타,안전운전불이행,건조,맑음,단일로 - 기타,이륜,남,78세,중상,승용,남,59세,상해없음
2019050300100242,2019년 5월 3일 10시,금요일,경상남도 양산시 중부동,중상사고,0,1,0,0,차대사람 - 기타,안전운전불이행,건조,맑음,교차로 - 교차로안,승용,여,54세,상해없음,보행자,여,77세,중상
2019050300100243,2019년 5월 3일 10시,금요일,경상남도 남해군 이동면,경상사고,0,0,1,0,차대차 - 추돌,안전운전불이행,건조,맑음,단일로 - 기타,특수,남,37세,상해없음,승용,남,38세,경상
2019050300100279,2019년 5월 3일 11시,금요일,경상남도 창녕군 부곡면,중상사고,0,1,0,0,차대사람 - 기타,기타,건조,맑음,교차로 - 교차로부근,승합,남,47세,상해없음,보행자,여,67세,중상
2019050300100308,2019년 5월 3일 12시,금요일,경상남도 사천시 사천읍,경상사고,0,0,1,0,차대차 - 측면충돌,안전운전불이행,건조,맑음,교차로 - 교차로안,승합,남,54세,상해없음,승용,여,35세,경상
2019050300100309,2019년 5월 3일 12시,금요일,경상남도 김해시 삼계동,중상사고,0,1,0,0,차량단독 - 기타,안전운전불이행,건조,맑음,단일로 - 기타,승합,남,58세,상해없음,,,,
2019050300100310,2019년 5월 3일 12시,금요일,경상남도 김해시 구산동,경상사고,0,0,1,0,차대사람 - 횡단중,보행자보호의무위반,건조,맑음,교차로 - 교차로횡단보도내,기타불명,기타불명,미분류,기타불명,보행자,여,50세,경상
2019050300100311,2019년 5월 3일 12시,금요일,경상남도 고성군 회화면,중상사고,0,1,0,0,차대차 - 측면충돌,안전운전불이행,건조,맑음,교차로 - 교차로안,승용,남,29세,상해없음,이륜,남,81세,중상
2019050300100350,2019년 5월 3일 13시,금요일,경상남도 진주시 문산읍,경상사고,0,0,1,0,차대차 - 측면충돌,직진우회전진행방해,건조,맑음,교차로 - 교차로안,승용,여,25세,상해없음,승용,여,59세,경상
2019050300100351,2019년 5월 3일 13시,금요일,경상남도 남해군 고현면,경상사고,0,0,1,0,차량단독 - 도로외이탈 - 추락,안전운전불이행,건조,맑음,단일로 - 기타,화물,남,65세,경상,,,,
2019050300100386,2019년 5월 3일 14시,금요일,경상남도 창원시 마산합포구 산호동,경상사고,0,0,1,0,차대사람 - 횡단중,안전운전불이행,건조,맑음,교차로 - 교차로부근,승용,남,71세,상해없음,보행자,여,7세,경상
2019050300100429,2019년 5월 3일 15시,금요일,경상남도 통영시 북신동,경상사고,0,0,1,0,차대차 - 정면충돌,신호위반,건조,맑음,교차로 - 교차로안,승용,여,58세,상해없음,승용,남,67세,경상
2019050300100430,2019년 5월 3일 15시,금요일,경상남도 밀양시 교동,경상사고,0,0,1,0,차대차 - 측면충돌,안전운전불이행,건조,맑음,단일로 - 기타,화물,남,28세,상해없음,승용,여,69세,경상
2019050300100431,2019년 5월 3일 15시,금요일,경상남도 김해시 봉황동,경상사고,0,0,1,0,차대사람 - 기타,안전운전불이행,건조,맑음,단일로 - 기타,승용,여,38세,상해없음,보행자,여,49세,경상
2019050300100432,2019년 5월 3일 15시,금요일,경상남도 김해시 외동,경상사고,0,0,1,0,차대사람 - 기타,안전운전불이행,건조,맑음,단일로 - 기타,승용,여,63세,상해없음,보행자,여,8세,경상
2019050300100433,2019년 5월 3일 15시,금요일,경상남도 양산시 평산동,경상사고,0,0,1,0,차대차 - 측면충돌,중앙선침범,건조,맑음,단일로 - 기타,승용,남,59세,상해없음,화물,남,60세,경상
2019050300100434,2019년 5월 3일 15시,금요일,경상남도 산청군 신안면,경상사고,0,0,1,0,차대차 - 추돌,안전운전불이행,건조,맑음,단일로 - 기타,승용,남,29세,경상,사륜오토바이(ATV),남,80세,상해없음
2019050300100479,2019년 5월 3일 16시,금요일,경상남도 거제시 아주동,중상사고,0,1,0,0,차대차 - 측면충돌,안전운전불이행,건조,맑음,교차로 - 교차로안,승용,여,45세,상해없음,승용,여,53세,중상
2019050300100537,2019년 5월 3일 17시,금요일,경상남도 창원시 진해구 용원동,경상사고,0,0,1,0,차대사람 - 횡단중,보행자보호의무위반,건조,맑음,교차로 - 교차로횡단보도내,승용,여,64세,상해없음,보행자,여,10세,경상
2019050300100538,2019년 5월 3일 17시,금요일,경상남도 밀양시 내이동,경상사고,0,0,1,0,차대차 - 측면충돌,교차로운행방법위반,건조,맑음,교차로 - 교차로안,승용,남,48세,상해없음,자전거,여,61세,경상
2019050300100539,2019년 5월 3일 17시,금요일,경상남도 거창군 거창읍,중상사고,0,1,0,0,차대차 - 측면충돌,안전운전불이행,건조,맑음,교차로 - 교차로안,승용,남,60세,상해없음,자전거,남,61세,중상
2019050300100540,2019년 5월 3일 17시,금요일,경상남도 양산시 물금읍,경상사고,0,0,1,0,차대차 - 측면충돌,안전운전불이행,건조,맑음,단일로 - 기타,자전거,남,76세,경상,승용,여,29세,상해없음
2019050300100541,2019년 5월 3일 17시,금요일,경상남도 거제시 장평동,중상사고,0,1,0,0,차대차 - 측면충돌,교차로운행방법위반,건조,맑음,교차로 - 교차로안,승용,남,61세,상해없음,이륜,남,48세,중상
2019050300100542,2019년 5월 3일 17시,금요일,경상남도 창원시 의창구 신월동,경상사고,0,0,1,0,차대차 - 측면충돌,안전운전불이행,건조,맑음,교차로 - 교차로안,승용,여,58세,상해없음,자전거,남,23세,경상
2019050300100598,2019년 5월 3일 18시,금요일,경상남도 밀양시 내이동,경상사고,0,0,1,0,차대차 - 측면충돌,안전운전불이행,건조,맑음,교차로 - 교차로안,승용,남,53세,상해없음,특수,남,27세,경상
2019050300100599,2019년 5월 3일 18시,금요일,경상남도 밀양시 하남읍,경상사고,0,0,3,0,차대차 - 측면충돌,안전운전불이행,건조,맑음,교차로 - 교차로안,승용,여,27세,상해없음,승용,여,35세,경상
2019050300100600,2019년 5월 3일 18시,금요일,경상남도 양산시 물금읍,경상사고,0,0,1,0,차대차 - 측면충돌,신호위반,건조,맑음,교차로 - 교차로안,승용,여,45세,상해없음,이륜,남,31세,경상
2019050300100601,2019년 5월 3일 18시,금요일,경상남도 의령군 의령읍,경상사고,0,0,1,0,차대사람 - 차도통행중,안전운전불이행,건조,맑음,교차로 - 교차로부근,화물,남,26세,상해없음,보행자,남,54세,경상
2019050300100632,2019년 5월 3일 19시,금요일,경상남도 김해시 풍유동,중상사고,0,1,0,0,차대차 - 기타,안전운전불이행,건조,맑음,단일로 - 기타,승용,여,38세,상해없음,자전거,남,80세,중상
2019050300100667,2019년 5월 3일 20시,금요일,경상남도 의령군 의령읍,경상사고,0,0,2,0,차대차 - 측면충돌,교차로운행방법위반,건조,맑음,교차로 - 교차로안,승용,남,59세,상해없음,승용,남,36세,경상
2019050300100706,2019년 5월 3일 21시,금요일,경상남도 통영시 북신동,부상신고사고,0,0,0,1,차대차 - 측면충돌,안전거리미확보,건조,맑음,교차로 - 교차로안,이륜,남,29세,부상신고,승용,남,54세,상해없음
2019050300100707,2019년 5월 3일 21시,금요일,경상남도 김해시 외동,경상사고,0,0,2,0,차대차 - 측면충돌,신호위반,건조,맑음,교차로 - 교차로횡단보도내,승용,여,60세,상해없음,이륜,남,42세,경상
2019050300100733,2019년 5월 3일 22시,금요일,경상남도 양산시 평산동,경상사고,0,0,1,0,차대차 - 측면충돌,안전거리미확보,건조,맑음,단일로 - 기타,승용,남,60세,상해없음,승용,남,64세,경상
2019050300100757,2019년 5월 3일 23시,금요일,경상남도 사천시 사천읍,경상사고,0,0,1,0,차대차 - 측면충돌,안전거리미확보,건조,맑음,교차로 - 교차로부근,승용,여,55세,기타불명,승용,남,51세,상해없음
2019050300100758,2019년 5월 3일 23시,금요일,경상남도 김해시 구산동,중상사고,0,2,0,0,차대차 - 측면충돌,신호위반,건조,맑음,교차로 - 교차로안,이륜,남,19세,중상,승용,남,53세,상해없음
2019050300100759,2019년 5월 3일 23시,금요일,경상남도 김해시 대동면,경상사고,0,0,2,0,차대차 - 추돌,안전운전불이행,건조,맑음,단일로 - 기타,승용,남,38세,경상,화물,남,60세,경상
2019050400100034,2019년 5월 4일 00시,토요일,경상남도 양산시 물금읍,경상사고,0,0,1,0,차대차 - 추돌,안전운전불이행,건조,맑음,단일로 - 기타,승합,남,39세,상해없음,화물,남,61세,경상
2019050400100042,2019년 5월 4일 00시,토요일,경상남도 통영시 미수동,경상사고,0,0,1,0,차대차 - 측면충돌,안전운전불이행,건조,맑음,단일로 - 기타,승용,남,50세,상해없음,승용,여,44세,경상
2019050400100084,2019년 5월 4일 03시,토요일,경상남도 창원시 성산구 상남동,경상사고,0,0,3,0,차대차 - 기타,안전운전불이행,건조,맑음,단일로 - 기타,승용,남,29세,상해없음,승용,남,32세,상해없음
2019050400100116,2019년 5월 4일 06시,토요일,경상남도 거창군 거창읍,경상사고,0,0,4,0,차대차 - 측면충돌,차로위반,건조,맑음,교차로 - 교차로부근,승용,남,60세,상해없음,승용,남,38세,경상
2019050400100117,2019년 5월 4일 06시,토요일,경상남도 창원시 의창구 동읍,경상사고,0,0,1,0,차대차 - 기타,안전운전불이행,건조,맑음,교차로 - 교차로안,승용,남,68세,상해없음,승용,여,50세,경상
2019050400100118,2019년 5월 4일 06시,토요일,경상남도 김해시 한림면,중상사고,0,1,0,0,차대사람 - 횡단중,안전운전불이행,건조,맑음,교차로 - 교차로부근,승용,남,68세,상해없음,보행자,남,57세,중상
2019050400100130,2019년 5월 4일 07시,토요일,경상남도 의령군 지정면,사망사고,1,0,0,0,차대사람 - 차도통행중,중앙선침범,건조,맑음,교차로 - 교차로부근,화물,남,60세,상해없음,보행자,여,83세,사망
2019050400100153,2019년 5월 4일 08시,토요일,경상남도 김해시 대동면,중상사고,0,1,0,0,차대사람 - 기타,안전운전불이행,건조,맑음,단일로 - 기타,승합,남,36세,상해없음,보행자,여,64세,중상
2019050400100154,2019년 5월 4일 08시,토요일,경상남도 산청군 신등면,중상사고,0,1,1,0,차대차 - 측면충돌,신호위반,건조,맑음,교차로 - 교차로안,화물,남,57세,상해없음,승용,남,57세,상해없음
2019050400100173,2019년 5월 4일 09시,토요일,경상남도 진주시 호탄동,경상사고,0,0,3,0,차대차 - 추돌,안전운전불이행,건조,맑음,단일로 - 기타,승용,남,26세,상해없음,화물,남,43세,경상
2019050400100174,2019년 5월 4일 09시,토요일,경상남도 밀양시 상남면,경상사고,0,0,2,0,차대차 - 측면충돌,안전운전불이행,건조,맑음,교차로 - 교차로안,화물,남,51세,상해없음,승용,남,68세,경상
2019050400100175,2019년 5월 4일 09시,토요일,경상남도 밀양시 내일동,경상사고,0,0,1,0,차대차 - 추돌,안전운전불이행,건조,맑음,단일로 - 기타,승용,남,78세,상해없음,승용,남,51세,상해없음