사고번호,사고일시,요일,시군구,사고내용,사망자수,중상자수,경상자수,부상신고자수,사고유형,법규위반,노면상태,기상상태,도로형태,가해운전자 차종,가해운전자 성별,가해운전자 연령,가해운전자 상해정도,피해운전자 차종,피해운전자 성별,피해운전자 연령,피해운전자 상해정도
2019050400100176,2019년 5월 4일 09시,토요일,경상남도 거창군 남상면,경상사고,0,0,1,0,차대차 - 측면충돌,안전운전불이행,건조,맑음,교차로 - 교차로안,건설기계,남,59세,상해없음,화물,남,73세,경상
2019050400100208,2019년 5월 4일 10시,토요일,경상남도 양산시 동면,중상사고,0,1,0,0,차대사람 - 기타,안전운전불이행,건조,맑음,단일로 - 기타,승용,남,50세,상해없음,보행자,여,49세,중상
2019050400100209,2019년 5월 4일 10시,토요일,경상남도 함안군 함안면,중상사고,0,1,4,1,차대차 - 측면충돌,교차로운행방법위반,건조,맑음,교차로 - 교차로안,승용,여,52세,상해없음,승용,남,27세,경상
2019050400100210,2019년 5월 4일 10시,토요일,경상남도 창원시 마산회원구 구암동,경상사고,0,0,1,0,차대차 - 추돌,차로위반,건조,맑음,단일로 - 기타,승용,남,47세,경상,특수,남,35세,상해없음
2019050400100252,2019년 5월 4일 11시,토요일,경상남도 창원시 진해구 경화동,경상사고,0,0,2,0,차대차 - 추돌,안전운전불이행,건조,맑음,교차로 - 교차로부근,승합,남,51세,상해없음,승용,남,70세,경상
2019050400100253,2019년 5월 4일 11시,토요일,경상남도 함양군 백전면,사망사고,1,0,0,0,차량단독 - 전도전복 - 전도,안전운전불이행,건조,맑음,단일로 - 기타,이륜,남,51세,사망,,,,
2019050400100254,2019년 5월 4일 11시,토요일,경상남도 양산시 북정동,경상사고,0,0,2,1,차대차 - 측면충돌,신호위반,건조,맑음,교차로 - 교차로안,승용,여,46세,상해없음,승용,남,37세,경상
2019050400100255,2019년 5월 4일 11시,토요일,경상남도 양산시 중부동,경상사고,0,0,3,0,차대차 - 추돌,안전거리미확보,건조,맑음,단일로 - 기타,화물,남,62세,경상,화물,남,39세,상해없음
2019050400100256,2019년 5월 4일 11시,토요일,경상남도 창원시 성산구 성주동,경상사고,0,0,2,0,차대차 - 측면충돌,안전운전불이행,건조,맑음,단일로 - 기타,승합,남,49세,상해없음,승용,남,31세,경상
2019050400100257,2019년 5월 4일 11시,토요일,경상남도 창원시 의창구 북면,부상신고사고,0,0,0,1,차대차 - 기타,중앙선침범,건조,맑음,단일로 - 기타,승용,남,31세,상해없음,자전거,남,34세,부상신고
2019050400100294,2019년 5월 4일 12시,토요일,경상남도 밀양시 부북면,경상사고,0,0,2,0,차대차 - 측면충돌,신호위반,건조,맑음,교차로 - 교차로안,승용,남,62세,경상,승용,여,37세,경상
2019050400100295,2019년 5월 4일 12시,토요일,경상남도 양산시 상북면,중상사고,0,1,0,0,차대차 - 측면충돌,안전운전불이행,건조,맑음,교차로 - 교차로부근,승용,여,49세,상해없음,승용,남,45세,상해없음
2019050400100296,2019년 5월 4일 12시,토요일,경상남도 창원시 성산구 중앙동,경상사고,0,0,1,0,차대차 - 추돌,안전운전불이행,건조,맑음,단일로 - 기타,기타불명,기타불명,미분류,기타불명,승용,남,34세,경상
2019050400100339,2019년 5월 4일 13시,토요일,경상남도 진주시 금산면,경상사고,0,0,2,0,차대차 - 측면충돌,교차로운행방법위반,건조,맑음,교차로 - 교차로안,승용,여,38세,상해없음,승용,남,55세,경상
2019050400100340,2019년 5월 4일 13시,토요일,경상남도 창원시 의창구 용호동,경상사고,0,0,1,0,차대차 - 측면충돌,신호위반,건조,맑음,교차로 - 교차로안,승용,남,60세,상해없음,자전거,여,59세,경상
2019050400100382,2019년 5월 4일 14시,토요일,경상남도 창원시 진해구 수송동,중상사고,0,1,0,0,차대사람 - 횡단중,보행자보호의무위반,건조,맑음,교차로 - 교차로횡단보도내,승용,남,46세,상해없음,보행자,남,51세,중상
2019050400100383,2019년 5월 4일 14시,토요일,경상남도 김해시 삼방동,중상사고,0,1,0,0,차대사람 - 횡단중,안전운전불이행,건조,맑음,교차로 - 교차로부근,화물,남,65세,상해없음,보행자,여,24세,중상
2019050400100384,2019년 5월 4일 14시,토요일,경상남도 김해시 생림면,중상사고,0,2,2,1,차대차 - 측면충돌,안전운전불이행,건조,맑음,단일로 - 기타,승용,여,38세,경상,승용,남,63세,중상
2019050400100429,2019년 5월 4일 15시,토요일,경상남도 진주시 가좌동,경상사고,0,0,1,0,차대차 - 추돌,안전운전불이행,건조,맑음,단일로 - 기타,화물,남,42세,상해없음,승용,남,42세,경상
2019050400100430,2019년 5월 4일 15시,토요일,경상남도 산청군 산청읍,경상사고,0,0,1,0,차대사람 - 보도통행중,안전운전불이행,건조,맑음,단일로 - 기타,승용,여,67세,상해없음,보행자,남,66세,경상
2019050400100471,2019년 5월 4일 16시,토요일,경상남도 김해시 동상동,경상사고,0,0,1,0,차대차 - 추돌,안전거리미확보,건조,맑음,교차로 - 교차로부근,이륜,남,20세,경상,승용,남,65세,상해없음
2019050400100472,2019년 5월 4일 16시,토요일,경상남도 김해시 서상동,중상사고,0,1,0,0,차대차 - 측면충돌,기타,건조,맑음,단일로 - 기타,승용,남,56세,상해없음,이륜,남,54세,중상
2019050400100506,2019년 5월 4일 17시,토요일,경상남도 창원시 진해구 석동,중상사고,0,2,1,0,차대차 - 측면충돌,신호위반,건조,맑음,교차로 - 교차로안,이륜,남,34세,중상,승용,남,61세,경상
2019050400100507,2019년 5월 4일 17시,토요일,경상남도 사천시 사남면,경상사고,0,0,1,0,차대차 - 추돌,안전운전불이행,건조,맑음,교차로 - 교차로부근,화물,남,60세,경상,화물,남,41세,상해없음
2019050400100508,2019년 5월 4일 17시,토요일,경상남도 창녕군 영산면,경상사고,0,0,2,0,차대차 - 추돌,안전운전불이행,건조,맑음,교차로 - 교차로부근,화물,남,50세,경상,승용,남,55세,경상
2019050400100509,2019년 5월 4일 17시,토요일,경상남도 남해군 남해읍,경상사고,0,0,1,0,차량단독 - 전도전복 - 전도,안전운전불이행,건조,맑음,단일로 - 기타,자전거,남,33세,경상,,,,
2019050400100510,2019년 5월 4일 17시,토요일,경상남도 산청군 신등면,중상사고,0,1,0,0,차대사람 - 기타,안전운전불이행,건조,맑음,단일로 - 기타,화물,남,63세,상해없음,보행자,남,6세,중상
2019050400100511,2019년 5월 4일 17시,토요일,경상남도 창원시 의창구 북면,중상사고,0,1,0,0,차량단독 - 기타,안전운전불이행,건조,맑음,단일로 - 기타,이륜,남,16세,상해없음,,,,
2019050400100543,2019년 5월 4일 18시,토요일,경상남도 거창군 웅양면,경상사고,0,0,1,0,차량단독 - 전도전복 - 전도,안전운전불이행,건조,맑음,단일로 - 기타,이륜,여,72세,경상,,,,
2019050400100608,2019년 5월 4일 20시,토요일,경상남도 진주시 신안동,경상사고,0,0,1,0,차대차 - 측면충돌,안전운전불이행,건조,맑음,단일로 - 기타,승용,남,59세,상해없음,자전거,남,27세,경상
2019050400100609,2019년 5월 4일 20시,토요일,경상남도 양산시 소주동,경상사고,0,0,2,0,차대차 - 측면충돌,교차로운행방법위반,건조,맑음,교차로 - 교차로안,승용,남,20세,기타불명,승용,여,48세,경상
2019050400100644,2019년 5월 4일 21시,토요일,경상남도 김해시 대성동,중상사고,0,1,0,0,차대사람 - 횡단중,신호위반,건조,맑음,교차로 - 교차로횡단보도내,승용,남,71세,상해없음,보행자,남,52세,중상
2019050400100674,2019년 5월 4일 22시,토요일,경상남도 거제시 일운면,중상사고,0,1,2,0,차대차 - 정면충돌,중앙선침범,건조,맑음,단일로 - 기타,승용,여,57세,경상,승용,여,27세,중상
2019050400100696,2019년 5월 4일 23시,토요일,경상남도 거제시 연초면,중상사고,0,1,0,0,차량단독 - 기타,안전운전불이행,건조,맑음,교차로 - 교차로부근,이륜,남,35세,중상,,,,
2019050500100030,2019년 5월 5일 00시,일요일,경상남도 통영시 광도면,중상사고,0,2,0,0,차대사람 - 횡단중,안전운전불이행,건조,맑음,단일로 - 기타,승용,남,40세,상해없음,보행자,남,40세,중상
2019050500100044,2019년 5월 5일 01시,일요일,경상남도 김해시 삼정동,중상사고,0,1,0,0,차량단독 - 공작물충돌,안전운전불이행,건조,맑음,단일로 - 기타,승용,남,37세,중상,,,,
2019050500100045,2019년 5월 5일 01시,일요일,경상남도 창원시 의창구 팔용동,사망사고,1,0,0,0,차량단독 - 전도전복 - 전복,안전운전불이행,건조,맑음,단일로 - 기타,승용,남,27세,사망,,,,
2019050500100063,2019년 5월 5일 02시,일요일,경상남도 밀양시 삼문동,경상사고,0,0,1,0,차대사람 - 기타,안전운전불이행,건조,맑음,단일로 - 기타,승용,여,21세,상해없음,보행자,남,27세,경상
2019050500100068,2019년 5월 5일 03시,일요일,경상남도 사천시 사남면,중상사고,0,1,0,0,차량단독 - 공작물충돌,안전운전불이행,건조,맑음,단일로 - 기타,이륜,남,20세,중상,,,,
2019050500100098,2019년 5월 5일 07시,일요일,경상남도 창원시 마산합포구 구산면,경상사고,0,0,1,0,차대차 - 정면충돌,중앙선침범,건조,맑음,단일로 - 기타,승용,남,59세,상해없음,화물,남,49세,경상
2019050500100099,2019년 5월 5일 07시,일요일,경상남도 창원시 진해구 용원동,중상사고,0,1,0,0,차대차 - 측면충돌,직진우회전진행방해,건조,맑음,교차로 - 교차로안,승용,남,29세,상해없음,승용,남,57세,중상
2019050500100100,2019년 5월 5일 07시,일요일,경상남도 양산시 남부동,경상사고,0,0,1,0,차량단독 - 공작물충돌,안전운전불이행,건조,맑음,단일로 - 기타,승용,여,41세,경상,,,,
2019050500100114,2019년 5월 5일 08시,일요일,경상남도 통영시 북신동,부상신고사고,0,0,0,1,차대차 - 추돌,안전운전불이행,건조,맑음,단일로 - 기타,이륜,남,81세,부상신고,승용,남,43세,상해없음
2019050500100120,2019년 5월 5일 09시,일요일,경상남도 김해시 삼문동,경상사고,0,0,2,0,차대차 - 측면충돌,안전거리미확보,건조,맑음,단일로 - 기타,승용,남,38세,상해없음,승용,남,31세,경상
2019050500100136,2019년 5월 5일 09시,일요일,경상남도 창원시 마산합포구 신포동1가,부상신고사고,0,0,0,1,차대차 - 기타,안전운전불이행,건조,맑음,교차로 - 교차로부근,자전거,남,64세,부상신고,승용,남,52세,상해없음
2019050500100137,2019년 5월 5일 09시,일요일,경상남도 고성군 회화면,중상사고,0,1,0,0,차대차 - 추돌,안전운전불이행,건조,맑음,단일로 - 기타,승용,남,36세,상해없음,이륜,남,76세,중상
2019050500100187,2019년 5월 5일 11시,일요일,경상남도 양산시 물금읍,경상사고,0,0,1,0,차대차 - 추돌,안전운전불이행,건조,맑음,단일로 - 기타,승용,남,35세,상해없음,승용,남,27세,경상
2019050500100217,2019년 5월 5일 12시,일요일,경상남도 사천시 동금동,경상사고,0,0,1,0,차대차 - 측면충돌,직진우회전진행방해,건조,맑음,교차로 - 교차로안,승용,남,31세,상해없음,이륜,남,63세,경상
2019050500100218,2019년 5월 5일 12시,일요일,경상남도 함안군 칠서면,경상사고,0,0,4,0,차대차 - 추돌,안전운전불이행,건조,맑음,단일로 - 기타,승용,남,41세,상해없음,승용,남,43세,경상
2019050500100270,2019년 5월 5일 13시,일요일,경상남도 통영시 미수동,경상사고,0,0,2,0,차대차 - 측면충돌,안전운전불이행,건조,맑음,단일로 - 기타,승용,남,36세,상해없음,승용,여,60세,경상
2019050500100271,2019년 5월 5일 13시,일요일,경상남도 통영시 미수동,경상사고,0,0,5,0,차대차 - 추돌,안전거리미확보,건조,맑음,단일로 - 교량,승합,남,43세,상해없음,승용,남,49세,상해없음
2019050500100272,2019년 5월 5일 13시,일요일,경상남도 남해군 설천면,경상사고,0,0,1,0,차대차 - 측면충돌,중앙선침범,건조,맑음,단일로 - 기타,사륜오토바이(ATV),여,76세,경상,승용,여,48세,상해없음
2019050500100305,2019년 5월 5일 14시,일요일,경상남도 창녕군 창녕읍,중상사고,0,1,2,0,차대차 - 측면충돌,안전운전불이행,건조,맑음,교차로 - 교차로안,화물,남,61세,상해없음,화물,남,44세,중상
2019050500100306,2019년 5월 5일 14시,일요일,경상남도 창원시 마산회원구 내서읍,경상사고,0,0,1,0,차대차 - 추돌,안전운전불이행,건조,맑음,기타 - 기타,승용,남,19세,상해없음,화물,남,61세,경상
2019050500100354,2019년 5월 5일 15시,일요일,경상남도 통영시 도남동,경상사고,0,0,1,0,차대사람 - 기타,안전운전불이행,건조,맑음,단일로 - 기타,승용,남,64세,상해없음,보행자,여,55세,경상
2019050500100355,2019년 5월 5일 15시,일요일,경상남도 밀양시 상남면,경상사고,0,0,1,0,차대차 - 추돌,안전운전불이행,건조,맑음,단일로 - 기타,승용,남,58세,상해없음,승용,남,59세,경상
2019050500100356,2019년 5월 5일 15시,일요일,경상남도 하동군 악양면,중상사고,0,1,0,0,차대차 - 측면충돌,교차로운행방법위반,건조,맑음,교차로 - 교차로안,승용,여,48세,상해없음,이륜,남,78세,중상
2019050500100392,2019년 5월 5일 16시,일요일,경상남도 창원시 마산합포구 진동면,경상사고,0,0,1,0,차량단독 - 주/정차차량 충돌,안전운전불이행,건조,맑음,단일로 - 기타,화물,남,50세,경상,,,,
2019050500100393,2019년 5월 5일 16시,일요일,경상남도 양산시 물금읍,중상사고,0,1,1,0,차대차 - 측면충돌,안전운전불이행,건조,맑음,교차로 - 교차로안,승용,남,25세,상해없음,승용,남,51세,중상
2019050500100430,2019년 5월 5일 17시,일요일,경상남도 거제시 고현동,경상사고,0,0,1,0,차대차 - 기타,안전운전불이행,건조,맑음,단일로 - 기타,이륜,남,37세,경상,승용,남,55세,상해없음
2019050500100431,2019년 5월 5일 17시,일요일,경상남도 창원시 마산회원구 양덕동,경상사고,0,0,1,0,차대차 - 기타,안전운전불이행,건조,맑음,교차로 - 교차로안,승용,여,61세,상해없음,승용,남,70세,상해없음
2019050500100468,2019년 5월 5일 18시,일요일,경상남도 창원시 진해구 자은동,경상사고,0,0,3,1,차대차 - 추돌,안전운전불이행,건조,맑음,교차로 - 교차로안,이륜,남,57세,부상신고,승용,남,21세,경상
2019050500100469,2019년 5월 5일 18시,일요일,경상남도 밀양시 삼문동,경상사고,0,0,1,0,차대사람 - 차도통행중,안전운전불이행,건조,맑음,교차로 - 교차로안,승용,남,24세,상해없음,보행자,남,26세,경상
2019050500100470,2019년 5월 5일 18시,일요일,경상남도 양산시 물금읍,경상사고,0,0,1,0,차대차 - 측면충돌,안전거리미확보,건조,맑음,단일로 - 기타,승용,여,30세,상해없음,승용,남,58세,경상
2019050500100497,2019년 5월 5일 19시,일요일,경상남도 진주시 대곡면,중상사고,0,1,0,0,차량단독 - 공작물충돌,안전운전불이행,건조,맑음,교차로 - 교차로안,화물,남,68세,중상,,,,
2019050500100565,2019년 5월 5일 21시,일요일,경상남도 사천시 사남면,경상사고,0,0,1,0,차대차 - 추돌,안전운전불이행,건조,맑음,단일로 - 기타,승용,남,40세,상해없음,승용,여,41세,경상
2019050500100566,2019년 5월 5일 21시,일요일,경상남도 창원시 마산회원구 봉암동,사망사고,1,0,0,0,차량단독 - 도로외이탈 - 추락,안전운전불이행,건조,맑음,단일로 - 기타,이륜,남,46세,사망,,,,
2019050500100615,2019년 5월 5일 23시,일요일,경상남도 김해시 불암동,경상사고,0,0,5,0,차대차 - 기타,신호위반,건조,맑음,교차로 - 교차로안,승용,남,51세,상해없음,승용,남,57세,경상
2019050600100096,2019년 5월 6일 06시,월요일,경상남도 창원시 진해구 충무동,경상사고,0,0,1,0,차대차 - 측면충돌,신호위반,건조,맑음,교차로 - 교차로횡단보도내,이륜,남,52세,기타불명,자전거,여,60세,경상
2019050600100104,2019년 5월 6일 07시,월요일,경상남도 창원시 성산구 사파동,중상사고,0,1,0,0,차대차 - 측면충돌,신호위반,건조,맑음,교차로 - 교차로횡단보도내,화물,남,48세,상해없음,자전거,남,38세,중상
2019050600100119,2019년 5월 6일 08시,월요일,경상남도 창원시 마산합포구 신포동1가,중상사고,0,1,0,0,차대사람 - 보도통행중,신호위반,건조,맑음,교차로 - 교차로횡단보도내,이륜,남,76세,상해없음,보행자,여,54세,중상
2019050600100221,2019년 5월 6일 12시,월요일,경상남도 거제시 사등면,중상사고,0,1,1,0,차대차 - 측면충돌,안전운전불이행,건조,맑음,단일로 - 기타,승용,남,25세,상해없음,승용,남,57세,경상
2019050600100222,2019년 5월 6일 12시,월요일,경상남도 거제시 장승포동,경상사고,0,0,2,0,차대차 - 추돌,안전운전불이행,건조,맑음,교차로 - 교차로안,승합,남,45세,상해없음,승용,남,63세,경상
2019050600100255,2019년 5월 6일 13시,월요일,경상남도 진주시 호탄동,경상사고,0,0,1,0,차대사람 - 횡단중,안전운전불이행,건조,맑음,교차로 - 교차로부근,승용,여,23세,상해없음,보행자,여,75세,경상
2019050600100305,2019년 5월 6일 14시,월요일,경상남도 창원시 마산합포구 중앙동1가,경상사고,0,0,1,0,차대사람 - 기타,안전운전불이행,건조,맑음,단일로 - 기타,이륜,남,18세,상해없음,보행자,남,46세,경상
2019050600100306,2019년 5월 6일 14시,월요일,경상남도 창원시 진해구 장천동,경상사고,0,0,2,0,차대차 - 추돌,안전운전불이행,건조,맑음,단일로 - 기타,승용,남,43세,상해없음,승용,남,52세,경상
2019050600100307,2019년 5월 6일 14시,월요일,경상남도 사천시 선구동,중상사고,0,1,0,0,차대사람 - 기타,안전운전불이행,건조,맑음,단일로 - 기타,특수,남,46세,상해없음,보행자,남,37세,중상
2019050600100308,2019년 5월 6일 14시,월요일,경상남도 김해시 삼계동,부상신고사고,0,0,0,3,차대차 - 추돌,안전거리미확보,건조,맑음,단일로 - 기타,건설기계,남,48세,상해없음,승용,여,42세,부상신고
2019050600100309,2019년 5월 6일 14시,월요일,경상남도 김해시 진례면,중상사고,0,1,1,0,차대차 - 측면충돌,직진우회전진행방해,건조,맑음,교차로 - 교차로안,승용,여,37세,경상,승용,남,63세,중상
2019050600100342,2019년 5월 6일 15시,월요일,경상남도 김해시 삼방동,경상사고,0,0,2,0,차대차 - 측면충돌,안전운전불이행,건조,맑음,단일로 - 기타,승용,남,56세,상해없음,이륜,남,17세,경상
2019050600100387,2019년 5월 6일 16시,월요일,경상남도 창원시 마산합포구 구산면,중상사고,0,2,0,0,차량단독 - 전도전복 - 전복,안전운전불이행,건조,맑음,교차로 - 교차로부근,승용,남,62세,중상,,,,
2019050600100432,2019년 5월 6일 17시,월요일,경상남도 창원시 의창구 사림동,경상사고,0,0,2,0,차대차 - 추돌,안전운전불이행,건조,맑음,단일로 - 기타,승용,남,66세,상해없음,화물,남,42세,경상
2019050600100433,2019년 5월 6일 17시,월요일,경상남도 김해시 강동,경상사고,0,0,1,0,차대차 - 측면충돌,안전운전불이행,건조,맑음,교차로 - 교차로부근,승용,여,47세,경상,승용,남,63세,상해없음
2019050600100472,2019년 5월 6일 18시,월요일,경상남도 창원시 마산합포구 현동,중상사고,0,1,2,0,차대차 - 정면충돌,안전거리미확보,건조,맑음,단일로 - 터널,승합,남,36세,상해없음,승용,남,49세,상해없음
2019050600100473,2019년 5월 6일 18시,월요일,경상남도 사천시 향촌동,경상사고,0,0,1,0,차대차 - 기타,안전운전불이행,건조,맑음,교차로 - 교차로부근,화물,남,50세,상해없음,승용,남,36세,경상
2019050600100510,2019년 5월 6일 19시,월요일,경상남도 창원시 진해구 대천동,경상사고,0,0,1,0,차대차 - 측면충돌,안전운전불이행,건조,맑음,교차로 - 교차로안,승용,남,57세,상해없음,자전거,남,17세,경상
2019050600100511,2019년 5월 6일 19시,월요일,경상남도 창원시 진해구 태평동,경상사고,0,0,1,0,차대사람 - 횡단중,보행자보호의무위반,젖음/습기,비,교차로 - 교차로횡단보도내,승합,남,62세,상해없음,보행자,남,20세,경상
2019050600100512,2019년 5월 6일 19시,월요일,경상남도 밀양시 상남면,사망사고,1,0,0,0,차대사람 - 차도통행중,안전운전불이행,건조,맑음,단일로 - 기타,화물,남,76세,상해없음,보행자,남,46세,사망
2019050600100537,2019년 5월 6일 20시,월요일,경상남도 창녕군 대지면,경상사고,0,0,3,0,차대차 - 기타,안전운전불이행,건조,맑음,교차로 - 교차로안,승용,남,59세,경상,승용,남,53세,경상
2019050600100538,2019년 5월 6일 20시,월요일,경상남도 창원시 성산구 상남동,경상사고,0,0,1,0,차대차 - 측면충돌,안전운전불이행,건조,맑음,단일로 - 기타,승용,여,51세,상해없음,자전거,여,61세,경상
2019050600100588,2019년 5월 6일 22시,월요일,경상남도 창원시 마산합포구 중앙동3가,중상사고,0,1,0,0,차대사람 - 횡단중,신호위반,젖음/습기,비,교차로 - 교차로횡단보도내,이륜,남,30세,상해없음,보행자,남,45세,중상
2019050600100589,2019년 5월 6일 22시,월요일,경상남도 거제시 고현동,경상사고,0,0,1,0,차대차 - 기타,신호위반,건조,맑음,교차로 - 교차로안,화물,남,59세,상해없음,승용,남,58세,상해없음
2019050600100605,2019년 5월 6일 23시,월요일,경상남도 창원시 마산회원구 내서읍,경상사고,0,0,3,0,차대차 - 측면충돌,신호위반,건조,맑음,교차로 - 교차로안,승용,남,63세,상해없음,승합,남,49세,상해없음
2019050700100037,2019년 5월 7일 00시,화요일,경상남도 창원시 진해구 이동,경상사고,0,0,1,0,차량단독 - 전도전복 - 전도,안전운전불이행,젖음/습기,흐림,단일로 - 기타,이륜,남,20세,경상,,,,
2019050700100102,2019년 5월 7일 07시,화요일,경상남도 진주시 판문동,경상사고,0,0,1,0,차량단독 - 기타,안전운전불이행,건조,맑음,단일로 - 기타,승합,남,62세,상해없음,,,,
2019050700100103,2019년 5월 7일 07시,화요일,경상남도 김해시 외동,중상사고,0,1,0,0,차대차 - 측면충돌,안전운전불이행,건조,맑음,단일로 - 기타,승용,여,55세,상해없음,이륜,남,71세,중상
2019050700100152,2019년 5월 7일 08시,화요일,경상남도 진주시 하대동,중상사고,0,1,0,0,차대차 - 측면충돌,안전운전불이행,건조,맑음,단일로 - 기타,자전거,남,24세,중상,승용,여,70세,상해없음
2019050700100153,2019년 5월 7일 08시,화요일,경상남도 진주시 신안동,경상사고,0,0,1,0,차대사람 - 횡단중,보행자보호의무위반,건조,맑음,교차로 - 교차로횡단보도내,화물,남,41세,상해없음,보행자,남,18세,경상
2019050700100154,2019년 5월 7일 08시,화요일,경상남도 김해시 대동면,경상사고,0,0,2,0,차대차 - 측면충돌,교차로운행방법위반,건조,맑음,교차로 - 교차로안,화물,남,50세,경상,승용,남,53세,경상
2019050700100155,2019년 5월 7일 08시,화요일,경상남도 양산시 평산동,경상사고,0,0,2,0,차대차 - 측면충돌,교차로운행방법위반,건조,맑음,교차로 - 교차로안,승용,남,56세,경상,승용,여,53세,경상
2019050700100204,2019년 5월 7일 09시,화요일,경상남도 통영시 광도면,경상사고,0,0,2,0,차대차 - 측면충돌,교차로운행방법위반,건조,맑음,교차로 - 교차로안,승용,남,38세,상해없음,승용,여,42세,경상
2019050700100205,2019년 5월 7일 09시,화요일,경상남도 거창군 거창읍,경상사고,0,0,3,0,차대차 - 측면충돌,신호위반,건조,맑음,교차로 - 교차로안,승용,여,69세,경상,자전거,여,73세,경상
2019050700100206,2019년 5월 7일 09시,화요일,경상남도 양산시 북정동,경상사고,0,0,1,0,차대차 - 측면충돌,안전운전불이행,건조,맑음,단일로 - 기타,승용,남,59세,상해없음,승용,남,36세,경상
2019050700100244,2019년 5월 7일 10시,화요일,경상남도 창원시 진해구 안골동,경상사고,0,0,1,0,차대사람 - 횡단중,보행자보호의무위반,건조,맑음,교차로 - 교차로횡단보도내,기타불명,기타불명,미분류,기타불명,보행자,여,37세,경상
2019050700100271,2019년 5월 7일 11시,화요일,경상남도 진주시 상평동,중상사고,0,2,0,0,차대차 - 기타,중앙선침범,건조,맑음,단일로 - 기타,승용,남,69세,상해없음,화물,남,57세,중상
2019050700100272,2019년 5월 7일 11시,화요일,경상남도 함안군 칠원읍,경상사고,0,0,1,0,차대차 - 기타,안전운전불이행,건조,맑음,단일로 - 기타,승용,남,52세,상해없음,건설기계,남,62세,경상
2019050700100312,2019년 5월 7일 12시,화요일,경상남도 통영시 광도면,경상사고,0,0,5,0,차대차 - 측면충돌,교차로운행방법위반,건조,맑음,교차로 - 교차로안,승용,여,65세,경상,승용,남,69세,경상
2019050700100313,2019년 5월 7일 12시,화요일,경상남도 김해시 외동,경상사고,0,0,1,0,차량단독 - 기타,안전운전불이행,건조,맑음,교차로 - 교차로부근,승용,남,59세,상해없음,,,,
2019050700100314,2019년 5월 7일 12시,화요일,경상남도 의령군 낙서면,경상사고,0,0,2,0,차대차 - 기타,안전운전불이행,건조,맑음,단일로 - 지하차도(도로)내,승용,여,54세,상해없음,화물,남,39세,경상
2019050700100315,2019년 5월 7일 12시,화요일,경상남도 김해시 진영읍,경상사고,0,0,2,0,차대차 - 기타,안전운전불이행,건조,맑음,기타 - 기타,특수,남,52세,경상,승합,남,46세,경상
2019050700100361,2019년 5월 7일 13시,화요일,경상남도 사천시 동금동,경상사고,0,0,1,0,차대차 - 측면충돌,안전운전불이행,건조,맑음,교차로 - 교차로안,승용,여,62세,상해없음,이륜,남,69세,경상
2019050700100362,2019년 5월 7일 13시,화요일,경상남도 거제시 아주동,경상사고,0,0,5,0,차대차 - 추돌,안전운전불이행,건조,맑음,단일로 - 터널,승용,여,35세,경상,화물,남,61세,상해없음
2019050700100395,2019년 5월 7일 14시,화요일,경상남도 사천시 서포면,중상사고,0,1,0,0,차대차 - 측면충돌,중앙선침범,건조,맑음,단일로 - 기타,이륜,남,81세,중상,화물,남,55세,상해없음
2019050700100396,2019년 5월 7일 14시,화요일,경상남도 합천군 합천읍,중상사고,0,1,0,0,차량단독 - 기타,안전운전불이행,건조,맑음,단일로 - 기타,승합,남,57세,상해없음,,,,
2019050700100397,2019년 5월 7일 14시,화요일,경상남도 창녕군 남지읍,사망사고,1,0,0,0,차대차 - 측면충돌,신호위반,건조,맑음,교차로 - 교차로안,승용,남,63세,사망,건설기계,남,59세,상해없음
2019050700100398,2019년 5월 7일 14시,화요일,경상남도 거제시 사등면,중상사고,0,1,0,0,차대차 - 추돌,안전거리미확보,건조,맑음,단일로 - 기타,승용,여,38세,상해없음,승용,남,46세,중상
2019050700100399,2019년 5월 7일 14시,화요일,경상남도 산청군 신등면,중상사고,0,1,0,1,차대차 - 측면충돌,교차로운행방법위반,건조,맑음,교차로 - 교차로안,승용,남,54세,상해없음,농기계,남,82세,부상신고
2019050700100440,2019년 5월 7일 15시,화요일,경상남도 진주시 하대동,경상사고,0,0,1,0,차대사람 - 횡단중,보행자보호의무위반,건조,맑음,단일로 - 기타,건설기계,남,45세,상해없음,보행자,여,74세,경상
2019050700100441,2019년 5월 7일 15시,화요일,경상남도 창녕군 계성면,중상사고,0,2,2,0,차대차 - 추돌,안전운전불이행,건조,맑음,단일로 - 기타,건설기계,남,44세,경상,승용,남,26세,경상
2019050700100442,2019년 5월 7일 15시,화요일,경상남도 창원시 성산구 중앙동,중상사고,0,1,0,0,차대사람 - 횡단중,보행자보호의무위반,건조,맑음,교차로 - 교차로안,승용,여,35세,상해없음,보행자,여,32세,중상
2019050700100488,2019년 5월 7일 16시,화요일,경상남도 창원시 마산회원구 구암동,경상사고,0,0,1,0,차대사람 - 기타,안전운전불이행,건조,맑음,교차로 - 교차로부근,승용,남,57세,상해없음,보행자,여,12세,경상
2019050700100526,2019년 5월 7일 17시,화요일,경상남도 거창군 신원면,중상사고,0,1,0,0,차대차 - 측면충돌,안전운전불이행,건조,맑음,교차로 - 교차로안,승용,여,52세,상해없음,자전거,남,8세,중상
2019050700100527,2019년 5월 7일 17시,화요일,경상남도 합천군 합천읍,중상사고,0,1,0,0,차량단독 - 전도전복 - 전도,안전운전불이행,건조,맑음,단일로 - 기타,화물,남,41세,중상,,,,