사고번호,사고일시,요일,시군구,사고내용,사망자수,중상자수,경상자수,부상신고자수,사고유형,법규위반,노면상태,기상상태,도로형태,가해운전자 차종,가해운전자 성별,가해운전자 연령,가해운전자 상해정도,피해운전자 차종,피해운전자 성별,피해운전자 연령,피해운전자 상해정도
2019050700100583,2019년 5월 7일 18시,화요일,경상남도 진주시 평거동,경상사고,0,0,1,0,차대차 - 기타,안전운전불이행,건조,맑음,단일로 - 기타,이륜,남,52세,상해없음,이륜,남,20세,경상
2019050700100584,2019년 5월 7일 18시,화요일,경상남도 거제시 거제면,중상사고,0,1,1,0,차대차 - 측면충돌,안전운전불이행,건조,맑음,교차로 - 교차로안,화물,남,56세,경상,승용,남,61세,중상
2019050700100585,2019년 5월 7일 18시,화요일,경상남도 창원시 마산회원구 내서읍,중상사고,0,1,0,0,차대사람 - 보도통행중,기타,건조,맑음,단일로 - 기타,승용,남,30세,상해없음,보행자,여,51세,중상
2019050700100634,2019년 5월 7일 19시,화요일,경상남도 사천시 사천읍,중상사고,0,1,0,0,차대차 - 측면충돌,안전운전불이행,건조,맑음,교차로 - 교차로부근,이륜,남,36세,중상,승용,남,40세,상해없음
2019050700100635,2019년 5월 7일 19시,화요일,경상남도 김해시 구산동,경상사고,0,0,1,0,차대차 - 추돌,안전운전불이행,건조,맑음,단일로 - 기타,승용,여,46세,상해없음,승용,여,54세,경상
2019050700100636,2019년 5월 7일 19시,화요일,경상남도 양산시 삼호동,경상사고,0,0,1,0,차대차 - 측면충돌,교차로운행방법위반,건조,맑음,교차로 - 교차로안,승용,여,29세,상해없음,승용,남,26세,경상
2019050700100671,2019년 5월 7일 20시,화요일,경상남도 김해시 삼정동,중상사고,0,1,1,0,차대사람 - 횡단중,보행자보호의무위반,건조,맑음,교차로 - 교차로횡단보도내,승용,남,51세,상해없음,보행자,여,51세,중상
2019050700100672,2019년 5월 7일 20시,화요일,경상남도 창원시 의창구 봉곡동,경상사고,0,0,2,0,차대차 - 기타,교차로운행방법위반,건조,맑음,교차로 - 교차로안,승용,남,26세,상해없음,이륜,남,47세,경상
2019050700100691,2019년 5월 7일 21시,화요일,경상남도 진주시 초전동,중상사고,0,1,1,0,차대차 - 기타,중앙선침범,건조,맑음,단일로 - 기타,승용,남,58세,상해없음,승용,여,42세,중상
2019050700100692,2019년 5월 7일 21시,화요일,경상남도 거창군 거창읍,중상사고,0,1,0,0,차대사람 - 차도통행중,안전운전불이행,건조,맑음,교차로 - 교차로안,승용,남,51세,상해없음,보행자,남,62세,중상
2019050700100693,2019년 5월 7일 21시,화요일,경상남도 양산시 하북면,경상사고,0,0,1,0,차대차 - 측면충돌,직진우회전진행방해,건조,맑음,교차로 - 교차로안,승용,남,48세,상해없음,승용,남,59세,상해없음
2019050700100713,2019년 5월 7일 22시,화요일,경상남도 김해시 외동,경상사고,0,0,1,0,차대차 - 추돌,안전운전불이행,건조,맑음,교차로 - 교차로부근,승용,남,57세,상해없음,승용,남,42세,경상
2019050700100731,2019년 5월 7일 23시,화요일,경상남도 밀양시 내이동,경상사고,0,0,2,0,차대차 - 측면충돌,안전운전불이행,건조,흐림,교차로 - 교차로부근,승용,여,55세,상해없음,승용,남,55세,상해없음
2019050800100039,2019년 5월 8일 00시,수요일,경상남도 진주시 상대동,중상사고,0,2,0,0,차대차 - 정면충돌,신호위반,건조,맑음,교차로 - 교차로안,승용,남,37세,상해없음,승용,남,56세,중상
2019050800100040,2019년 5월 8일 00시,수요일,경상남도 통영시 무전동,중상사고,0,2,2,0,차대차 - 측면충돌,신호위반,건조,맑음,교차로 - 교차로안,이륜,남,29세,중상,승용,남,57세,경상
2019050800100041,2019년 5월 8일 00시,수요일,경상남도 창원시 의창구 북면,경상사고,0,0,1,0,차대차 - 기타,안전거리미확보,건조,맑음,단일로 - 기타,승용,남,54세,상해없음,승용,여,47세,경상
2019050800100055,2019년 5월 8일 02시,수요일,경상남도 진주시 내동면,경상사고,0,0,1,0,차대차 - 기타,안전운전불이행,건조,맑음,단일로 - 기타,승용,남,25세,경상,건설기계,남,54세,기타불명
2019050800100063,2019년 5월 8일 04시,수요일,경상남도 김해시 삼방동,경상사고,0,0,1,0,차대차 - 측면충돌,안전운전불이행,건조,맑음,단일로 - 기타,승용,여,29세,경상,승합,남,51세,기타불명
2019050800100078,2019년 5월 8일 06시,수요일,경상남도 창원시 의창구 봉곡동,경상사고,0,0,1,0,차대차 - 측면충돌,안전운전불이행,건조,맑음,교차로 - 교차로안,화물,남,57세,상해없음,승합,남,41세,경상
2019050800100085,2019년 5월 8일 07시,수요일,경상남도 김해시 진례면,경상사고,0,0,1,0,차대차 - 측면충돌,안전거리미확보,건조,맑음,단일로 - 기타,화물,남,62세,상해없음,승용,남,44세,경상
2019050800100101,2019년 5월 8일 07시,수요일,경상남도 창원시 의창구 서상동,경상사고,0,0,1,0,차대차 - 기타,신호위반,건조,맑음,교차로 - 교차로안,승용,남,25세,상해없음,승용,남,60세,경상
2019050800100184,2019년 5월 8일 09시,수요일,경상남도 창원시 마산합포구 예곡동,중상사고,0,1,0,0,차대차 - 추돌,안전거리미확보,건조,맑음,단일로 - 기타,화물,남,62세,상해없음,화물,남,50세,중상
2019050800100185,2019년 5월 8일 09시,수요일,경상남도 김해시 외동,중상사고,0,1,0,0,차대차 - 측면충돌,직진우회전진행방해,건조,맑음,교차로 - 교차로안,승용,남,80세,상해없음,승합,남,45세,중상
2019050800100236,2019년 5월 8일 10시,수요일,경상남도 밀양시 내이동,중상사고,0,1,0,0,차대차 - 측면충돌,안전운전불이행,건조,맑음,단일로 - 기타,승용,여,60세,상해없음,승용,여,56세,중상
2019050800100237,2019년 5월 8일 10시,수요일,경상남도 밀양시 무안면,중상사고,0,1,0,0,차대사람 - 횡단중,안전운전불이행,건조,맑음,교차로 - 교차로안,화물,여,49세,상해없음,보행자,여,82세,중상
2019050800100269,2019년 5월 8일 11시,수요일,경상남도 김해시 서상동,경상사고,0,0,1,0,차대차 - 측면충돌,신호위반,건조,맑음,교차로 - 교차로안,자전거,남,82세,경상,승용,남,56세,상해없음
2019050800100270,2019년 5월 8일 11시,수요일,경상남도 김해시 진영읍,경상사고,0,0,1,0,차대차 - 기타,안전운전불이행,건조,맑음,단일로 - 기타,화물,남,33세,상해없음,승용,여,24세,경상
2019050800100298,2019년 5월 8일 12시,수요일,경상남도 양산시 물금읍,경상사고,0,0,1,0,차대차 - 기타,교차로운행방법위반,건조,맑음,교차로 - 교차로안,승용,여,30세,상해없음,승용,남,56세,경상
2019050800100335,2019년 5월 8일 13시,수요일,경상남도 김해시 전하동,중상사고,0,1,5,0,차대차 - 추돌,안전운전불이행,건조,맑음,단일로 - 기타,승합,남,53세,상해없음,승용,여,53세,중상
2019050800100367,2019년 5월 8일 14시,수요일,경상남도 김해시 삼방동,경상사고,0,0,1,0,차대차 - 측면충돌,안전운전불이행,건조,맑음,교차로 - 교차로안,승용,남,58세,상해없음,승용,여,46세,경상
2019050800100405,2019년 5월 8일 15시,수요일,경상남도 통영시 광도면,중상사고,0,1,0,0,차대차 - 후진중충돌,중앙선침범,건조,맑음,단일로 - 기타,승용,여,60세,상해없음,승용,남,23세,중상
2019050800100406,2019년 5월 8일 15시,수요일,경상남도 김해시 어방동,중상사고,0,1,0,0,차대사람 - 횡단중,보행자보호의무위반,건조,맑음,단일로 - 기타,승용,남,25세,상해없음,보행자,여,31세,중상
2019050800100407,2019년 5월 8일 15시,수요일,경상남도 양산시 북부동,경상사고,0,0,1,0,차대사람 - 기타,안전운전불이행,건조,맑음,기타 - 기타,승용,남,63세,상해없음,보행자,남,58세,경상
2019050800100408,2019년 5월 8일 15시,수요일,경상남도 창원시 성산구 상남동,경상사고,0,0,1,0,차대차 - 측면충돌,안전운전불이행,건조,맑음,교차로 - 교차로부근,승용,여,22세,상해없음,승용,여,35세,경상
2019050800100454,2019년 5월 8일 16시,수요일,경상남도 밀양시 상남면,중상사고,0,1,0,0,차대사람 - 횡단중,안전운전불이행,건조,맑음,기타 - 기타,승용,여,53세,상해없음,보행자,남,50세,중상
2019050800100455,2019년 5월 8일 16시,수요일,경상남도 창원시 마산회원구 회성동,경상사고,0,0,1,0,차대사람 - 기타,안전운전불이행,건조,맑음,단일로 - 지하차도(도로)내,승합,남,59세,상해없음,보행자,남,10세,경상
2019050800100498,2019년 5월 8일 17시,수요일,경상남도 창원시 진해구 경화동,중상사고,0,1,0,1,차대차 - 정면충돌,안전운전불이행,건조,맑음,교차로 - 교차로안,승용,여,52세,부상신고,승용,남,67세,중상
2019050800100499,2019년 5월 8일 17시,수요일,경상남도 김해시 삼계동,중상사고,0,1,0,0,차대차 - 측면충돌,안전운전불이행,건조,맑음,기타 - 기타,승용,여,42세,상해없음,자전거,남,74세,중상
2019050800100500,2019년 5월 8일 17시,수요일,경상남도 김해시 삼계동,중상사고,0,1,0,0,차량단독 - 기타,안전운전불이행,건조,맑음,단일로 - 기타,승합,남,44세,상해없음,,,,
2019050800100501,2019년 5월 8일 17시,수요일,경상남도 의령군 칠곡면,중상사고,0,1,0,0,차대차 - 추돌,안전운전불이행,건조,맑음,단일로 - 기타,승용,남,60세,중상,화물,남,24세,상해없음
2019050800100549,2019년 5월 8일 18시,수요일,경상남도 함양군 서하면,경상사고,0,0,1,0,차대차 - 측면충돌,안전운전불이행,건조,맑음,교차로 - 교차로안,이륜,남,33세,경상,승용,여,37세,상해없음
2019050800100588,2019년 5월 8일 19시,수요일,경상남도 창원시 의창구 사림동,경상사고,0,0,1,0,차대사람 - 횡단중,보행자보호의무위반,건조,맑음,교차로 - 교차로안,승용,여,53세,상해없음,보행자,여,68세,경상
2019050800100629,2019년 5월 8일 20시,수요일,경상남도 통영시 무전동,경상사고,0,0,1,0,차대차 - 측면충돌,교차로운행방법위반,건조,맑음,교차로 - 교차로안,화물,남,79세,상해없음,승용,남,68세,상해없음
2019050800100630,2019년 5월 8일 20시,수요일,경상남도 김해시 대청동,중상사고,0,1,0,0,차대차 - 측면충돌,안전운전불이행,건조,맑음,단일로 - 기타,승용,여,60세,상해없음,승용,남,27세,중상
2019050800100667,2019년 5월 8일 21시,수요일,경상남도 진주시 정촌면,중상사고,0,1,0,0,차대차 - 측면충돌,안전거리미확보,건조,맑음,단일로 - 기타,승용,남,27세,상해없음,이륜,남,38세,중상
2019050800100668,2019년 5월 8일 21시,수요일,경상남도 창원시 성산구 중앙동,중상사고,0,1,0,0,차대사람 - 횡단중,안전운전불이행,건조,맑음,교차로 - 교차로안,승용,여,45세,상해없음,보행자,여,64세,중상
2019050800100691,2019년 5월 8일 22시,수요일,경상남도 창원시 진해구 마천동,경상사고,0,0,1,0,차량단독 - 공작물충돌,안전운전불이행,건조,맑음,단일로 - 기타,승용,남,61세,상해없음,,,,
2019050900100051,2019년 5월 9일 03시,목요일,경상남도 거제시 고현동,중상사고,0,1,0,0,차대사람 - 기타,안전운전불이행,건조,맑음,단일로 - 기타,화물,남,37세,상해없음,보행자,남,39세,중상
2019050900100054,2019년 5월 9일 04시,목요일,경상남도 통영시 정량동,경상사고,0,0,2,0,차대차 - 측면충돌,안전운전불이행,건조,맑음,교차로 - 교차로안,승용,남,23세,상해없음,승용,남,19세,경상
2019050900100076,2019년 5월 9일 06시,목요일,경상남도 거제시 상동동,중상사고,0,2,0,0,차대차 - 기타,안전운전불이행,건조,맑음,교차로 - 교차로안,승용,남,37세,상해없음,승용,남,24세,중상
2019050900100105,2019년 5월 9일 07시,목요일,경상남도 거제시 고현동,중상사고,0,1,0,0,차대사람 - 기타,안전운전불이행,건조,맑음,단일로 - 기타,승용,여,45세,상해없음,보행자,여,17세,중상
2019050900100139,2019년 5월 9일 08시,목요일,경상남도 창원시 진해구 이동,경상사고,0,0,3,0,차대차 - 측면충돌,교차로운행방법위반,건조,맑음,교차로 - 교차로안,승용,여,52세,경상,화물,남,46세,경상
2019050900100140,2019년 5월 9일 08시,목요일,경상남도 양산시 평산동,경상사고,0,0,1,0,차대차 - 추돌,안전거리미확보,건조,맑음,교차로 - 교차로안,승용,남,55세,상해없음,승용,여,54세,경상
2019050900100141,2019년 5월 9일 08시,목요일,경상남도 창원시 성산구 내동,경상사고,0,0,1,0,차대차 - 측면충돌,안전운전불이행,건조,맑음,단일로 - 기타,승용,남,56세,상해없음,자전거,남,18세,경상
2019050900100142,2019년 5월 9일 08시,목요일,경상남도 창원시 의창구 봉곡동,경상사고,0,0,1,0,차대차 - 측면충돌,안전운전불이행,건조,맑음,교차로 - 교차로안,화물,남,52세,상해없음,자전거,남,71세,경상
2019050900100190,2019년 5월 9일 09시,목요일,경상남도 창원시 성산구 외동,중상사고,0,1,3,0,차대차 - 정면충돌,중앙선침범,건조,맑음,교차로 - 교차로부근,승용,남,49세,상해없음,화물,남,53세,중상
2019050900100222,2019년 5월 9일 10시,목요일,경상남도 창원시 마산합포구 가포동,경상사고,0,0,2,0,차대차 - 추돌,안전거리미확보,건조,맑음,단일로 - 교량,화물,남,28세,상해없음,화물,남,50세,경상
2019050900100223,2019년 5월 9일 10시,목요일,경상남도 양산시 북정동,경상사고,0,0,2,0,차대차 - 추돌,안전거리미확보,건조,맑음,단일로 - 기타,승용,여,29세,상해없음,승용,여,35세,경상
2019050900100252,2019년 5월 9일 11시,목요일,경상남도 김해시 외동,중상사고,0,1,0,0,차대차 - 기타,안전운전불이행,건조,맑음,교차로 - 교차로안,승용,남,48세,상해없음,승용,여,33세,중상
2019050900100253,2019년 5월 9일 11시,목요일,경상남도 함양군 함양읍,경상사고,0,0,1,0,차대차 - 측면충돌,교차로운행방법위반,건조,맑음,교차로 - 교차로안,승용,남,53세,상해없음,이륜,남,26세,경상
2019050900100254,2019년 5월 9일 11시,목요일,경상남도 함양군 유림면,중상사고,0,1,1,1,차량단독 - 공작물충돌,안전운전불이행,건조,맑음,교차로 - 교차로안,화물,남,81세,부상신고,,,,
2019050900100255,2019년 5월 9일 11시,목요일,경상남도 거제시 고현동,중상사고,0,1,0,0,차대사람 - 횡단중,보행자보호의무위반,건조,맑음,교차로 - 교차로횡단보도내,승용,남,61세,상해없음,보행자,여,53세,중상
2019050900100256,2019년 5월 9일 11시,목요일,경상남도 창원시 성산구 반지동,중상사고,0,1,0,0,차대사람 - 횡단중,보행자보호의무위반,건조,맑음,교차로 - 교차로횡단보도내,화물,남,60세,상해없음,보행자,남,77세,중상
2019050900100284,2019년 5월 9일 12시,목요일,경상남도 창원시 마산합포구 구산면,부상신고사고,0,0,0,1,차량단독 - 공작물충돌,안전운전불이행,건조,맑음,단일로 - 기타,화물,남,61세,부상신고,,,,
2019050900100285,2019년 5월 9일 12시,목요일,경상남도 통영시 무전동,중상사고,0,1,0,0,차대차 - 정면충돌,중앙선침범,건조,맑음,교차로 - 교차로부근,화물,여,61세,상해없음,승용,여,43세,중상
2019050900100329,2019년 5월 9일 13시,목요일,경상남도 합천군 야로면,중상사고,0,2,2,0,차대차 - 측면충돌,중앙선침범,건조,맑음,단일로 - 기타,승용,여,70세,경상,승용,여,64세,중상
2019050900100366,2019년 5월 9일 14시,목요일,경상남도 함양군 서하면,중상사고,0,1,0,0,차대차 - 측면충돌,중앙선침범,건조,맑음,단일로 - 기타,승용,여,60세,중상,화물,남,45세,상해없음
2019050900100393,2019년 5월 9일 15시,목요일,경상남도 하동군 옥종면,경상사고,0,0,1,0,차대사람 - 기타,안전운전불이행,건조,맑음,단일로 - 기타,화물,남,51세,상해없음,보행자,여,83세,경상
2019050900100394,2019년 5월 9일 15시,목요일,경상남도 남해군 미조면,중상사고,0,1,0,0,차대사람 - 보도통행중,안전운전불이행,건조,맑음,단일로 - 기타,승용,여,45세,상해없음,보행자,여,86세,중상
2019050900100435,2019년 5월 9일 16시,목요일,경상남도 사천시 동금동,경상사고,0,0,1,0,차대사람 - 횡단중,보행자보호의무위반,건조,맑음,교차로 - 교차로횡단보도내,승용,남,82세,상해없음,보행자,남,55세,경상
2019050900100436,2019년 5월 9일 16시,목요일,경상남도 고성군 동해면,중상사고,0,1,0,0,차대사람 - 기타,안전운전불이행,건조,맑음,단일로 - 기타,화물,남,56세,상해없음,보행자,남,58세,중상
2019050900100480,2019년 5월 9일 17시,목요일,경상남도 합천군 가회면,경상사고,0,0,1,0,차대차 - 측면충돌,중앙선침범,건조,맑음,단일로 - 기타,화물,남,47세,상해없음,승합,남,62세,경상
2019050900100481,2019년 5월 9일 17시,목요일,경상남도 양산시 어곡동,중상사고,0,1,0,0,차대차 - 측면충돌,안전운전불이행,건조,맑음,단일로 - 기타,화물,여,48세,상해없음,승용,여,40세,중상
2019050900100532,2019년 5월 9일 18시,목요일,경상남도 밀양시 교동,중상사고,0,2,0,0,차대차 - 측면충돌,안전운전불이행,건조,맑음,단일로 - 기타,승용,남,72세,상해없음,승용,남,32세,중상
2019050900100533,2019년 5월 9일 18시,목요일,경상남도 거창군 거창읍,경상사고,0,0,1,0,차대차 - 추돌,안전거리미확보,건조,맑음,교차로 - 교차로안,화물,남,59세,상해없음,승용,여,31세,경상
2019050900100534,2019년 5월 9일 18시,목요일,경상남도 함양군 함양읍,경상사고,0,0,1,0,차대차 - 측면충돌,신호위반,건조,맑음,교차로 - 교차로안,승용,여,42세,상해없음,승용,여,48세,경상
2019050900100568,2019년 5월 9일 19시,목요일,경상남도 의령군 가례면,중상사고,0,1,1,0,차대차 - 추돌,기타,건조,맑음,단일로 - 교량,승용,남,51세,경상,화물,남,50세,중상
2019050900100595,2019년 5월 9일 20시,목요일,경상남도 김해시 삼계동,중상사고,0,1,1,0,차대차 - 측면충돌,안전운전불이행,건조,맑음,교차로 - 교차로안,승용,남,37세,경상,승용,남,40세,중상
2019050900100629,2019년 5월 9일 21시,목요일,경상남도 양산시 상북면,경상사고,0,0,1,0,차대차 - 기타,안전거리미확보,건조,맑음,교차로 - 교차로부근,승용,남,59세,상해없음,승용,남,33세,경상
2019050900100654,2019년 5월 9일 22시,목요일,경상남도 사천시 선구동,중상사고,0,1,0,0,차대차 - 기타,안전운전불이행,건조,맑음,교차로 - 교차로부근,승용,남,43세,상해없음,이륜,여,53세,중상
2019051000100048,2019년 5월 10일 01시,금요일,경상남도 사천시 용현면,경상사고,0,0,1,0,차량단독 - 기타,안전운전불이행,건조,맑음,단일로 - 기타,승용,남,50세,상해없음,,,,
2019051000100075,2019년 5월 10일 04시,금요일,경상남도 창원시 마산합포구 상남동,중상사고,0,1,0,0,차대사람 - 횡단중,보행자보호의무위반,건조,맑음,단일로 - 기타,이륜,남,40세,상해없음,보행자,남,50세,중상
2019051000100076,2019년 5월 10일 04시,금요일,경상남도 사천시 동금동,중상사고,0,1,0,0,차대사람 - 기타,안전운전불이행,건조,맑음,단일로 - 기타,승용,남,26세,상해없음,보행자,여,66세,중상
2019051000100103,2019년 5월 10일 06시,금요일,경상남도 거제시 고현동,중상사고,0,1,1,0,차대차 - 측면충돌,신호위반,건조,맑음,교차로 - 교차로안,이륜,남,33세,경상,이륜,남,47세,중상
2019051000100118,2019년 5월 10일 07시,금요일,경상남도 창원시 마산합포구 교방동,중상사고,0,1,0,1,차대차 - 정면충돌,신호위반,건조,맑음,교차로 - 교차로부근,승용,여,50세,중상,승용,남,68세,부상신고
2019051000100119,2019년 5월 10일 07시,금요일,경상남도 김해시 대동면,경상사고,0,0,3,0,차대차 - 기타,안전운전불이행,건조,맑음,단일로 - 기타,승용,여,51세,경상,승용,남,67세,경상
2019051000100167,2019년 5월 10일 08시,금요일,경상남도 통영시 무전동,경상사고,0,0,1,0,차대사람 - 기타,안전운전불이행,건조,맑음,단일로 - 기타,승용,여,52세,상해없음,보행자,남,45세,경상
2019051000100168,2019년 5월 10일 08시,금요일,경상남도 통영시 무전동,경상사고,0,0,2,0,차대차 - 측면충돌,직진우회전진행방해,건조,맑음,교차로 - 교차로안,승용,여,35세,상해없음,승용,남,66세,경상
2019051000100169,2019년 5월 10일 08시,금요일,경상남도 밀양시 삼랑진읍,중상사고,0,1,0,0,차대차 - 측면충돌,안전운전불이행,건조,맑음,교차로 - 교차로안,승용,남,48세,상해없음,화물,남,69세,중상
2019051000100170,2019년 5월 10일 08시,금요일,경상남도 양산시 소주동,경상사고,0,0,1,0,차대차 - 측면충돌,안전운전불이행,건조,맑음,교차로 - 교차로안,승용,여,73세,상해없음,승용,여,29세,경상
2019051000100204,2019년 5월 10일 09시,금요일,경상남도 김해시 어방동,중상사고,0,1,0,0,차대차 - 추돌,안전거리미확보,건조,맑음,교차로 - 교차로안,승용,여,35세,상해없음,승용,여,64세,중상
2019051000100266,2019년 5월 10일 11시,금요일,경상남도 진주시 진성면,경상사고,0,0,1,0,차대차 - 정면충돌,중앙선침범,건조,맑음,단일로 - 기타,승용,여,49세,상해없음,승용,남,56세,경상
2019051000100267,2019년 5월 10일 11시,금요일,경상남도 밀양시 부북면,경상사고,0,0,2,0,차대차 - 측면충돌,교차로운행방법위반,건조,맑음,교차로 - 교차로안,승용,여,58세,경상,승용,남,40세,경상
2019051000100268,2019년 5월 10일 11시,금요일,경상남도 창원시 성산구 상남동,중상사고,0,1,0,0,차대사람 - 보도통행중,보행자보호의무위반,건조,맑음,교차로 - 교차로안,승용,남,58세,기타불명,보행자,여,56세,중상
2019051000100297,2019년 5월 10일 12시,금요일,경상남도 김해시 봉황동,경상사고,0,0,1,0,차대차 - 기타,안전운전불이행,건조,맑음,교차로 - 교차로안,승용,남,67세,상해없음,승용,여,44세,경상
2019051000100298,2019년 5월 10일 12시,금요일,경상남도 의령군 의령읍,부상신고사고,0,0,0,2,차대차 - 측면충돌,교차로운행방법위반,건조,맑음,교차로 - 교차로안,이륜,여,54세,부상신고,이륜,남,81세,부상신고
2019051000100325,2019년 5월 10일 13시,금요일,경상남도 김해시 진영읍,경상사고,0,0,2,0,차대차 - 측면충돌,안전운전불이행,건조,맑음,단일로 - 기타,승합,남,76세,상해없음,승용,남,33세,경상
2019051000100378,2019년 5월 10일 14시,금요일,경상남도 산청군 산청읍,중상사고,0,1,0,0,차대차 - 측면충돌,교차로운행방법위반,건조,맑음,교차로 - 교차로안,화물,남,36세,상해없음,이륜,남,79세,중상
2019051000100431,2019년 5월 10일 15시,금요일,경상남도 통영시 광도면,경상사고,0,0,1,0,차대사람 - 횡단중,신호위반,건조,맑음,교차로 - 교차로안,승용,남,32세,상해없음,보행자,남,2세,경상
2019051000100432,2019년 5월 10일 15시,금요일,경상남도 김해시 내동,중상사고,0,1,0,0,차대차 - 기타,안전운전불이행,건조,맑음,교차로 - 교차로안,화물,남,33세,상해없음,승용,여,54세,중상
2019051000100433,2019년 5월 10일 15시,금요일,경상남도 양산시 삼호동,중상사고,0,1,1,1,차대차 - 측면충돌,안전운전불이행,건조,맑음,단일로 - 기타,승합,남,59세,상해없음,화물,남,50세,경상
2019051000100434,2019년 5월 10일 15시,금요일,경상남도 양산시 북부동,중상사고,0,1,1,0,차대차 - 측면충돌,신호위반,건조,맑음,교차로 - 교차로안,승용,여,51세,경상,승용,남,50세,중상
2019051000100435,2019년 5월 10일 15시,금요일,경상남도 김해시 대청동,경상사고,0,0,1,0,차대차 - 측면충돌,중앙선침범,건조,맑음,교차로 - 교차로안,이륜,남,24세,경상,승용,여,48세,상해없음
2019051000100519,2019년 5월 10일 17시,금요일,경상남도 창원시 마산합포구 오동동,경상사고,0,0,1,0,차대차 - 기타,안전거리미확보,건조,맑음,단일로 - 기타,승용,남,53세,상해없음,이륜,남,17세,경상
2019051000100520,2019년 5월 10일 17시,금요일,경상남도 김해시 불암동,중상사고,0,1,0,0,차대차 - 기타,안전운전불이행,건조,맑음,단일로 - 기타,화물,남,56세,기타불명,승용,여,49세,중상
2019051000100521,2019년 5월 10일 17시,금요일,경상남도 김해시 지내동,경상사고,0,0,1,0,차대차 - 기타,안전운전불이행,건조,맑음,교차로 - 교차로안,승용,여,52세,경상,화물,남,65세,상해없음
2019051000100522,2019년 5월 10일 17시,금요일,경상남도 거창군 거창읍,경상사고,0,0,1,0,차량단독 - 기타,안전운전불이행,건조,맑음,단일로 - 기타,자전거,남,27세,경상,,,,
2019051000100523,2019년 5월 10일 17시,금요일,경상남도 창녕군 고암면,중상사고,0,2,1,0,차대차 - 기타,신호위반,건조,맑음,교차로 - 교차로안,승용,남,37세,경상,승용,여,63세,중상
2019051000100524,2019년 5월 10일 17시,금요일,경상남도 거제시 고현동,중상사고,0,1,0,0,차대차 - 기타,직진우회전진행방해,건조,맑음,교차로 - 교차로안,승용,여,50세,상해없음,이륜,남,33세,중상
2019051000100525,2019년 5월 10일 17시,금요일,경상남도 김해시 삼문동,중상사고,0,1,1,0,차대차 - 측면충돌,교차로운행방법위반,건조,맑음,교차로 - 교차로안,승용,여,40세,상해없음,승용,남,45세,경상
2019051000100569,2019년 5월 10일 18시,금요일,경상남도 진주시 내동면,중상사고,0,1,1,0,차대차 - 측면충돌,안전운전불이행,건조,맑음,단일로 - 기타,승용,남,30세,상해없음,승용,남,28세,중상
2019051000100570,2019년 5월 10일 18시,금요일,경상남도 창원시 진해구 이동,중상사고,0,1,2,0,차대차 - 추돌,안전운전불이행,건조,맑음,단일로 - 기타,승용,남,37세,상해없음,승용,남,44세,경상
2019051000100571,2019년 5월 10일 18시,금요일,경상남도 거제시 고현동,경상사고,0,0,1,0,차대사람 - 차도통행중,안전운전불이행,건조,맑음,단일로 - 기타,기타불명,기타불명,미분류,기타불명,보행자,여,11세,경상
2019051000100572,2019년 5월 10일 18시,금요일,경상남도 김해시 전하동,경상사고,0,0,1,0,차대차 - 추돌,안전운전불이행,건조,맑음,단일로 - 기타,승용,남,54세,상해없음,승용,여,33세,경상
2019051000100602,2019년 5월 10일 19시,금요일,경상남도 함양군 함양읍,사망사고,1,2,3,0,차대차 - 기타,안전운전불이행,건조,맑음,단일로 - 기타,승용,여,51세,사망,화물,남,47세,중상
2019051000100609,2019년 5월 10일 19시,금요일,경상남도 거제시 상동동,경상사고,0,0,1,0,차대차 - 기타,차로위반,건조,맑음,단일로 - 기타,승용,남,50세,상해없음,이륜,남,42세,경상
2019051000100610,2019년 5월 10일 19시,금요일,경상남도 거제시 장승포동,중상사고,0,1,0,0,차대사람 - 횡단중,보행자보호의무위반,건조,맑음,단일로 - 기타,승용,여,23세,상해없음,보행자,여,8세,중상
2019051000100611,2019년 5월 10일 19시,금요일,경상남도 함안군 가야읍,경상사고,0,0,1,0,차대차 - 측면충돌,안전거리미확보,건조,맑음,단일로 - 기타,승용,남,50세,상해없음,승용,남,28세,경상
2019051000100656,2019년 5월 10일 20시,금요일,경상남도 창원시 진해구 송학동,중상사고,0,1,0,0,차대사람 - 보도통행중,안전운전불이행,건조,맑음,단일로 - 기타,이륜,남,45세,상해없음,보행자,여,47세,중상
2019051000100657,2019년 5월 10일 20시,금요일,경상남도 고성군 대가면,중상사고,0,3,0,0,차대차 - 측면충돌,안전거리미확보,건조,맑음,단일로 - 기타,승용,남,54세,상해없음,승용,여,40세,중상
2019051000100678,2019년 5월 10일 21시,금요일,경상남도 창원시 진해구 이동,중상사고,0,1,1,0,차대차 - 측면충돌,교차로운행방법위반,건조,맑음,교차로 - 교차로안,승용,남,21세,경상,이륜,남,47세,중상
2019051000100709,2019년 5월 10일 22시,금요일,경상남도 양산시 물금읍,경상사고,0,0,1,0,차대차 - 측면충돌,신호위반,건조,맑음,교차로 - 교차로안,승용,남,43세,상해없음,승용,여,25세,경상
2019051000100710,2019년 5월 10일 22시,금요일,경상남도 거제시 일운면,사망사고,1,0,0,0,차대사람 - 기타,안전운전불이행,건조,맑음,단일로 - 기타,승합,여,49세,상해없음,보행자,남,64세,사망
2019051100100036,2019년 5월 11일 00시,토요일,경상남도 창원시 마산합포구 해운동,중상사고,0,1,2,0,차대차 - 측면충돌,직진우회전진행방해,건조,맑음,교차로 - 교차로안,승용,남,62세,경상,승용,남,50세,경상