사고번호,사고일시,요일,시군구,사고내용,사망자수,중상자수,경상자수,부상신고자수,사고유형,법규위반,노면상태,기상상태,도로형태,가해운전자 차종,가해운전자 성별,가해운전자 연령,가해운전자 상해정도,피해운전자 차종,피해운전자 성별,피해운전자 연령,피해운전자 상해정도
2019051100100139,2019년 5월 11일 07시,토요일,경상남도 사천시 사천읍,경상사고,0,0,1,1,차대차 - 측면충돌,신호위반,건조,맑음,교차로 - 교차로안,승용,남,27세,상해없음,승용,여,53세,경상
2019051100100160,2019년 5월 11일 08시,토요일,경상남도 밀양시 삼랑진읍,중상사고,0,1,0,0,차대차 - 측면충돌,안전운전불이행,건조,맑음,교차로 - 교차로안,승용,남,56세,상해없음,자전거,남,61세,중상
2019051100100161,2019년 5월 11일 08시,토요일,경상남도 밀양시 내이동,중상사고,0,2,0,0,차대차 - 측면충돌,안전운전불이행,건조,맑음,교차로 - 교차로안,승용,남,65세,상해없음,이륜,남,83세,중상
2019051100100162,2019년 5월 11일 08시,토요일,경상남도 함양군 함양읍,중상사고,0,1,0,0,차대차 - 기타,안전운전불이행,건조,맑음,교차로 - 교차로안,자전거,여,69세,중상,화물,남,66세,상해없음
2019051100100163,2019년 5월 11일 08시,토요일,경상남도 김해시 한림면,중상사고,0,1,0,0,차대차 - 측면충돌,안전운전불이행,건조,맑음,교차로 - 교차로부근,화물,남,60세,상해없음,이륜,남,46세,중상
2019051100100230,2019년 5월 11일 10시,토요일,경상남도 창원시 마산합포구 서성동,경상사고,0,0,1,0,차대차 - 측면충돌,신호위반,건조,맑음,교차로 - 교차로안,승용,남,72세,상해없음,승용,남,45세,경상
2019051100100231,2019년 5월 11일 10시,토요일,경상남도 김해시 내동,경상사고,0,0,1,0,차대차 - 측면충돌,직진우회전진행방해,건조,맑음,교차로 - 교차로안,승용,여,39세,상해없음,승용,남,59세,경상
2019051100100280,2019년 5월 11일 11시,토요일,경상남도 사천시 용현면,중상사고,0,1,0,0,차대차 - 기타,안전운전불이행,건조,맑음,단일로 - 교량,승용,여,22세,상해없음,승합,남,52세,상해없음
2019051100100281,2019년 5월 11일 11시,토요일,경상남도 김해시 부원동,경상사고,0,0,1,0,차대차 - 측면충돌,안전운전불이행,건조,맑음,교차로 - 교차로안,승용,남,44세,상해없음,승용,남,27세,경상
2019051100100370,2019년 5월 11일 13시,토요일,경상남도 창원시 마산합포구 중앙동3가,경상사고,0,0,1,0,차량단독 - 기타,안전운전불이행,건조,맑음,단일로 - 기타,승합,남,59세,상해없음,,,,
2019051100100371,2019년 5월 11일 13시,토요일,경상남도 창원시 마산합포구 현동,경상사고,0,0,1,0,차대차 - 추돌,안전운전불이행,건조,맑음,교차로 - 교차로부근,자전거,남,39세,경상,승용,남,40세,상해없음
2019051100100372,2019년 5월 11일 13시,토요일,경상남도 양산시 상북면,중상사고,0,1,0,1,차대차 - 측면충돌,교차로운행방법위반,건조,맑음,교차로 - 교차로안,승용,남,61세,상해없음,승용,남,60세,부상신고
2019051100100373,2019년 5월 11일 13시,토요일,경상남도 창원시 마산회원구 양덕동,중상사고,0,1,0,0,차대사람 - 차도통행중,안전운전불이행,건조,맑음,단일로 - 기타,승용,남,26세,상해없음,보행자,남,41세,중상
2019051100100374,2019년 5월 11일 13시,토요일,경상남도 창원시 의창구 봉곡동,경상사고,0,0,3,0,차대차 - 추돌,안전운전불이행,건조,맑음,단일로 - 기타,화물,남,55세,상해없음,승용,남,72세,경상
2019051100100375,2019년 5월 11일 13시,토요일,경상남도 김해시 무계동,경상사고,0,0,1,0,차대차 - 측면충돌,교차로운행방법위반,건조,맑음,교차로 - 교차로안,승용,남,26세,상해없음,이륜,남,20세,경상
2019051100100422,2019년 5월 11일 14시,토요일,경상남도 김해시 삼정동,경상사고,0,0,1,0,차대차 - 측면충돌,교차로운행방법위반,건조,맑음,교차로 - 교차로안,승합,남,58세,상해없음,승용,여,23세,상해없음
2019051100100423,2019년 5월 11일 14시,토요일,경상남도 합천군 율곡면,중상사고,0,2,1,0,차대차 - 정면충돌,중앙선침범,건조,맑음,단일로 - 기타,화물,남,46세,상해없음,승용,여,61세,중상
2019051100100502,2019년 5월 11일 16시,토요일,경상남도 창녕군 부곡면,중상사고,0,1,0,0,차대차 - 측면충돌,안전운전불이행,건조,맑음,단일로 - 기타,승합,남,34세,상해없음,이륜,남,36세,중상
2019051100100549,2019년 5월 11일 17시,토요일,경상남도 양산시 삼호동,중상사고,0,1,0,0,차대차 - 측면충돌,기타,건조,맑음,교차로 - 교차로안,승용,남,40세,상해없음,이륜,남,50세,중상
2019051100100550,2019년 5월 11일 17시,토요일,경상남도 고성군 동해면,경상사고,0,0,1,0,차대차 - 정면충돌,중앙선침범,건조,맑음,단일로 - 기타,화물,남,35세,상해없음,승용,남,19세,경상
2019051100100587,2019년 5월 11일 18시,토요일,경상남도 창원시 마산합포구 진전면,경상사고,0,0,2,0,차대차 - 추돌,안전거리미확보,건조,맑음,단일로 - 기타,화물,남,48세,상해없음,화물,남,76세,경상
2019051100100588,2019년 5월 11일 18시,토요일,경상남도 창원시 진해구 덕산동,경상사고,0,0,2,0,차대차 - 측면충돌,교차로운행방법위반,건조,맑음,교차로 - 교차로안,승용,남,58세,경상,승용,남,58세,경상
2019051100100589,2019년 5월 11일 18시,토요일,경상남도 창원시 의창구 사림동,경상사고,0,0,1,0,차대차 - 후진중충돌,안전운전불이행,건조,맑음,단일로 - 기타,승용,남,49세,상해없음,승용,남,53세,경상
2019051100100627,2019년 5월 11일 19시,토요일,경상남도 거제시 사등면,경상사고,0,0,3,0,차대차 - 추돌,안전거리미확보,건조,맑음,단일로 - 기타,승용,남,58세,상해없음,승용,남,47세,경상
2019051100100659,2019년 5월 11일 20시,토요일,경상남도 통영시 봉평동,경상사고,0,0,1,0,차대차 - 추돌,안전거리미확보,건조,맑음,교차로 - 교차로안,승용,남,40세,상해없음,이륜,남,41세,경상
2019051100100660,2019년 5월 11일 20시,토요일,경상남도 양산시 중부동,중상사고,0,1,0,0,차대사람 - 횡단중,보행자보호의무위반,건조,맑음,교차로 - 교차로횡단보도내,승용,여,59세,상해없음,보행자,여,54세,중상
2019051100100715,2019년 5월 11일 22시,토요일,경상남도 통영시 무전동,중상사고,0,1,0,0,차대사람 - 횡단중,안전운전불이행,건조,맑음,교차로 - 교차로부근,승용,여,48세,상해없음,보행자,여,76세,중상
2019051100100716,2019년 5월 11일 22시,토요일,경상남도 양산시 북부동,경상사고,0,0,1,0,차대사람 - 횡단중,안전운전불이행,건조,맑음,교차로 - 교차로횡단보도내,기타불명,기타불명,미분류,기타불명,보행자,남,29세,경상
2019051100100743,2019년 5월 11일 23시,토요일,경상남도 진주시 평거동,중상사고,0,1,0,0,차대사람 - 기타,안전운전불이행,건조,맑음,단일로 - 기타,승용,여,43세,상해없음,보행자,남,30세,중상
2019051100100744,2019년 5월 11일 23시,토요일,경상남도 창원시 성산구 상남동,경상사고,0,0,1,0,차대사람 - 기타,안전운전불이행,건조,맑음,단일로 - 기타,기타불명,기타불명,미분류,기타불명,보행자,남,53세,경상
2019051200100046,2019년 5월 12일 01시,일요일,경상남도 김해시 진영읍,중상사고,0,1,1,0,차대차 - 측면충돌,신호위반,건조,맑음,교차로 - 교차로안,승용,여,23세,상해없음,승용,남,57세,경상
2019051200100085,2019년 5월 12일 05시,일요일,경상남도 합천군 용주면,중상사고,0,1,0,0,차대차 - 측면충돌,안전운전불이행,건조,맑음,교차로 - 교차로안,화물,남,58세,상해없음,이륜,남,67세,중상
2019051200100100,2019년 5월 12일 06시,일요일,경상남도 창녕군 유어면,중상사고,0,1,0,0,차량단독 - 전도전복 - 전도,안전운전불이행,건조,맑음,단일로 - 기타,화물,남,57세,중상,,,,
2019051200100101,2019년 5월 12일 06시,일요일,경상남도 고성군 마암면,중상사고,0,2,0,0,차대차 - 추돌,안전운전불이행,건조,맑음,단일로 - 기타,화물,남,43세,상해없음,승용,남,78세,중상
2019051200100133,2019년 5월 12일 08시,일요일,경상남도 거창군 웅양면,중상사고,0,1,0,0,차대차 - 측면충돌,기타,건조,맑음,교차로 - 교차로안,화물,남,41세,상해없음,이륜,남,67세,중상
2019051200100148,2019년 5월 12일 09시,일요일,경상남도 함양군 마천면,중상사고,0,2,0,1,차대차 - 기타,안전운전불이행,건조,맑음,단일로 - 기타,승용,여,54세,상해없음,승용,남,42세,기타불명
2019051200100149,2019년 5월 12일 09시,일요일,경상남도 산청군 신등면,경상사고,0,0,2,0,차대차 - 측면충돌,신호위반,건조,맑음,교차로 - 교차로안,승용,남,66세,상해없음,승용,남,33세,경상
2019051200100178,2019년 5월 12일 10시,일요일,경상남도 진주시 상봉동,중상사고,0,1,0,0,차대사람 - 차도통행중,안전운전불이행,건조,맑음,단일로 - 기타,승용,남,44세,상해없음,보행자,여,85세,중상
2019051200100205,2019년 5월 12일 11시,일요일,경상남도 진주시 명석면,경상사고,0,0,2,0,차대차 - 측면충돌,안전거리미확보,건조,맑음,단일로 - 기타,승용,남,87세,상해없음,승용,남,39세,경상
2019051200100206,2019년 5월 12일 11시,일요일,경상남도 양산시 중부동,중상사고,0,1,1,0,차대차 - 측면충돌,교차로운행방법위반,건조,맑음,교차로 - 교차로안,승용,여,49세,상해없음,승용,남,57세,경상
2019051200100207,2019년 5월 12일 11시,일요일,경상남도 거제시 거제면,경상사고,0,0,2,0,차대차 - 기타,안전운전불이행,건조,맑음,단일로 - 지하차도(도로)내,화물,남,69세,상해없음,승용,남,29세,경상
2019051200100240,2019년 5월 12일 12시,일요일,경상남도 김해시 구산동,경상사고,0,0,1,0,차대차 - 측면충돌,안전운전불이행,건조,맑음,교차로 - 교차로안,이륜,남,32세,경상,승용,여,42세,상해없음
2019051200100241,2019년 5월 12일 12시,일요일,경상남도 양산시 삼호동,경상사고,0,0,1,0,차대차 - 측면충돌,신호위반,건조,맑음,교차로 - 교차로안,이륜,남,69세,상해없음,승용,남,72세,경상
2019051200100242,2019년 5월 12일 12시,일요일,경상남도 양산시 동면,경상사고,0,0,2,1,차대차 - 측면충돌,교차로운행방법위반,건조,맑음,교차로 - 교차로안,승용,남,34세,부상신고,승용,남,72세,경상
2019051200100273,2019년 5월 12일 13시,일요일,경상남도 거창군 거창읍,경상사고,0,0,1,0,차대차 - 측면충돌,안전운전불이행,건조,맑음,교차로 - 교차로안,승용,남,72세,상해없음,승용,여,52세,경상
2019051200100274,2019년 5월 12일 13시,일요일,경상남도 창원시 의창구 서상동,중상사고,0,1,0,0,차대차 - 측면충돌,직진우회전진행방해,건조,맑음,교차로 - 교차로안,승용,남,62세,상해없음,승용,남,48세,상해없음
2019051200100300,2019년 5월 12일 14시,일요일,경상남도 산청군 신등면,중상사고,0,1,0,0,차량단독 - 공작물충돌,안전운전불이행,건조,맑음,단일로 - 기타,화물,남,76세,상해없음,,,,
2019051200100301,2019년 5월 12일 14시,일요일,경상남도 김해시 진영읍,경상사고,0,0,1,0,차대사람 - 길가장자리구역통행중,안전운전불이행,건조,맑음,단일로 - 기타,승용,남,17세,상해없음,보행자,여,14세,경상
2019051200100336,2019년 5월 12일 15시,일요일,경상남도 양산시 물금읍,경상사고,0,0,1,0,차대차 - 측면충돌,차로위반,건조,맑음,단일로 - 기타,승용,남,53세,상해없음,이륜,남,45세,경상
2019051200100337,2019년 5월 12일 15시,일요일,경상남도 양산시 동면,경상사고,0,0,1,4,차대차 - 기타,안전운전불이행,건조,맑음,단일로 - 기타,승용,여,65세,경상,승용,남,36세,부상신고
2019051200100338,2019년 5월 12일 15시,일요일,경상남도 거제시 동부면,경상사고,0,0,2,0,차대차 - 측면충돌,안전운전불이행,건조,맑음,교차로 - 교차로부근,이륜,남,51세,경상,승용,남,53세,경상
2019051200100371,2019년 5월 12일 16시,일요일,경상남도 밀양시 삼랑진읍,중상사고,0,1,0,0,차대차 - 측면충돌,기타,건조,맑음,교차로 - 교차로안,승용,남,44세,상해없음,이륜,남,73세,중상
2019051200100372,2019년 5월 12일 16시,일요일,경상남도 김해시 대동면,중상사고,0,1,0,0,차대사람 - 차도통행중,안전운전불이행,건조,맑음,기타 - 기타,승용,남,53세,상해없음,보행자,남,60세,중상
2019051200100373,2019년 5월 12일 16시,일요일,경상남도 함안군 법수면,경상사고,0,0,2,0,차대차 - 추돌,안전운전불이행,건조,맑음,단일로 - 기타,승용,남,36세,상해없음,승용,남,61세,경상
2019051200100374,2019년 5월 12일 16시,일요일,경상남도 창원시 성산구 귀산동,중상사고,0,1,0,0,차대차 - 측면충돌,안전운전불이행,건조,맑음,교차로 - 교차로안,승용,남,23세,상해없음,자전거,남,43세,중상
2019051200100375,2019년 5월 12일 16시,일요일,경상남도 김해시 흥동,중상사고,0,1,1,0,차대차 - 측면충돌,안전운전불이행,건조,맑음,단일로 - 기타,이륜,남,52세,경상,승용,남,43세,중상
2019051200100408,2019년 5월 12일 17시,일요일,경상남도 고성군 거류면,경상사고,0,0,1,0,차대차 - 추돌,안전거리미확보,건조,맑음,교차로 - 교차로안,이륜,남,53세,경상,농기계,남,72세,상해없음
2019051200100409,2019년 5월 12일 17시,일요일,경상남도 의령군 의령읍,중상사고,0,1,0,0,차대차 - 추돌,안전운전불이행,건조,맑음,단일로 - 기타,승합,남,59세,상해없음,승용,여,38세,중상
2019051200100410,2019년 5월 12일 17시,일요일,경상남도 창원시 의창구 사림동,중상사고,0,1,2,0,차대차 - 측면충돌,중앙선침범,건조,맑음,교차로 - 교차로횡단보도내,승용,남,70세,상해없음,승용,여,50세,경상
2019051200100443,2019년 5월 12일 18시,일요일,경상남도 함안군 가야읍,경상사고,0,0,1,0,차대차 - 추돌,불법유턴,건조,맑음,단일로 - 기타,화물,남,44세,상해없음,이륜,남,18세,경상
2019051200100501,2019년 5월 12일 20시,일요일,경상남도 창원시 마산합포구 중앙동1가,경상사고,0,0,1,0,차대차 - 기타,기타,건조,맑음,교차로 - 교차로부근,승용,남,63세,상해없음,이륜,남,22세,경상
2019051200100502,2019년 5월 12일 20시,일요일,경상남도 사천시 사천읍,경상사고,0,0,1,1,차대차 - 후진중충돌,중앙선침범,건조,맑음,단일로 - 기타,승용,남,39세,상해없음,승용,남,19세,경상
2019051200100503,2019년 5월 12일 20시,일요일,경상남도 거창군 거창읍,경상사고,0,0,1,0,차대차 - 추돌,안전운전불이행,건조,맑음,교차로 - 교차로부근,화물,남,57세,상해없음,승용,여,41세,경상
2019051200100525,2019년 5월 12일 21시,일요일,경상남도 밀양시 내이동,중상사고,0,1,0,0,차대사람 - 차도통행중,안전운전불이행,건조,흐림,교차로 - 교차로안,승용,남,37세,상해없음,보행자,남,57세,중상
2019051200100538,2019년 5월 12일 22시,일요일,경상남도 밀양시 삼랑진읍,경상사고,0,0,1,0,차대차 - 추돌,안전운전불이행,건조,맑음,단일로 - 기타,승용,남,24세,상해없음,승용,남,23세,경상
2019051200100546,2019년 5월 12일 22시,일요일,경상남도 창원시 진해구 충무동,경상사고,0,0,2,0,차대차 - 측면충돌,신호위반,건조,맑음,교차로 - 교차로안,승용,남,58세,경상,승용,여,37세,경상
2019051300100034,2019년 5월 13일 00시,월요일,경상남도 남해군 고현면,부상신고사고,0,0,0,1,차량단독 - 도로외이탈 - 기타,안전운전불이행,건조,맑음,단일로 - 기타,승용,남,29세,부상신고,,,,
2019051300100035,2019년 5월 13일 00시,월요일,경상남도 창원시 성산구 중앙동,중상사고,0,1,0,0,차량단독 - 전도전복 - 전도,안전운전불이행,건조,맑음,교차로 - 교차로안,이륜,남,41세,중상,,,,
2019051300100099,2019년 5월 13일 07시,월요일,경상남도 거창군 남하면,중상사고,0,1,0,0,차량단독 - 공작물충돌,안전운전불이행,건조,맑음,단일로 - 기타,화물,남,58세,상해없음,,,,
2019051300100100,2019년 5월 13일 07시,월요일,경상남도 하동군 진교면,중상사고,0,1,1,1,차대차 - 측면충돌,신호위반,건조,맑음,교차로 - 교차로안,승용,여,55세,부상신고,승용,남,62세,경상
2019051300100135,2019년 5월 13일 08시,월요일,경상남도 창원시 마산합포구 완월동,경상사고,0,0,1,0,차대사람 - 차도통행중,안전운전불이행,건조,맑음,교차로 - 교차로부근,승용,남,44세,상해없음,보행자,남,10세,경상
2019051300100136,2019년 5월 13일 08시,월요일,경상남도 양산시 물금읍,경상사고,0,0,1,0,차대사람 - 보도통행중,기타,건조,맑음,단일로 - 기타,개인형이동수단(PM),여,46세,상해없음,보행자,여,64세,경상
2019051300100137,2019년 5월 13일 08시,월요일,경상남도 김해시 한림면,중상사고,0,1,0,0,차대차 - 기타,기타,건조,맑음,교차로 - 교차로부근,화물,남,28세,중상,승용,여,47세,기타불명
2019051300100179,2019년 5월 13일 09시,월요일,경상남도 창원시 마산합포구 창동,중상사고,0,1,0,0,차대차 - 측면충돌,중앙선침범,건조,맑음,기타 - 기타,이륜,여,63세,중상,승용,남,72세,상해없음
2019051300100180,2019년 5월 13일 09시,월요일,경상남도 김해시 진영읍,경상사고,0,0,2,0,차대차 - 측면충돌,교차로운행방법위반,건조,맑음,교차로 - 교차로횡단보도내,승용,남,44세,상해없음,승용,여,59세,경상
2019051300100215,2019년 5월 13일 10시,월요일,경상남도 진주시 초전동,중상사고,0,1,0,0,차대사람 - 횡단중,안전운전불이행,건조,맑음,교차로 - 교차로부근,승용,남,40세,상해없음,보행자,남,73세,중상
2019051300100216,2019년 5월 13일 10시,월요일,경상남도 김해시 동상동,경상사고,0,0,1,0,차대차 - 추돌,안전운전불이행,건조,맑음,교차로 - 교차로부근,승용,여,37세,상해없음,승용,여,47세,경상
2019051300100217,2019년 5월 13일 10시,월요일,경상남도 창원시 의창구 서상동,중상사고,0,1,1,0,차대차 - 기타,안전운전불이행,건조,맑음,교차로 - 교차로부근,화물,남,69세,상해없음,승합,남,41세,상해없음
2019051300100245,2019년 5월 13일 11시,월요일,경상남도 김해시 삼정동,경상사고,0,0,2,0,차대차 - 측면충돌,직진우회전진행방해,건조,맑음,교차로 - 교차로안,승용,여,36세,상해없음,승용,남,64세,경상
2019051300100279,2019년 5월 13일 12시,월요일,경상남도 사천시 사천읍,경상사고,0,0,4,0,차대차 - 추돌,안전운전불이행,건조,맑음,단일로 - 기타,화물,남,62세,상해없음,승용,남,58세,경상
2019051300100280,2019년 5월 13일 12시,월요일,경상남도 김해시 외동,경상사고,0,0,1,0,차량단독 - 공작물충돌,안전운전불이행,건조,맑음,기타 - 기타,승용,여,72세,경상,,,,
2019051300100281,2019년 5월 13일 12시,월요일,경상남도 양산시 중부동,중상사고,0,1,1,0,차대차 - 추돌,안전운전불이행,건조,맑음,교차로 - 교차로부근,승용,여,62세,상해없음,이륜,남,30세,경상
2019051300100310,2019년 5월 13일 13시,월요일,경상남도 함안군 법수면,경상사고,0,0,1,0,차대차 - 측면충돌,안전운전불이행,건조,맑음,교차로 - 교차로안,승용,남,42세,상해없음,화물,남,43세,경상
2019051300100347,2019년 5월 13일 14시,월요일,경상남도 진주시 동성동,중상사고,0,1,0,0,차대사람 - 횡단중,안전운전불이행,건조,맑음,단일로 - 기타,승용,여,26세,상해없음,보행자,여,66세,중상
2019051300100348,2019년 5월 13일 14시,월요일,경상남도 통영시 도남동,중상사고,0,1,0,0,차대사람 - 횡단중,보행자보호의무위반,건조,맑음,교차로 - 교차로횡단보도내,승용,남,71세,상해없음,보행자,남,8세,중상
2019051300100349,2019년 5월 13일 14시,월요일,경상남도 김해시 부원동,경상사고,0,0,2,0,차대차 - 기타,안전운전불이행,건조,맑음,교차로 - 교차로안,승용,남,50세,경상,승용,여,50세,경상
2019051300100350,2019년 5월 13일 14시,월요일,경상남도 김해시 어방동,경상사고,0,0,1,0,차대차 - 기타,신호위반,건조,맑음,교차로 - 교차로안,화물,남,46세,상해없음,이륜,남,79세,경상
2019051300100351,2019년 5월 13일 14시,월요일,경상남도 양산시 중부동,경상사고,0,0,1,0,차대차 - 측면충돌,안전거리미확보,건조,맑음,단일로 - 기타,화물,남,36세,상해없음,승용,여,52세,경상
2019051300100352,2019년 5월 13일 14시,월요일,경상남도 양산시 덕계동,경상사고,0,0,1,0,차대차 - 기타,안전거리미확보,건조,맑음,교차로 - 교차로부근,승합,남,44세,상해없음,승용,남,71세,경상
2019051300100418,2019년 5월 13일 16시,월요일,경상남도 창원시 진해구 풍호동,경상사고,0,0,1,1,차대차 - 측면충돌,안전운전불이행,건조,맑음,교차로 - 교차로부근,승용,여,71세,부상신고,승용,여,59세,경상
2019051300100419,2019년 5월 13일 16시,월요일,경상남도 사천시 좌룡동,중상사고,0,2,0,0,차대차 - 측면충돌,신호위반,건조,맑음,교차로 - 교차로안,화물,여,49세,상해없음,화물,남,51세,중상
2019051300100501,2019년 5월 13일 18시,월요일,경상남도 창원시 진해구 풍호동,경상사고,0,0,1,0,차대사람 - 보도통행중,안전운전불이행,건조,맑음,단일로 - 기타,승용,여,66세,상해없음,보행자,여,54세,경상
2019051300100502,2019년 5월 13일 18시,월요일,경상남도 양산시 남부동,중상사고,0,1,0,0,차대차 - 측면충돌,안전운전불이행,건조,맑음,기타 - 기타,승용,여,50세,상해없음,자전거,남,25세,중상
2019051300100503,2019년 5월 13일 18시,월요일,경상남도 거제시 사등면,경상사고,0,0,3,0,차대차 - 추돌,안전운전불이행,건조,맑음,단일로 - 기타,승용,여,38세,상해없음,승용,남,45세,경상
2019051300100573,2019년 5월 13일 20시,월요일,경상남도 창원시 진해구 여좌동,중상사고,0,1,0,0,차량단독 - 기타,안전운전불이행,건조,맑음,단일로 - 기타,승합,남,48세,상해없음,,,,
2019051300100574,2019년 5월 13일 20시,월요일,경상남도 김해시 부원동,경상사고,0,0,1,0,차대차 - 측면충돌,신호위반,건조,맑음,교차로 - 교차로안,특수,남,45세,상해없음,승용,여,53세,경상
2019051300100575,2019년 5월 13일 20시,월요일,경상남도 함안군 칠서면,중상사고,0,1,0,0,차량단독 - 공작물충돌,안전운전불이행,건조,맑음,단일로 - 기타,이륜,여,28세,중상,,,,
2019051300100602,2019년 5월 13일 21시,월요일,경상남도 통영시 광도면,중상사고,0,1,0,0,차대차 - 추돌,안전운전불이행,건조,맑음,교차로 - 교차로부근,승용,남,34세,상해없음,승용,남,64세,중상
2019051300100603,2019년 5월 13일 21시,월요일,경상남도 양산시 물금읍,경상사고,0,0,3,0,차대차 - 측면충돌,안전운전불이행,건조,맑음,교차로 - 교차로부근,승용,여,49세,상해없음,승용,여,36세,경상
2019051300100639,2019년 5월 13일 23시,월요일,경상남도 창원시 마산합포구 가포동,중상사고,0,1,3,0,차량단독 - 기타,안전운전불이행,건조,맑음,단일로 - 기타,승용,남,18세,경상,,,,
2019051300100640,2019년 5월 13일 23시,월요일,경상남도 진주시 대곡면,중상사고,0,1,0,0,차량단독 - 공작물충돌,안전운전불이행,젖음/습기,비,교차로 - 교차로부근,승용,남,49세,중상,,,,
2019051300100641,2019년 5월 13일 23시,월요일,경상남도 김해시 장유동,경상사고,0,0,1,0,차대차 - 추돌,안전운전불이행,건조,기타,단일로 - 기타,승용,남,26세,기타불명,승용,남,53세,경상
2019051400100063,2019년 5월 14일 04시,화요일,경상남도 창원시 마산합포구 동성동,경상사고,0,0,1,0,차대사람 - 기타,기타,건조,맑음,단일로 - 기타,승용,남,47세,상해없음,보행자,남,20세,경상
2019051400100071,2019년 5월 14일 05시,화요일,경상남도 산청군 신안면,경상사고,0,0,1,0,차대차 - 측면충돌,신호위반,건조,맑음,교차로 - 교차로안,건설기계,남,66세,상해없음,화물,남,54세,경상
2019051400100097,2019년 5월 14일 07시,화요일,경상남도 김해시 부원동,경상사고,0,0,2,0,차대차 - 기타,안전운전불이행,건조,맑음,교차로 - 교차로안,승용,남,56세,경상,승용,남,27세,경상
2019051400100098,2019년 5월 14일 07시,화요일,경상남도 김해시 관동동,중상사고,0,1,0,0,차대차 - 측면충돌,안전운전불이행,건조,맑음,교차로 - 교차로안,승용,남,50세,기타불명,화물,남,24세,중상
2019051400100133,2019년 5월 14일 08시,화요일,경상남도 창녕군 영산면,중상사고,0,1,0,0,차대사람 - 기타,안전운전불이행,건조,맑음,단일로 - 기타,화물,남,48세,상해없음,보행자,여,79세,중상
2019051400100134,2019년 5월 14일 08시,화요일,경상남도 함양군 마천면,부상신고사고,0,0,0,1,차량단독 - 도로외이탈 - 추락,안전운전불이행,건조,맑음,단일로 - 기타,승용,여,61세,부상신고,,,,
2019051400100177,2019년 5월 14일 09시,화요일,경상남도 창원시 마산합포구 월영동,경상사고,0,0,1,1,차대차 - 측면충돌,안전운전불이행,건조,맑음,교차로 - 교차로안,승용,남,69세,상해없음,승용,여,47세,경상
2019051400100178,2019년 5월 14일 09시,화요일,경상남도 김해시 외동,중상사고,0,1,0,0,차대사람 - 차도통행중,안전운전불이행,건조,맑음,교차로 - 교차로부근,승용,남,66세,상해없음,보행자,여,76세,중상
2019051400100179,2019년 5월 14일 09시,화요일,경상남도 남해군 창선면,중상사고,0,1,0,0,차대사람 - 횡단중,안전운전불이행,건조,맑음,단일로 - 기타,화물,남,57세,상해없음,보행자,여,77세,중상
2019051400100180,2019년 5월 14일 09시,화요일,경상남도 창원시 의창구 팔용동,경상사고,0,0,4,0,차대차 - 측면충돌,안전운전불이행,건조,맑음,교차로 - 교차로안,화물,남,55세,상해없음,승용,여,64세,경상
2019051400100211,2019년 5월 14일 10시,화요일,경상남도 김해시 삼계동,경상사고,0,0,3,0,차대차 - 측면충돌,교차로운행방법위반,건조,맑음,교차로 - 교차로안,승용,여,48세,경상,화물,남,52세,경상
2019051400100212,2019년 5월 14일 10시,화요일,경상남도 하동군 금남면,사망사고,1,0,0,0,차대사람 - 횡단중,안전운전불이행,건조,맑음,단일로 - 기타,특수,남,35세,상해없음,보행자,여,87세,사망
2019051400100236,2019년 5월 14일 11시,화요일,경상남도 거제시 사등면,경상사고,0,0,1,0,차대차 - 추돌,안전거리미확보,건조,맑음,단일로 - 기타,승용,남,64세,상해없음,승용,남,59세,경상
2019051400100275,2019년 5월 14일 12시,화요일,경상남도 창원시 진해구 석동,경상사고,0,0,1,0,차대차 - 추돌,안전거리미확보,건조,맑음,교차로 - 교차로부근,승용,남,35세,기타불명,승용,남,65세,상해없음
2019051400100308,2019년 5월 14일 13시,화요일,경상남도 김해시 삼계동,중상사고,0,1,0,0,차대사람 - 차도통행중,안전운전불이행,건조,맑음,교차로 - 교차로안,승용,남,27세,상해없음,보행자,여,34세,중상
2019051400100342,2019년 5월 14일 14시,화요일,경상남도 김해시 내동,경상사고,0,0,1,0,차대사람 - 보도통행중,안전운전불이행,건조,맑음,교차로 - 교차로횡단보도내,이륜,남,79세,상해없음,보행자,여,8세,경상
2019051400100343,2019년 5월 14일 14시,화요일,경상남도 의령군 칠곡면,중상사고,0,1,0,0,차대차 - 기타,교차로운행방법위반,건조,맑음,교차로 - 교차로안,승용,남,30세,상해없음,원동기,남,82세,중상
2019051400100344,2019년 5월 14일 14시,화요일,경상남도 창원시 의창구 명서동,경상사고,0,0,1,0,차대차 - 측면충돌,신호위반,건조,맑음,교차로 - 교차로안,승용,여,45세,상해없음,승용,남,34세,경상
2019051400100345,2019년 5월 14일 14시,화요일,경상남도 김해시 진영읍,경상사고,0,0,1,0,차대사람 - 횡단중,안전운전불이행,건조,맑음,단일로 - 기타,화물,남,50세,상해없음,보행자,여,60세,경상
2019051400100388,2019년 5월 14일 15시,화요일,경상남도 사천시 향촌동,경상사고,0,0,2,0,차대차 - 측면충돌,직진우회전진행방해,건조,맑음,교차로 - 교차로안,농기계,남,62세,상해없음,화물,남,46세,경상