사고번호,사고일시,요일,시군구,사고내용,사망자수,중상자수,경상자수,부상신고자수,사고유형,법규위반,노면상태,기상상태,도로형태,가해운전자 차종,가해운전자 성별,가해운전자 연령,가해운전자 상해정도,피해운전자 차종,피해운전자 성별,피해운전자 연령,피해운전자 상해정도
2019051400100389,2019년 5월 14일 15시,화요일,경상남도 거창군 거창읍,경상사고,0,0,1,0,차대차 - 측면충돌,안전운전불이행,건조,맑음,단일로 - 기타,승용,남,69세,상해없음,이륜,여,81세,경상
2019051400100390,2019년 5월 14일 15시,화요일,경상남도 양산시 동면,부상신고사고,0,0,0,2,차대차 - 추돌,안전거리미확보,건조,맑음,단일로 - 기타,승용,여,25세,상해없음,승용,여,35세,부상신고
2019051400100421,2019년 5월 14일 16시,화요일,경상남도 밀양시 삼문동,중상사고,0,1,0,0,차대차 - 측면충돌,중앙선침범,건조,맑음,교차로 - 교차로안,자전거,남,70세,중상,승합,여,51세,상해없음
2019051400100422,2019년 5월 14일 16시,화요일,경상남도 밀양시 산외면,경상사고,0,0,1,0,차대차 - 추돌,안전운전불이행,건조,맑음,단일로 - 기타,승용,남,62세,상해없음,화물,남,38세,경상
2019051400100423,2019년 5월 14일 16시,화요일,경상남도 하동군 횡천면,경상사고,0,0,1,0,차대차 - 정면충돌,안전운전불이행,건조,맑음,교차로 - 교차로부근,이륜,남,68세,경상,화물,남,55세,상해없음
2019051400100479,2019년 5월 14일 17시,화요일,경상남도 진주시 초전동,중상사고,0,1,0,0,차대차 - 측면충돌,안전운전불이행,건조,맑음,교차로 - 교차로안,승용,남,64세,상해없음,자전거,남,25세,중상
2019051400100480,2019년 5월 14일 17시,화요일,경상남도 사천시 사남면,중상사고,0,1,0,0,차대차 - 측면충돌,안전운전불이행,건조,맑음,단일로 - 기타,건설기계,남,26세,상해없음,승용,남,46세,중상
2019051400100481,2019년 5월 14일 17시,화요일,경상남도 창원시 마산회원구 회원동,경상사고,0,0,1,0,차대차 - 측면충돌,안전운전불이행,건조,맑음,교차로 - 교차로안,승용,남,70세,상해없음,승용,남,36세,경상
2019051400100529,2019년 5월 14일 18시,화요일,경상남도 김해시 삼방동,부상신고사고,0,0,0,1,차대차 - 기타,안전운전불이행,건조,맑음,교차로 - 교차로부근,이륜,남,19세,부상신고,화물,남,56세,기타불명
2019051400100530,2019년 5월 14일 18시,화요일,경상남도 창원시 의창구 신월동,중상사고,0,1,0,0,차대차 - 측면충돌,안전운전불이행,건조,맑음,교차로 - 교차로안,승용,남,50세,상해없음,이륜,남,44세,중상
2019051400100568,2019년 5월 14일 19시,화요일,경상남도 양산시 삼호동,중상사고,0,1,0,0,차대사람 - 횡단중,안전운전불이행,건조,맑음,교차로 - 교차로횡단보도내,승용,여,26세,상해없음,보행자,남,55세,중상
2019051400100606,2019년 5월 14일 20시,화요일,경상남도 거창군 웅양면,경상사고,0,0,1,0,차대차 - 추돌,안전운전불이행,건조,맑음,단일로 - 기타,화물,남,37세,경상,화물,남,79세,상해없음
2019051400100607,2019년 5월 14일 20시,화요일,경상남도 창원시 성산구 대방동,경상사고,0,0,1,0,차대차 - 측면충돌,신호위반,건조,맑음,교차로 - 교차로부근,승용,여,38세,상해없음,이륜,남,56세,경상
2019051400100641,2019년 5월 14일 21시,화요일,경상남도 진주시 칠암동,경상사고,0,0,1,0,차대사람 - 횡단중,안전운전불이행,건조,맑음,단일로 - 기타,승용,남,55세,상해없음,보행자,여,22세,경상
2019051400100642,2019년 5월 14일 21시,화요일,경상남도 김해시 주촌면,경상사고,0,0,1,0,차대차 - 기타,중앙선침범,건조,맑음,단일로 - 기타,자전거,남,79세,상해없음,승용,남,26세,경상
2019051400100667,2019년 5월 14일 22시,화요일,경상남도 김해시 외동,중상사고,0,3,0,0,차대차 - 기타,교차로운행방법위반,건조,맑음,교차로 - 교차로안,승용,남,54세,상해없음,승용,여,58세,중상
2019051400100668,2019년 5월 14일 22시,화요일,경상남도 창원시 성산구 상남동,경상사고,0,0,1,0,차대차 - 기타,안전운전불이행,건조,맑음,교차로 - 교차로부근,승용,남,28세,상해없음,승합,남,44세,상해없음
2019051400100692,2019년 5월 14일 23시,화요일,경상남도 사천시 사천읍,경상사고,0,0,1,0,차대차 - 측면충돌,안전운전불이행,건조,맑음,교차로 - 교차로안,승용,남,57세,상해없음,승용,여,56세,상해없음
2019051500100046,2019년 5월 15일 00시,수요일,경상남도 창원시 마산합포구 동성동,부상신고사고,0,0,0,1,차대사람 - 차도통행중,안전운전불이행,건조,맑음,교차로 - 교차로안,승용,남,60세,상해없음,보행자,여,48세,부상신고
2019051500100067,2019년 5월 15일 03시,수요일,경상남도 창원시 마산회원구 석전동,중상사고,0,1,1,0,차대차 - 측면충돌,신호위반,건조,맑음,교차로 - 교차로안,승용,여,20세,상해없음,승용,여,50세,중상
2019051500100094,2019년 5월 15일 06시,수요일,경상남도 거제시 고현동,중상사고,0,1,1,0,차대차 - 측면충돌,신호위반,건조,맑음,교차로 - 교차로안,이륜,남,39세,경상,자전거,여,50세,중상
2019051500100095,2019년 5월 15일 06시,수요일,경상남도 거제시 아주동,경상사고,0,0,1,0,차대차 - 추돌,안전운전불이행,건조,맑음,단일로 - 기타,이륜,남,50세,경상,승용,남,44세,상해없음
2019051500100096,2019년 5월 15일 06시,수요일,경상남도 창원시 의창구 팔용동,중상사고,0,1,1,0,차대차 - 측면충돌,신호위반,건조,맑음,교차로 - 교차로안,건설기계,남,46세,상해없음,승용,여,64세,경상
2019051500100189,2019년 5월 15일 09시,수요일,경상남도 진주시 대안동,경상사고,0,0,3,0,차대차 - 기타,안전운전불이행,건조,맑음,교차로 - 교차로안,승용,남,44세,경상,승용,남,41세,경상
2019051500100190,2019년 5월 15일 09시,수요일,경상남도 통영시 용남면,중상사고,0,1,1,0,차대차 - 측면충돌,안전거리미확보,건조,맑음,단일로 - 기타,승용,여,58세,경상,승용,여,62세,중상
2019051500100191,2019년 5월 15일 09시,수요일,경상남도 통영시 도산면,부상신고사고,0,0,0,1,차량단독 - 기타,안전운전불이행,건조,맑음,단일로 - 기타,승합,남,46세,상해없음,,,,
2019051500100192,2019년 5월 15일 09시,수요일,경상남도 고성군 하이면,경상사고,0,0,1,0,차대차 - 측면충돌,신호위반,건조,맑음,교차로 - 교차로안,승용,여,59세,상해없음,자전거,남,62세,경상
2019051500100232,2019년 5월 15일 10시,수요일,경상남도 양산시 교동,중상사고,0,1,0,0,차대차 - 측면충돌,안전거리미확보,건조,맑음,단일로 - 기타,승용,남,34세,상해없음,승용,여,37세,중상
2019051500100233,2019년 5월 15일 10시,수요일,경상남도 함안군 산인면,경상사고,0,0,1,0,차대사람 - 횡단중,안전운전불이행,건조,맑음,기타 - 기타,화물,남,46세,상해없음,보행자,남,63세,경상
2019051500100266,2019년 5월 15일 11시,수요일,경상남도 김해시 삼방동,중상사고,0,1,0,0,차대차 - 기타,안전운전불이행,건조,맑음,단일로 - 기타,화물,남,41세,상해없음,원동기,남,56세,중상
2019051500100303,2019년 5월 15일 12시,수요일,경상남도 진주시 옥봉동,경상사고,0,0,1,0,차대사람 - 횡단중,안전운전불이행,건조,맑음,단일로 - 기타,승용,여,26세,상해없음,보행자,여,90세 이상,경상
2019051500100304,2019년 5월 15일 12시,수요일,경상남도 거제시 고현동,중상사고,0,1,0,0,차대차 - 정면충돌,안전운전불이행,건조,맑음,기타 - 기타,승용,여,62세,상해없음,승용,남,41세,중상
2019051500100305,2019년 5월 15일 12시,수요일,경상남도 김해시 진영읍,경상사고,0,0,1,0,차대차 - 추돌,안전운전불이행,건조,맑음,교차로 - 교차로부근,승용,여,43세,상해없음,화물,남,49세,경상
2019051500100352,2019년 5월 15일 13시,수요일,경상남도 진주시 상대동,중상사고,0,1,1,0,차대사람 - 횡단중,안전운전불이행,건조,맑음,단일로 - 기타,이륜,남,34세,경상,보행자,여,51세,중상
2019051500100381,2019년 5월 15일 14시,수요일,경상남도 거제시 장평동,경상사고,0,0,2,0,차대차 - 추돌,안전거리미확보,건조,맑음,교차로 - 교차로부근,화물,남,38세,상해없음,승용,여,23세,경상
2019051500100382,2019년 5월 15일 14시,수요일,경상남도 의령군 용덕면,경상사고,0,0,1,0,차대차 - 추돌,안전거리미확보,건조,맑음,교차로 - 교차로부근,화물,남,71세,상해없음,승용,남,46세,경상
2019051500100424,2019년 5월 15일 15시,수요일,경상남도 밀양시 내이동,경상사고,0,0,1,0,차대차 - 측면충돌,신호위반,건조,맑음,교차로 - 교차로안,승용,남,23세,상해없음,승용,남,67세,경상
2019051500100425,2019년 5월 15일 15시,수요일,경상남도 밀양시 내이동,경상사고,0,0,1,0,차대차 - 측면충돌,안전운전불이행,건조,맑음,단일로 - 기타,승용,남,41세,상해없음,승용,여,51세,경상
2019051500100426,2019년 5월 15일 15시,수요일,경상남도 합천군 쌍책면,중상사고,0,2,2,0,차대차 - 측면충돌,안전운전불이행,건조,맑음,단일로 - 기타,이륜,남,74세,중상,화물,남,34세,경상
2019051500100463,2019년 5월 15일 16시,수요일,경상남도 창원시 마산합포구 추산동,경상사고,0,0,2,0,차대차 - 정면충돌,안전운전불이행,건조,맑음,단일로 - 기타,승용,여,34세,경상,승용,여,39세,경상
2019051500100464,2019년 5월 15일 16시,수요일,경상남도 사천시 선구동,중상사고,0,1,0,0,차대사람 - 횡단중,보행자보호의무위반,건조,맑음,단일로 - 기타,화물,남,75세,상해없음,보행자,남,7세,중상
2019051500100465,2019년 5월 15일 16시,수요일,경상남도 김해시 내동,경상사고,0,0,1,0,차대사람 - 횡단중,보행자보호의무위반,건조,맑음,교차로 - 교차로횡단보도내,승용,남,43세,상해없음,보행자,남,60세,경상
2019051500100466,2019년 5월 15일 16시,수요일,경상남도 거제시 문동동,경상사고,0,0,2,0,차대차 - 측면충돌,신호위반,건조,맑음,교차로 - 교차로안,승용,여,37세,상해없음,승용,여,42세,경상
2019051500100508,2019년 5월 15일 17시,수요일,경상남도 창녕군 창녕읍,경상사고,0,0,1,0,차대사람 - 기타,안전운전불이행,건조,맑음,단일로 - 기타,승용,남,68세,상해없음,보행자,남,28세,경상
2019051500100509,2019년 5월 15일 17시,수요일,경상남도 양산시 상북면,중상사고,0,1,0,0,차대차 - 측면충돌,직진우회전진행방해,건조,맑음,교차로 - 교차로안,화물,남,68세,상해없음,승용,남,67세,상해없음
2019051500100558,2019년 5월 15일 18시,수요일,경상남도 사천시 향촌동,부상신고사고,0,0,0,1,차대차 - 측면충돌,안전운전불이행,건조,맑음,교차로 - 교차로안,승용,여,36세,상해없음,이륜,남,46세,부상신고
2019051500100559,2019년 5월 15일 18시,수요일,경상남도 김해시 한림면,중상사고,0,1,0,0,차대차 - 측면충돌,안전운전불이행,건조,맑음,단일로 - 기타,승용,남,29세,상해없음,화물,남,76세,기타불명
2019051500100595,2019년 5월 15일 19시,수요일,경상남도 창원시 진해구 경화동,경상사고,0,0,2,0,차대차 - 정면충돌,안전운전불이행,건조,맑음,교차로 - 교차로안,승용,남,23세,상해없음,승용,남,66세,경상
2019051500100596,2019년 5월 15일 19시,수요일,경상남도 거제시 옥포동,중상사고,0,1,0,0,차대차 - 측면충돌,안전운전불이행,건조,맑음,교차로 - 교차로부근,승용,남,68세,상해없음,승용,여,36세,중상
2019051500100597,2019년 5월 15일 19시,수요일,경상남도 창원시 성산구 반지동,경상사고,0,0,1,0,차대사람 - 기타,안전운전불이행,건조,맑음,교차로 - 교차로안,승용,남,53세,상해없음,보행자,여,48세,경상
2019051500100637,2019년 5월 15일 20시,수요일,경상남도 진주시 주약동,중상사고,0,1,0,0,차대차 - 추돌,안전운전불이행,건조,맑음,단일로 - 기타,이륜,남,47세,상해없음,자전거,여,73세,중상
2019051500100638,2019년 5월 15일 20시,수요일,경상남도 통영시 정량동,경상사고,0,0,1,0,차대차 - 추돌,안전운전불이행,건조,맑음,교차로 - 교차로부근,승용,남,50세,기타불명,승용,남,63세,기타불명
2019051500100639,2019년 5월 15일 20시,수요일,경상남도 합천군 대양면,중상사고,0,1,0,0,차대사람 - 길가장자리구역통행중,안전운전불이행,건조,맑음,단일로 - 기타,화물,남,23세,상해없음,보행자,남,59세,중상
2019051500100640,2019년 5월 15일 20시,수요일,경상남도 양산시 물금읍,경상사고,0,0,1,0,차대차 - 측면충돌,신호위반,건조,맑음,교차로 - 교차로횡단보도내,이륜,남,22세,상해없음,자전거,남,11세,경상
2019051500100666,2019년 5월 15일 21시,수요일,경상남도 김해시 대청동,중상사고,0,1,0,0,차대차 - 측면충돌,교차로운행방법위반,건조,맑음,교차로 - 교차로부근,승용,남,66세,상해없음,승용,남,47세,중상
2019051500100687,2019년 5월 15일 22시,수요일,경상남도 창원시 마산합포구 현동,경상사고,0,0,1,0,차대차 - 추돌,안전거리미확보,건조,맑음,단일로 - 기타,승용,남,42세,상해없음,승용,여,46세,경상
2019051500100688,2019년 5월 15일 22시,수요일,경상남도 밀양시 상남면,경상사고,0,0,1,0,차대차 - 추돌,안전운전불이행,건조,맑음,단일로 - 기타,승용,남,34세,상해없음,승용,여,55세,경상
2019051500100710,2019년 5월 15일 23시,수요일,경상남도 사천시 용현면,중상사고,0,1,2,0,차대차 - 추돌,안전운전불이행,건조,맑음,단일로 - 기타,승용,여,44세,중상,승용,남,38세,경상
2019051600100048,2019년 5월 16일 00시,목요일,경상남도 창원시 진해구 장천동,경상사고,0,0,1,0,차량단독 - 공작물충돌,안전운전불이행,건조,맑음,단일로 - 기타,이륜,남,27세,경상,,,,
2019051600100059,2019년 5월 16일 01시,목요일,경상남도 거창군 마리면,사망사고,1,1,0,0,차량단독 - 공작물충돌,안전운전불이행,건조,맑음,단일로 - 기타,승용,여,52세,사망,,,,
2019051600100078,2019년 5월 16일 03시,목요일,경상남도 창원시 진해구 경화동,경상사고,0,0,2,0,차대차 - 측면충돌,교차로운행방법위반,건조,맑음,교차로 - 교차로안,승용,남,30세,경상,승용,남,58세,경상
2019051600100079,2019년 5월 16일 03시,목요일,경상남도 양산시 다방동,경상사고,0,0,1,0,차대차 - 추돌,안전운전불이행,건조,맑음,교차로 - 교차로부근,화물,남,48세,상해없음,승용,남,21세,경상
2019051600100087,2019년 5월 16일 04시,목요일,경상남도 거제시 문동동,경상사고,0,0,1,0,차대차 - 측면충돌,교차로운행방법위반,건조,맑음,교차로 - 교차로안,승합,남,44세,상해없음,승용,여,61세,경상
2019051600100109,2019년 5월 16일 06시,목요일,경상남도 진주시 상대동,중상사고,0,1,0,0,차대사람 - 횡단중,안전운전불이행,건조,맑음,단일로 - 기타,화물,남,63세,상해없음,보행자,남,53세,중상
2019051600100130,2019년 5월 16일 07시,목요일,경상남도 양산시 중부동,중상사고,0,1,0,0,차대사람 - 횡단중,신호위반,건조,맑음,교차로 - 교차로안,승용,여,46세,상해없음,보행자,여,19세,중상
2019051600100131,2019년 5월 16일 07시,목요일,경상남도 양산시 물금읍,경상사고,0,0,1,0,차대사람 - 횡단중,보행자보호의무위반,건조,맑음,단일로 - 기타,승용,남,76세,상해없음,보행자,여,29세,경상
2019051600100178,2019년 5월 16일 08시,목요일,경상남도 창원시 마산합포구 교방동,중상사고,0,2,0,0,차대차 - 측면충돌,안전운전불이행,건조,맑음,교차로 - 교차로횡단보도내,승용,여,39세,중상,승용,여,47세,중상
2019051600100179,2019년 5월 16일 08시,목요일,경상남도 통영시 광도면,경상사고,0,0,1,0,차대차 - 측면충돌,신호위반,건조,맑음,교차로 - 교차로안,승용,여,59세,상해없음,화물,남,34세,경상
2019051600100180,2019년 5월 16일 08시,목요일,경상남도 밀양시 내이동,부상신고사고,0,0,0,1,차대차 - 측면충돌,안전운전불이행,건조,맑음,교차로 - 교차로안,화물,여,58세,상해없음,승용,여,29세,부상신고
2019051600100181,2019년 5월 16일 08시,목요일,경상남도 김해시 구산동,부상신고사고,0,0,0,1,차대사람 - 길가장자리구역통행중,안전운전불이행,건조,맑음,단일로 - 기타,승용,남,44세,상해없음,보행자,남,56세,부상신고
2019051600100182,2019년 5월 16일 08시,목요일,경상남도 함양군 함양읍,경상사고,0,0,1,0,차대차 - 후진중충돌,불법유턴,건조,맑음,단일로 - 기타,승용,남,45세,상해없음,승용,남,42세,경상
2019051600100183,2019년 5월 16일 08시,목요일,경상남도 의령군 정곡면,경상사고,0,0,1,0,차량단독 - 공작물충돌,안전운전불이행,건조,맑음,단일로 - 기타,화물,남,67세,경상,,,,
2019051600100207,2019년 5월 16일 09시,목요일,경상남도 김해시 대동면,경상사고,0,0,1,0,차대차 - 추돌,안전운전불이행,건조,맑음,단일로 - 기타,승용,남,48세,경상,화물,남,47세,상해없음
2019051600100226,2019년 5월 16일 09시,목요일,경상남도 밀양시 가곡동,경상사고,0,0,1,0,차대차 - 추돌,안전운전불이행,건조,맑음,단일로 - 기타,화물,남,51세,상해없음,승용,여,62세,경상
2019051600100252,2019년 5월 16일 10시,목요일,경상남도 김해시 대동면,경상사고,0,0,1,0,차대차 - 추돌,안전운전불이행,건조,맑음,단일로 - 기타,승용,남,61세,상해없음,승용,남,41세,경상
2019051600100310,2019년 5월 16일 11시,목요일,경상남도 양산시 물금읍,중상사고,0,1,3,0,차대차 - 추돌,안전운전불이행,건조,맑음,교차로 - 교차로부근,승용,남,30세,상해없음,승용,남,52세,중상
2019051600100311,2019년 5월 16일 11시,목요일,경상남도 하동군 하동읍,중상사고,0,1,0,0,차대차 - 측면충돌,교차로운행방법위반,건조,맑음,교차로 - 교차로안,화물,남,69세,상해없음,자전거,여,56세,중상
2019051600100312,2019년 5월 16일 11시,목요일,경상남도 김해시 부곡동,중상사고,0,1,0,0,차대사람 - 기타,중앙선침범,건조,맑음,교차로 - 교차로안,승용,여,64세,상해없음,보행자,여,62세,중상
2019051600100340,2019년 5월 16일 12시,목요일,경상남도 김해시 외동,경상사고,0,0,2,0,차대차 - 측면충돌,신호위반,건조,맑음,단일로 - 기타,승용,남,59세,상해없음,승용,남,60세,경상
2019051600100341,2019년 5월 16일 12시,목요일,경상남도 김해시 대동면,경상사고,0,0,1,0,차대차 - 측면충돌,중앙선침범,건조,맑음,단일로 - 기타,승용,남,60세,상해없음,승용,남,70세,경상
2019051600100342,2019년 5월 16일 12시,목요일,경상남도 거창군 거창읍,경상사고,0,0,1,0,차대차 - 측면충돌,안전운전불이행,건조,맑음,교차로 - 교차로안,이륜,남,51세,경상,승용,여,51세,상해없음
2019051600100368,2019년 5월 16일 13시,목요일,경상남도 김해시 부원동,중상사고,0,1,0,0,차대차 - 측면충돌,신호위반,건조,맑음,교차로 - 교차로안,승용,여,63세,상해없음,이륜,남,25세,중상
2019051600100369,2019년 5월 16일 13시,목요일,경상남도 창원시 의창구 대산면,중상사고,0,1,0,0,차대사람 - 기타,안전운전불이행,건조,맑음,단일로 - 기타,화물,남,38세,상해없음,보행자,여,89세,중상
2019051600100398,2019년 5월 16일 14시,목요일,경상남도 밀양시 삼문동,경상사고,0,0,1,0,차대사람 - 횡단중,보행자보호의무위반,건조,맑음,단일로 - 기타,승용,여,56세,상해없음,보행자,남,28세,경상
2019051600100399,2019년 5월 16일 14시,목요일,경상남도 김해시 삼계동,경상사고,0,0,1,0,차대차 - 측면충돌,안전운전불이행,건조,맑음,단일로 - 기타,승용,남,69세,상해없음,승용,여,39세,경상
2019051600100400,2019년 5월 16일 14시,목요일,경상남도 김해시 어방동,경상사고,0,0,1,0,차대차 - 추돌,안전운전불이행,건조,맑음,단일로 - 기타,이륜,남,38세,경상,승용,남,57세,상해없음
2019051600100401,2019년 5월 16일 14시,목요일,경상남도 창녕군 대지면,경상사고,0,0,2,0,차대차 - 추돌,안전운전불이행,건조,맑음,교차로 - 교차로부근,특수,남,45세,상해없음,승용,여,34세,경상
2019051600100402,2019년 5월 16일 14시,목요일,경상남도 거제시 고현동,경상사고,0,0,1,0,차대차 - 측면충돌,교차로운행방법위반,건조,맑음,교차로 - 교차로안,승용,남,39세,상해없음,승용,여,36세,경상
2019051600100430,2019년 5월 16일 15시,목요일,경상남도 창원시 마산합포구 신포동1가,경상사고,0,0,1,0,차량단독 - 기타,안전운전불이행,건조,맑음,단일로 - 기타,승합,남,59세,상해없음,,,,
2019051600100431,2019년 5월 16일 15시,목요일,경상남도 김해시 부원동,경상사고,0,0,1,0,차대차 - 측면충돌,교차로운행방법위반,건조,맑음,단일로 - 기타,승용,여,60세,상해없음,승합,남,40세,경상
2019051600100467,2019년 5월 16일 16시,목요일,경상남도 김해시 삼방동,경상사고,0,0,1,0,차대차 - 추돌,안전운전불이행,건조,맑음,단일로 - 기타,자전거,남,46세,경상,승용,여,50세,상해없음
2019051600100468,2019년 5월 16일 16시,목요일,경상남도 김해시 삼정동,중상사고,0,1,0,0,차대사람 - 횡단중,보행자보호의무위반,건조,맑음,단일로 - 기타,승용,여,50세,상해없음,보행자,남,53세,중상
2019051600100469,2019년 5월 16일 16시,목요일,경상남도 고성군 마암면,경상사고,0,0,1,0,차대차 - 기타,안전운전불이행,건조,맑음,단일로 - 기타,화물,남,43세,상해없음,사륜오토바이(ATV),여,77세,경상
2019051600100470,2019년 5월 16일 16시,목요일,경상남도 창원시 마산회원구 내서읍,경상사고,0,0,1,0,차대사람 - 횡단중,보행자보호의무위반,건조,맑음,교차로 - 교차로횡단보도내,승용,여,67세,상해없음,보행자,남,64세,경상
2019051600100530,2019년 5월 16일 17시,목요일,경상남도 김해시 삼정동,경상사고,0,0,1,0,차대차 - 측면충돌,신호위반,건조,맑음,교차로 - 교차로안,화물,남,24세,상해없음,승용,남,62세,경상
2019051600100531,2019년 5월 16일 17시,목요일,경상남도 창원시 의창구 도계동,경상사고,0,0,2,0,차대사람 - 기타,안전운전불이행,건조,맑음,단일로 - 기타,기타불명,여,78세,상해없음,보행자,여,50세,경상
2019051600100575,2019년 5월 16일 18시,목요일,경상남도 양산시 물금읍,중상사고,0,1,0,0,차대차 - 측면충돌,신호위반,건조,맑음,교차로 - 교차로안,승용,여,42세,상해없음,이륜,남,30세,중상
2019051600100576,2019년 5월 16일 18시,목요일,경상남도 김해시 신문동,중상사고,0,2,0,0,차대차 - 측면충돌,안전운전불이행,건조,맑음,교차로 - 교차로안,승용,남,27세,상해없음,승용,남,69세,중상
2019051600100620,2019년 5월 16일 19시,목요일,경상남도 창원시 진해구 남양동,경상사고,0,0,2,0,차대차 - 측면충돌,직진우회전진행방해,건조,맑음,교차로 - 교차로안,승용,남,43세,경상,화물,남,55세,경상
2019051600100621,2019년 5월 16일 19시,목요일,경상남도 양산시 신기동,경상사고,0,0,1,0,차대차 - 측면충돌,교차로운행방법위반,건조,맑음,교차로 - 교차로안,승용,여,47세,상해없음,승용,남,60세,경상
2019051600100622,2019년 5월 16일 19시,목요일,경상남도 고성군 하이면,경상사고,0,0,1,0,차대사람 - 기타,안전운전불이행,건조,맑음,단일로 - 기타,승용,남,27세,상해없음,보행자,남,49세,경상
2019051600100623,2019년 5월 16일 19시,목요일,경상남도 거제시 하청면,중상사고,0,1,0,0,차대차 - 추돌,안전운전불이행,건조,맑음,교차로 - 교차로안,승용,남,76세,상해없음,농기계,남,68세,중상
2019051600100648,2019년 5월 16일 20시,목요일,경상남도 사천시 벌리동,경상사고,0,0,1,0,차대차 - 추돌,안전운전불이행,건조,맑음,교차로 - 교차로부근,승용,남,64세,상해없음,승용,남,64세,경상
2019051600100681,2019년 5월 16일 21시,목요일,경상남도 거제시 옥포동,중상사고,0,1,0,0,차대차 - 정면충돌,신호위반,건조,맑음,교차로 - 교차로안,승용,남,42세,상해없음,화물,여,23세,중상
2019051600100704,2019년 5월 16일 22시,목요일,경상남도 창원시 마산합포구 수성동,경상사고,0,0,1,0,차대사람 - 기타,안전운전불이행,건조,맑음,단일로 - 기타,원동기,남,36세,상해없음,보행자,남,52세,경상
2019051600100730,2019년 5월 16일 23시,목요일,경상남도 통영시 북신동,경상사고,0,0,1,0,차대차 - 측면충돌,신호위반,건조,맑음,교차로 - 교차로안,승용,남,18세,상해없음,승용,남,74세,경상
2019051700100039,2019년 5월 17일 01시,금요일,경상남도 통영시 정량동,중상사고,0,1,0,0,차대사람 - 횡단중,보행자보호의무위반,건조,맑음,교차로 - 교차로횡단보도내,승용,남,31세,상해없음,보행자,여,79세,중상
2019051700100053,2019년 5월 17일 02시,금요일,경상남도 김해시 삼계동,경상사고,0,0,2,0,차대차 - 추돌,안전운전불이행,건조,맑음,단일로 - 기타,승용,남,21세,상해없음,승용,여,18세,경상
2019051700100074,2019년 5월 17일 05시,금요일,경상남도 양산시 교동,경상사고,0,0,1,0,차대차 - 측면충돌,안전거리미확보,건조,맑음,단일로 - 기타,화물,남,29세,상해없음,승용,남,35세,경상
2019051700100075,2019년 5월 17일 05시,금요일,경상남도 김해시 한림면,경상사고,0,0,1,0,차대차 - 기타,안전운전불이행,건조,맑음,교차로 - 교차로안,화물,남,50세,경상,승용,남,30세,상해없음
2019051700100114,2019년 5월 17일 07시,금요일,경상남도 창원시 진해구 용원동,경상사고,0,0,2,0,차대차 - 측면충돌,신호위반,건조,맑음,교차로 - 교차로안,승용,여,65세,상해없음,승용,남,36세,경상
2019051700100115,2019년 5월 17일 07시,금요일,경상남도 사천시 사천읍,중상사고,0,1,2,0,차대차 - 추돌,안전운전불이행,건조,맑음,단일로 - 기타,승용,남,26세,상해없음,승합,남,21세,중상
2019051700100116,2019년 5월 17일 07시,금요일,경상남도 거제시 장평동,중상사고,0,1,0,0,차대차 - 측면충돌,신호위반,건조,맑음,교차로 - 교차로안,승용,남,32세,상해없음,이륜,남,34세,중상
2019051700100117,2019년 5월 17일 07시,금요일,경상남도 김해시 진영읍,중상사고,0,1,0,0,차대사람 - 차도통행중,안전운전불이행,건조,맑음,교차로 - 교차로안,승용,여,37세,상해없음,보행자,여,66세,중상
2019051700100187,2019년 5월 17일 09시,금요일,경상남도 사천시 정동면,부상신고사고,0,0,0,1,차대차 - 기타,기타,건조,맑음,교차로 - 교차로안,승용,남,35세,부상신고,승용,여,36세,상해없음
2019051700100188,2019년 5월 17일 09시,금요일,경상남도 밀양시 삼문동,중상사고,0,1,0,0,차대차 - 측면충돌,안전운전불이행,건조,맑음,교차로 - 교차로안,승용,여,48세,상해없음,자전거,남,77세,중상
2019051700100220,2019년 5월 17일 10시,금요일,경상남도 창원시 진해구 여좌동,경상사고,0,0,1,0,차대차 - 측면충돌,안전운전불이행,건조,맑음,교차로 - 교차로부근,화물,남,64세,상해없음,자전거,여,21세,경상
2019051700100250,2019년 5월 17일 11시,금요일,경상남도 창원시 진해구 경화동,경상사고,0,0,1,0,차대차 - 측면충돌,안전거리미확보,건조,맑음,단일로 - 기타,승용,남,65세,상해없음,승용,남,40세,경상
2019051700100282,2019년 5월 17일 12시,금요일,경상남도 김해시 부원동,중상사고,0,1,0,0,차대사람 - 길가장자리구역통행중,안전운전불이행,건조,맑음,단일로 - 기타,승용,여,56세,상해없음,보행자,여,52세,중상
2019051700100318,2019년 5월 17일 13시,금요일,경상남도 함양군 함양읍,부상신고사고,0,0,0,1,차대차 - 추돌,안전거리미확보,건조,맑음,단일로 - 기타,이륜,남,76세,부상신고,화물,남,43세,상해없음
2019051700100352,2019년 5월 17일 14시,금요일,경상남도 거제시 상동동,중상사고,0,1,0,0,차대차 - 측면충돌,안전운전불이행,건조,맑음,교차로 - 교차로안,이륜,남,69세,중상,승용,여,51세,상해없음
2019051700100482,2019년 5월 17일 17시,금요일,경상남도 양산시 동면,경상사고,0,0,1,0,차대차 - 측면충돌,안전운전불이행,건조,맑음,단일로 - 기타,승용,여,37세,상해없음,승용,남,37세,경상
2019051700100483,2019년 5월 17일 17시,금요일,경상남도 고성군 고성읍,경상사고,0,0,1,0,차대사람 - 차도통행중,기타,건조,맑음,교차로 - 교차로부근,승용,여,38세,상해없음,보행자,여,10세,경상