사고번호,사고일시,요일,시군구,사고내용,사망자수,중상자수,경상자수,부상신고자수,사고유형,법규위반,노면상태,기상상태,도로형태,가해운전자 차종,가해운전자 성별,가해운전자 연령,가해운전자 상해정도,피해운전자 차종,피해운전자 성별,피해운전자 연령,피해운전자 상해정도
2019052100100100,2019년 5월 21일 06시,화요일,경상남도 김해시 진영읍,경상사고,0,0,3,0,차대차 - 측면충돌,안전운전불이행,건조,맑음,단일로 - 기타,승용,여,27세,경상,승용,남,41세,경상
2019052100100125,2019년 5월 21일 07시,화요일,경상남도 창원시 진해구 경화동,중상사고,0,1,0,0,차대차 - 추돌,안전운전불이행,건조,맑음,단일로 - 기타,승용,남,33세,상해없음,화물,남,59세,중상
2019052100100126,2019년 5월 21일 07시,화요일,경상남도 밀양시 무안면,중상사고,0,1,0,0,차대차 - 측면충돌,안전운전불이행,건조,맑음,교차로 - 교차로안,화물,남,66세,상해없음,자전거,여,79세,중상
2019052100100127,2019년 5월 21일 07시,화요일,경상남도 밀양시 부북면,중상사고,0,1,0,0,차대차 - 측면충돌,신호위반,건조,맑음,교차로 - 교차로안,승용,남,44세,상해없음,승용,남,40세,중상
2019052100100128,2019년 5월 21일 07시,화요일,경상남도 창녕군 남지읍,중상사고,0,1,0,0,차대차 - 측면충돌,신호위반,건조,맑음,교차로 - 교차로안,이륜,남,56세,중상,승용,남,64세,상해없음
2019052100100164,2019년 5월 21일 08시,화요일,경상남도 창녕군 부곡면,중상사고,0,1,0,0,차대차 - 정면충돌,중앙선침범,건조,맑음,단일로 - 교량,화물,남,62세,상해없음,승용,여,52세,중상
2019052100100165,2019년 5월 21일 08시,화요일,경상남도 김해시 신문동,중상사고,0,1,0,0,차대사람 - 차도통행중,안전운전불이행,건조,맑음,교차로 - 교차로부근,승용,남,34세,상해없음,보행자,남,17세,중상
2019052100100244,2019년 5월 21일 10시,화요일,경상남도 김해시 응달동,경상사고,0,0,2,0,차대차 - 추돌,안전운전불이행,건조,맑음,단일로 - 기타,승용,여,42세,상해없음,승용,남,37세,경상
2019052100100295,2019년 5월 21일 11시,화요일,경상남도 양산시 주진동,경상사고,0,0,1,0,차대차 - 기타,교차로운행방법위반,건조,맑음,교차로 - 교차로부근,승용,남,60세,상해없음,승용,여,56세,경상
2019052100100296,2019년 5월 21일 11시,화요일,경상남도 김해시 주촌면,중상사고,0,2,0,0,차대차 - 측면충돌,교차로운행방법위반,건조,맑음,교차로 - 교차로안,화물,남,39세,상해없음,이륜,남,73세,중상
2019052100100328,2019년 5월 21일 12시,화요일,경상남도 거제시 아양동,중상사고,0,1,2,0,차대차 - 측면충돌,신호위반,건조,맑음,교차로 - 교차로안,승용,여,59세,상해없음,화물,남,51세,경상
2019052100100329,2019년 5월 21일 12시,화요일,경상남도 의령군 대의면,중상사고,0,1,0,0,차대차 - 기타,안전거리미확보,건조,맑음,단일로 - 기타,승용,여,57세,상해없음,화물,남,56세,상해없음
2019052100100354,2019년 5월 21일 13시,화요일,경상남도 김해시 어방동,경상사고,0,0,2,0,차대사람 - 보도통행중,안전운전불이행,건조,맑음,단일로 - 기타,승용,여,43세,상해없음,보행자,남,60세,경상
2019052100100355,2019년 5월 21일 13시,화요일,경상남도 양산시 매곡동,중상사고,0,1,1,0,차대차 - 측면충돌,교차로운행방법위반,건조,맑음,교차로 - 교차로안,승용,여,58세,중상,승용,남,60세,경상
2019052100100387,2019년 5월 21일 14시,화요일,경상남도 창원시 마산합포구 월남동5가,경상사고,0,0,1,0,차대사람 - 횡단중,안전운전불이행,건조,맑음,교차로 - 교차로부근,승용,여,56세,상해없음,보행자,여,76세,경상
2019052100100388,2019년 5월 21일 14시,화요일,경상남도 창원시 마산합포구 신포동2가,중상사고,0,1,0,0,차량단독 - 기타,안전거리미확보,건조,맑음,단일로 - 기타,승합,남,39세,상해없음,,,,
2019052100100389,2019년 5월 21일 14시,화요일,경상남도 양산시 물금읍,중상사고,0,1,0,0,차대차 - 측면충돌,안전거리미확보,건조,맑음,단일로 - 기타,이륜,남,77세,중상,승합,남,53세,상해없음
2019052100100390,2019년 5월 21일 14시,화요일,경상남도 김해시 내덕동,경상사고,0,0,1,0,차대차 - 측면충돌,안전거리미확보,건조,맑음,교차로 - 교차로안,화물,남,71세,상해없음,승용,남,31세,경상
2019052100100420,2019년 5월 21일 15시,화요일,경상남도 사천시 정동면,경상사고,0,0,2,0,차대차 - 후진중충돌,안전운전불이행,건조,맑음,기타 - 기타,승용,여,64세,경상,승용,여,42세,경상
2019052100100421,2019년 5월 21일 15시,화요일,경상남도 김해시 어방동,경상사고,0,0,1,0,차대차 - 추돌,안전운전불이행,건조,맑음,교차로 - 교차로부근,승용,여,52세,상해없음,이륜,남,38세,경상
2019052100100422,2019년 5월 21일 15시,화요일,경상남도 창원시 마산회원구 양덕동,경상사고,0,0,4,0,차대차 - 추돌,안전운전불이행,건조,맑음,단일로 - 기타,화물,남,74세,상해없음,승용,여,36세,경상
2019052100100423,2019년 5월 21일 15시,화요일,경상남도 김해시 대청동,중상사고,0,1,0,0,차량단독 - 도로외이탈 - 추락,안전운전불이행,건조,맑음,단일로 - 기타,승용,남,57세,중상,,,,
2019052100100455,2019년 5월 21일 16시,화요일,경상남도 김해시 삼방동,경상사고,0,0,1,0,차대차 - 측면충돌,교차로운행방법위반,건조,맑음,교차로 - 교차로안,승용,여,57세,상해없음,이륜,남,19세,경상
2019052100100456,2019년 5월 21일 16시,화요일,경상남도 양산시 상북면,중상사고,0,1,0,0,차대차 - 측면충돌,교차로운행방법위반,건조,맑음,교차로 - 교차로안,화물,남,63세,상해없음,승용,남,57세,중상
2019052100100457,2019년 5월 21일 16시,화요일,경상남도 남해군 설천면,중상사고,0,1,0,0,차량단독 - 공작물충돌,안전운전불이행,건조,맑음,단일로 - 기타,승용,여,59세,중상,,,,
2019052100100517,2019년 5월 21일 17시,화요일,경상남도 창원시 진해구 경화동,중상사고,0,1,0,0,차대차 - 기타,안전운전불이행,건조,맑음,교차로 - 교차로안,승용,남,30세,상해없음,승용,남,49세,상해없음
2019052100100518,2019년 5월 21일 17시,화요일,경상남도 창원시 진해구 용원동,경상사고,0,0,1,0,차대차 - 기타,안전운전불이행,건조,맑음,단일로 - 기타,승용,남,68세,상해없음,이륜,남,50세,경상
2019052100100519,2019년 5월 21일 17시,화요일,경상남도 사천시 동금동,경상사고,0,0,1,0,차대사람 - 기타,안전운전불이행,건조,맑음,단일로 - 기타,승용,여,54세,상해없음,보행자,남,69세,경상
2019052100100520,2019년 5월 21일 17시,화요일,경상남도 고성군 고성읍,경상사고,0,0,1,0,차대차 - 기타,직진우회전진행방해,건조,맑음,교차로 - 교차로안,화물,남,57세,상해없음,개인형이동수단(PM),남,69세,경상
2019052100100521,2019년 5월 21일 17시,화요일,경상남도 거제시 장평동,중상사고,0,1,0,0,차대차 - 측면충돌,교차로운행방법위반,건조,맑음,교차로 - 교차로안,승용,여,23세,상해없음,자전거,남,31세,중상
2019052100100522,2019년 5월 21일 17시,화요일,경상남도 창원시 마산회원구 양덕동,경상사고,0,0,4,0,차대차 - 추돌,신호위반,건조,맑음,교차로 - 교차로부근,승용,남,51세,상해없음,승합,남,48세,상해없음
2019052100100570,2019년 5월 21일 18시,화요일,경상남도 김해시 삼정동,경상사고,0,0,3,0,차대차 - 측면충돌,교차로운행방법위반,건조,맑음,교차로 - 교차로안,화물,남,60세,상해없음,승합,남,63세,경상
2019052100100571,2019년 5월 21일 18시,화요일,경상남도 창원시 의창구 대산면,경상사고,0,0,1,0,차대차 - 측면충돌,신호위반,건조,맑음,교차로 - 교차로안,승용,남,70세,상해없음,승용,여,54세,경상
2019052100100572,2019년 5월 21일 18시,화요일,경상남도 김해시 율하동,경상사고,0,0,1,0,차대차 - 측면충돌,교차로운행방법위반,건조,맑음,교차로 - 교차로안,승용,남,44세,상해없음,승용,남,30세,경상
2019052100100610,2019년 5월 21일 19시,화요일,경상남도 창원시 마산합포구 해운동,경상사고,0,0,4,0,차대차 - 측면충돌,중앙선침범,건조,맑음,교차로 - 교차로부근,승용,남,53세,상해없음,승용,여,40세,경상
2019052100100611,2019년 5월 21일 19시,화요일,경상남도 양산시 삼호동,중상사고,0,1,0,0,차대사람 - 기타,안전운전불이행,건조,맑음,교차로 - 교차로부근,승용,남,64세,상해없음,보행자,여,65세,중상
2019052100100651,2019년 5월 21일 20시,화요일,경상남도 거제시 옥포동,중상사고,0,1,1,0,차대차 - 측면충돌,안전운전불이행,건조,맑음,교차로 - 교차로부근,승용,남,31세,경상,승용,남,70세,중상
2019052100100652,2019년 5월 21일 20시,화요일,경상남도 김해시 신문동,중상사고,0,1,0,0,차대차 - 측면충돌,중앙선침범,건조,맑음,교차로 - 교차로부근,자전거,남,49세,중상,승용,남,39세,상해없음
2019052100100681,2019년 5월 21일 21시,화요일,경상남도 창원시 마산합포구 해운동,경상사고,0,0,2,0,차대차 - 측면충돌,교차로운행방법위반,건조,맑음,교차로 - 교차로안,승용,여,57세,상해없음,승용,여,36세,경상
2019052100100682,2019년 5월 21일 21시,화요일,경상남도 김해시 동상동,중상사고,0,1,0,0,차대사람 - 길가장자리구역통행중,안전운전불이행,건조,맑음,교차로 - 교차로안,승용,남,25세,상해없음,보행자,여,66세,중상
2019052100100683,2019년 5월 21일 21시,화요일,경상남도 김해시 관동동,경상사고,0,0,1,0,차대차 - 추돌,안전운전불이행,건조,맑음,단일로 - 기타,승용,남,47세,상해없음,승용,여,36세,경상
2019052100100715,2019년 5월 21일 22시,화요일,경상남도 진주시 동성동,중상사고,0,1,0,0,차대사람 - 횡단중,안전운전불이행,건조,맑음,단일로 - 기타,승용,남,45세,상해없음,보행자,남,19세,중상
2019052100100716,2019년 5월 21일 22시,화요일,경상남도 거제시 일운면,경상사고,0,0,2,0,차대차 - 측면충돌,신호위반,건조,맑음,교차로 - 교차로안,승용,남,70세,경상,승용,남,26세,경상
2019052100100717,2019년 5월 21일 22시,화요일,경상남도 거제시 사등면,중상사고,0,1,0,0,차대차 - 정면충돌,안전운전불이행,건조,맑음,단일로 - 기타,승용,남,19세,상해없음,승용,남,61세,중상
2019052100100744,2019년 5월 21일 23시,화요일,경상남도 거제시 고현동,중상사고,0,2,4,0,차대차 - 추돌,안전운전불이행,건조,맑음,교차로 - 교차로부근,승합,남,50세,상해없음,승용,남,56세,중상
2019052100100745,2019년 5월 21일 23시,화요일,경상남도 창원시 의창구 도계동,경상사고,0,0,1,0,차대사람 - 기타,안전운전불이행,건조,맑음,단일로 - 기타,승합,남,69세,상해없음,보행자,남,41세,경상
2019052200100055,2019년 5월 22일 03시,수요일,경상남도 김해시 삼방동,경상사고,0,0,1,0,차량단독 - 공작물충돌,안전운전불이행,건조,맑음,단일로 - 기타,이륜,남,64세,경상,,,,
2019052200100119,2019년 5월 22일 07시,수요일,경상남도 진주시 상대동,경상사고,0,0,1,0,차대차 - 측면충돌,신호위반,건조,맑음,교차로 - 교차로안,승용,여,50세,상해없음,승용,남,59세,상해없음
2019052200100120,2019년 5월 22일 07시,수요일,경상남도 창원시 마산회원구 내서읍,경상사고,0,0,2,0,차대차 - 추돌,안전운전불이행,건조,맑음,단일로 - 기타,승용,남,67세,상해없음,승용,남,67세,경상
2019052200100181,2019년 5월 22일 08시,수요일,경상남도 고성군 고성읍,경상사고,0,0,1,0,차대차 - 기타,직진우회전진행방해,건조,맑음,교차로 - 교차로안,승용,남,37세,상해없음,승용,여,47세,경상
2019052200100182,2019년 5월 22일 08시,수요일,경상남도 창원시 의창구 신월동,중상사고,0,1,0,0,차대차 - 측면충돌,안전운전불이행,건조,맑음,교차로 - 교차로부근,승용,남,54세,상해없음,승용,남,31세,중상
2019052200100183,2019년 5월 22일 08시,수요일,경상남도 창원시 의창구 봉곡동,경상사고,0,0,3,0,차대차 - 기타,안전운전불이행,건조,맑음,교차로 - 교차로안,승합,남,39세,상해없음,승용,남,40세,경상
2019052200100248,2019년 5월 22일 10시,수요일,경상남도 양산시 주남동,중상사고,0,1,0,0,차대차 - 측면충돌,안전운전불이행,건조,맑음,교차로 - 교차로안,승합,남,64세,상해없음,승용,남,24세,중상
2019052200100282,2019년 5월 22일 11시,수요일,경상남도 창원시 마산합포구 동성동,중상사고,0,1,0,0,차대사람 - 보도통행중,보행자보호의무위반,건조,맑음,교차로 - 교차로횡단보도내,승용,여,46세,상해없음,보행자,남,78세,중상
2019052200100315,2019년 5월 22일 12시,수요일,경상남도 창녕군 계성면,중상사고,0,1,0,0,차대차 - 추돌,안전운전불이행,건조,맑음,단일로 - 기타,승용,남,65세,상해없음,승용,남,58세,상해없음
2019052200100354,2019년 5월 22일 13시,수요일,경상남도 진주시 금곡면,경상사고,0,0,1,0,차대차 - 측면충돌,중앙선침범,건조,맑음,단일로 - 기타,승용,남,37세,상해없음,승용,남,38세,경상
2019052200100355,2019년 5월 22일 13시,수요일,경상남도 밀양시 삼문동,중상사고,0,2,0,0,차대차 - 측면충돌,차로위반,건조,맑음,단일로 - 기타,원동기,남,79세,중상,승용,여,25세,상해없음
2019052200100356,2019년 5월 22일 13시,수요일,경상남도 김해시 내동,경상사고,0,0,1,0,차대차 - 측면충돌,중앙선침범,건조,맑음,단일로 - 기타,승용,남,72세,상해없음,이륜,남,26세,경상
2019052200100357,2019년 5월 22일 13시,수요일,경상남도 거제시 상동동,경상사고,0,0,2,0,차대차 - 측면충돌,중앙선침범,건조,맑음,단일로 - 기타,승합,여,46세,상해없음,승용,여,47세,경상
2019052200100358,2019년 5월 22일 13시,수요일,경상남도 창원시 성산구 가음정동,중상사고,0,1,0,0,차대차 - 측면충돌,신호위반,건조,맑음,교차로 - 교차로안,승합,남,44세,상해없음,자전거,남,36세,중상
2019052200100421,2019년 5월 22일 15시,수요일,경상남도 김해시 내동,중상사고,0,1,0,0,차대차 - 정면충돌,중앙선침범,건조,맑음,교차로 - 교차로부근,자전거,남,17세,중상,승용,남,66세,상해없음
2019052200100422,2019년 5월 22일 15시,수요일,경상남도 창원시 성산구 상남동,경상사고,0,0,1,0,차대차 - 측면충돌,신호위반,건조,맑음,교차로 - 교차로부근,승용,여,44세,상해없음,승용,남,61세,경상
2019052200100423,2019년 5월 22일 15시,수요일,경상남도 창원시 마산회원구 양덕동,중상사고,0,1,0,0,차대차 - 측면충돌,안전운전불이행,건조,맑음,교차로 - 교차로부근,승용,여,64세,상해없음,승용,여,32세,중상
2019052200100472,2019년 5월 22일 16시,수요일,경상남도 진주시 칠암동,경상사고,0,0,1,0,차대차 - 측면충돌,안전운전불이행,건조,맑음,단일로 - 기타,승용,남,22세,상해없음,승합,남,40세,경상
2019052200100473,2019년 5월 22일 16시,수요일,경상남도 밀양시 내이동,경상사고,0,0,2,0,차대차 - 추돌,안전운전불이행,건조,맑음,단일로 - 기타,승용,남,29세,상해없음,화물,남,32세,상해없음
2019052200100474,2019년 5월 22일 16시,수요일,경상남도 하동군 고전면,경상사고,0,0,1,0,차대차 - 정면충돌,중앙선침범,건조,맑음,교차로 - 교차로안,이륜,남,70세,경상,승용,남,70세,상해없음
2019052200100475,2019년 5월 22일 16시,수요일,경상남도 거제시 아주동,경상사고,0,0,1,0,차대차 - 정면충돌,안전운전불이행,건조,맑음,교차로 - 교차로안,승용,여,47세,상해없음,승용,여,32세,경상
2019052200100519,2019년 5월 22일 17시,수요일,경상남도 김해시 부원동,중상사고,0,1,0,0,차대차 - 측면충돌,안전운전불이행,건조,맑음,교차로 - 교차로안,화물,남,62세,상해없음,자전거,여,59세,중상
2019052200100520,2019년 5월 22일 17시,수요일,경상남도 양산시 물금읍,사망사고,1,1,0,1,차대사람 - 기타,과속,건조,맑음,단일로 - 기타,화물,남,56세,사망,보행자,남,21세,부상신고
2019052200100521,2019년 5월 22일 17시,수요일,경상남도 창원시 마산회원구 내서읍,경상사고,0,0,2,0,차대차 - 기타,신호위반,건조,맑음,교차로 - 교차로안,승용,남,31세,상해없음,승용,여,37세,경상
2019052200100522,2019년 5월 22일 17시,수요일,경상남도 김해시 풍유동,경상사고,0,0,1,0,차대차 - 측면충돌,안전운전불이행,건조,맑음,단일로 - 기타,이륜,남,17세,경상,승용,남,50세,상해없음
2019052200100561,2019년 5월 22일 18시,수요일,경상남도 사천시 사천읍,부상신고사고,0,0,0,1,차대사람 - 기타,보행자보호의무위반,건조,맑음,교차로 - 교차로부근,화물,남,48세,상해없음,보행자,남,15세,부상신고
2019052200100562,2019년 5월 22일 18시,수요일,경상남도 김해시 삼계동,경상사고,0,0,1,0,차대사람 - 기타,안전운전불이행,건조,맑음,단일로 - 기타,승용,남,41세,상해없음,보행자,여,8세,경상
2019052200100606,2019년 5월 22일 19시,수요일,경상남도 고성군 고성읍,경상사고,0,0,1,0,차대차 - 추돌,안전운전불이행,건조,맑음,단일로 - 기타,승용,남,28세,상해없음,승용,남,24세,경상
2019052200100643,2019년 5월 22일 20시,수요일,경상남도 사천시 용현면,경상사고,0,0,1,0,차대차 - 추돌,안전운전불이행,건조,맑음,교차로 - 교차로부근,승용,남,37세,상해없음,승용,남,26세,상해없음
2019052200100692,2019년 5월 22일 22시,수요일,경상남도 창원시 성산구 상남동,경상사고,0,0,1,0,차대사람 - 횡단중,안전운전불이행,건조,맑음,교차로 - 교차로부근,승합,남,47세,상해없음,보행자,남,54세,경상
2019052200100693,2019년 5월 22일 22시,수요일,경상남도 김해시 주촌면,중상사고,0,1,0,0,차대차 - 측면충돌,안전운전불이행,건조,맑음,단일로 - 기타,특수,남,47세,상해없음,이륜,남,28세,중상
2019052300100037,2019년 5월 23일 00시,목요일,경상남도 김해시 삼계동,경상사고,0,0,5,0,차대차 - 측면충돌,직진우회전진행방해,건조,맑음,교차로 - 교차로안,승용,남,29세,경상,승용,남,51세,경상
2019052300100054,2019년 5월 23일 01시,목요일,경상남도 양산시 주남동,경상사고,0,0,2,0,차대사람 - 차도통행중,안전운전불이행,건조,맑음,단일로 - 기타,화물,남,22세,상해없음,보행자,여,19세,경상
2019052300100078,2019년 5월 23일 04시,목요일,경상남도 김해시 삼계동,경상사고,0,0,2,0,차대차 - 추돌,안전운전불이행,건조,맑음,단일로 - 기타,승용,여,41세,상해없음,승합,남,28세,경상
2019052300100171,2019년 5월 23일 08시,목요일,경상남도 창원시 마산합포구 진동면,중상사고,0,1,0,0,차대차 - 측면충돌,안전운전불이행,건조,맑음,단일로 - 기타,승용,여,55세,중상,농기계,남,51세,상해없음
2019052300100172,2019년 5월 23일 08시,목요일,경상남도 합천군 묘산면,중상사고,0,1,0,0,차대사람 - 길가장자리구역통행중,안전운전불이행,건조,맑음,단일로 - 기타,승용,여,40세,상해없음,보행자,여,68세,중상
2019052300100208,2019년 5월 23일 09시,목요일,경상남도 창원시 의창구 명서동,중상사고,0,1,0,0,차대차 - 기타,안전운전불이행,건조,맑음,단일로 - 기타,승용,여,59세,상해없음,자전거,남,75세,중상
2019052300100209,2019년 5월 23일 09시,목요일,경상남도 창원시 의창구 도계동,중상사고,0,1,0,0,차대차 - 기타,안전운전불이행,건조,맑음,교차로 - 교차로안,승용,남,61세,상해없음,승합,남,55세,상해없음
2019052300100239,2019년 5월 23일 10시,목요일,경상남도 창원시 진해구 장천동,경상사고,0,0,1,0,차대차 - 추돌,안전운전불이행,건조,맑음,교차로 - 교차로부근,승용,남,79세,상해없음,승용,여,41세,경상
2019052300100240,2019년 5월 23일 10시,목요일,경상남도 함양군 함양읍,중상사고,0,1,0,0,차대사람 - 기타,안전운전불이행,건조,맑음,단일로 - 기타,화물,남,54세,상해없음,보행자,남,45세,중상
2019052300100280,2019년 5월 23일 11시,목요일,경상남도 창원시 진해구 경화동,경상사고,0,0,2,0,차대차 - 측면충돌,교차로운행방법위반,건조,맑음,교차로 - 교차로안,승용,남,39세,경상,승용,남,59세,경상
2019052300100281,2019년 5월 23일 11시,목요일,경상남도 양산시 물금읍,경상사고,0,0,1,0,차대차 - 측면충돌,안전운전불이행,건조,맑음,교차로 - 교차로안,승용,여,26세,상해없음,이륜,남,28세,경상
2019052300100282,2019년 5월 23일 11시,목요일,경상남도 창원시 의창구 소답동,경상사고,0,0,1,0,차량단독 - 기타,안전운전불이행,건조,맑음,단일로 - 기타,승용,남,60세,상해없음,,,,
2019052300100314,2019년 5월 23일 12시,목요일,경상남도 통영시 명정동,경상사고,0,0,4,0,차대차 - 측면충돌,안전거리미확보,건조,맑음,단일로 - 기타,승용,남,44세,경상,승용,남,37세,경상
2019052300100315,2019년 5월 23일 12시,목요일,경상남도 김해시 봉황동,경상사고,0,0,1,1,차대차 - 기타,안전거리미확보,건조,맑음,단일로 - 기타,승용,남,72세,부상신고,승용,여,36세,경상
2019052300100349,2019년 5월 23일 13시,목요일,경상남도 창원시 마산합포구 진북면,부상신고사고,0,0,0,1,차대사람 - 차도통행중,기타,건조,맑음,교차로 - 교차로부근,화물,남,61세,상해없음,보행자,남,61세,부상신고
2019052300100350,2019년 5월 23일 13시,목요일,경상남도 김해시 부원동,중상사고,0,1,0,0,차대사람 - 기타,안전운전불이행,건조,맑음,단일로 - 기타,승용,여,34세,상해없음,보행자,여,83세,중상
2019052300100351,2019년 5월 23일 13시,목요일,경상남도 김해시 외동,사망사고,1,1,0,0,차대사람 - 횡단중,보행자보호의무위반,건조,맑음,교차로 - 교차로안,승용,여,48세,상해없음,보행자,남,48세,중상
2019052300100352,2019년 5월 23일 13시,목요일,경상남도 산청군 단성면,중상사고,0,6,0,0,차대차 - 정면충돌,중앙선침범,건조,맑음,단일로 - 기타,승용,여,68세,상해없음,승용,여,49세,중상
2019052300100382,2019년 5월 23일 14시,목요일,경상남도 김해시 불암동,경상사고,0,0,1,0,차대차 - 기타,안전운전불이행,건조,맑음,교차로 - 교차로안,화물,남,47세,상해없음,건설기계,남,62세,경상
2019052300100383,2019년 5월 23일 14시,목요일,경상남도 양산시 평산동,중상사고,0,1,0,0,차대사람 - 기타,안전운전불이행,건조,맑음,단일로 - 기타,승합,여,46세,상해없음,보행자,남,75세,중상
2019052300100414,2019년 5월 23일 15시,목요일,경상남도 창원시 마산합포구 중앙동2가,경상사고,0,0,2,0,차대차 - 추돌,안전운전불이행,건조,맑음,교차로 - 교차로부근,승용,남,52세,상해없음,승용,남,61세,경상
2019052300100415,2019년 5월 23일 15시,목요일,경상남도 진주시 충무공동,경상사고,0,0,1,0,차대사람 - 횡단중,보행자보호의무위반,건조,맑음,교차로 - 교차로횡단보도내,승용,여,32세,상해없음,보행자,남,12세,경상
2019052300100454,2019년 5월 23일 16시,목요일,경상남도 하동군 옥종면,중상사고,0,1,0,0,차대차 - 추돌,안전운전불이행,건조,맑음,단일로 - 기타,화물,남,49세,상해없음,승용,남,31세,중상
2019052300100455,2019년 5월 23일 16시,목요일,경상남도 김해시 한림면,중상사고,0,1,1,0,차대차 - 측면충돌,기타,건조,맑음,교차로 - 교차로부근,화물,남,34세,상해없음,승용,여,36세,경상
2019052300100495,2019년 5월 23일 17시,목요일,경상남도 밀양시 상동면,중상사고,0,1,0,0,차대차 - 측면충돌,안전운전불이행,건조,맑음,단일로 - 기타,이륜,남,58세,중상,승용,여,55세,상해없음
2019052300100496,2019년 5월 23일 17시,목요일,경상남도 하동군 하동읍,부상신고사고,0,0,0,1,차량단독 - 전도전복 - 전도,안전운전불이행,건조,맑음,단일로 - 기타,사륜오토바이(ATV),남,90세 이상,부상신고,,,,
2019052300100497,2019년 5월 23일 17시,목요일,경상남도 거제시 장평동,중상사고,0,1,0,0,차대사람 - 차도통행중,보행자보호의무위반,건조,맑음,기타 - 기타,승용,여,36세,상해없음,보행자,여,63세,중상
2019052300100498,2019년 5월 23일 17시,목요일,경상남도 김해시 흥동,경상사고,0,0,1,0,차대차 - 측면충돌,교차로운행방법위반,건조,맑음,교차로 - 교차로안,승용,남,27세,상해없음,승용,남,24세,경상
2019052300100499,2019년 5월 23일 17시,목요일,경상남도 김해시 진영읍,경상사고,0,0,1,0,차대차 - 측면충돌,교차로운행방법위반,건조,맑음,교차로 - 교차로안,승용,남,27세,경상,승용,남,42세,상해없음
2019052300100547,2019년 5월 23일 18시,목요일,경상남도 진주시 봉곡동,중상사고,0,1,0,0,차대차 - 측면충돌,직진우회전진행방해,건조,맑음,교차로 - 교차로안,화물,여,48세,상해없음,이륜,남,29세,중상
2019052300100548,2019년 5월 23일 18시,목요일,경상남도 김해시 불암동,중상사고,0,3,3,0,차대차 - 추돌,안전운전불이행,건조,맑음,단일로 - 기타,화물,남,65세,상해없음,승용,남,58세,중상
2019052300100549,2019년 5월 23일 18시,목요일,경상남도 합천군 봉산면,중상사고,0,1,0,0,차대차 - 측면충돌,안전운전불이행,건조,맑음,단일로 - 기타,승용,여,51세,상해없음,농기계,남,60세,중상
2019052300100550,2019년 5월 23일 18시,목요일,경상남도 거제시 옥포동,경상사고,0,0,2,0,차대차 - 추돌,안전운전불이행,건조,맑음,교차로 - 교차로부근,승용,남,26세,상해없음,승용,남,33세,경상
2019052300100551,2019년 5월 23일 18시,목요일,경상남도 거제시 양정동,경상사고,0,0,1,1,차대차 - 후진중충돌,안전운전불이행,건조,맑음,단일로 - 기타,화물,남,46세,부상신고,승용,남,37세,경상
2019052300100552,2019년 5월 23일 18시,목요일,경상남도 의령군 봉수면,경상사고,0,0,2,0,차대차 - 측면충돌,안전운전불이행,건조,맑음,단일로 - 지하차도(도로)내,이륜,남,37세,경상,자전거,남,70세,경상
2019052300100587,2019년 5월 23일 19시,목요일,경상남도 함양군 병곡면,사망사고,1,0,0,0,차량단독 - 도로외이탈 - 기타,안전운전불이행,건조,맑음,교차로 - 교차로부근,이륜,남,44세,사망,,,,
2019052300100588,2019년 5월 23일 19시,목요일,경상남도 거제시 상동동,경상사고,0,0,1,0,차대차 - 측면충돌,안전운전불이행,건조,맑음,교차로 - 교차로부근,승용,남,59세,상해없음,승용,여,27세,경상
2019052300100636,2019년 5월 23일 20시,목요일,경상남도 창녕군 창녕읍,중상사고,0,1,0,0,차대사람 - 횡단중,안전운전불이행,건조,맑음,교차로 - 교차로부근,승용,남,67세,상해없음,보행자,남,50세,중상
2019052300100637,2019년 5월 23일 20시,목요일,경상남도 창원시 마산회원구 두척동,중상사고,0,2,0,0,차대차 - 추돌,안전운전불이행,건조,맑음,교차로 - 교차로안,승합,남,46세,상해없음,승용,여,50세,중상
2019052300100638,2019년 5월 23일 20시,목요일,경상남도 창원시 의창구 명서동,경상사고,0,0,2,0,차대차 - 기타,안전거리미확보,건조,맑음,단일로 - 기타,승용,남,60세,상해없음,승용,남,59세,경상
2019052300100671,2019년 5월 23일 21시,목요일,경상남도 남해군 창선면,경상사고,0,0,1,0,차대사람 - 길가장자리구역통행중,안전운전불이행,건조,흐림,단일로 - 기타,승용,여,26세,상해없음,보행자,남,64세,경상
2019052300100689,2019년 5월 23일 22시,목요일,경상남도 사천시 사천읍,경상사고,0,0,2,0,차대차 - 추돌,안전운전불이행,건조,맑음,단일로 - 기타,승용,남,40세,상해없음,승용,남,50세,경상
2019052300100690,2019년 5월 23일 22시,목요일,경상남도 밀양시 내이동,경상사고,0,0,1,0,차대차 - 측면충돌,신호위반,건조,맑음,교차로 - 교차로안,승용,남,56세,상해없음,승용,남,28세,경상
2019052300100716,2019년 5월 23일 23시,목요일,경상남도 창원시 성산구 신촌동,경상사고,0,0,2,0,차대차 - 측면충돌,신호위반,건조,맑음,교차로 - 교차로안,승용,여,54세,상해없음,승용,여,35세,경상
2019052400100051,2019년 5월 24일 01시,금요일,경상남도 진주시 계동,중상사고,0,1,0,0,차대사람 - 기타,안전운전불이행,건조,맑음,교차로 - 교차로횡단보도내,승용,남,53세,상해없음,보행자,남,56세,중상