사고번호,사고일시,요일,시군구,사고내용,사망자수,중상자수,경상자수,부상신고자수,사고유형,법규위반,노면상태,기상상태,도로형태,가해운전자 차종,가해운전자 성별,가해운전자 연령,가해운전자 상해정도,피해운전자 차종,피해운전자 성별,피해운전자 연령,피해운전자 상해정도
2019052400100052,2019년 5월 24일 01시,금요일,경상남도 창원시 진해구 경화동,중상사고,0,2,0,0,차대차 - 기타,과속,건조,맑음,단일로 - 기타,승용,남,22세,상해없음,승용,남,28세,중상
2019052400100053,2019년 5월 24일 01시,금요일,경상남도 창원시 마산회원구 석전동,사망사고,1,0,0,0,차대사람 - 횡단중,안전운전불이행,건조,맑음,단일로 - 지하차도(도로)내,승용,남,52세,상해없음,보행자,남,63세,사망
2019052400100097,2019년 5월 24일 06시,금요일,경상남도 김해시 진영읍,경상사고,0,0,1,0,차대차 - 측면충돌,불법유턴,건조,맑음,교차로 - 교차로횡단보도내,화물,남,67세,상해없음,승용,남,39세,경상
2019052400100120,2019년 5월 24일 07시,금요일,경상남도 김해시 진영읍,중상사고,0,1,0,0,차대차 - 측면충돌,신호위반,건조,맑음,교차로 - 교차로안,승용,남,33세,상해없음,승용,여,38세,중상
2019052400100200,2019년 5월 24일 09시,금요일,경상남도 창원시 진해구 남문동,중상사고,0,1,0,0,차대사람 - 차도통행중,안전운전불이행,건조,맑음,단일로 - 기타,특수,남,43세,상해없음,보행자,남,41세,중상
2019052400100235,2019년 5월 24일 10시,금요일,경상남도 진주시 칠암동,중상사고,0,1,0,0,차대사람 - 횡단중,안전운전불이행,건조,맑음,교차로 - 교차로안,화물,남,42세,상해없음,보행자,여,84세,중상
2019052400100266,2019년 5월 24일 11시,금요일,경상남도 진주시 문산읍,경상사고,0,0,1,0,차대사람 - 횡단중,안전운전불이행,건조,맑음,단일로 - 기타,승용,남,61세,상해없음,보행자,여,83세,경상
2019052400100267,2019년 5월 24일 11시,금요일,경상남도 밀양시 상남면,경상사고,0,0,1,0,차대차 - 추돌,안전운전불이행,건조,맑음,단일로 - 기타,건설기계,남,69세,상해없음,승용,남,62세,경상
2019052400100268,2019년 5월 24일 11시,금요일,경상남도 밀양시 내이동,중상사고,0,1,0,0,차대차 - 측면충돌,안전운전불이행,건조,맑음,교차로 - 교차로안,승용,여,58세,상해없음,승용,여,51세,중상
2019052400100269,2019년 5월 24일 11시,금요일,경상남도 김해시 봉황동,경상사고,0,0,1,0,차대차 - 측면충돌,안전운전불이행,건조,맑음,교차로 - 교차로횡단보도내,승용,남,63세,상해없음,화물,남,30세,경상
2019052400100306,2019년 5월 24일 12시,금요일,경상남도 양산시 원동면,중상사고,0,1,0,0,차대차 - 기타,안전운전불이행,건조,맑음,단일로 - 기타,자전거,여,45세,상해없음,자전거,남,61세,중상
2019052400100307,2019년 5월 24일 12시,금요일,경상남도 하동군 악양면,경상사고,0,0,1,0,차량단독 - 기타,안전운전불이행,건조,맑음,단일로 - 기타,화물,여,52세,경상,,,,
2019052400100308,2019년 5월 24일 12시,금요일,경상남도 창원시 마산회원구 합성동,중상사고,0,1,0,0,차대사람 - 길가장자리구역통행중,안전운전불이행,건조,맑음,단일로 - 기타,승용,남,44세,상해없음,보행자,여,58세,중상
2019052400100309,2019년 5월 24일 12시,금요일,경상남도 김해시 진영읍,중상사고,0,1,1,0,차대차 - 측면충돌,안전운전불이행,건조,맑음,교차로 - 교차로안,승용,남,51세,경상,승용,남,78세,중상
2019052400100352,2019년 5월 24일 13시,금요일,경상남도 양산시 덕계동,경상사고,0,0,1,0,차대사람 - 기타,안전운전불이행,건조,맑음,교차로 - 교차로안,승합,남,35세,상해없음,보행자,여,62세,경상
2019052400100353,2019년 5월 24일 13시,금요일,경상남도 의령군 지정면,중상사고,0,1,0,0,차대차 - 기타,안전운전불이행,건조,맑음,단일로 - 기타,화물,남,27세,상해없음,이륜,남,89세,중상
2019052400100391,2019년 5월 24일 14시,금요일,경상남도 통영시 미수동,중상사고,0,1,0,0,차대사람 - 횡단중,보행자보호의무위반,건조,맑음,단일로 - 기타,승합,남,60세,상해없음,보행자,여,47세,중상
2019052400100392,2019년 5월 24일 14시,금요일,경상남도 거제시 장평동,중상사고,0,1,0,0,차대차 - 측면충돌,신호위반,건조,맑음,교차로 - 교차로안,이륜,남,67세,중상,승용,남,23세,상해없음
2019052400100439,2019년 5월 24일 15시,금요일,경상남도 거제시 동부면,중상사고,0,2,0,0,차대차 - 기타,기타,건조,맑음,단일로 - 기타,승용,여,56세,상해없음,이륜,남,61세,중상
2019052400100495,2019년 5월 24일 16시,금요일,경상남도 창원시 진해구 자은동,경상사고,0,0,1,0,차대차 - 측면충돌,직진우회전진행방해,건조,맑음,교차로 - 교차로안,승용,남,63세,상해없음,이륜,남,43세,경상
2019052400100496,2019년 5월 24일 16시,금요일,경상남도 김해시 내동,경상사고,0,0,1,0,차대차 - 측면충돌,안전운전불이행,건조,맑음,단일로 - 기타,승용,여,56세,상해없음,자전거,남,16세,경상
2019052400100497,2019년 5월 24일 16시,금요일,경상남도 김해시 대동면,경상사고,0,0,2,0,차대차 - 추돌,안전운전불이행,건조,맑음,단일로 - 기타,화물,남,60세,상해없음,승용,남,73세,경상
2019052400100498,2019년 5월 24일 16시,금요일,경상남도 창원시 의창구 서상동,중상사고,0,1,0,0,차대사람 - 기타,안전운전불이행,건조,맑음,단일로 - 기타,승용,여,30세,상해없음,보행자,남,7세,중상
2019052400100548,2019년 5월 24일 17시,금요일,경상남도 통영시 광도면,중상사고,0,1,2,0,차대차 - 추돌,안전운전불이행,건조,맑음,단일로 - 기타,승용,남,28세,기타불명,승용,남,39세,중상
2019052400100549,2019년 5월 24일 17시,금요일,경상남도 통영시 북신동,경상사고,0,0,2,0,차대차 - 추돌,안전운전불이행,건조,맑음,단일로 - 기타,승용,여,34세,상해없음,승용,여,50세,경상
2019052400100550,2019년 5월 24일 17시,금요일,경상남도 의령군 정곡면,중상사고,0,1,0,0,차대차 - 기타,안전운전불이행,건조,맑음,교차로 - 교차로안,승용,여,48세,상해없음,승용,남,57세,상해없음
2019052400100601,2019년 5월 24일 18시,금요일,경상남도 김해시 지내동,경상사고,0,0,1,0,차대차 - 추돌,안전운전불이행,건조,맑음,교차로 - 교차로부근,승용,남,28세,상해없음,승용,남,27세,경상
2019052400100602,2019년 5월 24일 18시,금요일,경상남도 양산시 물금읍,중상사고,0,1,0,0,차대차 - 측면충돌,안전운전불이행,건조,맑음,단일로 - 기타,승용,여,56세,상해없음,이륜,남,41세,중상
2019052400100603,2019년 5월 24일 18시,금요일,경상남도 산청군 신안면,중상사고,0,1,3,0,차대차 - 기타,안전운전불이행,건조,맑음,단일로 - 기타,화물,남,59세,상해없음,승용,남,64세,중상
2019052400100604,2019년 5월 24일 18시,금요일,경상남도 창원시 마산회원구 양덕동,경상사고,0,0,1,0,차대차 - 기타,신호위반,건조,맑음,교차로 - 교차로안,건설기계,남,63세,상해없음,이륜,남,44세,경상
2019052400100648,2019년 5월 24일 19시,금요일,경상남도 창원시 마산합포구 해운동,경상사고,0,0,1,0,차대사람 - 기타,안전운전불이행,건조,맑음,단일로 - 기타,승용,남,49세,상해없음,보행자,남,24세,경상
2019052400100649,2019년 5월 24일 19시,금요일,경상남도 함양군 서하면,경상사고,0,0,5,0,차대차 - 기타,안전운전불이행,건조,맑음,단일로 - 기타,화물,남,65세,상해없음,승용,여,60세,경상
2019052400100650,2019년 5월 24일 19시,금요일,경상남도 거제시 고현동,중상사고,0,1,0,0,차대차 - 측면충돌,신호위반,건조,맑음,교차로 - 교차로안,승용,남,42세,상해없음,이륜,남,39세,중상
2019052400100680,2019년 5월 24일 20시,금요일,경상남도 김해시 풍유동,경상사고,0,0,2,0,차대차 - 측면충돌,안전운전불이행,건조,맑음,교차로 - 교차로부근,승용,남,29세,경상,승용,남,42세,경상
2019052400100714,2019년 5월 24일 21시,금요일,경상남도 창원시 의창구 봉곡동,경상사고,0,0,1,0,차대차 - 측면충돌,안전운전불이행,건조,맑음,교차로 - 교차로안,승용,남,48세,상해없음,승용,여,49세,경상
2019052400100747,2019년 5월 24일 22시,금요일,경상남도 창원시 의창구 명서동,경상사고,0,0,3,0,차대차 - 기타,안전운전불이행,건조,맑음,단일로 - 기타,승용,남,47세,상해없음,승용,남,23세,경상
2019052400100779,2019년 5월 24일 23시,금요일,경상남도 창원시 진해구 용원동,사망사고,1,0,0,0,차대사람 - 차도통행중,안전운전불이행,건조,맑음,단일로 - 지하차도(도로)내,이륜,남,24세,상해없음,보행자,여,73세,사망
2019052500100028,2019년 5월 25일 00시,토요일,경상남도 진주시 평거동,경상사고,0,0,1,0,차대차 - 측면충돌,신호위반,건조,맑음,교차로 - 교차로안,승용,남,28세,상해없음,승용,남,50세,경상
2019052500100046,2019년 5월 25일 01시,토요일,경상남도 고성군 고성읍,경상사고,0,0,1,0,차량단독 - 기타,안전운전불이행,건조,맑음,단일로 - 기타,승용,남,54세,상해없음,,,,
2019052500100047,2019년 5월 25일 01시,토요일,경상남도 창원시 의창구 봉곡동,중상사고,0,1,0,0,차량단독 - 기타,안전운전불이행,건조,맑음,단일로 - 기타,승용,남,60세,상해없음,,,,
2019052500100059,2019년 5월 25일 02시,토요일,경상남도 양산시 명동,경상사고,0,0,1,0,차대차 - 추돌,안전거리미확보,건조,맑음,단일로 - 기타,승용,남,24세,상해없음,승용,남,54세,경상
2019052500100060,2019년 5월 25일 02시,토요일,경상남도 양산시 동면,부상신고사고,0,0,0,2,차량단독 - 공작물충돌,안전운전불이행,건조,맑음,단일로 - 기타,승용,남,18세,부상신고,,,,
2019052500100061,2019년 5월 25일 02시,토요일,경상남도 창원시 마산합포구 산호동,중상사고,0,1,0,0,차대차 - 측면충돌,신호위반,건조,맑음,교차로 - 교차로안,승용,남,35세,상해없음,이륜,남,19세,중상
2019052500100062,2019년 5월 25일 02시,토요일,경상남도 창원시 의창구 북면,경상사고,0,0,1,0,차대사람 - 기타,안전운전불이행,건조,맑음,단일로 - 기타,기타불명,기타불명,미분류,기타불명,보행자,남,34세,경상
2019052500100072,2019년 5월 25일 03시,토요일,경상남도 진주시 하대동,경상사고,0,0,1,0,차대차 - 측면충돌,신호위반,건조,맑음,교차로 - 교차로부근,승용,남,21세,상해없음,승용,남,34세,경상
2019052500100116,2019년 5월 25일 06시,토요일,경상남도 창원시 진해구 석동,경상사고,0,0,2,0,차대차 - 측면충돌,신호위반,건조,맑음,교차로 - 교차로안,승용,남,37세,상해없음,승용,여,22세,경상
2019052500100117,2019년 5월 25일 06시,토요일,경상남도 창녕군 창녕읍,경상사고,0,0,2,0,차대차 - 기타,안전운전불이행,건조,맑음,교차로 - 교차로부근,승용,남,20세,상해없음,승용,여,33세,경상
2019052500100138,2019년 5월 25일 07시,토요일,경상남도 사천시 용강동,중상사고,0,1,0,0,차대차 - 후진중충돌,안전운전불이행,건조,맑음,주차장 - 주차장,승용,남,55세,상해없음,자전거,남,71세,중상
2019052500100139,2019년 5월 25일 07시,토요일,경상남도 양산시 하북면,경상사고,0,0,1,0,차대차 - 기타,중앙선침범,건조,맑음,단일로 - 기타,승용,남,65세,상해없음,화물,남,68세,경상
2019052500100169,2019년 5월 25일 08시,토요일,경상남도 창원시 의창구 봉곡동,중상사고,0,1,0,0,차대차 - 기타,신호위반,건조,맑음,교차로 - 교차로횡단보도내,승용,남,70세,상해없음,승합,남,46세,중상
2019052500100193,2019년 5월 25일 09시,토요일,경상남도 양산시 원동면,중상사고,0,1,1,0,차대차 - 기타,교차로운행방법위반,건조,맑음,교차로 - 교차로안,승용,여,72세,상해없음,승용,남,45세,경상
2019052500100194,2019년 5월 25일 09시,토요일,경상남도 김해시 진례면,중상사고,0,1,0,0,차량단독 - 전도전복 - 전도,안전운전불이행,건조,기타,단일로 - 기타,이륜,여,60세,중상,,,,
2019052500100209,2019년 5월 25일 10시,토요일,경상남도 김해시 수가동,중상사고,0,1,0,0,차대차 - 추돌,안전운전불이행,건조,맑음,단일로 - 기타,승용,남,32세,상해없음,화물,남,49세,중상
2019052500100223,2019년 5월 25일 10시,토요일,경상남도 거창군 거창읍,중상사고,0,1,1,0,차대사람 - 횡단중,안전운전불이행,건조,맑음,교차로 - 교차로횡단보도내,승용,남,83세,상해없음,보행자,여,60세,중상
2019052500100267,2019년 5월 25일 11시,토요일,경상남도 창원시 마산합포구 해운동,경상사고,0,0,5,0,차대차 - 측면충돌,직진우회전진행방해,건조,맑음,교차로 - 교차로안,승용,남,57세,상해없음,승용,남,48세,경상
2019052500100302,2019년 5월 25일 12시,토요일,경상남도 사천시 사천읍,중상사고,0,1,0,0,차대차 - 측면충돌,신호위반,건조,맑음,교차로 - 교차로부근,승용,남,49세,상해없음,이륜,남,44세,중상
2019052500100303,2019년 5월 25일 12시,토요일,경상남도 사천시 사남면,중상사고,0,1,3,0,차대차 - 측면충돌,안전운전불이행,건조,맑음,교차로 - 교차로부근,화물,남,74세,상해없음,승용,남,33세,중상
2019052500100304,2019년 5월 25일 12시,토요일,경상남도 밀양시 내일동,중상사고,0,1,0,0,차대사람 - 기타,안전운전불이행,건조,맑음,단일로 - 기타,승용,남,68세,상해없음,보행자,남,58세,중상
2019052500100342,2019년 5월 25일 13시,토요일,경상남도 사천시 사남면,중상사고,0,1,0,0,차대차 - 기타,신호위반,건조,맑음,교차로 - 교차로안,건설기계,남,54세,상해없음,승용,남,70세,중상
2019052500100380,2019년 5월 25일 14시,토요일,경상남도 통영시 광도면,경상사고,0,0,2,0,차대차 - 후진중충돌,안전운전불이행,건조,맑음,단일로 - 기타,승용,남,60세,상해없음,승용,남,29세,경상
2019052500100381,2019년 5월 25일 14시,토요일,경상남도 함안군 칠원읍,경상사고,0,0,1,0,차대차 - 기타,안전운전불이행,건조,맑음,교차로 - 교차로안,화물,남,49세,상해없음,자전거,남,79세,경상
2019052500100382,2019년 5월 25일 14시,토요일,경상남도 김해시 율하동,중상사고,0,2,0,0,차대차 - 기타,기타,건조,기타,교차로 - 교차로안,승용,남,50세,상해없음,승용,남,66세,중상
2019052500100424,2019년 5월 25일 15시,토요일,경상남도 함안군 칠원읍,경상사고,0,0,2,0,차대차 - 추돌,안전운전불이행,건조,맑음,단일로 - 기타,승용,남,37세,기타불명,승용,남,22세,경상
2019052500100460,2019년 5월 25일 16시,토요일,경상남도 진주시 내동면,경상사고,0,0,1,0,차대차 - 측면충돌,신호위반,건조,맑음,교차로 - 교차로안,이륜,남,73세,경상,승용,남,68세,상해없음
2019052500100461,2019년 5월 25일 16시,토요일,경상남도 창원시 진해구 태평동,경상사고,0,0,2,1,차대차 - 추돌,안전운전불이행,건조,맑음,단일로 - 기타,승용,여,56세,부상신고,승용,남,22세,경상
2019052500100462,2019년 5월 25일 16시,토요일,경상남도 김해시 관동동,부상신고사고,0,0,0,1,차량단독 - 공작물충돌,안전운전불이행,건조,맑음,주차장 - 주차장,승용,여,32세,부상신고,,,,
2019052500100463,2019년 5월 25일 16시,토요일,경상남도 김해시 진영읍,경상사고,0,0,1,0,차대차 - 측면충돌,안전운전불이행,건조,맑음,교차로 - 교차로안,승용,남,37세,상해없음,승용,남,60세,경상
2019052500100496,2019년 5월 25일 17시,토요일,경상남도 창원시 마산합포구 진북면,경상사고,0,0,1,0,차대차 - 추돌,안전운전불이행,건조,맑음,단일로 - 교량,승용,여,58세,상해없음,화물,남,62세,상해없음
2019052500100497,2019년 5월 25일 17시,토요일,경상남도 김해시 상동면,부상신고사고,0,0,0,1,차대차 - 정면충돌,안전운전불이행,건조,맑음,교차로 - 교차로안,승용,남,28세,상해없음,기타불명,남,미분류,부상신고
2019052500100498,2019년 5월 25일 17시,토요일,경상남도 하동군 악양면,중상사고,0,1,0,0,차대차 - 측면충돌,교차로운행방법위반,건조,맑음,교차로 - 교차로안,이륜,남,73세,중상,화물,남,63세,상해없음
2019052500100499,2019년 5월 25일 17시,토요일,경상남도 남해군 남해읍,경상사고,0,0,1,0,차대차 - 측면충돌,교차로운행방법위반,건조,맑음,교차로 - 교차로부근,원동기,남,74세,경상,승용,남,29세,상해없음
2019052500100533,2019년 5월 25일 18시,토요일,경상남도 함안군 가야읍,경상사고,0,0,1,0,차대차 - 측면충돌,안전운전불이행,건조,맑음,단일로 - 기타,이륜,남,71세,상해없음,승용,남,29세,상해없음
2019052500100570,2019년 5월 25일 19시,토요일,경상남도 김해시 어방동,경상사고,0,0,1,0,차대차 - 기타,안전운전불이행,건조,맑음,단일로 - 기타,이륜,남,34세,경상,승용,여,43세,상해없음
2019052500100598,2019년 5월 25일 20시,토요일,경상남도 진주시 옥봉동,경상사고,0,0,1,0,차대차 - 정면충돌,신호위반,건조,맑음,교차로 - 교차로안,승용,남,43세,상해없음,승용,남,72세,상해없음
2019052500100599,2019년 5월 25일 20시,토요일,경상남도 창원시 진해구 이동,중상사고,0,1,0,0,차대차 - 추돌,안전운전불이행,건조,맑음,교차로 - 교차로부근,승용,여,47세,상해없음,승용,남,55세,중상
2019052500100600,2019년 5월 25일 20시,토요일,경상남도 통영시 광도면,경상사고,0,0,1,0,차대사람 - 차도통행중,안전운전불이행,건조,맑음,단일로 - 기타,승용,여,35세,상해없음,보행자,여,6세,경상
2019052500100601,2019년 5월 25일 20시,토요일,경상남도 밀양시 삼문동,경상사고,0,0,2,0,차대차 - 측면충돌,안전운전불이행,건조,맑음,교차로 - 교차로안,승용,여,65세,상해없음,승용,남,51세,경상
2019052500100602,2019년 5월 25일 20시,토요일,경상남도 김해시 삼계동,경상사고,0,0,1,0,차대차 - 기타,안전운전불이행,건조,맑음,교차로 - 교차로안,승용,남,54세,상해없음,이륜,남,36세,경상
2019052500100603,2019년 5월 25일 20시,토요일,경상남도 고성군 고성읍,경상사고,0,0,1,0,차대차 - 기타,직진우회전진행방해,건조,맑음,교차로 - 교차로안,승용,남,57세,상해없음,이륜,남,42세,경상
2019052500100636,2019년 5월 25일 21시,토요일,경상남도 창원시 마산합포구 월남동2가,경상사고,0,0,1,0,차대차 - 측면충돌,신호위반,건조,맑음,교차로 - 교차로안,승용,여,61세,상해없음,이륜,남,25세,경상
2019052500100637,2019년 5월 25일 21시,토요일,경상남도 창원시 마산회원구 구암동,경상사고,0,0,2,0,차대차 - 측면충돌,신호위반,건조,맑음,교차로 - 교차로안,승용,남,69세,상해없음,승용,남,65세,경상
2019052500100666,2019년 5월 25일 22시,토요일,경상남도 진주시 가좌동,경상사고,0,0,1,0,차대차 - 기타,안전운전불이행,건조,맑음,단일로 - 기타,승용,여,47세,상해없음,이륜,남,32세,경상
2019052600100057,2019년 5월 26일 02시,일요일,경상남도 양산시 덕계동,경상사고,0,0,1,0,차대차 - 측면충돌,신호위반,건조,맑음,교차로 - 교차로안,승용,여,58세,상해없음,승용,남,49세,경상
2019052600100080,2019년 5월 26일 04시,일요일,경상남도 양산시 물금읍,중상사고,0,1,0,0,차대차 - 기타,신호위반,건조,맑음,교차로 - 교차로안,승용,여,56세,상해없음,승용,남,39세,중상
2019052600100095,2019년 5월 26일 05시,일요일,경상남도 창원시 의창구 명서동,경상사고,0,0,1,0,차대차 - 측면충돌,신호위반,건조,맑음,교차로 - 교차로안,화물,남,70세,상해없음,자전거,남,22세,경상
2019052600100103,2019년 5월 26일 06시,일요일,경상남도 밀양시 상남면,경상사고,0,0,1,0,차대차 - 측면충돌,안전운전불이행,건조,맑음,교차로 - 교차로안,승용,남,44세,상해없음,승용,남,50세,경상
2019052600100137,2019년 5월 26일 09시,일요일,경상남도 양산시 평산동,중상사고,0,1,0,0,차대사람 - 횡단중,보행자보호의무위반,건조,맑음,단일로 - 기타,승용,여,55세,상해없음,보행자,여,70세,중상
2019052600100163,2019년 5월 26일 10시,일요일,경상남도 고성군 마암면,중상사고,0,1,0,0,차대차 - 측면충돌,안전운전불이행,건조,맑음,단일로 - 기타,자전거,남,30세,상해없음,자전거,남,35세,중상
2019052600100164,2019년 5월 26일 10시,일요일,경상남도 창원시 의창구 동읍,경상사고,0,0,2,0,차대차 - 측면충돌,안전운전불이행,건조,맑음,단일로 - 기타,화물,남,59세,상해없음,승용,남,55세,경상
2019052600100228,2019년 5월 26일 12시,일요일,경상남도 창원시 의창구 동읍,경상사고,0,0,1,0,차대차 - 정면충돌,안전운전불이행,건조,맑음,단일로 - 기타,승용,남,44세,상해없음,승용,남,43세,경상
2019052600100262,2019년 5월 26일 13시,일요일,경상남도 통영시 광도면,경상사고,0,0,1,0,차대차 - 추돌,안전거리미확보,건조,맑음,단일로 - 기타,승용,남,46세,상해없음,승용,남,39세,경상
2019052600100276,2019년 5월 26일 14시,일요일,경상남도 김해시 어방동,중상사고,0,1,4,2,차대차 - 측면충돌,안전운전불이행,건조,맑음,단일로 - 기타,승용,남,61세,상해없음,승용,남,34세,중상
2019052600100293,2019년 5월 26일 14시,일요일,경상남도 통영시 당동,중상사고,0,1,0,0,차량단독 - 전도전복 - 전도,안전운전불이행,건조,맑음,단일로 - 기타,이륜,남,27세,상해없음,,,,
2019052600100294,2019년 5월 26일 14시,일요일,경상남도 통영시 도산면,경상사고,0,0,2,0,차량단독 - 도로외이탈 - 추락,안전운전불이행,건조,맑음,기타 - 기타,승용,여,53세,상해없음,,,,
2019052600100295,2019년 5월 26일 14시,일요일,경상남도 창원시 성산구 상남동,경상사고,0,0,1,0,차대차 - 측면충돌,안전운전불이행,건조,맑음,교차로 - 교차로부근,승용,남,60세,상해없음,승용,남,29세,경상
2019052600100314,2019년 5월 26일 15시,일요일,경상남도 김해시 대동면,중상사고,0,1,12,0,차대차 - 추돌,안전운전불이행,건조,맑음,단일로 - 기타,승용,여,29세,경상,화물,남,62세,경상
2019052600100338,2019년 5월 26일 15시,일요일,경상남도 합천군 합천읍,경상사고,0,0,1,0,차대차 - 측면충돌,교차로운행방법위반,건조,맑음,교차로 - 교차로안,승용,여,25세,상해없음,승용,남,43세,경상
2019052600100339,2019년 5월 26일 15시,일요일,경상남도 창원시 성산구 사파동,경상사고,0,0,1,0,차대차 - 추돌,안전운전불이행,건조,맑음,교차로 - 교차로부근,승용,여,52세,상해없음,승용,여,50세,경상
2019052600100340,2019년 5월 26일 15시,일요일,경상남도 창원시 마산합포구 산호동,경상사고,0,0,1,0,차대차 - 측면충돌,안전운전불이행,건조,맑음,교차로 - 교차로안,승용,여,53세,상해없음,승용,남,30세,경상
2019052600100375,2019년 5월 26일 16시,일요일,경상남도 통영시 도남동,중상사고,0,1,0,0,차대차 - 측면충돌,안전운전불이행,건조,맑음,주차장 - 주차장,기타불명,여,43세,중상,승용,남,38세,상해없음
2019052600100431,2019년 5월 26일 18시,일요일,경상남도 거창군 남상면,사망사고,1,0,0,0,차대차 - 측면충돌,안전운전불이행,건조,맑음,교차로 - 교차로안,승합,여,42세,상해없음,이륜,여,64세,사망
2019052600100455,2019년 5월 26일 19시,일요일,경상남도 창원시 마산회원구 내서읍,경상사고,0,0,1,0,차대차 - 정면충돌,안전운전불이행,건조,맑음,단일로 - 기타,승용,남,39세,상해없음,원동기,남,24세,경상
2019052600100505,2019년 5월 26일 21시,일요일,경상남도 김해시 구산동,중상사고,0,1,0,0,차대차 - 측면충돌,안전운전불이행,건조,맑음,단일로 - 기타,승용,남,39세,상해없음,자전거,남,22세,중상
2019052600100506,2019년 5월 26일 21시,일요일,경상남도 양산시 물금읍,경상사고,0,0,1,0,차대차 - 기타,안전운전불이행,건조,맑음,교차로 - 교차로안,승용,여,40세,상해없음,승용,남,24세,경상
2019052600100507,2019년 5월 26일 21시,일요일,경상남도 창원시 의창구 사림동,경상사고,0,0,1,0,차대차 - 측면충돌,안전운전불이행,건조,맑음,교차로 - 교차로안,승용,남,65세,상해없음,승용,남,23세,경상
2019052700100037,2019년 5월 27일 01시,월요일,경상남도 통영시 산양읍,부상신고사고,0,0,0,1,차대사람 - 기타,안전운전불이행,건조,맑음,단일로 - 기타,승용,여,19세,상해없음,보행자,남,20세,부상신고
2019052700100062,2019년 5월 27일 04시,월요일,경상남도 하동군 옥종면,중상사고,0,2,0,0,차량단독 - 공작물충돌,안전운전불이행,젖음/습기,비,단일로 - 기타,화물,남,22세,중상,,,,
2019052700100072,2019년 5월 27일 05시,월요일,경상남도 밀양시 상남면,경상사고,0,0,1,1,차대차 - 측면충돌,신호위반,젖음/습기,비,교차로 - 교차로안,승용,남,44세,경상,승용,남,57세,부상신고
2019052700100099,2019년 5월 27일 07시,월요일,경상남도 김해시 진례면,경상사고,0,0,1,0,차대차 - 추돌,안전거리미확보,젖음/습기,비,단일로 - 기타,승용,여,29세,상해없음,승용,남,62세,경상
2019052700100115,2019년 5월 27일 07시,월요일,경상남도 사천시 용강동,경상사고,0,0,1,0,차대차 - 측면충돌,직진우회전진행방해,젖음/습기,비,교차로 - 교차로안,승용,남,67세,경상,승용,남,63세,상해없음
2019052700100116,2019년 5월 27일 07시,월요일,경상남도 김해시 진영읍,중상사고,0,1,0,0,차대차 - 측면충돌,안전운전불이행,젖음/습기,비,단일로 - 기타,승용,남,58세,상해없음,이륜,남,26세,중상
2019052700100162,2019년 5월 27일 08시,월요일,경상남도 거제시 아양동,경상사고,0,0,1,0,차대차 - 측면충돌,안전운전불이행,젖음/습기,비,교차로 - 교차로안,승용,여,43세,상해없음,승용,남,28세,경상
2019052700100191,2019년 5월 27일 09시,월요일,경상남도 김해시 삼정동,경상사고,0,0,2,0,차대차 - 추돌,안전운전불이행,젖음/습기,비,교차로 - 교차로안,승용,남,45세,상해없음,승용,여,56세,경상
2019052700100192,2019년 5월 27일 09시,월요일,경상남도 남해군 남해읍,중상사고,0,1,0,0,차대사람 - 차도통행중,안전운전불이행,젖음/습기,비,교차로 - 교차로안,승용,남,70세,상해없음,보행자,여,85세,중상
2019052700100193,2019년 5월 27일 09시,월요일,경상남도 산청군 신안면,경상사고,0,0,1,0,차량단독 - 공작물충돌,안전운전불이행,젖음/습기,비,단일로 - 기타,승용,남,42세,경상,,,,
2019052700100194,2019년 5월 27일 09시,월요일,경상남도 김해시 부곡동,경상사고,0,0,2,0,차대차 - 측면충돌,교차로운행방법위반,건조,맑음,교차로 - 교차로안,승합,남,60세,상해없음,승용,여,46세,경상
2019052700100250,2019년 5월 27일 10시,월요일,경상남도 밀양시 부북면,중상사고,0,1,0,0,차대차 - 측면충돌,안전운전불이행,젖음/습기,비,교차로 - 교차로안,승용,여,47세,상해없음,승용,남,72세,중상
2019052700100318,2019년 5월 27일 12시,월요일,경상남도 통영시 광도면,경상사고,0,0,1,0,차대사람 - 기타,안전운전불이행,젖음/습기,비,단일로 - 기타,화물,남,31세,상해없음,보행자,여,19세,경상
2019052700100319,2019년 5월 27일 12시,월요일,경상남도 창원시 성산구 중앙동,경상사고,0,0,1,0,차대차 - 측면충돌,신호위반,젖음/습기,비,교차로 - 교차로안,승용,여,75세,상해없음,승용,여,30세,경상
2019052700100354,2019년 5월 27일 13시,월요일,경상남도 밀양시 가곡동,사망사고,1,0,0,0,차대사람 - 횡단중,안전운전불이행,젖음/습기,비,교차로 - 교차로안,화물,남,57세,상해없음,보행자,남,56세,사망
2019052700100355,2019년 5월 27일 13시,월요일,경상남도 양산시 명동,경상사고,0,0,2,0,차대차 - 측면충돌,안전운전불이행,젖음/습기,비,교차로 - 교차로부근,화물,남,66세,상해없음,승용,남,30세,경상
2019052700100356,2019년 5월 27일 13시,월요일,경상남도 의령군 의령읍,경상사고,0,0,1,0,차대차 - 측면충돌,직진우회전진행방해,젖음/습기,비,교차로 - 교차로안,승용,여,32세,경상,승용,남,42세,상해없음