사고번호,사고일시,요일,시군구,사고내용,사망자수,중상자수,경상자수,부상신고자수,사고유형,법규위반,노면상태,기상상태,도로형태,가해운전자 차종,가해운전자 성별,가해운전자 연령,가해운전자 상해정도,피해운전자 차종,피해운전자 성별,피해운전자 연령,피해운전자 상해정도
2019052700100389,2019년 5월 27일 14시,월요일,경상남도 김해시 동상동,중상사고,0,1,0,0,차대차 - 측면충돌,안전운전불이행,젖음/습기,비,교차로 - 교차로안,승용,남,22세,상해없음,화물,남,30세,상해없음
2019052700100390,2019년 5월 27일 14시,월요일,경상남도 함양군 함양읍,중상사고,0,2,0,0,차량단독 - 공작물충돌,안전운전불이행,젖음/습기,흐림,단일로 - 기타,화물,남,74세,중상,,,,
2019052700100391,2019년 5월 27일 14시,월요일,경상남도 양산시 동면,사망사고,1,0,0,0,차량단독 - 도로외이탈 - 추락,안전운전불이행,젖음/습기,비,단일로 - 기타,화물,남,55세,사망,,,,
2019052700100416,2019년 5월 27일 15시,월요일,경상남도 하동군 금성면,중상사고,0,1,0,0,차대차 - 측면충돌,안전운전불이행,건조,맑음,단일로 - 기타,승용,여,63세,상해없음,이륜,여,67세,중상
2019052700100448,2019년 5월 27일 16시,월요일,경상남도 사천시 정동면,중상사고,0,1,2,0,차대차 - 측면충돌,안전운전불이행,젖음/습기,흐림,단일로 - 기타,이륜,남,70세,경상,화물,남,33세,경상
2019052700100485,2019년 5월 27일 17시,월요일,경상남도 창원시 마산합포구 예곡동,경상사고,0,0,1,0,차대차 - 추돌,안전운전불이행,젖음/습기,비,단일로 - 기타,승용,남,31세,상해없음,승용,여,34세,경상
2019052700100486,2019년 5월 27일 17시,월요일,경상남도 진주시 호탄동,경상사고,0,0,1,0,차대차 - 측면충돌,안전운전불이행,건조,맑음,교차로 - 교차로안,승용,남,41세,상해없음,승용,여,52세,경상
2019052700100487,2019년 5월 27일 17시,월요일,경상남도 진주시 초전동,경상사고,0,0,1,0,차대차 - 측면충돌,안전운전불이행,건조,맑음,교차로 - 교차로안,승용,여,65세,상해없음,승용,여,40세,경상
2019052700100488,2019년 5월 27일 17시,월요일,경상남도 사천시 동금동,경상사고,0,0,1,0,차대차 - 측면충돌,안전운전불이행,건조,맑음,교차로 - 교차로안,승용,남,64세,경상,승용,남,38세,상해없음
2019052700100489,2019년 5월 27일 17시,월요일,경상남도 김해시 삼방동,경상사고,0,0,1,0,차대차 - 기타,직진우회전진행방해,젖음/습기,비,교차로 - 교차로안,화물,남,67세,상해없음,이륜,남,33세,경상
2019052700100490,2019년 5월 27일 17시,월요일,경상남도 창원시 성산구 천선동,경상사고,0,0,1,0,차대차 - 기타,안전운전불이행,젖음/습기,비,단일로 - 기타,기타불명,기타불명,미분류,기타불명,승용,여,24세,경상
2019052700100527,2019년 5월 27일 18시,월요일,경상남도 밀양시 상남면,중상사고,0,1,6,3,차대차 - 측면충돌,신호위반,건조,맑음,교차로 - 교차로안,승용,여,38세,상해없음,승합,남,56세,중상
2019052700100528,2019년 5월 27일 18시,월요일,경상남도 거창군 거창읍,경상사고,0,0,1,0,차대사람 - 기타,안전운전불이행,젖음/습기,비,주차장 - 주차장,승용,여,52세,상해없음,보행자,여,17세,경상
2019052700100558,2019년 5월 27일 19시,월요일,경상남도 창원시 진해구 원포동,경상사고,0,0,1,0,차량단독 - 공작물충돌,안전운전불이행,젖음/습기,비,단일로 - 기타,승용,여,27세,경상,,,,
2019052700100559,2019년 5월 27일 19시,월요일,경상남도 양산시 물금읍,중상사고,0,1,0,0,차량단독 - 기타,기타,젖음/습기,비,단일로 - 기타,승합,남,33세,상해없음,,,,
2019052700100560,2019년 5월 27일 19시,월요일,경상남도 거제시 아주동,경상사고,0,0,1,0,차대차 - 측면충돌,안전운전불이행,젖음/습기,비,단일로 - 기타,승용,남,40세,상해없음,이륜,남,32세,경상
2019052700100561,2019년 5월 27일 19시,월요일,경상남도 창원시 마산합포구 산호동,중상사고,0,1,0,0,차대사람 - 횡단중,보행자보호의무위반,건조,맑음,교차로 - 교차로횡단보도내,승용,여,43세,상해없음,보행자,여,58세,중상
2019052700100582,2019년 5월 27일 20시,월요일,경상남도 김해시 삼정동,경상사고,0,0,2,0,차대차 - 정면충돌,교차로운행방법위반,건조,맑음,교차로 - 교차로안,승용,여,56세,경상,승용,여,24세,경상
2019052700100583,2019년 5월 27일 20시,월요일,경상남도 김해시 어방동,경상사고,0,0,1,0,차대사람 - 기타,안전운전불이행,건조,맑음,단일로 - 기타,기타불명,기타불명,미분류,기타불명,보행자,남,20세,경상
2019052700100644,2019년 5월 27일 23시,월요일,경상남도 양산시 다방동,중상사고,0,3,1,0,차량단독 - 기타,과속,젖음/습기,비,기타 - 기타,승용,남,50세,경상,,,,
2019052800100057,2019년 5월 28일 03시,화요일,경상남도 창원시 마산회원구 석전동,경상사고,0,0,1,0,차대차 - 측면충돌,안전운전불이행,건조,맑음,교차로 - 교차로부근,승합,남,58세,상해없음,승용,남,62세,상해없음
2019052800100114,2019년 5월 28일 07시,화요일,경상남도 진주시 상평동,사망사고,1,0,0,0,차대사람 - 차도통행중,안전운전불이행,건조,맑음,단일로 - 기타,승용,여,22세,상해없음,보행자,남,75세,사망
2019052800100147,2019년 5월 28일 08시,화요일,경상남도 창원시 마산합포구 월남동2가,부상신고사고,0,0,0,1,차대차 - 기타,신호위반,건조,맑음,교차로 - 교차로횡단보도내,승합,남,46세,상해없음,이륜,남,23세,부상신고
2019052800100148,2019년 5월 28일 08시,화요일,경상남도 양산시 삼호동,경상사고,0,0,2,0,차대차 - 추돌,안전운전불이행,건조,맑음,단일로 - 기타,승용,여,45세,상해없음,화물,남,42세,경상
2019052800100149,2019년 5월 28일 08시,화요일,경상남도 양산시 물금읍,중상사고,0,1,0,0,차대사람 - 기타,안전운전불이행,건조,맑음,기타 - 기타,화물,남,44세,상해없음,보행자,여,47세,중상
2019052800100150,2019년 5월 28일 08시,화요일,경상남도 양산시 원동면,중상사고,0,1,0,0,차량단독 - 도로외이탈 - 기타,안전운전불이행,건조,맑음,단일로 - 기타,화물,남,51세,중상,,,,
2019052800100151,2019년 5월 28일 08시,화요일,경상남도 거제시 옥포동,경상사고,0,0,3,0,차대차 - 추돌,안전운전불이행,건조,맑음,교차로 - 교차로안,승용,남,42세,상해없음,승용,남,69세,경상
2019052800100195,2019년 5월 28일 09시,화요일,경상남도 함안군 가야읍,중상사고,0,1,0,0,차대차 - 정면충돌,안전운전불이행,건조,맑음,교차로 - 교차로안,화물,남,56세,상해없음,승용,여,48세,중상
2019052800100196,2019년 5월 28일 09시,화요일,경상남도 함안군 가야읍,경상사고,0,0,1,0,차대차 - 측면충돌,중앙선침범,건조,맑음,단일로 - 기타,화물,남,70세,상해없음,승용,여,58세,경상
2019052800100197,2019년 5월 28일 09시,화요일,경상남도 김해시 흥동,경상사고,0,0,1,0,차대차 - 측면충돌,신호위반,건조,맑음,교차로 - 교차로안,승용,남,75세,상해없음,이륜,남,51세,경상
2019052800100231,2019년 5월 28일 10시,화요일,경상남도 진주시 상대동,경상사고,0,0,1,0,차대사람 - 보도통행중,신호위반,건조,맑음,단일로 - 기타,승용,여,28세,상해없음,보행자,여,49세,경상
2019052800100232,2019년 5월 28일 10시,화요일,경상남도 밀양시 내이동,중상사고,0,1,0,0,차대사람 - 횡단중,안전운전불이행,건조,맑음,교차로 - 교차로안,승용,남,46세,상해없음,보행자,남,72세,중상
2019052800100233,2019년 5월 28일 10시,화요일,경상남도 창원시 의창구 북면,중상사고,0,1,0,0,차대사람 - 기타,불법유턴,건조,맑음,단일로 - 기타,화물,남,57세,상해없음,보행자,여,67세,중상
2019052800100328,2019년 5월 28일 13시,화요일,경상남도 창원시 진해구 자은동,경상사고,0,0,1,0,차대사람 - 차도통행중,보행자보호의무위반,건조,맑음,교차로 - 교차로안,승합,남,26세,상해없음,보행자,남,90세 이상,경상
2019052800100329,2019년 5월 28일 13시,화요일,경상남도 창원시 진해구 자은동,부상신고사고,0,0,0,1,차대차 - 기타,안전운전불이행,건조,맑음,주차장 - 주차장,기타불명,기타불명,미분류,기타불명,승용,남,50세,부상신고
2019052800100330,2019년 5월 28일 13시,화요일,경상남도 통영시 광도면,중상사고,0,1,0,0,차대차 - 정면충돌,교차로운행방법위반,건조,맑음,교차로 - 교차로안,화물,남,53세,상해없음,자전거,남,64세,중상
2019052800100331,2019년 5월 28일 13시,화요일,경상남도 사천시 동동,중상사고,0,1,2,0,차대차 - 측면충돌,신호위반,건조,맑음,교차로 - 교차로안,승합,남,32세,상해없음,승용,여,27세,중상
2019052800100332,2019년 5월 28일 13시,화요일,경상남도 함안군 가야읍,경상사고,0,0,1,0,차대차 - 측면충돌,직진우회전진행방해,건조,맑음,교차로 - 교차로안,승용,남,45세,상해없음,이륜,여,65세,경상
2019052800100333,2019년 5월 28일 13시,화요일,경상남도 창원시 마산회원구 양덕동,경상사고,0,0,1,0,차대차 - 측면충돌,안전운전불이행,건조,맑음,단일로 - 기타,건설기계,남,47세,상해없음,승용,남,49세,경상
2019052800100373,2019년 5월 28일 14시,화요일,경상남도 김해시 삼정동,경상사고,0,0,1,0,차대사람 - 횡단중,보행자보호의무위반,건조,맑음,교차로 - 교차로횡단보도내,이륜,남,16세,상해없음,보행자,남,7세,경상
2019052800100374,2019년 5월 28일 14시,화요일,경상남도 합천군 가회면,중상사고,0,1,0,0,차대차 - 정면충돌,안전운전불이행,건조,맑음,단일로 - 기타,이륜,여,59세,중상,화물,남,58세,기타불명
2019052800100375,2019년 5월 28일 14시,화요일,경상남도 고성군 구만면,경상사고,0,0,1,0,차대차 - 정면충돌,안전운전불이행,건조,맑음,단일로 - 기타,이륜,남,76세,경상,화물,여,60세,상해없음
2019052800100376,2019년 5월 28일 14시,화요일,경상남도 창원시 의창구 소답동,경상사고,0,0,2,0,차대차 - 기타,안전거리미확보,건조,맑음,단일로 - 기타,승용,여,59세,상해없음,승용,남,60세,경상
2019052800100421,2019년 5월 28일 15시,화요일,경상남도 밀양시 교동,경상사고,0,0,2,0,차대차 - 측면충돌,안전운전불이행,건조,맑음,단일로 - 기타,승용,여,62세,상해없음,승용,남,26세,경상
2019052800100422,2019년 5월 28일 15시,화요일,경상남도 합천군 율곡면,중상사고,0,1,0,0,차대차 - 측면충돌,안전운전불이행,건조,맑음,단일로 - 기타,특수,남,34세,상해없음,이륜,남,83세,중상
2019052800100477,2019년 5월 28일 16시,화요일,경상남도 창원시 진해구 자은동,부상신고사고,0,0,0,1,차대차 - 기타,안전운전불이행,건조,맑음,교차로 - 교차로횡단보도내,자전거,남,27세,부상신고,승용,여,35세,상해없음
2019052800100478,2019년 5월 28일 16시,화요일,경상남도 거제시 옥포동,중상사고,0,1,0,0,차대차 - 측면충돌,교차로운행방법위반,건조,맑음,교차로 - 교차로안,승용,남,66세,상해없음,이륜,남,28세,중상
2019052800100537,2019년 5월 28일 17시,화요일,경상남도 밀양시 내이동,경상사고,0,0,1,0,차대차 - 추돌,안전운전불이행,건조,맑음,교차로 - 교차로부근,승용,여,47세,상해없음,승용,남,26세,경상
2019052800100538,2019년 5월 28일 17시,화요일,경상남도 하동군 진교면,중상사고,0,1,0,0,차대차 - 측면충돌,신호위반,건조,맑음,교차로 - 교차로안,화물,남,56세,상해없음,이륜,여,77세,중상
2019052800100539,2019년 5월 28일 17시,화요일,경상남도 의령군 의령읍,경상사고,0,0,1,0,차대차 - 후진중충돌,안전운전불이행,침수,맑음,단일로 - 지하차도(도로)내,승합,남,54세,상해없음,승용,남,46세,경상
2019052800100595,2019년 5월 28일 18시,화요일,경상남도 창원시 진해구 용원동,중상사고,0,1,0,0,차대차 - 측면충돌,교차로운행방법위반,건조,맑음,교차로 - 교차로안,승용,남,43세,상해없음,이륜,남,35세,중상
2019052800100643,2019년 5월 28일 19시,화요일,경상남도 김해시 관동동,중상사고,0,1,2,1,차대차 - 측면충돌,교차로운행방법위반,건조,맑음,교차로 - 교차로안,승용,여,57세,상해없음,승용,여,44세,경상
2019052800100680,2019년 5월 28일 20시,화요일,경상남도 양산시 동면,중상사고,0,2,0,0,차대차 - 측면충돌,신호위반,건조,맑음,교차로 - 교차로안,승용,여,45세,중상,이륜,남,32세,중상
2019052800100709,2019년 5월 28일 21시,화요일,경상남도 진주시 초전동,중상사고,0,1,0,0,차대사람 - 보도통행중,보행자보호의무위반,건조,맑음,기타 - 기타,승용,남,33세,상해없음,보행자,여,42세,중상
2019052800100710,2019년 5월 28일 21시,화요일,경상남도 밀양시 내이동,중상사고,0,1,0,0,차대사람 - 기타,신호위반,건조,맑음,교차로 - 교차로안,화물,남,36세,상해없음,보행자,남,56세,중상
2019052800100711,2019년 5월 28일 21시,화요일,경상남도 창원시 성산구 반지동,경상사고,0,0,1,0,차대차 - 측면충돌,신호위반,건조,맑음,교차로 - 교차로안,원동기,남,69세,상해없음,승용,남,55세,경상
2019052800100745,2019년 5월 28일 22시,화요일,경상남도 김해시 삼방동,경상사고,0,0,1,0,차대사람 - 기타,안전운전불이행,건조,맑음,교차로 - 교차로부근,승용,남,40세,상해없음,보행자,남,37세,경상
2019052800100746,2019년 5월 28일 22시,화요일,경상남도 김해시 동상동,중상사고,0,1,0,0,차대차 - 기타,신호위반,건조,맑음,단일로 - 기타,승합,남,40세,상해없음,승용,남,36세,중상
2019052800100779,2019년 5월 28일 23시,화요일,경상남도 김해시 무계동,경상사고,0,0,1,0,차대차 - 후진중충돌,안전운전불이행,건조,맑음,교차로 - 교차로부근,승용,남,45세,상해없음,승용,여,53세,경상
2019052900100032,2019년 5월 29일 00시,수요일,경상남도 김해시 내동,중상사고,0,1,0,0,차대차 - 측면충돌,신호위반,건조,맑음,교차로 - 교차로안,자전거,남,62세,중상,승용,남,61세,상해없음
2019052900100110,2019년 5월 29일 07시,수요일,경상남도 창원시 진해구 용원동,경상사고,0,0,2,0,차대차 - 측면충돌,중앙선침범,건조,맑음,단일로 - 기타,승용,남,21세,상해없음,승용,남,32세,경상
2019052900100111,2019년 5월 29일 07시,수요일,경상남도 창원시 진해구 여좌동,중상사고,0,1,1,0,차대차 - 추돌,안전운전불이행,건조,맑음,단일로 - 기타,승용,남,45세,기타불명,승용,남,55세,중상
2019052900100112,2019년 5월 29일 07시,수요일,경상남도 통영시 북신동,중상사고,0,1,0,0,차대차 - 측면충돌,교차로운행방법위반,건조,맑음,교차로 - 교차로안,화물,남,59세,상해없음,승용,여,49세,중상
2019052900100113,2019년 5월 29일 07시,수요일,경상남도 고성군 마암면,경상사고,0,0,1,0,차대차 - 측면충돌,교차로운행방법위반,건조,맑음,교차로 - 교차로안,농기계,남,56세,경상,승용,여,66세,상해없음
2019052900100114,2019년 5월 29일 07시,수요일,경상남도 김해시 진영읍,경상사고,0,0,1,0,차대차 - 측면충돌,안전운전불이행,건조,맑음,교차로 - 교차로안,승용,남,37세,상해없음,승용,남,38세,경상
2019052900100155,2019년 5월 29일 08시,수요일,경상남도 창원시 진해구 용원동,경상사고,0,0,1,0,차대차 - 후진중충돌,안전운전불이행,건조,맑음,단일로 - 기타,승용,남,24세,상해없음,승용,여,46세,경상
2019052900100156,2019년 5월 29일 08시,수요일,경상남도 김해시 삼계동,경상사고,0,0,1,0,차대차 - 측면충돌,안전운전불이행,건조,맑음,단일로 - 기타,화물,남,22세,상해없음,승용,여,54세,경상
2019052900100157,2019년 5월 29일 08시,수요일,경상남도 고성군 고성읍,중상사고,0,1,0,0,차대차 - 기타,안전운전불이행,건조,맑음,교차로 - 교차로안,승합,남,53세,상해없음,자전거,남,66세,중상
2019052900100158,2019년 5월 29일 08시,수요일,경상남도 김해시 진영읍,경상사고,0,0,1,0,차대사람 - 횡단중,안전운전불이행,건조,맑음,교차로 - 교차로안,승용,여,54세,상해없음,보행자,여,46세,경상
2019052900100201,2019년 5월 29일 09시,수요일,경상남도 밀양시 교동,중상사고,0,1,0,0,차대사람 - 횡단중,안전운전불이행,건조,맑음,단일로 - 기타,자전거,남,26세,상해없음,보행자,여,79세,중상
2019052900100279,2019년 5월 29일 12시,수요일,경상남도 김해시 진례면,경상사고,0,0,1,0,차대차 - 측면충돌,안전거리미확보,건조,맑음,단일로 - 기타,승용,여,35세,상해없음,화물,남,54세,경상
2019052900100287,2019년 5월 29일 12시,수요일,경상남도 사천시 동금동,경상사고,0,0,3,0,차대차 - 측면충돌,신호위반,건조,맑음,교차로 - 교차로안,승용,여,66세,경상,화물,남,68세,경상
2019052900100288,2019년 5월 29일 12시,수요일,경상남도 밀양시 삼랑진읍,사망사고,1,0,0,0,차량단독 - 전도전복 - 전도,안전운전불이행,건조,맑음,단일로 - 기타,이륜,남,59세,사망,,,,
2019052900100289,2019년 5월 29일 12시,수요일,경상남도 김해시 외동,중상사고,0,1,0,0,차대사람 - 기타,신호위반,건조,맑음,교차로 - 교차로횡단보도내,승용,여,34세,상해없음,보행자,남,16세,중상
2019052900100290,2019년 5월 29일 12시,수요일,경상남도 거제시 수월동,경상사고,0,0,3,0,차대차 - 측면충돌,신호위반,건조,맑음,교차로 - 교차로부근,승용,남,33세,상해없음,승용,여,51세,경상
2019052900100327,2019년 5월 29일 13시,수요일,경상남도 창원시 진해구 소사동,경상사고,0,0,1,0,차량단독 - 전도전복 - 전도,안전운전불이행,건조,맑음,단일로 - 기타,특수,남,63세,경상,,,,
2019052900100328,2019년 5월 29일 13시,수요일,경상남도 통영시 서호동,중상사고,0,1,0,0,차대사람 - 횡단중,안전운전불이행,건조,맑음,단일로 - 기타,이륜,남,69세,상해없음,보행자,여,72세,중상
2019052900100329,2019년 5월 29일 13시,수요일,경상남도 사천시 사천읍,경상사고,0,0,1,0,차대차 - 측면충돌,직진우회전진행방해,건조,맑음,교차로 - 교차로안,승용,남,50세,상해없음,승용,여,64세,상해없음
2019052900100358,2019년 5월 29일 14시,수요일,경상남도 진주시 지수면,경상사고,0,0,1,0,차대차 - 측면충돌,직진우회전진행방해,건조,맑음,교차로 - 교차로안,화물,남,65세,상해없음,원동기,남,75세,경상
2019052900100359,2019년 5월 29일 14시,수요일,경상남도 양산시 유산동,경상사고,0,0,1,0,차대차 - 측면충돌,신호위반,건조,맑음,교차로 - 교차로부근,이륜,남,26세,경상,화물,남,54세,상해없음
2019052900100360,2019년 5월 29일 14시,수요일,경상남도 거제시 고현동,경상사고,0,0,1,0,차대차 - 측면충돌,안전운전불이행,건조,맑음,교차로 - 교차로부근,건설기계,남,58세,상해없음,승용,여,51세,상해없음
2019052900100361,2019년 5월 29일 14시,수요일,경상남도 함안군 법수면,경상사고,0,0,1,0,차대차 - 측면충돌,안전운전불이행,건조,맑음,단일로 - 기타,승용,남,62세,상해없음,화물,여,53세,경상
2019052900100362,2019년 5월 29일 14시,수요일,경상남도 함안군 칠원읍,사망사고,1,1,2,0,차대차 - 추돌,안전거리미확보,건조,맑음,단일로 - 터널,화물,남,64세,경상,화물,남,36세,경상
2019052900100406,2019년 5월 29일 15시,수요일,경상남도 김해시 외동,부상신고사고,0,0,0,1,차대차 - 기타,안전운전불이행,건조,맑음,단일로 - 기타,이륜,남,67세,부상신고,이륜,남,22세,상해없음
2019052900100456,2019년 5월 29일 16시,수요일,경상남도 창원시 마산합포구 교방동,경상사고,0,0,1,1,차대차 - 측면충돌,신호위반,건조,맑음,교차로 - 교차로안,승용,여,51세,부상신고,승용,여,31세,경상
2019052900100457,2019년 5월 29일 16시,수요일,경상남도 밀양시 삼문동,경상사고,0,0,1,0,차대차 - 측면충돌,안전운전불이행,건조,맑음,교차로 - 교차로안,승용,여,43세,상해없음,승용,여,58세,경상
2019052900100458,2019년 5월 29일 16시,수요일,경상남도 함안군 칠서면,경상사고,0,0,1,0,차대차 - 측면충돌,안전운전불이행,건조,맑음,교차로 - 교차로안,승용,여,60세,경상,건설기계,남,58세,상해없음
2019052900100459,2019년 5월 29일 16시,수요일,경상남도 창원시 마산회원구 회원동,경상사고,0,0,1,0,차대사람 - 기타,보행자보호의무위반,건조,맑음,교차로 - 교차로횡단보도내,이륜,남,60세,상해없음,보행자,여,9세,경상
2019052900100460,2019년 5월 29일 16시,수요일,경상남도 창원시 의창구 팔용동,경상사고,0,0,1,0,차대차 - 측면충돌,교차로운행방법위반,건조,맑음,교차로 - 교차로부근,승용,남,53세,상해없음,승용,남,33세,경상
2019052900100517,2019년 5월 29일 17시,수요일,경상남도 밀양시 삼문동,경상사고,0,0,1,0,차대차 - 측면충돌,안전운전불이행,건조,맑음,교차로 - 교차로횡단보도내,승용,남,76세,상해없음,자전거,남,33세,경상
2019052900100518,2019년 5월 29일 17시,수요일,경상남도 김해시 외동,경상사고,0,0,1,0,차대차 - 기타,교차로운행방법위반,건조,맑음,교차로 - 교차로안,승용,여,54세,상해없음,승합,남,35세,경상
2019052900100519,2019년 5월 29일 17시,수요일,경상남도 양산시 어곡동,중상사고,0,1,0,0,차량단독 - 공작물충돌,안전운전불이행,건조,맑음,교차로 - 교차로안,승용,남,77세,상해없음,,,,
2019052900100520,2019년 5월 29일 17시,수요일,경상남도 거제시 고현동,경상사고,0,0,3,1,차대차 - 측면충돌,교차로운행방법위반,건조,맑음,교차로 - 교차로안,승용,남,26세,경상,승용,여,46세,경상
2019052900100521,2019년 5월 29일 17시,수요일,경상남도 산청군 산청읍,중상사고,0,1,0,0,차대사람 - 차도통행중,안전운전불이행,건조,맑음,단일로 - 기타,승용,여,58세,상해없음,보행자,여,69세,중상
2019052900100572,2019년 5월 29일 18시,수요일,경상남도 김해시 외동,경상사고,0,0,1,0,차대차 - 측면충돌,기타,건조,맑음,단일로 - 기타,승용,남,49세,상해없음,이륜,남,42세,경상
2019052900100573,2019년 5월 29일 18시,수요일,경상남도 합천군 대양면,경상사고,0,0,1,0,차량단독 - 공작물충돌,안전운전불이행,건조,맑음,단일로 - 기타,승용,여,37세,경상,,,,
2019052900100574,2019년 5월 29일 18시,수요일,경상남도 합천군 용주면,중상사고,0,2,0,0,차대차 - 측면충돌,안전운전불이행,건조,맑음,단일로 - 기타,화물,남,56세,중상,이륜,남,24세,중상
2019052900100575,2019년 5월 29일 18시,수요일,경상남도 거제시 연초면,경상사고,0,0,2,0,차대차 - 추돌,안전거리미확보,건조,맑음,단일로 - 기타,화물,남,53세,상해없음,승용,남,26세,상해없음
2019052900100576,2019년 5월 29일 18시,수요일,경상남도 함안군 칠북면,중상사고,0,1,1,0,차대차 - 측면충돌,안전운전불이행,건조,맑음,단일로 - 기타,승용,남,50세,경상,승용,남,31세,중상
2019052900100620,2019년 5월 29일 19시,수요일,경상남도 양산시 북정동,경상사고,0,0,2,0,차대차 - 측면충돌,신호위반,건조,맑음,교차로 - 교차로안,승합,남,51세,상해없음,승용,남,76세,경상
2019052900100621,2019년 5월 29일 19시,수요일,경상남도 함안군 가야읍,경상사고,0,0,1,0,차대차 - 측면충돌,안전운전불이행,건조,맑음,교차로 - 교차로부근,승용,남,49세,상해없음,승용,여,61세,경상
2019052900100649,2019년 5월 29일 20시,수요일,경상남도 창원시 의창구 북면,중상사고,0,1,0,0,차대차 - 기타,안전운전불이행,건조,맑음,단일로 - 기타,승용,남,51세,상해없음,이륜,남,23세,중상
2019052900100685,2019년 5월 29일 21시,수요일,경상남도 진주시 이현동,중상사고,0,1,0,0,차대차 - 측면충돌,교차로운행방법위반,건조,맑음,교차로 - 교차로안,승용,남,42세,상해없음,승용,여,42세,중상
2019052900100686,2019년 5월 29일 21시,수요일,경상남도 밀양시 내이동,경상사고,0,0,1,0,차대차 - 측면충돌,안전운전불이행,건조,맑음,단일로 - 기타,화물,남,66세,상해없음,승용,남,33세,경상
2019052900100697,2019년 5월 29일 22시,수요일,경상남도 김해시 부곡동,중상사고,0,1,1,0,차대차 - 추돌,안전운전불이행,건조,맑음,단일로 - 기타,승용,남,47세,상해없음,화물,남,53세,경상
2019052900100704,2019년 5월 29일 22시,수요일,경상남도 양산시 신기동,경상사고,0,0,2,0,차대차 - 측면충돌,안전운전불이행,건조,맑음,교차로 - 교차로안,승용,남,27세,상해없음,승용,남,23세,경상
2019052900100729,2019년 5월 29일 23시,수요일,경상남도 창원시 마산회원구 내서읍,경상사고,0,0,1,0,차대차 - 추돌,안전운전불이행,건조,맑음,단일로 - 기타,승용,남,53세,상해없음,화물,남,51세,상해없음
2019053000100031,2019년 5월 30일 00시,목요일,경상남도 김해시 율하동,중상사고,0,1,1,0,차대차 - 측면충돌,신호위반,건조,맑음,교차로 - 교차로안,승용,여,57세,중상,승용,남,38세,경상
2019053000100069,2019년 5월 30일 03시,목요일,경상남도 통영시 미수동,경상사고,0,0,2,0,차대차 - 측면충돌,안전운전불이행,건조,맑음,단일로 - 기타,승용,남,44세,상해없음,승용,남,62세,상해없음
2019053000100098,2019년 5월 30일 06시,목요일,경상남도 거제시 연초면,부상신고사고,0,0,0,1,차대차 - 기타,안전거리미확보,건조,맑음,단일로 - 기타,이륜,남,37세,부상신고,승용,남,36세,상해없음
2019053000100165,2019년 5월 30일 08시,목요일,경상남도 진주시 가좌동,중상사고,0,1,0,0,차대차 - 기타,안전운전불이행,건조,맑음,교차로 - 교차로횡단보도내,자전거,남,16세,중상,자전거,여,22세,상해없음
2019053000100208,2019년 5월 30일 09시,목요일,경상남도 창원시 의창구 팔용동,경상사고,0,0,1,0,차대차 - 기타,안전운전불이행,건조,맑음,교차로 - 교차로횡단보도내,승용,남,57세,상해없음,승용,여,61세,경상
2019053000100209,2019년 5월 30일 09시,목요일,경상남도 김해시 관동동,중상사고,0,1,0,0,차대차 - 측면충돌,신호위반,건조,맑음,단일로 - 기타,승용,여,35세,상해없음,자전거,여,38세,중상
2019053000100238,2019년 5월 30일 10시,목요일,경상남도 창원시 의창구 명서동,중상사고,0,1,0,0,차대사람 - 기타,안전운전불이행,건조,맑음,단일로 - 기타,화물,남,75세,상해없음,보행자,여,57세,중상
2019053000100269,2019년 5월 30일 11시,목요일,경상남도 사천시 사천읍,경상사고,0,0,1,0,차대차 - 추돌,안전운전불이행,건조,맑음,단일로 - 기타,승용,여,61세,상해없음,승용,여,71세,경상
2019053000100305,2019년 5월 30일 12시,목요일,경상남도 창원시 진해구 경화동,경상사고,0,0,1,1,차대차 - 정면충돌,직진우회전진행방해,건조,맑음,교차로 - 교차로안,이륜,남,40세,부상신고,승용,여,37세,경상
2019053000100306,2019년 5월 30일 12시,목요일,경상남도 양산시 삼호동,경상사고,0,0,1,0,차대차 - 기타,안전거리미확보,건조,맑음,단일로 - 기타,승용,남,33세,상해없음,승용,남,67세,경상
2019053000100327,2019년 5월 30일 13시,목요일,경상남도 진주시 동성동,경상사고,0,0,1,0,차대사람 - 차도통행중,안전운전불이행,건조,맑음,단일로 - 기타,승용,남,39세,상해없음,보행자,남,47세,경상
2019053000100349,2019년 5월 30일 14시,목요일,경상남도 창원시 진해구 태평동,경상사고,0,0,3,0,차대차 - 추돌,안전운전불이행,건조,맑음,교차로 - 교차로안,승용,남,57세,경상,승용,남,62세,경상
2019053000100350,2019년 5월 30일 14시,목요일,경상남도 사천시 정동면,경상사고,0,0,1,0,차대차 - 기타,안전운전불이행,건조,맑음,단일로 - 기타,승용,남,74세,상해없음,승용,여,51세,상해없음
2019053000100351,2019년 5월 30일 14시,목요일,경상남도 김해시 내동,경상사고,0,0,2,0,차대차 - 기타,안전운전불이행,건조,맑음,단일로 - 기타,승용,남,56세,상해없음,승용,남,40세,경상
2019053000100352,2019년 5월 30일 14시,목요일,경상남도 산청군 생초면,경상사고,0,0,1,0,차대차 - 정면충돌,안전운전불이행,건조,맑음,단일로 - 기타,사륜오토바이(ATV),남,78세,경상,화물,남,37세,상해없음
2019053000100377,2019년 5월 30일 15시,목요일,경상남도 창원시 마산합포구 교방동,경상사고,0,0,1,0,차대차 - 후진중충돌,안전운전불이행,건조,맑음,교차로 - 교차로안,승용,여,52세,상해없음,승용,여,40세,경상