사고번호,사고일시,요일,시군구,사고내용,사망자수,중상자수,경상자수,부상신고자수,사고유형,법규위반,노면상태,기상상태,도로형태,가해운전자 차종,가해운전자 성별,가해운전자 연령,가해운전자 상해정도,피해운전자 차종,피해운전자 성별,피해운전자 연령,피해운전자 상해정도
2019060300100194,2019년 6월 3일 09시,월요일,경상남도 밀양시 하남읍,경상사고,0,0,1,0,차대차 - 측면충돌,안전운전불이행,건조,맑음,교차로 - 교차로안,승용,여,52세,상해없음,화물,남,31세,경상
2019060300100195,2019년 6월 3일 09시,월요일,경상남도 고성군 영오면,부상신고사고,0,0,0,1,차대차 - 정면충돌,안전운전불이행,건조,맑음,단일로 - 기타,이륜,남,61세,부상신고,화물,남,53세,상해없음
2019060300100196,2019년 6월 3일 09시,월요일,경상남도 의령군 부림면,경상사고,0,0,1,0,차대차 - 측면충돌,안전운전불이행,건조,맑음,단일로 - 지하차도(도로)내,승용,남,62세,상해없음,자전거,여,52세,경상
2019060300100230,2019년 6월 3일 10시,월요일,경상남도 창원시 마산합포구 신포동2가,중상사고,0,1,0,0,차대사람 - 기타,기타,건조,맑음,단일로 - 기타,화물,남,62세,상해없음,보행자,여,83세,중상
2019060300100231,2019년 6월 3일 10시,월요일,경상남도 합천군 봉산면,중상사고,0,2,0,0,차대차 - 정면충돌,중앙선침범,건조,맑음,단일로 - 기타,화물,남,62세,중상,화물,남,71세,중상
2019060300100232,2019년 6월 3일 10시,월요일,경상남도 창원시 마산회원구 구암동,경상사고,0,0,2,0,차대차 - 측면충돌,안전운전불이행,건조,맑음,교차로 - 교차로부근,승용,남,47세,상해없음,화물,남,48세,경상
2019060300100260,2019년 6월 3일 11시,월요일,경상남도 창원시 마산합포구 중앙동2가,경상사고,0,0,1,0,차대차 - 후진중충돌,안전운전불이행,건조,맑음,기타 - 기타,승용,남,60세,상해없음,승용,여,25세,경상
2019060300100261,2019년 6월 3일 11시,월요일,경상남도 사천시 향촌동,중상사고,0,2,0,0,차대차 - 측면충돌,중앙선침범,건조,맑음,단일로 - 기타,승용,남,74세,중상,승용,남,51세,중상
2019060300100294,2019년 6월 3일 12시,월요일,경상남도 김해시 어방동,중상사고,0,1,0,0,차대사람 - 차도통행중,안전운전불이행,건조,맑음,교차로 - 교차로부근,승용,여,54세,상해없음,보행자,여,63세,중상
2019060300100322,2019년 6월 3일 13시,월요일,경상남도 거제시 장평동,경상사고,0,0,1,0,차대사람 - 기타,신호위반,건조,맑음,교차로 - 교차로안,이륜,남,37세,상해없음,보행자,여,47세,경상
2019060300100359,2019년 6월 3일 14시,월요일,경상남도 통영시 무전동,경상사고,0,0,2,0,차대차 - 측면충돌,안전거리미확보,건조,맑음,단일로 - 기타,승합,남,53세,기타불명,승용,여,59세,경상
2019060300100360,2019년 6월 3일 14시,월요일,경상남도 사천시 송포동,경상사고,0,0,2,0,차대차 - 추돌,안전운전불이행,건조,맑음,단일로 - 기타,승용,여,28세,상해없음,승용,남,27세,경상
2019060300100361,2019년 6월 3일 14시,월요일,경상남도 양산시 다방동,중상사고,0,1,0,0,차대차 - 측면충돌,안전운전불이행,건조,맑음,단일로 - 기타,승용,여,63세,상해없음,승용,남,69세,중상
2019060300100398,2019년 6월 3일 15시,월요일,경상남도 밀양시 삼문동,부상신고사고,0,0,0,1,차대사람 - 보도통행중,기타,건조,맑음,단일로 - 기타,원동기,남,67세,상해없음,보행자,여,37세,부상신고
2019060300100399,2019년 6월 3일 15시,월요일,경상남도 김해시 어방동,중상사고,0,1,0,0,차대차 - 측면충돌,안전운전불이행,건조,맑음,교차로 - 교차로부근,승용,여,48세,상해없음,승용,남,51세,중상
2019060300100400,2019년 6월 3일 15시,월요일,경상남도 창녕군 대지면,중상사고,0,1,0,0,차대차 - 기타,안전운전불이행,건조,맑음,교차로 - 교차로부근,승용,여,45세,상해없음,원동기,남,71세,중상
2019060300100401,2019년 6월 3일 15시,월요일,경상남도 함양군 함양읍,경상사고,0,0,1,0,차대차 - 측면충돌,신호위반,건조,맑음,교차로 - 교차로안,승용,남,35세,상해없음,승용,여,48세,경상
2019060300100437,2019년 6월 3일 16시,월요일,경상남도 진주시 초전동,경상사고,0,0,1,0,차대차 - 측면충돌,차로위반,건조,맑음,교차로 - 교차로안,승용,여,56세,상해없음,승용,여,50세,경상
2019060300100438,2019년 6월 3일 16시,월요일,경상남도 김해시 부원동,중상사고,0,1,0,0,차량단독 - 기타,안전운전불이행,건조,맑음,교차로 - 교차로부근,자전거,남,57세,중상,,,,
2019060300100439,2019년 6월 3일 16시,월요일,경상남도 양산시 삼호동,부상신고사고,0,0,0,1,차대차 - 추돌,안전운전불이행,건조,맑음,단일로 - 기타,승용,남,61세,상해없음,이륜,남,29세,부상신고
2019060300100474,2019년 6월 3일 17시,월요일,경상남도 김해시 구산동,경상사고,0,0,2,0,차대차 - 추돌,안전운전불이행,건조,맑음,교차로 - 교차로부근,화물,남,57세,상해없음,승용,남,34세,경상
2019060300100508,2019년 6월 3일 18시,월요일,경상남도 양산시 물금읍,중상사고,0,1,0,0,차대차 - 기타,직진우회전진행방해,건조,맑음,교차로 - 교차로안,승용,여,38세,상해없음,이륜,남,30세,중상
2019060300100558,2019년 6월 3일 20시,월요일,경상남도 창원시 마산합포구 진동면,경상사고,0,0,2,0,차대사람 - 기타,안전운전불이행,건조,맑음,단일로 - 기타,승용,남,57세,상해없음,보행자,남,34세,경상
2019060300100559,2019년 6월 3일 20시,월요일,경상남도 밀양시 하남읍,경상사고,0,0,2,0,차대사람 - 횡단중,신호위반,건조,맑음,교차로 - 교차로안,승용,여,58세,상해없음,보행자,남,14세,경상
2019060400100028,2019년 6월 4일 00시,화요일,경상남도 창원시 진해구 두동,경상사고,0,0,1,0,차대차 - 기타,안전운전불이행,건조,맑음,단일로 - 기타,기타불명,기타불명,미분류,기타불명,화물,남,41세,경상
2019060400100035,2019년 6월 4일 01시,화요일,경상남도 진주시 초전동,사망사고,1,0,1,0,차량단독 - 공작물충돌,안전운전불이행,건조,맑음,교차로 - 교차로안,이륜,남,23세,사망,,,,
2019060400100046,2019년 6월 4일 03시,화요일,경상남도 산청군 신안면,중상사고,0,1,0,0,차량단독 - 공작물충돌,안전운전불이행,건조,맑음,단일로 - 기타,승용,남,32세,중상,,,,
2019060400100047,2019년 6월 4일 03시,화요일,경상남도 창원시 성산구 남산동,경상사고,0,0,1,0,차대차 - 측면충돌,안전운전불이행,젖음/습기,기타,단일로 - 기타,승용,남,61세,상해없음,승용,여,22세,경상
2019060400100048,2019년 6월 4일 03시,화요일,경상남도 창원시 의창구 동읍,중상사고,0,1,2,0,차량단독 - 공작물충돌,안전운전불이행,건조,맑음,단일로 - 기타,승합,남,61세,상해없음,,,,
2019060400100056,2019년 6월 4일 04시,화요일,경상남도 진주시 평거동,중상사고,0,1,0,0,차대차 - 추돌,안전운전불이행,건조,맑음,교차로 - 교차로부근,이륜,남,35세,상해없음,이륜,남,78세,중상
2019060400100074,2019년 6월 4일 06시,화요일,경상남도 창원시 의창구 도계동,경상사고,0,0,1,0,차대사람 - 기타,안전운전불이행,건조,맑음,단일로 - 기타,승용,남,62세,기타불명,보행자,남,27세,경상
2019060400100143,2019년 6월 4일 08시,화요일,경상남도 함양군 수동면,중상사고,0,1,0,0,차대차 - 정면충돌,중앙선침범,건조,맑음,단일로 - 기타,승용,남,59세,상해없음,승용,남,32세,중상
2019060400100188,2019년 6월 4일 09시,화요일,경상남도 거창군 거창읍,경상사고,0,0,1,0,차대차 - 측면충돌,안전운전불이행,건조,맑음,교차로 - 교차로안,승용,여,41세,상해없음,승용,여,56세,경상
2019060400100189,2019년 6월 4일 09시,화요일,경상남도 양산시 남부동,경상사고,0,0,1,0,차대차 - 측면충돌,신호위반,건조,맑음,교차로 - 교차로안,승용,여,53세,상해없음,승용,여,25세,경상
2019060400100224,2019년 6월 4일 10시,화요일,경상남도 밀양시 내이동,경상사고,0,0,1,0,차대차 - 측면충돌,중앙선침범,건조,맑음,단일로 - 기타,화물,남,61세,상해없음,승용,여,57세,경상
2019060400100225,2019년 6월 4일 10시,화요일,경상남도 창원시 의창구 대산면,사망사고,1,0,0,0,차대차 - 기타,교차로운행방법위반,건조,맑음,교차로 - 교차로안,이륜,남,77세,사망,화물,남,25세,상해없음
2019060400100263,2019년 6월 4일 11시,화요일,경상남도 창원시 진해구 자은동,경상사고,0,0,5,1,차대차 - 정면충돌,직진우회전진행방해,건조,맑음,교차로 - 교차로안,승용,남,62세,부상신고,승용,여,41세,경상
2019060400100264,2019년 6월 4일 11시,화요일,경상남도 사천시 동금동,경상사고,0,0,1,0,차대차 - 기타,안전운전불이행,건조,맑음,단일로 - 기타,자전거,여,65세,경상,화물,남,65세,상해없음
2019060400100265,2019년 6월 4일 11시,화요일,경상남도 함안군 대산면,중상사고,0,1,1,0,차대차 - 정면충돌,중앙선침범,건조,맑음,단일로 - 기타,화물,남,79세,중상,화물,남,37세,경상
2019060400100266,2019년 6월 4일 11시,화요일,경상남도 김해시 진영읍,중상사고,0,1,0,0,차대차 - 측면충돌,안전운전불이행,건조,맑음,단일로 - 기타,화물,남,36세,상해없음,자전거,남,58세,중상
2019060400100290,2019년 6월 4일 12시,화요일,경상남도 김해시 어방동,중상사고,0,1,0,0,차대차 - 기타,신호위반,건조,맑음,단일로 - 기타,승용,남,80세,상해없음,원동기,남,22세,중상
2019060400100327,2019년 6월 4일 13시,화요일,경상남도 함안군 법수면,중상사고,0,1,0,1,차대차 - 측면충돌,신호위반,건조,맑음,교차로 - 교차로안,승용,남,64세,상해없음,화물,남,32세,부상신고
2019060400100357,2019년 6월 4일 14시,화요일,경상남도 창원시 의창구 소계동,경상사고,0,0,1,0,차대차 - 추돌,안전운전불이행,건조,맑음,교차로 - 교차로안,승용,여,31세,상해없음,승용,남,24세,경상
2019060400100387,2019년 6월 4일 15시,화요일,경상남도 창원시 마산합포구 자산동,경상사고,0,0,1,0,차대차 - 측면충돌,안전거리미확보,건조,맑음,교차로 - 교차로부근,화물,남,61세,상해없음,승용,남,71세,경상
2019060400100388,2019년 6월 4일 15시,화요일,경상남도 통영시 광도면,중상사고,0,1,0,0,차대사람 - 기타,기타,건조,맑음,단일로 - 기타,화물,남,59세,상해없음,보행자,여,37세,중상
2019060400100389,2019년 6월 4일 15시,화요일,경상남도 김해시 지내동,중상사고,0,1,0,0,차대사람 - 횡단중,보행자보호의무위반,건조,맑음,교차로 - 교차로횡단보도내,화물,남,30세,상해없음,보행자,남,7세,중상
2019060400100390,2019년 6월 4일 15시,화요일,경상남도 창원시 마산회원구 구암동,중상사고,0,1,0,0,차대사람 - 보도통행중,기타,건조,맑음,단일로 - 기타,화물,남,55세,상해없음,보행자,여,87세,중상
2019060400100430,2019년 6월 4일 16시,화요일,경상남도 창원시 마산합포구 중앙동3가,중상사고,0,1,0,0,차대사람 - 기타,안전운전불이행,건조,맑음,기타 - 기타,승용,남,29세,상해없음,보행자,남,6세,중상
2019060400100431,2019년 6월 4일 16시,화요일,경상남도 김해시 부곡동,중상사고,0,1,0,0,차대차 - 측면충돌,안전운전불이행,건조,맑음,단일로 - 기타,승용,여,42세,상해없음,승용,여,57세,상해없음
2019060400100489,2019년 6월 4일 17시,화요일,경상남도 양산시 주남동,경상사고,0,0,1,0,차대차 - 측면충돌,중앙선침범,건조,맑음,단일로 - 기타,승용,남,62세,상해없음,특수,남,47세,경상
2019060400100542,2019년 6월 4일 18시,화요일,경상남도 밀양시 내이동,중상사고,0,1,0,0,차대차 - 측면충돌,안전운전불이행,건조,맑음,교차로 - 교차로안,승용,남,33세,상해없음,이륜,남,49세,중상
2019060400100543,2019년 6월 4일 18시,화요일,경상남도 김해시 삼계동,경상사고,0,0,1,0,차대차 - 기타,안전운전불이행,건조,맑음,기타 - 기타,자전거,남,10세,경상,승용,여,46세,기타불명
2019060400100579,2019년 6월 4일 19시,화요일,경상남도 김해시 외동,경상사고,0,0,1,0,차대차 - 기타,안전운전불이행,건조,맑음,교차로 - 교차로안,이륜,남,24세,경상,승용,남,24세,상해없음
2019060400100580,2019년 6월 4일 19시,화요일,경상남도 거제시 상동동,경상사고,0,0,1,0,차대차 - 측면충돌,안전운전불이행,건조,맑음,단일로 - 기타,승용,남,53세,상해없음,승용,여,28세,경상
2019060400100581,2019년 6월 4일 19시,화요일,경상남도 함안군 가야읍,경상사고,0,0,5,0,차대차 - 추돌,안전운전불이행,건조,맑음,교차로 - 교차로안,화물,남,53세,상해없음,승용,남,41세,경상
2019060400100612,2019년 6월 4일 20시,화요일,경상남도 김해시 외동,중상사고,0,1,1,0,차대차 - 기타,안전운전불이행,건조,맑음,단일로 - 기타,승용,여,53세,상해없음,승용,남,34세,중상
2019060400100613,2019년 6월 4일 20시,화요일,경상남도 창녕군 도천면,경상사고,0,0,2,1,차대차 - 정면충돌,중앙선침범,건조,맑음,단일로 - 기타,승용,남,76세,부상신고,승용,남,53세,경상
2019060400100644,2019년 6월 4일 21시,화요일,경상남도 양산시 물금읍,중상사고,0,1,0,0,차대차 - 측면충돌,안전운전불이행,건조,맑음,교차로 - 교차로안,승용,남,53세,상해없음,자전거,남,48세,중상
2019060400100645,2019년 6월 4일 21시,화요일,경상남도 양산시 평산동,중상사고,0,1,0,0,차대차 - 측면충돌,직진우회전진행방해,건조,맑음,교차로 - 교차로안,화물,여,53세,상해없음,자전거,남,16세,중상
2019060400100646,2019년 6월 4일 21시,화요일,경상남도 창원시 의창구 팔용동,경상사고,0,0,1,0,차대차 - 추돌,교차로운행방법위반,건조,맑음,교차로 - 교차로안,승용,남,36세,상해없음,승용,여,39세,경상
2019060500100052,2019년 6월 5일 01시,수요일,경상남도 양산시 상북면,경상사고,0,0,1,0,차대사람 - 기타,안전운전불이행,건조,맑음,단일로 - 기타,승용,남,58세,상해없음,보행자,남,51세,경상
2019060500100087,2019년 6월 5일 06시,수요일,경상남도 김해시 대동면,경상사고,0,0,2,0,차대차 - 측면충돌,교차로운행방법위반,건조,맑음,교차로 - 교차로안,승용,여,52세,상해없음,승용,남,64세,경상
2019060500100101,2019년 6월 5일 07시,수요일,경상남도 창원시 진해구 경화동,중상사고,0,1,0,0,차대사람 - 차도통행중,안전운전불이행,건조,맑음,단일로 - 기타,승용,남,76세,상해없음,보행자,여,55세,중상
2019060500100102,2019년 6월 5일 07시,수요일,경상남도 합천군 쌍책면,사망사고,1,0,1,0,차량단독 - 기타,안전운전불이행,건조,맑음,단일로 - 기타,화물,남,44세,상해없음,,,,
2019060500100149,2019년 6월 5일 08시,수요일,경상남도 진주시 초전동,경상사고,0,0,1,0,차대차 - 추돌,안전거리미확보,건조,맑음,단일로 - 기타,승용,남,31세,상해없음,승용,여,42세,경상
2019060500100150,2019년 6월 5일 08시,수요일,경상남도 김해시 삼문동,중상사고,0,1,3,0,차대차 - 측면충돌,안전운전불이행,건조,맑음,교차로 - 교차로부근,승용,여,44세,경상,승용,여,40세,경상
2019060500100197,2019년 6월 5일 09시,수요일,경상남도 하동군 하동읍,경상사고,0,0,1,0,차대사람 - 길가장자리구역통행중,안전운전불이행,건조,맑음,기타 - 기타,승용,남,65세,상해없음,보행자,남,57세,경상
2019060500100198,2019년 6월 5일 09시,수요일,경상남도 산청군 단성면,경상사고,0,0,1,0,차대차 - 측면충돌,안전운전불이행,건조,맑음,단일로 - 기타,승용,여,54세,상해없음,이륜,남,86세,경상
2019060500100199,2019년 6월 5일 09시,수요일,경상남도 김해시 진례면,경상사고,0,0,1,0,차대차 - 추돌,안전운전불이행,건조,맑음,단일로 - 기타,화물,남,39세,상해없음,자전거,남,54세,경상
2019060500100249,2019년 6월 5일 11시,수요일,경상남도 통영시 북신동,중상사고,0,1,0,0,차대사람 - 기타,안전운전불이행,건조,맑음,교차로 - 교차로안,화물,남,45세,상해없음,보행자,여,75세,중상
2019060500100250,2019년 6월 5일 11시,수요일,경상남도 고성군 고성읍,경상사고,0,0,2,0,차대차 - 후진중충돌,안전운전불이행,건조,맑음,주차장 - 주차장,승용,남,70세,상해없음,승용,남,49세,경상
2019060500100251,2019년 6월 5일 11시,수요일,경상남도 김해시 흥동,경상사고,0,0,1,0,차대차 - 측면충돌,신호위반,건조,맑음,교차로 - 교차로안,화물,남,62세,상해없음,승용,여,48세,경상
2019060500100289,2019년 6월 5일 12시,수요일,경상남도 양산시 소주동,중상사고,0,1,0,0,차대사람 - 기타,안전운전불이행,건조,맑음,교차로 - 교차로안,승용,여,63세,상해없음,보행자,여,44세,중상
2019060500100322,2019년 6월 5일 13시,수요일,경상남도 밀양시 삼랑진읍,중상사고,0,1,0,0,차대사람 - 기타,기타,건조,맑음,단일로 - 기타,승합,남,59세,상해없음,보행자,여,76세,중상
2019060500100323,2019년 6월 5일 13시,수요일,경상남도 거제시 문동동,중상사고,0,2,0,0,차대차 - 기타,안전운전불이행,건조,맑음,교차로 - 교차로안,승용,여,36세,중상,승용,여,40세,중상
2019060500100324,2019년 6월 5일 13시,수요일,경상남도 창원시 의창구 팔용동,중상사고,0,1,0,0,차대차 - 기타,기타,건조,맑음,교차로 - 교차로안,승용,남,66세,상해없음,승합,남,47세,상해없음
2019060500100368,2019년 6월 5일 14시,수요일,경상남도 밀양시 내이동,경상사고,0,0,1,0,차대차 - 측면충돌,안전운전불이행,건조,맑음,교차로 - 교차로안,승용,남,64세,상해없음,사륜오토바이(ATV),남,54세,경상
2019060500100411,2019년 6월 5일 15시,수요일,경상남도 창원시 마산합포구 상남동,중상사고,0,1,0,0,차대사람 - 횡단중,안전운전불이행,건조,맑음,단일로 - 기타,이륜,남,60세,상해없음,보행자,여,72세,중상
2019060500100412,2019년 6월 5일 15시,수요일,경상남도 양산시 중부동,중상사고,0,1,0,0,차대차 - 추돌,안전거리미확보,건조,맑음,단일로 - 기타,승용,남,36세,상해없음,화물,남,44세,중상
2019060500100454,2019년 6월 5일 16시,수요일,경상남도 창원시 마산합포구 자산동,중상사고,0,1,1,0,차대차 - 측면충돌,중앙선침범,건조,맑음,단일로 - 기타,승합,남,45세,상해없음,이륜,남,75세,중상
2019060500100455,2019년 6월 5일 16시,수요일,경상남도 창원시 진해구 덕산동,중상사고,0,1,0,0,차대사람 - 횡단중,안전운전불이행,건조,맑음,단일로 - 기타,승용,여,45세,상해없음,보행자,남,8세,중상
2019060500100456,2019년 6월 5일 16시,수요일,경상남도 김해시 생림면,경상사고,0,0,1,0,차대차 - 측면충돌,안전운전불이행,건조,맑음,단일로 - 기타,화물,여,64세,상해없음,원동기,남,75세,경상
2019060500100457,2019년 6월 5일 16시,수요일,경상남도 거창군 거창읍,중상사고,0,1,0,0,차대사람 - 횡단중,안전운전불이행,건조,맑음,단일로 - 기타,승용,여,41세,상해없음,보행자,남,8세,중상
2019060500100458,2019년 6월 5일 16시,수요일,경상남도 거제시 사등면,경상사고,0,0,2,0,차대차 - 측면충돌,기타,건조,맑음,교차로 - 교차로안,승용,여,70세,상해없음,화물,남,31세,경상
2019060500100459,2019년 6월 5일 16시,수요일,경상남도 남해군 고현면,경상사고,0,0,1,0,차량단독 - 공작물충돌,안전운전불이행,건조,맑음,단일로 - 기타,화물,남,56세,경상,,,,
2019060500100520,2019년 6월 5일 17시,수요일,경상남도 양산시 중부동,중상사고,0,1,1,0,차대차 - 측면충돌,직진우회전진행방해,건조,맑음,교차로 - 교차로안,승용,여,60세,경상,이륜,남,17세,중상
2019060500100521,2019년 6월 5일 17시,수요일,경상남도 김해시 대청동,중상사고,0,1,3,0,차대차 - 추돌,안전운전불이행,건조,맑음,단일로 - 기타,승용,남,51세,상해없음,승용,여,40세,중상
2019060500100572,2019년 6월 5일 18시,수요일,경상남도 창원시 마산합포구 진동면,경상사고,0,0,1,0,차대차 - 정면충돌,중앙선침범,건조,맑음,단일로 - 기타,승합,남,51세,상해없음,승용,여,62세,경상
2019060500100573,2019년 6월 5일 18시,수요일,경상남도 창원시 마산회원구 양덕동,경상사고,0,0,1,0,차대사람 - 횡단중,보행자보호의무위반,건조,맑음,교차로 - 교차로횡단보도내,승용,남,62세,상해없음,보행자,남,67세,경상
2019060500100621,2019년 6월 5일 19시,수요일,경상남도 김해시 삼계동,경상사고,0,0,2,0,차대차 - 추돌,안전거리미확보,건조,맑음,단일로 - 기타,승용,여,37세,상해없음,승용,남,61세,상해없음
2019060500100655,2019년 6월 5일 20시,수요일,경상남도 거제시 거제면,경상사고,0,0,2,0,차대차 - 기타,교차로운행방법위반,건조,맑음,교차로 - 교차로안,화물,여,53세,경상,이륜,남,46세,경상
2019060500100696,2019년 6월 5일 21시,수요일,경상남도 김해시 주촌면,경상사고,0,0,1,0,차대차 - 측면충돌,신호위반,건조,맑음,교차로 - 교차로안,이륜,남,25세,경상,기타불명,기타불명,미분류,기타불명
2019060500100737,2019년 6월 5일 22시,수요일,경상남도 진주시 정촌면,중상사고,0,1,2,0,차대차 - 측면충돌,신호위반,건조,맑음,교차로 - 교차로안,승용,남,47세,기타불명,승용,여,51세,중상
2019060500100738,2019년 6월 5일 22시,수요일,경상남도 사천시 사천읍,중상사고,0,1,0,0,차대차 - 측면충돌,안전운전불이행,건조,맑음,교차로 - 교차로부근,승용,남,46세,상해없음,자전거,남,45세,중상
2019060500100739,2019년 6월 5일 22시,수요일,경상남도 거제시 아주동,중상사고,0,1,0,0,차대사람 - 횡단중,안전운전불이행,건조,맑음,교차로 - 교차로부근,승합,남,45세,상해없음,보행자,남,28세,중상
2019060500100767,2019년 6월 5일 23시,수요일,경상남도 통영시 무전동,중상사고,0,1,0,0,차대사람 - 횡단중,안전운전불이행,건조,맑음,교차로 - 교차로안,승용,남,45세,상해없음,보행자,여,15세,중상
2019060500100768,2019년 6월 5일 23시,수요일,경상남도 사천시 사천읍,중상사고,0,1,0,0,차대사람 - 횡단중,안전운전불이행,건조,맑음,단일로 - 기타,승용,남,38세,상해없음,보행자,남,56세,중상
2019060500100769,2019년 6월 5일 23시,수요일,경상남도 김해시 율하동,중상사고,0,1,2,0,차대차 - 측면충돌,신호위반,건조,맑음,교차로 - 교차로안,승용,남,62세,상해없음,화물,남,35세,경상
2019060600100036,2019년 6월 6일 00시,목요일,경상남도 창원시 의창구 동읍,경상사고,0,0,1,0,차대차 - 추돌,안전운전불이행,건조,맑음,교차로 - 교차로부근,승용,남,40세,상해없음,승용,여,24세,경상
2019060600100051,2019년 6월 6일 01시,목요일,경상남도 거제시 문동동,중상사고,0,2,0,0,차대차 - 측면충돌,직진우회전진행방해,건조,맑음,교차로 - 교차로안,승용,남,48세,상해없음,기타불명,남,17세,중상
2019060600100106,2019년 6월 6일 05시,목요일,경상남도 창원시 진해구 용원동,경상사고,0,0,5,0,차대차 - 기타,안전운전불이행,건조,맑음,단일로 - 기타,승용,남,70세,상해없음,승용,남,53세,경상
2019060600100107,2019년 6월 6일 05시,목요일,경상남도 창녕군 부곡면,중상사고,0,1,3,0,차대차 - 측면충돌,직진우회전진행방해,건조,맑음,교차로 - 교차로안,승용,남,59세,상해없음,승합,남,64세,상해없음
2019060600100116,2019년 6월 6일 06시,목요일,경상남도 창원시 마산회원구 봉암동,중상사고,0,1,0,0,차량단독 - 전도전복 - 전도,안전운전불이행,건조,맑음,단일로 - 기타,이륜,남,30세,중상,,,,
2019060600100124,2019년 6월 6일 07시,목요일,경상남도 양산시 동면,중상사고,0,1,0,0,차대사람 - 횡단중,안전운전불이행,건조,맑음,교차로 - 교차로안,이륜,남,26세,상해없음,보행자,남,75세,중상
2019060600100143,2019년 6월 6일 08시,목요일,경상남도 통영시 무전동,중상사고,0,1,1,0,차대차 - 측면충돌,교차로운행방법위반,건조,맑음,교차로 - 교차로안,승용,남,64세,상해없음,이륜,남,80세,중상
2019060600100144,2019년 6월 6일 08시,목요일,경상남도 하동군 금남면,중상사고,0,1,0,0,차대사람 - 기타,안전운전불이행,건조,맑음,단일로 - 기타,승용,여,18세,상해없음,보행자,여,76세,중상
2019060600100157,2019년 6월 6일 09시,목요일,경상남도 밀양시 삼문동,경상사고,0,0,1,0,차대사람 - 기타,안전운전불이행,건조,맑음,주차장 - 주차장,승용,남,62세,상해없음,보행자,남,60세,경상
2019060600100174,2019년 6월 6일 10시,목요일,경상남도 창원시 마산합포구 진전면,경상사고,0,0,3,0,차대차 - 정면충돌,중앙선침범,건조,맑음,단일로 - 기타,이륜,남,63세,경상,승용,남,60세,경상
2019060600100175,2019년 6월 6일 10시,목요일,경상남도 남해군 이동면,중상사고,0,1,1,0,차대차 - 추돌,안전운전불이행,건조,맑음,교차로 - 교차로부근,이륜,남,44세,경상,자전거,남,51세,중상
2019060600100200,2019년 6월 6일 11시,목요일,경상남도 창원시 마산합포구 자산동,경상사고,0,0,1,0,차대사람 - 횡단중,보행자보호의무위반,건조,맑음,기타 - 기타,승용,남,58세,상해없음,보행자,남,50세,경상
2019060600100201,2019년 6월 6일 11시,목요일,경상남도 김해시 부원동,경상사고,0,0,2,0,차대차 - 추돌,안전운전불이행,건조,맑음,교차로 - 교차로부근,승용,남,59세,상해없음,승용,남,55세,상해없음
2019060600100231,2019년 6월 6일 12시,목요일,경상남도 사천시 동금동,중상사고,0,1,0,0,차대차 - 측면충돌,안전운전불이행,건조,흐림,단일로 - 기타,승용,남,37세,상해없음,이륜,남,61세,중상
2019060600100271,2019년 6월 6일 13시,목요일,경상남도 김해시 삼정동,중상사고,0,1,0,0,차대차 - 측면충돌,중앙선침범,건조,맑음,교차로 - 교차로부근,승용,남,35세,상해없음,이륜,남,22세,중상
2019060600100272,2019년 6월 6일 13시,목요일,경상남도 창녕군 부곡면,경상사고,0,0,2,0,차대차 - 측면충돌,중앙선침범,건조,맑음,교차로 - 교차로부근,승용,남,29세,상해없음,승용,남,35세,경상
2019060600100302,2019년 6월 6일 14시,목요일,경상남도 진주시 인사동,경상사고,0,0,1,0,차대차 - 측면충돌,안전운전불이행,건조,맑음,단일로 - 기타,승용,여,58세,상해없음,자전거,남,52세,경상
2019060600100303,2019년 6월 6일 14시,목요일,경상남도 밀양시 부북면,경상사고,0,0,2,1,차대차 - 측면충돌,교차로운행방법위반,건조,맑음,교차로 - 교차로부근,농기계,남,67세,상해없음,승용,남,39세,경상
2019060600100304,2019년 6월 6일 14시,목요일,경상남도 창원시 성산구 남산동,경상사고,0,0,2,0,차대차 - 측면충돌,안전운전불이행,건조,맑음,기타 - 기타,승용,남,30세,경상,이륜,남,30세,경상
2019060600100305,2019년 6월 6일 14시,목요일,경상남도 김해시 관동동,경상사고,0,0,3,0,차대차 - 측면충돌,안전운전불이행,건조,맑음,교차로 - 교차로안,승용,여,35세,경상,승용,남,28세,경상
2019060600100370,2019년 6월 6일 16시,목요일,경상남도 고성군 고성읍,경상사고,0,0,1,0,차대사람 - 길가장자리구역통행중,안전운전불이행,건조,맑음,교차로 - 교차로안,화물,남,56세,상해없음,보행자,여,78세,경상
2019060600100404,2019년 6월 6일 17시,목요일,경상남도 양산시 다방동,중상사고,0,1,0,0,차대차 - 측면충돌,중앙선침범,건조,맑음,단일로 - 기타,승용,남,59세,상해없음,승용,남,20세,중상
2019060600100405,2019년 6월 6일 17시,목요일,경상남도 김해시 진영읍,경상사고,0,0,1,0,차대차 - 추돌,안전운전불이행,건조,흐림,단일로 - 기타,승용,남,60세,상해없음,승용,여,47세,상해없음
2019060600100434,2019년 6월 6일 18시,목요일,경상남도 하동군 화개면,중상사고,0,2,0,0,차대차 - 추돌,안전운전불이행,젖음/습기,비,단일로 - 기타,승용,남,44세,상해없음,승용,남,55세,중상
2019060600100435,2019년 6월 6일 18시,목요일,경상남도 창원시 의창구 팔용동,경상사고,0,0,2,0,차대차 - 추돌,안전운전불이행,젖음/습기,흐림,교차로 - 교차로부근,승용,남,61세,상해없음,승용,남,33세,경상
2019060600100477,2019년 6월 6일 19시,목요일,경상남도 김해시 부원동,경상사고,0,0,1,0,차대차 - 추돌,안전거리미확보,젖음/습기,비,교차로 - 교차로부근,승용,남,61세,상해없음,승용,남,57세,상해없음