사고번호,사고일시,요일,시군구,사고내용,사망자수,중상자수,경상자수,부상신고자수,사고유형,법규위반,노면상태,기상상태,도로형태,가해운전자 차종,가해운전자 성별,가해운전자 연령,가해운전자 상해정도,피해운전자 차종,피해운전자 성별,피해운전자 연령,피해운전자 상해정도
2019060600100478,2019년 6월 6일 19시,목요일,경상남도 김해시 진영읍,경상사고,0,0,1,0,차대차 - 측면충돌,안전운전불이행,건조,맑음,교차로 - 교차로안,원동기,남,42세,상해없음,승용,여,38세,상해없음
2019060600100511,2019년 6월 6일 20시,목요일,경상남도 창원시 마산합포구 월영동,중상사고,0,1,0,0,차량단독 - 기타,기타,젖음/습기,비,단일로 - 기타,승합,남,58세,상해없음,,,,
2019060600100512,2019년 6월 6일 20시,목요일,경상남도 김해시 삼정동,경상사고,0,0,1,0,차대차 - 측면충돌,신호위반,젖음/습기,비,교차로 - 교차로안,승용,남,66세,상해없음,이륜,남,30세,경상
2019060600100513,2019년 6월 6일 20시,목요일,경상남도 양산시 북정동,경상사고,0,0,2,0,차대차 - 추돌,안전운전불이행,젖음/습기,비,교차로 - 교차로부근,승용,남,59세,상해없음,승용,남,23세,경상
2019060600100514,2019년 6월 6일 20시,목요일,경상남도 양산시 물금읍,경상사고,0,0,1,0,차대차 - 기타,안전운전불이행,건조,맑음,단일로 - 기타,승용,여,28세,상해없음,이륜,남,38세,경상
2019060600100515,2019년 6월 6일 20시,목요일,경상남도 창원시 성산구 중앙동,중상사고,0,2,0,0,차대차 - 측면충돌,신호위반,기타,비,교차로 - 교차로부근,승용,남,64세,중상,이륜,남,39세,중상
2019060600100567,2019년 6월 6일 21시,목요일,경상남도 진주시 신안동,중상사고,0,1,0,0,차대사람 - 횡단중,안전운전불이행,젖음/습기,비,교차로 - 교차로안,승용,여,50세,상해없음,보행자,여,60세,중상
2019060600100568,2019년 6월 6일 21시,목요일,경상남도 김해시 서상동,경상사고,0,0,1,0,차량단독 - 전도전복 - 전도,안전운전불이행,젖음/습기,비,교차로 - 교차로부근,이륜,남,43세,경상,,,,
2019060600100569,2019년 6월 6일 21시,목요일,경상남도 양산시 어곡동,경상사고,0,0,2,0,차대차 - 측면충돌,안전거리미확보,젖음/습기,비,단일로 - 기타,화물,여,59세,상해없음,승용,남,24세,경상
2019060600100570,2019년 6월 6일 21시,목요일,경상남도 사천시 축동면,경상사고,0,0,5,0,차대차 - 추돌,안전운전불이행,젖음/습기,비,단일로 - 기타,승용,남,47세,기타불명,승용,여,57세,경상
2019060600100643,2019년 6월 6일 23시,목요일,경상남도 창원시 마산합포구 중앙동3가,중상사고,0,1,0,0,차대사람 - 횡단중,안전운전불이행,젖음/습기,비,교차로 - 교차로횡단보도내,승용,남,29세,상해없음,보행자,남,43세,중상
2019060700100040,2019년 6월 7일 00시,금요일,경상남도 사천시 사천읍,중상사고,0,1,0,0,차대차 - 측면충돌,안전운전불이행,젖음/습기,비,교차로 - 교차로안,승용,남,47세,상해없음,승용,여,51세,중상
2019060700100064,2019년 6월 7일 02시,금요일,경상남도 진주시 강남동,경상사고,0,0,1,0,차대차 - 측면충돌,신호위반,젖음/습기,비,교차로 - 교차로안,승용,남,61세,상해없음,승용,남,23세,경상
2019060700100127,2019년 6월 7일 07시,금요일,경상남도 양산시 북부동,경상사고,0,0,1,0,차대사람 - 횡단중,보행자보호의무위반,건조,맑음,교차로 - 교차로안,승용,남,61세,상해없음,보행자,남,13세,경상
2019060700100158,2019년 6월 7일 08시,금요일,경상남도 창원시 진해구 여좌동,경상사고,0,0,1,0,차대차 - 정면충돌,안전운전불이행,건조,맑음,교차로 - 교차로안,이륜,남,64세,경상,승용,남,57세,기타불명
2019060700100159,2019년 6월 7일 08시,금요일,경상남도 창원시 진해구 이동,경상사고,0,0,1,1,차대차 - 정면충돌,직진우회전진행방해,건조,맑음,교차로 - 교차로안,승용,여,48세,부상신고,승용,여,38세,경상
2019060700100160,2019년 6월 7일 08시,금요일,경상남도 창원시 마산회원구 양덕동,경상사고,0,0,1,0,차대차 - 추돌,신호위반,건조,맑음,단일로 - 터널,승용,남,20세,상해없음,승용,남,33세,경상
2019060700100226,2019년 6월 7일 10시,금요일,경상남도 창원시 마산합포구 진동면,중상사고,0,1,3,0,차대차 - 측면충돌,안전운전불이행,건조,맑음,교차로 - 교차로안,승용,여,54세,상해없음,승용,남,64세,경상
2019060700100254,2019년 6월 7일 11시,금요일,경상남도 사천시 곤양면,사망사고,1,0,0,0,차대사람 - 기타,안전운전불이행,건조,흐림,교차로 - 교차로부근,승용,남,46세,상해없음,보행자,남,66세,사망
2019060700100255,2019년 6월 7일 11시,금요일,경상남도 창원시 의창구 도계동,경상사고,0,0,1,0,차대차 - 측면충돌,안전거리미확보,건조,맑음,교차로 - 교차로부근,화물,남,59세,상해없음,화물,남,62세,경상
2019060700100287,2019년 6월 7일 12시,금요일,경상남도 김해시 내동,경상사고,0,0,1,0,차대차 - 측면충돌,차로위반,젖음/습기,비,교차로 - 교차로부근,승용,여,52세,상해없음,이륜,남,19세,경상
2019060700100323,2019년 6월 7일 13시,금요일,경상남도 통영시 명정동,경상사고,0,0,1,0,차대차 - 정면충돌,직진우회전진행방해,건조,맑음,교차로 - 교차로안,승용,남,52세,상해없음,승용,여,28세,경상
2019060700100353,2019년 6월 7일 14시,금요일,경상남도 창원시 진해구 이동,경상사고,0,0,1,0,차대차 - 정면충돌,안전운전불이행,건조,맑음,교차로 - 교차로안,승용,남,64세,상해없음,이륜,남,40세,경상
2019060700100354,2019년 6월 7일 14시,금요일,경상남도 김해시 외동,사망사고,1,0,0,0,차대차 - 추돌,안전운전불이행,젖음/습기,비,교차로 - 교차로부근,승용,여,50세,상해없음,이륜,남,53세,사망
2019060700100355,2019년 6월 7일 14시,금요일,경상남도 거제시 사등면,경상사고,0,0,1,0,차대차 - 기타,안전운전불이행,건조,맑음,단일로 - 지하차도(도로)내,화물,남,71세,경상,화물,남,70세,상해없음
2019060700100356,2019년 6월 7일 14시,금요일,경상남도 창원시 의창구 명서동,경상사고,0,0,1,0,차대차 - 추돌,안전운전불이행,건조,맑음,단일로 - 기타,승용,여,43세,경상,화물,남,58세,상해없음
2019060700100432,2019년 6월 7일 16시,금요일,경상남도 진주시 명석면,사망사고,1,0,0,0,차량단독 - 공작물충돌,안전운전불이행,건조,흐림,단일로 - 기타,이륜,남,50세,사망,,,,
2019060700100511,2019년 6월 7일 18시,금요일,경상남도 창원시 진해구 충무동,중상사고,0,1,0,0,차대사람 - 차도통행중,안전운전불이행,젖음/습기,비,단일로 - 기타,승용,남,40세,상해없음,보행자,남,59세,중상
2019060700100512,2019년 6월 7일 18시,금요일,경상남도 양산시 주진동,경상사고,0,0,3,0,차대차 - 측면충돌,신호위반,젖음/습기,비,교차로 - 교차로안,화물,남,61세,상해없음,승용,남,55세,경상
2019060700100546,2019년 6월 7일 19시,금요일,경상남도 통영시 도천동,경상사고,0,0,1,1,차대차 - 정면충돌,직진우회전진행방해,건조,맑음,교차로 - 교차로안,승용,여,48세,경상,승용,남,34세,부상신고
2019060700100547,2019년 6월 7일 19시,금요일,경상남도 김해시 삼계동,경상사고,0,0,1,0,차대차 - 기타,안전운전불이행,건조,맑음,단일로 - 기타,승용,남,43세,상해없음,승용,남,42세,경상
2019060700100548,2019년 6월 7일 19시,금요일,경상남도 함안군 법수면,중상사고,0,1,0,0,차대차 - 측면충돌,안전운전불이행,건조,맑음,단일로 - 기타,화물,남,63세,상해없음,승용,여,54세,중상
2019060700100585,2019년 6월 7일 20시,금요일,경상남도 거제시 상동동,경상사고,0,0,3,0,차대차 - 측면충돌,신호위반,젖음/습기,맑음,교차로 - 교차로안,승용,남,38세,상해없음,승용,남,45세,상해없음
2019060700100586,2019년 6월 7일 20시,금요일,경상남도 김해시 진영읍,경상사고,0,0,1,0,차대사람 - 횡단중,보행자보호의무위반,젖음/습기,기타,교차로 - 교차로횡단보도내,화물,남,55세,상해없음,보행자,남,67세,경상
2019060700100615,2019년 6월 7일 21시,금요일,경상남도 사천시 정동면,경상사고,0,0,2,0,차대차 - 측면충돌,안전운전불이행,건조,맑음,단일로 - 기타,승용,남,61세,경상,승합,남,45세,경상
2019060700100650,2019년 6월 7일 22시,금요일,경상남도 진주시 상대동,중상사고,0,1,1,0,차대사람 - 기타,안전운전불이행,젖음/습기,비,교차로 - 교차로안,이륜,남,17세,경상,보행자,남,65세,중상
2019060700100672,2019년 6월 7일 23시,금요일,경상남도 통영시 광도면,중상사고,0,1,1,0,차대차 - 추돌,차로위반,젖음/습기,비,단일로 - 기타,승용,남,30세,중상,건설기계,남,59세,경상
2019060700100673,2019년 6월 7일 23시,금요일,경상남도 거제시 고현동,중상사고,0,1,0,0,차대사람 - 기타,안전운전불이행,젖음/습기,흐림,교차로 - 교차로횡단보도내,승용,남,61세,상해없음,보행자,남,47세,중상
2019060800100033,2019년 6월 8일 00시,토요일,경상남도 거제시 고현동,중상사고,0,1,0,0,차대차 - 측면충돌,신호위반,젖음/습기,비,교차로 - 교차로안,승용,남,56세,상해없음,이륜,남,23세,중상
2019060800100034,2019년 6월 8일 00시,토요일,경상남도 창원시 성산구 상남동,경상사고,0,0,1,0,차대사람 - 차도통행중,안전운전불이행,건조,맑음,단일로 - 기타,승용,남,44세,상해없음,보행자,남,26세,경상
2019060800100035,2019년 6월 8일 00시,토요일,경상남도 창원시 성산구 반지동,중상사고,0,1,0,0,차대사람 - 기타,안전운전불이행,기타,기타,단일로 - 기타,승용,남,27세,상해없음,보행자,남,48세,중상
2019060800100053,2019년 6월 8일 01시,토요일,경상남도 양산시 삼호동,중상사고,0,1,1,0,차대차 - 기타,직진우회전진행방해,건조,맑음,교차로 - 교차로안,승용,남,44세,경상,승용,남,64세,중상
2019060800100060,2019년 6월 8일 02시,토요일,경상남도 사천시 사남면,경상사고,0,0,1,0,차대사람 - 기타,안전운전불이행,건조,맑음,교차로 - 교차로부근,기타불명,기타불명,미분류,기타불명,보행자,남,34세,경상
2019060800100072,2019년 6월 8일 03시,토요일,경상남도 창원시 마산합포구 교방동,경상사고,0,0,2,0,차대차 - 추돌,안전거리미확보,건조,맑음,교차로 - 교차로부근,승용,남,63세,상해없음,승합,남,39세,경상
2019060800100106,2019년 6월 8일 06시,토요일,경상남도 진주시 금산면,중상사고,0,2,1,0,차대차 - 추돌,안전운전불이행,건조,맑음,단일로 - 기타,승용,남,50세,경상,농기계,남,77세,중상
2019060800100144,2019년 6월 8일 08시,토요일,경상남도 하동군 하동읍,부상신고사고,0,0,0,1,차대차 - 측면충돌,안전운전불이행,건조,맑음,단일로 - 기타,이륜,남,88세,부상신고,화물,여,61세,상해없음
2019060800100145,2019년 6월 8일 08시,토요일,경상남도 창원시 의창구 동읍,경상사고,0,0,1,0,차대차 - 측면충돌,직진우회전진행방해,건조,맑음,교차로 - 교차로안,승용,남,72세,상해없음,승용,여,28세,경상
2019060800100165,2019년 6월 8일 09시,토요일,경상남도 밀양시 삼문동,중상사고,0,1,0,0,차대사람 - 횡단중,안전운전불이행,건조,맑음,단일로 - 기타,자전거,남,56세,상해없음,보행자,여,63세,중상
2019060800100166,2019년 6월 8일 09시,토요일,경상남도 김해시 부곡동,경상사고,0,0,1,0,차대차 - 측면충돌,교차로운행방법위반,건조,맑음,교차로 - 교차로부근,승용,여,38세,상해없음,승용,남,40세,경상
2019060800100201,2019년 6월 8일 10시,토요일,경상남도 김해시 동상동,경상사고,0,0,1,0,차대차 - 기타,안전운전불이행,건조,맑음,단일로 - 기타,승용,여,75세,경상,승용,남,59세,상해없음
2019060800100202,2019년 6월 8일 10시,토요일,경상남도 산청군 생초면,경상사고,0,0,1,0,차대사람 - 횡단중,안전운전불이행,건조,맑음,단일로 - 기타,승용,남,49세,상해없음,보행자,여,81세,경상
2019060800100230,2019년 6월 8일 11시,토요일,경상남도 통영시 용남면,경상사고,0,0,2,0,차대차 - 측면충돌,안전거리미확보,건조,맑음,단일로 - 기타,화물,남,48세,상해없음,승용,남,52세,경상
2019060800100231,2019년 6월 8일 11시,토요일,경상남도 밀양시 내이동,경상사고,0,0,1,0,차대사람 - 횡단중,안전운전불이행,건조,맑음,단일로 - 기타,승용,남,27세,상해없음,보행자,여,22세,경상
2019060800100269,2019년 6월 8일 12시,토요일,경상남도 밀양시 삼랑진읍,경상사고,0,0,1,0,차대차 - 측면충돌,안전운전불이행,건조,맑음,단일로 - 기타,화물,남,68세,상해없음,자전거,여,67세,경상
2019060800100270,2019년 6월 8일 12시,토요일,경상남도 김해시 생림면,경상사고,0,0,2,0,차대차 - 기타,안전운전불이행,건조,맑음,교차로 - 교차로부근,화물,남,20세,상해없음,승용,남,39세,경상
2019060800100271,2019년 6월 8일 12시,토요일,경상남도 김해시 내덕동,경상사고,0,0,1,0,차대차 - 측면충돌,교차로운행방법위반,건조,맑음,교차로 - 교차로부근,승용,남,47세,상해없음,화물,남,57세,경상
2019060800100326,2019년 6월 8일 13시,토요일,경상남도 통영시 도남동,경상사고,0,0,2,0,차대차 - 추돌,안전운전불이행,건조,맑음,단일로 - 기타,승용,여,22세,상해없음,승용,남,40세,경상
2019060800100327,2019년 6월 8일 13시,토요일,경상남도 밀양시 삼문동,중상사고,0,1,0,0,차대차 - 측면충돌,교차로운행방법위반,건조,맑음,교차로 - 교차로안,승용,여,50세,상해없음,이륜,여,77세,중상
2019060800100328,2019년 6월 8일 13시,토요일,경상남도 양산시 물금읍,중상사고,0,1,0,0,차대차 - 측면충돌,안전운전불이행,건조,맑음,교차로 - 교차로안,승용,남,46세,상해없음,자전거,남,62세,중상
2019060800100329,2019년 6월 8일 13시,토요일,경상남도 하동군 옥종면,경상사고,0,0,2,0,차대사람 - 차도통행중,안전운전불이행,건조,맑음,단일로 - 기타,농기계,남,69세,경상,보행자,여,79세,경상
2019060800100330,2019년 6월 8일 13시,토요일,경상남도 함안군 칠원읍,경상사고,0,0,1,0,차대차 - 측면충돌,중앙선침범,건조,맑음,단일로 - 기타,승용,남,74세,기타불명,승용,남,38세,경상
2019060800100379,2019년 6월 8일 14시,토요일,경상남도 김해시 어방동,경상사고,0,0,1,0,차대차 - 기타,안전운전불이행,건조,맑음,교차로 - 교차로부근,화물,남,39세,상해없음,승용,여,25세,경상
2019060800100413,2019년 6월 8일 15시,토요일,경상남도 창원시 마산합포구 창포동3가,경상사고,0,0,2,0,차대차 - 기타,안전거리미확보,건조,맑음,단일로 - 기타,승용,여,56세,상해없음,승용,여,35세,경상
2019060800100414,2019년 6월 8일 15시,토요일,경상남도 창원시 진해구 태평동,경상사고,0,0,1,0,차대차 - 기타,안전운전불이행,건조,맑음,단일로 - 기타,승용,남,63세,상해없음,이륜,남,73세,경상
2019060800100415,2019년 6월 8일 15시,토요일,경상남도 창원시 진해구 경화동,경상사고,0,0,1,0,차대차 - 기타,안전운전불이행,건조,맑음,단일로 - 기타,화물,남,39세,상해없음,화물,남,76세,경상
2019060800100442,2019년 6월 8일 16시,토요일,경상남도 하동군 하동읍,경상사고,0,0,1,0,차대사람 - 길가장자리구역통행중,안전운전불이행,건조,맑음,단일로 - 기타,화물,남,64세,상해없음,보행자,남,25세,경상
2019060800100465,2019년 6월 8일 17시,토요일,경상남도 밀양시 상남면,중상사고,0,1,2,0,차대차 - 추돌,안전운전불이행,건조,맑음,단일로 - 기타,이륜,남,28세,중상,승용,남,54세,경상
2019060800100466,2019년 6월 8일 17시,토요일,경상남도 창녕군 이방면,중상사고,0,1,0,0,차대차 - 측면충돌,안전운전불이행,건조,맑음,교차로 - 교차로안,화물,남,51세,상해없음,자전거,여,73세,중상
2019060800100505,2019년 6월 8일 18시,토요일,경상남도 거창군 거창읍,경상사고,0,0,1,0,차대사람 - 차도통행중,안전운전불이행,건조,맑음,교차로 - 교차로부근,이륜,여,63세,상해없음,보행자,남,48세,경상
2019060800100506,2019년 6월 8일 18시,토요일,경상남도 함양군 함양읍,경상사고,0,0,1,0,차대차 - 추돌,중앙선침범,건조,맑음,단일로 - 기타,화물,남,58세,상해없음,화물,남,28세,경상
2019060800100530,2019년 6월 8일 19시,토요일,경상남도 진주시 주약동,부상신고사고,0,0,0,1,차대사람 - 횡단중,안전운전불이행,건조,맑음,교차로 - 교차로횡단보도내,승용,남,26세,상해없음,보행자,여,15세,부상신고
2019060800100531,2019년 6월 8일 19시,토요일,경상남도 밀양시 상남면,중상사고,0,1,0,0,차대차 - 추돌,안전운전불이행,건조,맑음,단일로 - 기타,승용,여,37세,상해없음,승용,남,65세,중상
2019060800100563,2019년 6월 8일 20시,토요일,경상남도 창원시 마산합포구 우산동,경상사고,0,0,1,0,차대차 - 추돌,안전운전불이행,건조,맑음,단일로 - 기타,승용,남,48세,경상,승용,남,62세,기타불명
2019060800100564,2019년 6월 8일 20시,토요일,경상남도 통영시 무전동,경상사고,0,0,1,0,차대차 - 정면충돌,신호위반,건조,맑음,교차로 - 교차로안,이륜,남,19세,경상,승용,남,60세,상해없음
2019060800100565,2019년 6월 8일 20시,토요일,경상남도 창녕군 대합면,중상사고,0,1,0,0,차대차 - 추돌,안전운전불이행,건조,맑음,단일로 - 기타,화물,남,45세,상해없음,농기계,남,45세,중상
2019060800100598,2019년 6월 8일 21시,토요일,경상남도 양산시 물금읍,중상사고,0,1,0,0,차대차 - 측면충돌,교차로운행방법위반,건조,맑음,교차로 - 교차로안,승용,남,25세,상해없음,이륜,남,31세,중상
2019060800100599,2019년 6월 8일 21시,토요일,경상남도 남해군 남면,중상사고,0,1,1,0,차대차 - 추돌,안전운전불이행,건조,흐림,단일로 - 기타,승용,남,64세,기타불명,승용,남,28세,중상
2019060800100628,2019년 6월 8일 22시,토요일,경상남도 밀양시 내이동,경상사고,0,0,2,0,차대차 - 측면충돌,안전운전불이행,건조,흐림,교차로 - 교차로부근,승용,남,34세,상해없음,승용,남,28세,경상
2019060800100629,2019년 6월 8일 22시,토요일,경상남도 함안군 칠서면,경상사고,0,0,1,0,차대차 - 추돌,안전운전불이행,건조,맑음,단일로 - 기타,승용,남,31세,상해없음,승용,여,30세,경상
2019060800100651,2019년 6월 8일 23시,토요일,경상남도 진주시 호탄동,경상사고,0,0,3,0,차대차 - 측면충돌,신호위반,건조,맑음,교차로 - 교차로안,승용,남,49세,상해없음,승용,남,63세,경상
2019060800100652,2019년 6월 8일 23시,토요일,경상남도 통영시 도산면,경상사고,0,0,1,0,차량단독 - 공작물충돌,안전운전불이행,건조,맑음,단일로 - 기타,승용,남,45세,경상,,,,
2019060800100653,2019년 6월 8일 23시,토요일,경상남도 거제시 장목면,경상사고,0,0,2,0,차량단독 - 도로외이탈 - 추락,안전운전불이행,건조,맑음,단일로 - 기타,승용,여,27세,경상,,,,
2019060900100027,2019년 6월 9일 00시,일요일,경상남도 양산시 물금읍,중상사고,0,1,2,0,차대차 - 추돌,안전운전불이행,건조,맑음,교차로 - 교차로안,승용,남,33세,상해없음,화물,남,56세,경상
2019060900100090,2019년 6월 9일 05시,일요일,경상남도 창녕군 영산면,중상사고,0,1,1,0,차대차 - 정면충돌,직진우회전진행방해,건조,맑음,교차로 - 교차로안,승용,여,64세,경상,화물,남,52세,중상
2019060900100100,2019년 6월 9일 06시,일요일,경상남도 양산시 물금읍,중상사고,0,1,0,0,차대차 - 측면충돌,신호위반,건조,맑음,교차로 - 교차로안,화물,남,63세,기타불명,승용,여,30세,중상
2019060900100101,2019년 6월 9일 06시,일요일,경상남도 의령군 의령읍,중상사고,0,1,0,0,차대차 - 기타,안전운전불이행,건조,맑음,단일로 - 기타,승용,남,58세,상해없음,이륜,여,68세,중상
2019060900100124,2019년 6월 9일 08시,일요일,경상남도 김해시 어방동,경상사고,0,0,1,0,차대차 - 추돌,안전운전불이행,건조,맑음,단일로 - 기타,이륜,남,28세,경상,승용,여,53세,상해없음
2019060900100125,2019년 6월 9일 08시,일요일,경상남도 창원시 의창구 동읍,중상사고,0,1,0,0,차대사람 - 기타,안전운전불이행,건조,맑음,단일로 - 기타,승합,남,60세,상해없음,보행자,여,72세,중상
2019060900100145,2019년 6월 9일 09시,일요일,경상남도 창원시 진해구 용원동,경상사고,0,0,3,0,차대차 - 후진중충돌,안전운전불이행,건조,맑음,교차로 - 교차로부근,승용,남,43세,상해없음,승용,남,39세,경상
2019060900100164,2019년 6월 9일 10시,일요일,경상남도 김해시 부원동,경상사고,0,0,1,0,차대차 - 기타,신호위반,건조,맑음,교차로 - 교차로부근,건설기계,남,56세,상해없음,승용,여,47세,경상
2019060900100207,2019년 6월 9일 12시,일요일,경상남도 창원시 진해구 남문동,중상사고,0,1,0,0,차대사람 - 횡단중,보행자보호의무위반,건조,맑음,교차로 - 교차로부근,승용,여,38세,상해없음,보행자,남,61세,중상
2019060900100229,2019년 6월 9일 13시,일요일,경상남도 진주시 충무공동,경상사고,0,0,1,0,차대사람 - 기타,안전운전불이행,건조,맑음,주차장 - 주차장,승용,여,39세,상해없음,보행자,남,6세,경상
2019060900100230,2019년 6월 9일 13시,일요일,경상남도 양산시 중부동,부상신고사고,0,0,0,1,차대사람 - 기타,안전운전불이행,건조,맑음,단일로 - 기타,화물,남,44세,상해없음,보행자,남,22세,부상신고
2019060900100231,2019년 6월 9일 13시,일요일,경상남도 창원시 성산구 중앙동,경상사고,0,0,1,0,차대차 - 추돌,안전운전불이행,건조,맑음,단일로 - 기타,승용,남,30세,상해없음,승용,여,28세,경상
2019060900100260,2019년 6월 9일 14시,일요일,경상남도 김해시 구산동,경상사고,0,0,3,0,차대차 - 기타,신호위반,건조,맑음,교차로 - 교차로안,승용,여,40세,상해없음,승용,여,49세,경상
2019060900100261,2019년 6월 9일 14시,일요일,경상남도 창원시 의창구 소답동,경상사고,0,0,2,0,차대차 - 추돌,안전운전불이행,건조,맑음,단일로 - 기타,승용,여,44세,상해없음,승용,여,44세,경상
2019060900100288,2019년 6월 9일 15시,일요일,경상남도 통영시 도남동,경상사고,0,0,1,0,차대차 - 측면충돌,안전거리미확보,건조,맑음,단일로 - 기타,승용,남,20세,상해없음,이륜,남,24세,경상
2019060900100289,2019년 6월 9일 15시,일요일,경상남도 김해시 내동,경상사고,0,0,1,0,차대차 - 기타,안전운전불이행,건조,맑음,단일로 - 기타,승용,여,59세,상해없음,이륜,남,38세,경상
2019060900100290,2019년 6월 9일 15시,일요일,경상남도 양산시 상북면,경상사고,0,0,1,0,차대차 - 측면충돌,신호위반,건조,맑음,교차로 - 교차로안,승용,남,51세,상해없음,승용,남,57세,경상
2019060900100291,2019년 6월 9일 15시,일요일,경상남도 양산시 북정동,경상사고,0,0,1,0,차대사람 - 길가장자리구역통행중,안전운전불이행,건조,맑음,주차장 - 주차장,승용,남,43세,상해없음,보행자,여,34세,경상
2019060900100292,2019년 6월 9일 15시,일요일,경상남도 거제시 고현동,경상사고,0,0,1,0,차대차 - 기타,교차로운행방법위반,건조,맑음,교차로 - 교차로안,승용,남,41세,상해없음,개인형이동수단(PM),남,44세,경상
2019060900100319,2019년 6월 9일 16시,일요일,경상남도 거제시 아주동,중상사고,0,1,1,0,차대차 - 측면충돌,안전거리미확보,건조,맑음,단일로 - 터널,승용,남,48세,상해없음,승용,남,71세,중상
2019060900100320,2019년 6월 9일 16시,일요일,경상남도 거제시 일운면,경상사고,0,0,1,0,차대차 - 기타,중앙선침범,건조,맑음,단일로 - 기타,승용,남,36세,상해없음,승용,남,38세,경상
2019060900100321,2019년 6월 9일 16시,일요일,경상남도 창원시 성산구 대방동,경상사고,0,0,4,0,차대차 - 추돌,안전운전불이행,건조,맑음,교차로 - 교차로부근,승합,남,55세,상해없음,승용,남,37세,경상
2019060900100348,2019년 6월 9일 17시,일요일,경상남도 창원시 의창구 봉곡동,경상사고,0,0,1,0,차대사람 - 기타,안전운전불이행,건조,맑음,단일로 - 기타,기타불명,기타불명,미분류,기타불명,보행자,남,33세,경상
2019060900100372,2019년 6월 9일 18시,일요일,경상남도 진주시 상대동,경상사고,0,0,1,0,차대차 - 추돌,안전운전불이행,건조,맑음,단일로 - 기타,승용,남,74세,상해없음,승용,남,49세,경상
2019060900100373,2019년 6월 9일 18시,일요일,경상남도 김해시 삼계동,경상사고,0,0,2,0,차대차 - 기타,안전운전불이행,건조,맑음,교차로 - 교차로횡단보도내,승용,남,71세,상해없음,승용,남,58세,경상
2019060900100374,2019년 6월 9일 18시,일요일,경상남도 김해시 지내동,경상사고,0,0,1,0,차대차 - 기타,안전운전불이행,건조,맑음,단일로 - 기타,승용,남,36세,상해없음,원동기,남,19세,경상
2019060900100375,2019년 6월 9일 18시,일요일,경상남도 김해시 외동,경상사고,0,0,1,0,차량단독 - 기타,안전운전불이행,건조,맑음,단일로 - 기타,원동기,남,59세,경상,,,,
2019060900100392,2019년 6월 9일 19시,일요일,경상남도 김해시 진영읍,경상사고,0,0,3,0,차대차 - 측면충돌,안전운전불이행,건조,맑음,교차로 - 교차로안,화물,남,62세,상해없음,승용,여,29세,경상
2019060900100417,2019년 6월 9일 20시,일요일,경상남도 밀양시 하남읍,경상사고,0,0,1,0,차대차 - 정면충돌,안전운전불이행,건조,맑음,단일로 - 기타,승용,남,57세,상해없음,자전거,남,40세,경상
2019060900100418,2019년 6월 9일 20시,일요일,경상남도 함양군 함양읍,중상사고,0,1,0,0,차대차 - 측면충돌,교차로운행방법위반,건조,맑음,교차로 - 교차로안,승용,남,44세,상해없음,승용,여,56세,중상
2019060900100419,2019년 6월 9일 20시,일요일,경상남도 거제시 고현동,경상사고,0,0,1,0,차대차 - 측면충돌,안전운전불이행,건조,맑음,교차로 - 교차로안,이륜,남,49세,상해없음,이륜,남,37세,경상
2019061000100045,2019년 6월 10일 01시,월요일,경상남도 의령군 부림면,경상사고,0,0,2,0,차대차 - 정면충돌,중앙선침범,건조,맑음,교차로 - 교차로안,화물,남,56세,상해없음,승용,남,66세,경상
2019061000100076,2019년 6월 10일 05시,월요일,경상남도 진주시 금산면,경상사고,0,0,1,0,차대차 - 측면충돌,직진우회전진행방해,건조,맑음,교차로 - 교차로안,화물,남,68세,상해없음,승용,남,42세,경상
2019061000100077,2019년 6월 10일 05시,월요일,경상남도 밀양시 하남읍,중상사고,0,1,0,0,차대사람 - 기타,안전운전불이행,건조,맑음,단일로 - 기타,승용,여,55세,상해없음,보행자,남,74세,중상
2019061000100087,2019년 6월 10일 06시,월요일,경상남도 밀양시 삼문동,경상사고,0,0,1,0,차대차 - 측면충돌,교차로운행방법위반,건조,맑음,교차로 - 교차로안,승용,여,58세,상해없음,승용,남,72세,경상
2019061000100088,2019년 6월 10일 06시,월요일,경상남도 김해시 전하동,경상사고,0,0,1,0,차대차 - 기타,안전운전불이행,건조,맑음,교차로 - 교차로안,자전거,남,77세,경상,승용,남,45세,상해없음
2019061000100116,2019년 6월 10일 07시,월요일,경상남도 거창군 거창읍,중상사고,0,1,0,0,차대차 - 추돌,안전운전불이행,건조,맑음,단일로 - 기타,승용,여,43세,상해없음,자전거,여,78세,중상
2019061000100117,2019년 6월 10일 07시,월요일,경상남도 창원시 의창구 대산면,중상사고,0,1,0,0,차대차 - 측면충돌,신호위반,건조,맑음,교차로 - 교차로안,화물,남,52세,상해없음,화물,남,60세,중상
2019061000100154,2019년 6월 10일 08시,월요일,경상남도 김해시 상동면,경상사고,0,0,1,0,차대차 - 측면충돌,신호위반,건조,맑음,교차로 - 교차로안,화물,남,65세,상해없음,승용,여,45세,경상
2019061000100155,2019년 6월 10일 08시,월요일,경상남도 양산시 남부동,중상사고,0,2,0,0,차대차 - 측면충돌,교차로운행방법위반,건조,맑음,교차로 - 교차로안,승용,여,44세,상해없음,승용,여,59세,중상
2019061000100190,2019년 6월 10일 09시,월요일,경상남도 산청군 시천면,중상사고,0,1,2,0,차량단독 - 도로외이탈 - 추락,안전운전불이행,젖음/습기,흐림,단일로 - 기타,화물,남,73세,경상,,,,