사고번호,사고일시,요일,시군구,사고내용,사망자수,중상자수,경상자수,부상신고자수,사고유형,법규위반,노면상태,기상상태,도로형태,가해운전자 차종,가해운전자 성별,가해운전자 연령,가해운전자 상해정도,피해운전자 차종,피해운전자 성별,피해운전자 연령,피해운전자 상해정도
2019061300100495,2019년 6월 13일 18시,목요일,경상남도 통영시 광도면,경상사고,0,0,3,0,차대차 - 정면충돌,안전운전불이행,건조,맑음,단일로 - 기타,승용,여,49세,상해없음,승용,여,51세,경상
2019061300100496,2019년 6월 13일 18시,목요일,경상남도 통영시 태평동,부상신고사고,0,0,0,1,차대차 - 측면충돌,안전운전불이행,건조,맑음,단일로 - 기타,자전거,남,75세,부상신고,승합,여,30세,상해없음
2019061300100497,2019년 6월 13일 18시,목요일,경상남도 밀양시 내이동,중상사고,0,1,0,0,차대차 - 측면충돌,중앙선침범,건조,맑음,단일로 - 기타,승용,남,49세,상해없음,이륜,남,61세,중상
2019061300100498,2019년 6월 13일 18시,목요일,경상남도 창원시 성산구 상남동,중상사고,0,1,0,0,차대차 - 측면충돌,안전운전불이행,건조,맑음,교차로 - 교차로안,승용,남,60세,상해없음,이륜,남,19세,중상
2019061300100563,2019년 6월 13일 20시,목요일,경상남도 창원시 마산합포구 월남동2가,경상사고,0,0,1,0,차대차 - 측면충돌,교차로운행방법위반,건조,맑음,교차로 - 교차로안,이륜,여,23세,경상,승용,남,43세,상해없음
2019061300100564,2019년 6월 13일 20시,목요일,경상남도 진주시 중안동,중상사고,0,1,0,0,차대차 - 측면충돌,교차로운행방법위반,건조,맑음,교차로 - 교차로안,승용,남,65세,상해없음,자전거,남,66세,중상
2019061300100565,2019년 6월 13일 20시,목요일,경상남도 진주시 집현면,경상사고,0,0,1,0,차대차 - 기타,안전운전불이행,건조,맑음,단일로 - 기타,승용,여,38세,경상,승용,남,35세,상해없음
2019061300100566,2019년 6월 13일 20시,목요일,경상남도 양산시 물금읍,부상신고사고,0,0,0,1,차량단독 - 기타,안전운전불이행,건조,맑음,교차로 - 교차로부근,자전거,남,47세,부상신고,,,,
2019061300100567,2019년 6월 13일 20시,목요일,경상남도 창원시 성산구 중앙동,경상사고,0,0,1,0,차대사람 - 횡단중,안전운전불이행,건조,맑음,단일로 - 기타,승합,남,46세,상해없음,보행자,남,53세,경상
2019061300100568,2019년 6월 13일 20시,목요일,경상남도 창원시 의창구 북면,경상사고,0,0,1,0,차대사람 - 기타,안전운전불이행,건조,맑음,단일로 - 기타,승용,남,62세,상해없음,보행자,여,80세,경상
2019061300100595,2019년 6월 13일 21시,목요일,경상남도 김해시 대성동,중상사고,0,1,0,0,차대사람 - 횡단중,안전운전불이행,건조,맑음,단일로 - 기타,이륜,남,51세,상해없음,보행자,여,54세,중상
2019061300100596,2019년 6월 13일 21시,목요일,경상남도 김해시 동상동,중상사고,0,1,0,0,차대사람 - 횡단중,안전운전불이행,건조,맑음,단일로 - 기타,승용,남,37세,상해없음,보행자,여,79세,중상
2019061300100597,2019년 6월 13일 21시,목요일,경상남도 창원시 마산회원구 회원동,중상사고,0,1,0,0,차대차 - 측면충돌,신호위반,건조,맑음,교차로 - 교차로안,자전거,남,14세,상해없음,이륜,남,54세,중상
2019061300100614,2019년 6월 13일 22시,목요일,경상남도 진주시 상대동,경상사고,0,0,2,0,차대차 - 추돌,안전운전불이행,건조,맑음,단일로 - 기타,화물,남,57세,상해없음,승용,남,57세,경상
2019061300100615,2019년 6월 13일 22시,목요일,경상남도 진주시 인사동,경상사고,0,0,1,0,차대사람 - 차도통행중,안전운전불이행,건조,맑음,교차로 - 교차로안,승용,남,55세,상해없음,보행자,남,51세,경상
2019061300100616,2019년 6월 13일 22시,목요일,경상남도 창원시 의창구 사림동,경상사고,0,0,2,0,차대차 - 측면충돌,안전운전불이행,건조,맑음,교차로 - 교차로안,승용,남,23세,상해없음,승용,남,63세,경상
2019061300100617,2019년 6월 13일 22시,목요일,경상남도 창원시 성산구 상남동,경상사고,0,0,2,0,차대차 - 측면충돌,안전운전불이행,건조,맑음,교차로 - 교차로안,승용,남,65세,상해없음,승용,남,24세,경상
2019061400100037,2019년 6월 14일 00시,금요일,경상남도 창원시 마산합포구 진동면,중상사고,0,1,0,0,차대차 - 측면충돌,안전운전불이행,젖음/습기,비,교차로 - 교차로안,승용,남,25세,상해없음,자전거,여,74세,중상
2019061400100070,2019년 6월 14일 03시,금요일,경상남도 합천군 청덕면,중상사고,0,1,0,0,차대차 - 측면충돌,안전운전불이행,건조,맑음,단일로 - 기타,승용,여,51세,상해없음,승용,남,46세,기타불명
2019061400100137,2019년 6월 14일 08시,금요일,경상남도 진주시 강남동,경상사고,0,0,1,0,차대차 - 측면충돌,신호위반,건조,맑음,교차로 - 교차로안,승용,여,48세,상해없음,승용,여,54세,경상
2019061400100138,2019년 6월 14일 08시,금요일,경상남도 창원시 진해구 이동,경상사고,0,0,1,1,차대차 - 측면충돌,직진우회전진행방해,건조,맑음,교차로 - 교차로안,승용,남,39세,부상신고,승용,여,37세,경상
2019061400100139,2019년 6월 14일 08시,금요일,경상남도 창원시 마산회원구 내서읍,경상사고,0,0,2,0,차대차 - 추돌,안전운전불이행,건조,맑음,단일로 - 기타,승용,남,64세,상해없음,승용,여,51세,상해없음
2019061400100179,2019년 6월 14일 09시,금요일,경상남도 밀양시 청도면,중상사고,0,1,0,0,차대차 - 측면충돌,중앙선침범,건조,맑음,단일로 - 기타,승용,남,58세,상해없음,화물,남,78세,중상
2019061400100207,2019년 6월 14일 10시,금요일,경상남도 사천시 송포동,중상사고,0,1,0,0,차대차 - 측면충돌,중앙선침범,젖음/습기,흐림,단일로 - 교량,이륜,남,76세,중상,승용,여,54세,상해없음
2019061400100208,2019년 6월 14일 10시,금요일,경상남도 김해시 어방동,경상사고,0,0,1,0,차대차 - 측면충돌,안전운전불이행,건조,맑음,단일로 - 기타,승용,남,45세,상해없음,화물,남,34세,경상
2019061400100242,2019년 6월 14일 11시,금요일,경상남도 진주시 동성동,중상사고,0,2,0,0,차대차 - 기타,신호위반,건조,흐림,교차로 - 교차로안,이륜,남,20세,중상,자전거,남,77세,중상
2019061400100243,2019년 6월 14일 11시,금요일,경상남도 양산시 동면,경상사고,0,0,3,2,차대차 - 측면충돌,안전거리미확보,건조,맑음,단일로 - 기타,화물,남,40세,상해없음,승용,남,62세,경상
2019061400100244,2019년 6월 14일 11시,금요일,경상남도 창원시 의창구 사화동,중상사고,0,1,0,0,차대차 - 기타,안전운전불이행,젖음/습기,맑음,교차로 - 교차로부근,승용,남,72세,상해없음,자전거,남,52세,중상
2019061400100281,2019년 6월 14일 12시,금요일,경상남도 양산시 동면,경상사고,0,0,1,0,차대차 - 기타,안전운전불이행,건조,맑음,교차로 - 교차로안,승용,남,59세,상해없음,승용,여,40세,경상
2019061400100282,2019년 6월 14일 12시,금요일,경상남도 의령군 의령읍,중상사고,0,1,0,0,차량단독 - 전도전복 - 전도,안전운전불이행,젖음/습기,비,단일로 - 기타,이륜,남,80세,중상,,,,
2019061400100309,2019년 6월 14일 13시,금요일,경상남도 사천시 서포면,경상사고,0,0,1,0,차대차 - 기타,안전운전불이행,젖음/습기,흐림,단일로 - 기타,승용,여,26세,상해없음,이륜,남,49세,경상
2019061400100310,2019년 6월 14일 13시,금요일,경상남도 창원시 의창구 봉곡동,중상사고,0,1,1,0,차대차 - 측면충돌,안전운전불이행,젖음/습기,비,교차로 - 교차로안,승용,남,47세,경상,승용,여,56세,중상
2019061400100351,2019년 6월 14일 14시,금요일,경상남도 사천시 서포면,중상사고,0,1,1,0,차량단독 - 공작물충돌,안전운전불이행,건조,맑음,단일로 - 기타,승용,여,61세,경상,,,,
2019061400100352,2019년 6월 14일 14시,금요일,경상남도 양산시 물금읍,경상사고,0,0,2,0,차대차 - 추돌,안전거리미확보,건조,맑음,단일로 - 기타,건설기계,남,44세,상해없음,승용,남,35세,경상
2019061400100353,2019년 6월 14일 14시,금요일,경상남도 창원시 의창구 팔용동,중상사고,0,1,0,0,차대차 - 기타,안전운전불이행,젖음/습기,비,교차로 - 교차로안,화물,여,39세,상해없음,이륜,남,39세,중상
2019061400100371,2019년 6월 14일 15시,금요일,경상남도 김해시 대동면,경상사고,0,0,1,0,차대차 - 추돌,안전운전불이행,젖음/습기,비,단일로 - 기타,화물,남,39세,상해없음,화물,여,30세,경상
2019061400100386,2019년 6월 14일 15시,금요일,경상남도 김해시 부원동,경상사고,0,0,1,0,차대사람 - 횡단중,안전운전불이행,건조,맑음,단일로 - 기타,승용,남,83세,상해없음,보행자,여,34세,경상
2019061400100387,2019년 6월 14일 15시,금요일,경상남도 함안군 군북면,경상사고,0,0,1,0,차량단독 - 기타,안전운전불이행,건조,맑음,단일로 - 기타,승용,남,61세,경상,,,,
2019061400100388,2019년 6월 14일 15시,금요일,경상남도 창원시 마산회원구 구암동,중상사고,0,2,0,0,차대차 - 측면충돌,중앙선침범,젖음/습기,비,교차로 - 교차로부근,승용,남,58세,상해없음,승용,남,23세,중상
2019061400100407,2019년 6월 14일 16시,금요일,경상남도 김해시 대동면,경상사고,0,0,1,0,차대차 - 추돌,안전거리미확보,젖음/습기,비,단일로 - 기타,승용,남,56세,상해없음,승용,남,41세,경상
2019061400100425,2019년 6월 14일 16시,금요일,경상남도 사천시 곤양면,중상사고,0,1,0,0,차대사람 - 길가장자리구역통행중,안전운전불이행,젖음/습기,흐림,단일로 - 기타,승용,남,73세,상해없음,보행자,여,81세,중상
2019061400100426,2019년 6월 14일 16시,금요일,경상남도 사천시 동금동,경상사고,0,0,1,0,차대차 - 측면충돌,안전운전불이행,건조,맑음,단일로 - 기타,승용,여,45세,상해없음,자전거,남,70세,경상
2019061400100427,2019년 6월 14일 16시,금요일,경상남도 거제시 일운면,경상사고,0,0,1,0,차대차 - 기타,직진우회전진행방해,젖음/습기,맑음,교차로 - 교차로부근,승용,남,71세,상해없음,화물,남,37세,경상
2019061400100486,2019년 6월 14일 17시,금요일,경상남도 함양군 안의면,부상신고사고,0,0,0,1,차대차 - 추돌,교차로운행방법위반,건조,맑음,교차로 - 교차로안,이륜,여,66세,부상신고,화물,남,67세,상해없음
2019061400100487,2019년 6월 14일 17시,금요일,경상남도 양산시 물금읍,경상사고,0,0,1,0,차대차 - 기타,신호위반,건조,맑음,교차로 - 교차로안,승용,여,32세,상해없음,승용,여,43세,경상
2019061400100542,2019년 6월 14일 18시,금요일,경상남도 통영시 광도면,경상사고,0,0,1,0,차대사람 - 횡단중,보행자보호의무위반,젖음/습기,비,교차로 - 교차로횡단보도내,승용,남,60세,상해없음,보행자,남,10세,경상
2019061400100575,2019년 6월 14일 19시,금요일,경상남도 창원시 진해구 태백동,경상사고,0,0,1,0,차대차 - 측면충돌,중앙선침범,젖음/습기,비,단일로 - 고가도로위,승용,여,43세,상해없음,승용,남,64세,경상
2019061400100612,2019년 6월 14일 20시,금요일,경상남도 사천시 동동,중상사고,0,1,0,0,차대차 - 측면충돌,중앙선침범,젖음/습기,비,단일로 - 기타,화물,남,70세,상해없음,승용,여,64세,중상
2019061400100652,2019년 6월 14일 21시,금요일,경상남도 진주시 가좌동,경상사고,0,0,1,0,차대차 - 기타,신호위반,건조,맑음,교차로 - 교차로안,승용,여,58세,상해없음,승용,남,58세,경상
2019061400100653,2019년 6월 14일 21시,금요일,경상남도 창원시 진해구 석동,경상사고,0,0,2,0,차대차 - 기타,안전운전불이행,젖음/습기,비,단일로 - 기타,승용,남,40세,상해없음,승용,남,29세,경상
2019061400100654,2019년 6월 14일 21시,금요일,경상남도 김해시 동상동,경상사고,0,0,1,0,차대차 - 기타,안전운전불이행,젖음/습기,비,교차로 - 교차로안,승용,남,59세,상해없음,이륜,남,18세,경상
2019061400100655,2019년 6월 14일 21시,금요일,경상남도 양산시 물금읍,중상사고,0,2,0,0,차대사람 - 횡단중,보행자보호의무위반,젖음/습기,비,교차로 - 교차로횡단보도내,승용,여,46세,상해없음,보행자,남,28세,중상
2019061400100681,2019년 6월 14일 22시,금요일,경상남도 창원시 진해구 여좌동,중상사고,0,1,0,0,차대사람 - 횡단중,안전운전불이행,젖음/습기,흐림,교차로 - 교차로안,승용,남,33세,상해없음,보행자,남,48세,중상
2019061400100682,2019년 6월 14일 22시,금요일,경상남도 사천시 사천읍,경상사고,0,0,1,0,차대사람 - 횡단중,안전운전불이행,젖음/습기,비,교차로 - 교차로안,승용,남,47세,상해없음,보행자,남,57세,경상
2019061400100683,2019년 6월 14일 22시,금요일,경상남도 사천시 용현면,경상사고,0,0,3,0,차대차 - 추돌,안전운전불이행,젖음/습기,흐림,단일로 - 교량,승용,남,27세,상해없음,승용,여,24세,경상
2019061400100684,2019년 6월 14일 22시,금요일,경상남도 창원시 성산구 남산동,경상사고,0,0,2,0,차대차 - 측면충돌,안전운전불이행,건조,맑음,단일로 - 기타,승용,남,54세,상해없음,승용,남,51세,경상
2019061400100708,2019년 6월 14일 23시,금요일,경상남도 창원시 마산회원구 양덕동,경상사고,0,0,1,0,차대사람 - 차도통행중,안전운전불이행,젖음/습기,비,단일로 - 기타,승용,남,62세,상해없음,보행자,남,22세,경상
2019061400100709,2019년 6월 14일 23시,금요일,경상남도 김해시 율하동,경상사고,0,0,1,0,차대차 - 추돌,안전운전불이행,건조,맑음,교차로 - 교차로부근,이륜,남,42세,상해없음,승용,남,25세,경상
2019061500100030,2019년 6월 15일 00시,토요일,경상남도 창원시 진해구 두동,중상사고,0,1,0,0,차량단독 - 기타,안전운전불이행,젖음/습기,비,교차로 - 교차로안,특수,남,36세,중상,,,,
2019061500100086,2019년 6월 15일 04시,토요일,경상남도 사천시 동금동,중상사고,0,1,1,0,차대차 - 측면충돌,신호위반,젖음/습기,비,교차로 - 교차로안,승합,남,50세,상해없음,승용,남,59세,중상
2019061500100150,2019년 6월 15일 08시,토요일,경상남도 양산시 어곡동,경상사고,0,0,1,0,차대차 - 측면충돌,안전운전불이행,건조,맑음,기타 - 기타,승용,남,31세,경상,승용,남,27세,상해없음
2019061500100213,2019년 6월 15일 10시,토요일,경상남도 창원시 진해구 석동,중상사고,0,1,0,0,차대사람 - 기타,안전운전불이행,건조,맑음,교차로 - 교차로안,승용,남,58세,상해없음,보행자,여,82세,중상
2019061500100214,2019년 6월 15일 10시,토요일,경상남도 창녕군 부곡면,경상사고,0,0,2,0,차대차 - 정면충돌,중앙선침범,건조,맑음,단일로 - 기타,승용,남,58세,상해없음,승용,남,34세,경상
2019061500100257,2019년 6월 15일 11시,토요일,경상남도 통영시 도남동,중상사고,0,1,0,0,차대차 - 정면충돌,교차로운행방법위반,건조,맑음,교차로 - 교차로안,승용,남,47세,상해없음,승용,남,70세,중상
2019061500100258,2019년 6월 15일 11시,토요일,경상남도 김해시 동상동,중상사고,0,1,1,0,차대차 - 측면충돌,직진우회전진행방해,건조,맑음,교차로 - 교차로안,승용,여,42세,경상,승용,남,52세,중상
2019061500100259,2019년 6월 15일 11시,토요일,경상남도 양산시 소주동,경상사고,0,0,1,0,차대사람 - 기타,안전운전불이행,건조,맑음,교차로 - 교차로안,승용,여,62세,상해없음,보행자,남,61세,경상
2019061500100300,2019년 6월 15일 12시,토요일,경상남도 창원시 마산합포구 추산동,경상사고,0,0,2,0,차대차 - 정면충돌,기타,건조,맑음,교차로 - 교차로안,이륜,여,47세,경상,승용,남,53세,상해없음
2019061500100301,2019년 6월 15일 12시,토요일,경상남도 김해시 외동,경상사고,0,0,2,0,차대차 - 측면충돌,직진우회전진행방해,건조,맑음,교차로 - 교차로안,원동기,남,26세,경상,승용,여,26세,경상
2019061500100302,2019년 6월 15일 12시,토요일,경상남도 거제시 하청면,중상사고,0,1,1,0,차대차 - 기타,중앙선침범,건조,맑음,단일로 - 기타,승용,남,53세,상해없음,승용,남,49세,경상
2019061500100344,2019년 6월 15일 13시,토요일,경상남도 사천시 서동,중상사고,0,1,1,0,차대사람 - 보도통행중,보행자보호의무위반,건조,맑음,교차로 - 교차로안,화물,남,40세,상해없음,보행자,여,27세,경상
2019061500100345,2019년 6월 15일 13시,토요일,경상남도 양산시 동면,중상사고,0,1,0,0,차대차 - 측면충돌,안전운전불이행,건조,맑음,교차로 - 교차로안,승용,여,57세,상해없음,이륜,남,50세,중상
2019061500100346,2019년 6월 15일 13시,토요일,경상남도 창원시 성산구 반림동,경상사고,0,0,1,0,차대차 - 기타,신호위반,건조,맑음,교차로 - 교차로안,승용,남,44세,상해없음,승용,남,24세,경상
2019061500100347,2019년 6월 15일 13시,토요일,경상남도 창원시 성산구 상남동,경상사고,0,0,1,0,차대사람 - 기타,안전운전불이행,건조,맑음,단일로 - 기타,승용,남,60세,상해없음,보행자,남,54세,경상
2019061500100348,2019년 6월 15일 13시,토요일,경상남도 함안군 칠원읍,중상사고,0,1,4,3,차대차 - 추돌,안전운전불이행,건조,맑음,단일로 - 터널,승용,남,59세,상해없음,승용,여,45세,경상
2019061500100416,2019년 6월 15일 15시,토요일,경상남도 밀양시 상동면,중상사고,0,2,0,0,차대차 - 측면충돌,신호위반,건조,맑음,단일로 - 터널,화물,남,30세,상해없음,승용,여,52세,중상
2019061500100441,2019년 6월 15일 15시,토요일,경상남도 밀양시 내이동,중상사고,0,1,0,0,차대사람 - 횡단중,안전운전불이행,건조,맑음,단일로 - 기타,화물,여,50세,상해없음,보행자,남,3세,중상
2019061500100442,2019년 6월 15일 15시,토요일,경상남도 김해시 구산동,경상사고,0,0,2,0,차대차 - 측면충돌,직진우회전진행방해,건조,맑음,교차로 - 교차로안,승용,남,52세,상해없음,승용,남,42세,경상
2019061500100478,2019년 6월 15일 16시,토요일,경상남도 밀양시 하남읍,중상사고,0,1,0,0,차대차 - 정면충돌,안전운전불이행,건조,맑음,단일로 - 기타,이륜,남,62세,상해없음,자전거,남,59세,중상
2019061500100479,2019년 6월 15일 16시,토요일,경상남도 양산시 평산동,경상사고,0,0,1,0,차대차 - 기타,안전운전불이행,건조,맑음,교차로 - 교차로안,승합,남,69세,상해없음,승합,남,37세,경상
2019061500100520,2019년 6월 15일 17시,토요일,경상남도 진주시 금산면,경상사고,0,0,1,0,차대차 - 측면충돌,안전운전불이행,건조,맑음,단일로 - 기타,승용,남,49세,상해없음,사륜오토바이(ATV),남,78세,경상
2019061500100521,2019년 6월 15일 17시,토요일,경상남도 산청군 신안면,중상사고,0,2,0,0,차대차 - 측면충돌,중앙선침범,건조,맑음,단일로 - 기타,화물,남,52세,상해없음,승용,남,52세,중상
2019061500100522,2019년 6월 15일 17시,토요일,경상남도 함안군 군북면,경상사고,0,0,1,0,차대차 - 측면충돌,교차로운행방법위반,건조,맑음,교차로 - 교차로안,승용,남,28세,상해없음,승용,남,46세,경상
2019061500100566,2019년 6월 15일 18시,토요일,경상남도 사천시 벌리동,경상사고,0,0,1,0,차대차 - 측면충돌,신호위반,건조,맑음,교차로 - 교차로안,승용,여,63세,상해없음,승용,남,41세,경상
2019061500100567,2019년 6월 15일 18시,토요일,경상남도 창원시 의창구 동정동,경상사고,0,0,1,0,차대차 - 추돌,안전거리미확보,건조,맑음,단일로 - 기타,승용,여,48세,상해없음,승용,여,31세,경상
2019061500100614,2019년 6월 15일 19시,토요일,경상남도 창원시 성산구 중앙동,경상사고,0,0,1,0,차대사람 - 횡단중,신호위반,건조,맑음,교차로 - 교차로안,승용,남,23세,상해없음,보행자,여,20세,경상
2019061500100641,2019년 6월 15일 20시,토요일,경상남도 의령군 정곡면,경상사고,0,0,1,0,차대사람 - 기타,안전운전불이행,건조,흐림,단일로 - 기타,승용,남,61세,상해없음,보행자,여,64세,경상
2019061500100728,2019년 6월 15일 23시,토요일,경상남도 김해시 삼계동,경상사고,0,0,4,0,차대차 - 추돌,안전운전불이행,건조,맑음,교차로 - 교차로안,승용,남,49세,상해없음,승용,여,39세,경상
2019061500100729,2019년 6월 15일 23시,토요일,경상남도 김해시 내덕동,중상사고,0,1,0,0,차대사람 - 횡단중,안전운전불이행,건조,맑음,교차로 - 교차로안,승용,남,32세,상해없음,보행자,여,47세,중상
2019061600100039,2019년 6월 16일 00시,일요일,경상남도 양산시 평산동,경상사고,0,0,1,0,차대차 - 측면충돌,중앙선침범,젖음/습기,비,교차로 - 교차로부근,승용,남,34세,상해없음,이륜,남,29세,경상
2019061600100070,2019년 6월 16일 02시,일요일,경상남도 하동군 청암면,중상사고,0,1,3,0,차대차 - 정면충돌,중앙선침범,건조,맑음,단일로 - 기타,승용,여,80세,중상,승용,남,62세,경상
2019061600100082,2019년 6월 16일 03시,일요일,경상남도 사천시 노룡동,경상사고,0,0,2,0,차대차 - 추돌,안전운전불이행,건조,맑음,교차로 - 교차로부근,승용,남,32세,경상,승용,남,27세,경상
2019061600100093,2019년 6월 16일 04시,일요일,경상남도 창원시 마산회원구 합성동,경상사고,0,0,1,0,차대차 - 측면충돌,신호위반,건조,맑음,교차로 - 교차로안,승용,남,30세,상해없음,승용,남,33세,경상
2019061600100101,2019년 6월 16일 05시,일요일,경상남도 창원시 성산구 상남동,경상사고,0,0,2,0,차대차 - 후진중충돌,안전운전불이행,건조,맑음,교차로 - 교차로부근,승용,남,47세,상해없음,승용,남,25세,경상
2019061600100132,2019년 6월 16일 08시,일요일,경상남도 창녕군 대지면,중상사고,0,1,0,0,차대차 - 측면충돌,안전운전불이행,건조,맑음,단일로 - 기타,화물,남,36세,상해없음,원동기,남,86세,중상
2019061600100133,2019년 6월 16일 08시,일요일,경상남도 김해시 진영읍,경상사고,0,0,1,0,차대차 - 측면충돌,안전운전불이행,건조,맑음,단일로 - 기타,화물,남,49세,상해없음,승용,여,50세,경상
2019061600100172,2019년 6월 16일 10시,일요일,경상남도 진주시 초전동,경상사고,0,0,2,0,차대차 - 기타,안전운전불이행,건조,맑음,기타 - 기타,승용,남,46세,경상,화물,남,43세,경상
2019061600100173,2019년 6월 16일 10시,일요일,경상남도 김해시 안동,경상사고,0,0,1,0,차대사람 - 횡단중,안전운전불이행,건조,맑음,교차로 - 교차로안,승용,남,56세,상해없음,보행자,남,57세,경상
2019061600100174,2019년 6월 16일 10시,일요일,경상남도 김해시 삼방동,중상사고,0,1,0,0,차대차 - 측면충돌,신호위반,건조,맑음,교차로 - 교차로안,화물,남,67세,상해없음,승용,남,29세,중상
2019061600100175,2019년 6월 16일 10시,일요일,경상남도 창녕군 유어면,경상사고,0,0,1,0,차대차 - 기타,중앙선침범,건조,맑음,단일로 - 기타,화물,남,39세,상해없음,화물,남,43세,경상
2019061600100199,2019년 6월 16일 11시,일요일,경상남도 사천시 동동,중상사고,0,1,0,0,차대사람 - 기타,안전운전불이행,건조,맑음,단일로 - 기타,승용,남,44세,상해없음,보행자,남,47세,중상
2019061600100200,2019년 6월 16일 11시,일요일,경상남도 김해시 부원동,중상사고,0,1,1,0,차대차 - 측면충돌,안전운전불이행,건조,맑음,교차로 - 교차로안,승용,남,60세,경상,이륜,남,38세,중상
2019061600100201,2019년 6월 16일 11시,일요일,경상남도 창원시 의창구 명서동,경상사고,0,0,1,0,차대차 - 기타,신호위반,건조,맑음,교차로 - 교차로안,승용,남,33세,상해없음,승용,남,57세,경상
2019061600100266,2019년 6월 16일 13시,일요일,경상남도 거창군 가조면,중상사고,0,1,1,0,차대차 - 측면충돌,안전운전불이행,건조,맑음,단일로 - 기타,승용,남,74세,중상,승용,남,21세,경상
2019061600100267,2019년 6월 16일 13시,일요일,경상남도 양산시 용당동,경상사고,0,0,2,0,차대차 - 측면충돌,신호위반,건조,맑음,교차로 - 교차로안,승용,남,56세,상해없음,화물,남,58세,경상
2019061600100268,2019년 6월 16일 13시,일요일,경상남도 산청군 단성면,경상사고,0,0,1,0,차대차 - 추돌,안전운전불이행,건조,맑음,단일로 - 기타,승용,남,37세,상해없음,승용,남,34세,기타불명
2019061600100290,2019년 6월 16일 14시,일요일,경상남도 양산시 원동면,부상신고사고,0,0,0,1,차대차 - 기타,교차로운행방법위반,건조,맑음,교차로 - 교차로안,승용,남,29세,상해없음,승합,남,67세,상해없음
2019061600100315,2019년 6월 16일 15시,일요일,경상남도 통영시 당동,경상사고,0,0,4,0,차대차 - 정면충돌,신호위반,건조,맑음,교차로 - 교차로안,승용,남,59세,상해없음,승용,남,61세,경상
2019061600100316,2019년 6월 16일 15시,일요일,경상남도 통영시 당동,중상사고,0,1,2,0,차대차 - 추돌,안전운전불이행,건조,맑음,단일로 - 기타,승용,남,56세,경상,승용,남,53세,중상
2019061600100317,2019년 6월 16일 15시,일요일,경상남도 거제시 일운면,중상사고,0,2,0,0,차대차 - 측면충돌,안전운전불이행,건조,맑음,기타 - 기타,승용,남,75세,상해없음,승용,여,49세,중상
2019061600100357,2019년 6월 16일 16시,일요일,경상남도 고성군 마암면,부상신고사고,0,0,0,1,차대차 - 추돌,안전거리미확보,건조,맑음,단일로 - 기타,이륜,남,30세,부상신고,승용,남,49세,상해없음
2019061600100358,2019년 6월 16일 16시,일요일,경상남도 의령군 유곡면,중상사고,0,1,1,0,차대차 - 측면충돌,중앙선침범,건조,맑음,단일로 - 지하차도(도로)내,이륜,남,51세,경상,화물,남,61세,상해없음
2019061600100405,2019년 6월 16일 18시,일요일,경상남도 진주시 상봉동,경상사고,0,0,1,0,차대차 - 기타,안전운전불이행,건조,맑음,교차로 - 교차로부근,자전거,남,59세,경상,승용,남,53세,상해없음
2019061600100406,2019년 6월 16일 18시,일요일,경상남도 통영시 도천동,경상사고,0,0,1,0,차대사람 - 기타,안전운전불이행,건조,맑음,기타 - 기타,승용,남,46세,상해없음,보행자,여,10세,경상
2019061600100407,2019년 6월 16일 18시,일요일,경상남도 양산시 어곡동,중상사고,0,1,0,0,차대차 - 측면충돌,직진우회전진행방해,건조,맑음,교차로 - 교차로안,승용,남,28세,상해없음,이륜,남,22세,중상
2019061600100408,2019년 6월 16일 18시,일요일,경상남도 고성군 고성읍,경상사고,0,0,2,0,차대차 - 측면충돌,안전거리미확보,건조,맑음,단일로 - 기타,승용,여,44세,상해없음,승용,남,34세,경상
2019061600100409,2019년 6월 16일 18시,일요일,경상남도 창원시 의창구 대산면,경상사고,0,0,2,0,차대차 - 기타,신호위반,건조,맑음,교차로 - 교차로안,승용,남,72세,상해없음,승용,남,57세,상해없음
2019061600100437,2019년 6월 16일 19시,일요일,경상남도 사천시 축동면,중상사고,0,2,2,0,차대차 - 추돌,안전운전불이행,건조,맑음,교차로 - 교차로부근,승용,남,23세,상해없음,승용,남,42세,중상
2019061600100460,2019년 6월 16일 20시,일요일,경상남도 사천시 벌리동,경상사고,0,0,1,0,차대차 - 기타,직진우회전진행방해,건조,맑음,교차로 - 교차로안,승용,남,43세,상해없음,이륜,남,31세,경상
2019061600100461,2019년 6월 16일 20시,일요일,경상남도 밀양시 상남면,경상사고,0,0,1,0,차대차 - 측면충돌,교차로운행방법위반,건조,맑음,교차로 - 교차로부근,승용,여,44세,상해없음,승용,남,33세,경상
2019061600100462,2019년 6월 16일 20시,일요일,경상남도 창원시 의창구 동읍,경상사고,0,0,4,0,차대차 - 기타,신호위반,건조,맑음,교차로 - 교차로안,이륜,남,17세,상해없음,승용,남,37세,경상
2019061700100026,2019년 6월 17일 01시,월요일,경상남도 창원시 마산합포구 동성동,경상사고,0,0,1,0,차대차 - 기타,안전운전불이행,건조,맑음,교차로 - 교차로부근,화물,남,47세,상해없음,승용,남,57세,경상
2019061700100027,2019년 6월 17일 01시,월요일,경상남도 창원시 의창구 소답동,경상사고,0,0,1,0,차대차 - 기타,직진우회전진행방해,건조,맑음,교차로 - 교차로안,승용,남,66세,상해없음,승용,남,40세,상해없음