사고번호,사고일시,요일,시군구,사고내용,사망자수,중상자수,경상자수,부상신고자수,사고유형,법규위반,노면상태,기상상태,도로형태,가해운전자 차종,가해운전자 성별,가해운전자 연령,가해운전자 상해정도,피해운전자 차종,피해운전자 성별,피해운전자 연령,피해운전자 상해정도
2019062300100529,2019년 6월 23일 20시,일요일,경상남도 거제시 옥포동,중상사고,0,1,0,0,차대사람 - 기타,기타,건조,맑음,교차로 - 교차로부근,승용,남,26세,상해없음,보행자,남,13세,중상
2019062300100557,2019년 6월 23일 21시,일요일,경상남도 진주시 내동면,중상사고,0,1,0,0,차대사람 - 횡단중,안전운전불이행,건조,맑음,단일로 - 기타,승용,남,26세,상해없음,보행자,남,54세,중상
2019062300100558,2019년 6월 23일 21시,일요일,경상남도 밀양시 내이동,중상사고,0,1,0,0,차량단독 - 공작물충돌,안전운전불이행,건조,흐림,단일로 - 기타,이륜,남,49세,중상,,,,
2019062300100559,2019년 6월 23일 21시,일요일,경상남도 창원시 의창구 동읍,경상사고,0,0,1,0,차량단독 - 기타,기타,건조,맑음,교차로 - 교차로부근,승합,남,61세,상해없음,,,,
2019062300100582,2019년 6월 23일 22시,일요일,경상남도 진주시 초전동,경상사고,0,0,1,0,차대차 - 측면충돌,신호위반,건조,맑음,교차로 - 교차로안,승용,남,53세,상해없음,승용,여,36세,경상
2019062400100041,2019년 6월 24일 03시,월요일,경상남도 김해시 부원동,경상사고,0,0,1,0,차량단독 - 공작물충돌,기타,건조,맑음,단일로 - 기타,이륜,남,16세,경상,,,,
2019062400100046,2019년 6월 24일 04시,월요일,경상남도 양산시 명동,경상사고,0,0,1,0,차대사람 - 기타,안전운전불이행,건조,맑음,교차로 - 교차로안,승용,여,46세,상해없음,보행자,남,23세,경상
2019062400100047,2019년 6월 24일 04시,월요일,경상남도 함안군 칠서면,경상사고,0,0,1,0,차대차 - 측면충돌,중앙선침범,건조,맑음,단일로 - 기타,승용,남,65세,상해없음,화물,남,65세,경상
2019062400100060,2019년 6월 24일 05시,월요일,경상남도 김해시 부원동,중상사고,0,1,0,0,차대차 - 측면충돌,안전운전불이행,건조,맑음,단일로 - 기타,이륜,남,16세,상해없음,화물,남,51세,상해없음
2019062400100100,2019년 6월 24일 07시,월요일,경상남도 창원시 마산합포구 평화동,경상사고,0,0,1,0,차대차 - 측면충돌,안전운전불이행,건조,맑음,교차로 - 교차로안,자전거,여,61세,경상,화물,남,49세,상해없음
2019062400100101,2019년 6월 24일 07시,월요일,경상남도 사천시 용강동,경상사고,0,0,1,0,차대차 - 정면충돌,안전운전불이행,건조,맑음,단일로 - 기타,자전거,남,13세,경상,승용,남,53세,상해없음
2019062400100102,2019년 6월 24일 07시,월요일,경상남도 양산시 물금읍,경상사고,0,0,2,0,차대차 - 추돌,안전운전불이행,건조,맑음,단일로 - 기타,승용,남,63세,기타불명,승용,여,50세,경상
2019062400100151,2019년 6월 24일 08시,월요일,경상남도 남해군 창선면,중상사고,0,1,1,0,차대차 - 측면충돌,안전운전불이행,건조,맑음,단일로 - 기타,승용,여,62세,경상,사륜오토바이(ATV),여,82세,중상
2019062400100197,2019년 6월 24일 09시,월요일,경상남도 창녕군 남지읍,중상사고,0,1,0,0,차대차 - 측면충돌,안전운전불이행,건조,맑음,교차로 - 교차로안,원동기,남,82세,중상,화물,남,56세,상해없음
2019062400100198,2019년 6월 24일 09시,월요일,경상남도 창원시 성산구 남양동,중상사고,0,1,0,0,차대사람 - 기타,안전운전불이행,건조,맑음,교차로 - 교차로안,승용,남,47세,상해없음,보행자,여,89세,중상
2019062400100233,2019년 6월 24일 10시,월요일,경상남도 통영시 미수동,중상사고,0,1,0,0,차대차 - 측면충돌,신호위반,건조,맑음,교차로 - 교차로안,승용,여,52세,상해없음,이륜,남,68세,중상
2019062400100271,2019년 6월 24일 11시,월요일,경상남도 거제시 동부면,중상사고,0,1,0,0,차대차 - 측면충돌,직진우회전진행방해,건조,맑음,교차로 - 교차로안,승용,여,42세,상해없음,승용,남,24세,중상
2019062400100308,2019년 6월 24일 12시,월요일,경상남도 사천시 곤명면,중상사고,0,2,1,0,차대차 - 정면충돌,중앙선침범,건조,맑음,단일로 - 기타,승용,여,61세,경상,승용,여,29세,중상
2019062400100309,2019년 6월 24일 12시,월요일,경상남도 양산시 평산동,중상사고,0,1,0,0,차대차 - 측면충돌,직진우회전진행방해,건조,맑음,교차로 - 교차로안,승용,남,71세,상해없음,이륜,남,53세,중상
2019062400100337,2019년 6월 24일 13시,월요일,경상남도 창녕군 성산면,경상사고,0,0,1,0,차대차 - 측면충돌,안전운전불이행,건조,맑음,교차로 - 교차로안,원동기,남,74세,경상,승용,남,36세,상해없음
2019062400100338,2019년 6월 24일 13시,월요일,경상남도 남해군 삼동면,경상사고,0,0,2,0,차대차 - 측면충돌,안전운전불이행,건조,맑음,단일로 - 기타,승용,여,59세,상해없음,화물,남,45세,경상
2019062400100370,2019년 6월 24일 14시,월요일,경상남도 창원시 진해구 죽곡동,중상사고,0,1,0,0,차대차 - 측면충돌,직진우회전진행방해,건조,맑음,교차로 - 교차로안,화물,남,26세,상해없음,이륜,남,60세,중상
2019062400100371,2019년 6월 24일 14시,월요일,경상남도 김해시 삼계동,경상사고,0,0,2,0,차대차 - 추돌,안전운전불이행,건조,맑음,단일로 - 기타,승용,여,38세,상해없음,승용,여,56세,경상
2019062400100372,2019년 6월 24일 14시,월요일,경상남도 합천군 쌍책면,중상사고,0,1,1,0,차대차 - 측면충돌,안전운전불이행,건조,맑음,단일로 - 기타,화물,남,41세,경상,승용,여,57세,중상
2019062400100373,2019년 6월 24일 14시,월요일,경상남도 합천군 야로면,경상사고,0,0,1,0,차대차 - 정면충돌,중앙선침범,건조,맑음,단일로 - 기타,건설기계,남,45세,상해없음,화물,남,55세,경상
2019062400100374,2019년 6월 24일 14시,월요일,경상남도 양산시 동면,중상사고,0,1,0,0,차대차 - 측면충돌,안전거리미확보,건조,맑음,단일로 - 기타,승용,여,64세,상해없음,승용,남,67세,중상
2019062400100375,2019년 6월 24일 14시,월요일,경상남도 거제시 옥포동,중상사고,0,1,0,0,차대사람 - 횡단중,보행자보호의무위반,건조,맑음,교차로 - 교차로횡단보도내,승용,남,39세,상해없음,보행자,여,66세,중상
2019062400100418,2019년 6월 24일 15시,월요일,경상남도 김해시 주촌면,경상사고,0,0,1,0,차대차 - 추돌,안전운전불이행,건조,맑음,교차로 - 교차로안,이륜,남,48세,경상,승용,여,54세,상해없음
2019062400100572,2019년 6월 24일 18시,월요일,경상남도 진주시 금산면,경상사고,0,0,1,0,차대차 - 측면충돌,안전운전불이행,건조,맑음,교차로 - 교차로안,화물,남,33세,상해없음,승용,여,36세,경상
2019062400100573,2019년 6월 24일 18시,월요일,경상남도 창원시 진해구 석동,경상사고,0,0,1,0,차대차 - 측면충돌,직진우회전진행방해,건조,맑음,교차로 - 교차로안,승용,남,45세,상해없음,승용,여,58세,경상
2019062400100574,2019년 6월 24일 18시,월요일,경상남도 통영시 미수동,경상사고,0,0,2,0,차대차 - 측면충돌,교차로운행방법위반,건조,맑음,교차로 - 교차로안,승용,남,54세,상해없음,승용,남,56세,경상
2019062400100575,2019년 6월 24일 18시,월요일,경상남도 고성군 고성읍,중상사고,0,1,0,0,차대차 - 측면충돌,중앙선침범,건조,맑음,교차로 - 교차로부근,승용,남,38세,상해없음,이륜,남,38세,중상
2019062400100617,2019년 6월 24일 19시,월요일,경상남도 진주시 명석면,경상사고,0,0,1,0,차대차 - 기타,안전운전불이행,건조,맑음,단일로 - 기타,이륜,남,58세,경상,승용,여,35세,상해없음
2019062400100675,2019년 6월 24일 21시,월요일,경상남도 양산시 북부동,중상사고,0,1,0,0,차대차 - 추돌,안전운전불이행,건조,맑음,단일로 - 교량,승용,남,48세,상해없음,이륜,여,54세,중상
2019062400100701,2019년 6월 24일 22시,월요일,경상남도 창원시 진해구 용원동,경상사고,0,0,1,0,차대사람 - 기타,안전운전불이행,건조,맑음,단일로 - 기타,승용,남,39세,상해없음,보행자,남,41세,경상
2019062400100714,2019년 6월 24일 23시,월요일,경상남도 창원시 성산구 외동,중상사고,0,1,1,0,차대차 - 측면충돌,신호위반,건조,맑음,교차로 - 교차로안,승용,여,28세,상해없음,승용,남,26세,중상
2019062500100041,2019년 6월 25일 01시,화요일,경상남도 창원시 마산합포구 해운동,경상사고,0,0,1,0,차대차 - 기타,기타,건조,맑음,교차로 - 교차로안,승용,남,18세,상해없음,승용,남,33세,경상
2019062500100046,2019년 6월 25일 02시,화요일,경상남도 사천시 곤양면,경상사고,0,0,1,0,차대차 - 측면충돌,안전운전불이행,건조,맑음,단일로 - 기타,이륜,남,18세,경상,승용,남,85세,상해없음
2019062500100076,2019년 6월 25일 06시,화요일,경상남도 진주시 충무공동,경상사고,0,0,1,0,차대사람 - 기타,안전운전불이행,건조,맑음,교차로 - 교차로부근,화물,여,63세,상해없음,보행자,남,42세,경상
2019062500100077,2019년 6월 25일 06시,화요일,경상남도 김해시 화목동,중상사고,0,1,1,0,차대차 - 측면충돌,안전운전불이행,건조,맑음,기타 - 기타,화물,남,58세,경상,화물,남,62세,중상
2019062500100105,2019년 6월 25일 07시,화요일,경상남도 사천시 좌룡동,경상사고,0,0,1,0,차대차 - 추돌,안전운전불이행,건조,맑음,교차로 - 교차로부근,승용,남,72세,상해없음,승용,여,40세,경상
2019062500100106,2019년 6월 25일 07시,화요일,경상남도 남해군 남해읍,중상사고,0,2,1,0,차대차 - 측면충돌,안전운전불이행,건조,맑음,교차로 - 교차로안,승용,여,60세,경상,승용,여,58세,중상
2019062500100107,2019년 6월 25일 07시,화요일,경상남도 함안군 칠원읍,경상사고,0,0,3,0,차대차 - 측면충돌,안전거리미확보,건조,맑음,교차로 - 교차로부근,승용,남,67세,상해없음,승용,남,48세,경상
2019062500100148,2019년 6월 25일 08시,화요일,경상남도 창원시 마산합포구 자산동,중상사고,0,1,0,0,차대차 - 기타,기타,건조,맑음,교차로 - 교차로안,승용,여,59세,상해없음,이륜,남,27세,중상
2019062500100149,2019년 6월 25일 08시,화요일,경상남도 창원시 진해구 석동,경상사고,0,0,1,0,차대차 - 추돌,안전운전불이행,건조,맑음,교차로 - 교차로부근,특수,남,59세,상해없음,승용,남,29세,경상
2019062500100150,2019년 6월 25일 08시,화요일,경상남도 창원시 진해구 용원동,경상사고,0,0,2,0,차대차 - 정면충돌,안전운전불이행,건조,맑음,주차장 - 주차장,승용,여,54세,상해없음,승용,남,32세,경상
2019062500100151,2019년 6월 25일 08시,화요일,경상남도 양산시 삼호동,중상사고,0,1,1,0,차대차 - 정면충돌,신호위반,건조,맑음,교차로 - 교차로안,화물,남,51세,경상,이륜,남,18세,중상
2019062500100152,2019년 6월 25일 08시,화요일,경상남도 양산시 물금읍,경상사고,0,0,1,0,차대차 - 측면충돌,신호위반,건조,맑음,교차로 - 교차로안,승용,남,59세,상해없음,승용,남,41세,경상
2019062500100153,2019년 6월 25일 08시,화요일,경상남도 거제시 장평동,중상사고,0,2,0,0,차대차 - 측면충돌,중앙선침범,건조,맑음,교차로 - 교차로부근,이륜,남,58세,중상,이륜,남,49세,중상
2019062500100154,2019년 6월 25일 08시,화요일,경상남도 창원시 성산구 상남동,경상사고,0,0,1,0,차대차 - 측면충돌,신호위반,건조,맑음,교차로 - 교차로안,승용,남,61세,상해없음,승용,남,30세,경상
2019062500100192,2019년 6월 25일 09시,화요일,경상남도 창원시 마산합포구 월남동1가,중상사고,0,1,0,0,차량단독 - 기타,안전운전불이행,건조,맑음,단일로 - 기타,승합,남,57세,상해없음,,,,
2019062500100193,2019년 6월 25일 09시,화요일,경상남도 남해군 남해읍,중상사고,0,1,1,0,차대차 - 측면충돌,안전운전불이행,건조,맑음,교차로 - 교차로안,승용,여,57세,경상,화물,여,44세,중상
2019062500100224,2019년 6월 25일 10시,화요일,경상남도 양산시 물금읍,경상사고,0,0,1,0,차대차 - 측면충돌,교차로운행방법위반,건조,맑음,교차로 - 교차로부근,승용,여,53세,상해없음,개인형이동수단(PM),여,29세,경상
2019062500100264,2019년 6월 25일 11시,화요일,경상남도 진주시 평안동,경상사고,0,0,1,0,차대차 - 측면충돌,안전운전불이행,건조,맑음,교차로 - 교차로안,승용,여,58세,상해없음,승용,남,35세,경상
2019062500100265,2019년 6월 25일 11시,화요일,경상남도 통영시 무전동,경상사고,0,0,1,0,차대사람 - 기타,안전운전불이행,건조,맑음,단일로 - 기타,승용,남,58세,상해없음,보행자,남,39세,경상
2019062500100315,2019년 6월 25일 13시,화요일,경상남도 고성군 마암면,경상사고,0,0,1,0,차대차 - 측면충돌,교차로운행방법위반,건조,맑음,교차로 - 교차로안,승용,여,43세,경상,승용,여,58세,상해없음
2019062500100316,2019년 6월 25일 13시,화요일,경상남도 창원시 성산구 불모산동,경상사고,0,0,1,0,차대차 - 추돌,안전운전불이행,건조,맑음,단일로 - 터널,이륜,기타불명,미분류,기타불명,승용,남,29세,경상
2019062500100368,2019년 6월 25일 14시,화요일,경상남도 진주시 유곡동,경상사고,0,0,1,0,차대차 - 측면충돌,안전운전불이행,건조,맑음,단일로 - 기타,화물,남,67세,상해없음,승용,여,56세,경상
2019062500100403,2019년 6월 25일 15시,화요일,경상남도 합천군 대양면,경상사고,0,0,1,0,차대차 - 측면충돌,신호위반,건조,맑음,단일로 - 기타,화물,남,51세,상해없음,이륜,남,34세,경상
2019062500100404,2019년 6월 25일 15시,화요일,경상남도 양산시 동면,부상신고사고,0,0,0,1,차대차 - 기타,불법유턴,건조,맑음,단일로 - 기타,승용,여,49세,상해없음,이륜,남,70세,부상신고
2019062500100457,2019년 6월 25일 16시,화요일,경상남도 사천시 정동면,부상신고사고,0,0,0,1,차대차 - 측면충돌,직진우회전진행방해,건조,맑음,교차로 - 교차로부근,자전거,남,12세,부상신고,승용,남,51세,상해없음
2019062500100458,2019년 6월 25일 16시,화요일,경상남도 김해시 대동면,경상사고,0,0,1,0,차대차 - 측면충돌,안전운전불이행,건조,맑음,교차로 - 교차로안,승용,남,37세,상해없음,이륜,남,42세,경상
2019062500100459,2019년 6월 25일 16시,화요일,경상남도 양산시 하북면,경상사고,0,0,1,0,차대차 - 측면충돌,불법유턴,건조,맑음,교차로 - 교차로부근,승용,여,54세,상해없음,승용,남,29세,경상
2019062500100460,2019년 6월 25일 16시,화요일,경상남도 함안군 칠서면,중상사고,0,2,0,0,차량단독 - 전도전복 - 전도,안전운전불이행,건조,맑음,단일로 - 기타,이륜,남,72세,중상,,,,
2019062500100518,2019년 6월 25일 17시,화요일,경상남도 통영시 무전동,경상사고,0,0,1,0,차대차 - 측면충돌,교차로운행방법위반,건조,맑음,교차로 - 교차로안,승용,남,59세,상해없음,승용,남,63세,경상
2019062500100519,2019년 6월 25일 17시,화요일,경상남도 거제시 장평동,경상사고,0,0,1,0,차대차 - 추돌,안전운전불이행,건조,맑음,교차로 - 교차로부근,화물,남,68세,경상,화물,남,58세,상해없음
2019062500100520,2019년 6월 25일 17시,화요일,경상남도 창원시 의창구 팔용동,경상사고,0,0,1,0,차대사람 - 기타,신호위반,건조,맑음,단일로 - 기타,승합,남,61세,상해없음,보행자,남,8세,경상
2019062500100583,2019년 6월 25일 18시,화요일,경상남도 진주시 호탄동,중상사고,0,1,0,0,차대차 - 측면충돌,안전운전불이행,건조,맑음,단일로 - 기타,화물,남,43세,상해없음,자전거,남,52세,중상
2019062500100584,2019년 6월 25일 18시,화요일,경상남도 김해시 대청동,경상사고,0,0,2,0,차대차 - 측면충돌,안전운전불이행,건조,맑음,단일로 - 기타,이륜,남,18세,경상,화물,남,66세,상해없음
2019062500100585,2019년 6월 25일 18시,화요일,경상남도 김해시 대청동,경상사고,0,0,1,0,차대차 - 측면충돌,신호위반,건조,맑음,교차로 - 교차로안,화물,여,39세,상해없음,승용,남,43세,경상
2019062500100624,2019년 6월 25일 19시,화요일,경상남도 진주시 상대동,중상사고,0,1,0,0,차대차 - 측면충돌,직진우회전진행방해,건조,맑음,교차로 - 교차로안,승용,남,38세,상해없음,이륜,남,62세,중상
2019062500100625,2019년 6월 25일 19시,화요일,경상남도 거창군 남상면,경상사고,0,0,1,0,차대차 - 측면충돌,안전운전불이행,건조,맑음,단일로 - 기타,화물,남,62세,상해없음,이륜,남,63세,경상
2019062500100656,2019년 6월 25일 20시,화요일,경상남도 창원시 진해구 이동,중상사고,0,1,0,0,차대차 - 기타,안전운전불이행,건조,맑음,교차로 - 교차로안,승용,남,82세,상해없음,이륜,남,37세,중상
2019062500100657,2019년 6월 25일 20시,화요일,경상남도 창원시 의창구 북면,중상사고,0,1,0,0,차대차 - 기타,안전거리미확보,건조,맑음,단일로 - 기타,승용,남,38세,상해없음,이륜,남,36세,중상
2019062500100689,2019년 6월 25일 21시,화요일,경상남도 밀양시 무안면,중상사고,0,1,0,0,차대사람 - 기타,안전운전불이행,건조,맑음,단일로 - 기타,이륜,남,63세,상해없음,보행자,여,90세 이상,중상
2019062500100690,2019년 6월 25일 21시,화요일,경상남도 김해시 관동동,중상사고,0,2,1,0,차대차 - 측면충돌,신호위반,건조,맑음,교차로 - 교차로안,승용,여,45세,경상,승용,남,65세,중상
2019062500100691,2019년 6월 25일 21시,화요일,경상남도 김해시 명법동,경상사고,0,0,2,0,차대차 - 측면충돌,신호위반,건조,맑음,교차로 - 교차로안,승용,남,55세,상해없음,승용,남,33세,경상
2019062500100729,2019년 6월 25일 23시,화요일,경상남도 창원시 마산합포구 진북면,중상사고,0,1,0,0,차대사람 - 기타,안전운전불이행,건조,맑음,단일로 - 기타,화물,남,63세,상해없음,보행자,남,27세,중상
2019062500100730,2019년 6월 25일 23시,화요일,경상남도 진주시 대안동,중상사고,0,1,0,0,차대사람 - 기타,안전운전불이행,건조,맑음,단일로 - 기타,기타불명,기타불명,미분류,기타불명,보행자,남,51세,중상
2019062500100731,2019년 6월 25일 23시,화요일,경상남도 사천시 곤양면,중상사고,0,1,0,0,차량단독 - 전도전복 - 전도,안전운전불이행,건조,맑음,단일로 - 기타,자전거,남,81세,중상,,,,
2019062600100089,2019년 6월 26일 07시,수요일,경상남도 창원시 진해구 이동,중상사고,0,1,0,0,차대사람 - 횡단중,보행자보호의무위반,젖음/습기,비,교차로 - 교차로횡단보도내,승용,남,42세,상해없음,보행자,여,74세,중상
2019062600100090,2019년 6월 26일 07시,수요일,경상남도 창원시 진해구 여좌동,경상사고,0,0,1,0,차대차 - 측면충돌,안전거리미확보,젖음/습기,비,교차로 - 교차로안,승용,남,28세,상해없음,승용,남,35세,경상
2019062600100126,2019년 6월 26일 08시,수요일,경상남도 통영시 광도면,경상사고,0,0,2,0,차대차 - 측면충돌,교차로운행방법위반,젖음/습기,흐림,교차로 - 교차로안,승용,여,33세,상해없음,승용,여,38세,경상
2019062600100127,2019년 6월 26일 08시,수요일,경상남도 김해시 안동,경상사고,0,0,1,0,차대차 - 기타,기타,건조,맑음,교차로 - 교차로부근,화물,남,58세,상해없음,승용,남,44세,경상
2019062600100128,2019년 6월 26일 08시,수요일,경상남도 고성군 고성읍,중상사고,0,1,0,0,차대차 - 추돌,안전운전불이행,젖음/습기,비,단일로 - 기타,화물,남,38세,상해없음,승용,남,56세,중상
2019062600100129,2019년 6월 26일 08시,수요일,경상남도 거제시 둔덕면,경상사고,0,0,1,0,차대차 - 기타,교차로운행방법위반,젖음/습기,비,교차로 - 교차로안,승용,남,72세,상해없음,화물,남,60세,경상
2019062600100130,2019년 6월 26일 08시,수요일,경상남도 산청군 신안면,경상사고,0,0,3,0,차대차 - 추돌,안전운전불이행,젖음/습기,비,단일로 - 기타,승용,남,42세,경상,승용,남,57세,경상
2019062600100168,2019년 6월 26일 09시,수요일,경상남도 창원시 진해구 자은동,경상사고,0,0,1,0,차대차 - 기타,안전운전불이행,젖음/습기,비,교차로 - 교차로부근,건설기계,남,57세,기타불명,승용,여,60세,경상
2019062600100169,2019년 6월 26일 09시,수요일,경상남도 합천군 합천읍,중상사고,0,1,0,0,차대차 - 정면충돌,교차로운행방법위반,건조,흐림,교차로 - 교차로안,화물,남,74세,상해없음,자전거,여,60세,중상
2019062600100170,2019년 6월 26일 09시,수요일,경상남도 김해시 진례면,경상사고,0,0,1,0,차대차 - 측면충돌,교차로운행방법위반,건조,맑음,교차로 - 교차로안,화물,남,51세,상해없음,화물,남,66세,경상
2019062600100206,2019년 6월 26일 10시,수요일,경상남도 김해시 구산동,중상사고,0,1,0,0,차대사람 - 횡단중,보행자보호의무위반,젖음/습기,비,교차로 - 교차로횡단보도내,승용,남,28세,상해없음,보행자,여,69세,중상
2019062600100207,2019년 6월 26일 10시,수요일,경상남도 합천군 적중면,경상사고,0,0,1,0,차대차 - 측면충돌,교차로운행방법위반,젖음/습기,비,교차로 - 교차로안,건설기계,남,52세,상해없음,화물,남,22세,경상
2019062600100239,2019년 6월 26일 11시,수요일,경상남도 진주시 평거동,중상사고,0,2,1,0,차대차 - 기타,신호위반,건조,맑음,교차로 - 교차로안,승용,남,46세,경상,승용,남,66세,중상
2019062600100240,2019년 6월 26일 11시,수요일,경상남도 거제시 고현동,경상사고,0,0,2,0,차대차 - 측면충돌,교차로운행방법위반,젖음/습기,비,교차로 - 교차로안,화물,남,39세,상해없음,승용,여,59세,경상
2019062600100241,2019년 6월 26일 11시,수요일,경상남도 거제시 일운면,중상사고,0,1,0,0,차대사람 - 차도통행중,보행자보호의무위반,젖음/습기,비,교차로 - 교차로횡단보도내,승합,남,58세,상해없음,보행자,남,85세,중상
2019062600100284,2019년 6월 26일 12시,수요일,경상남도 김해시 삼정동,경상사고,0,0,1,0,차대차 - 기타,교차로운행방법위반,건조,맑음,교차로 - 교차로안,승용,여,60세,상해없음,화물,남,40세,경상
2019062600100285,2019년 6월 26일 12시,수요일,경상남도 김해시 부곡동,중상사고,0,1,0,0,차대차 - 측면충돌,안전운전불이행,건조,맑음,단일로 - 기타,승용,여,60세,상해없음,승용,남,35세,중상
2019062600100390,2019년 6월 26일 15시,수요일,경상남도 진주시 대곡면,중상사고,0,2,0,1,차대차 - 정면충돌,중앙선침범,젖음/습기,비,단일로 - 기타,화물,여,64세,부상신고,승용,여,57세,중상
2019062600100391,2019년 6월 26일 15시,수요일,경상남도 김해시 한림면,부상신고사고,0,0,0,1,차대차 - 측면충돌,교차로운행방법위반,건조,맑음,교차로 - 교차로부근,승용,여,54세,부상신고,화물,남,57세,상해없음
2019062600100416,2019년 6월 26일 16시,수요일,경상남도 김해시 풍유동,중상사고,0,1,1,0,차대차 - 측면충돌,중앙선침범,젖음/습기,비,교차로 - 교차로부근,화물,남,37세,상해없음,승용,남,56세,중상
2019062600100443,2019년 6월 26일 16시,수요일,경상남도 김해시 전하동,경상사고,0,0,1,0,차대차 - 기타,안전운전불이행,건조,맑음,교차로 - 교차로부근,승합,남,51세,상해없음,승합,여,52세,경상
2019062600100444,2019년 6월 26일 16시,수요일,경상남도 양산시 물금읍,중상사고,0,1,0,0,차대사람 - 횡단중,보행자보호의무위반,젖음/습기,맑음,교차로 - 교차로횡단보도내,화물,남,51세,상해없음,보행자,여,78세,중상
2019062600100445,2019년 6월 26일 16시,수요일,경상남도 남해군 창선면,부상신고사고,0,0,0,1,차대차 - 측면충돌,안전운전불이행,건조,맑음,단일로 - 기타,승용,남,42세,상해없음,승용,여,62세,부상신고
2019062600100496,2019년 6월 26일 17시,수요일,경상남도 통영시 미수동,경상사고,0,0,1,0,차대사람 - 횡단중,신호위반,젖음/습기,비,교차로 - 교차로안,승용,여,55세,상해없음,보행자,남,75세,경상
2019062600100497,2019년 6월 26일 17시,수요일,경상남도 거제시 고현동,중상사고,0,2,1,0,차대차 - 추돌,안전운전불이행,젖음/습기,비,교차로 - 교차로부근,승용,남,46세,상해없음,승용,남,45세,중상
2019062600100498,2019년 6월 26일 17시,수요일,경상남도 통영시 광도면,중상사고,0,3,0,0,차량단독 - 전도전복 - 전도,안전운전불이행,젖음/습기,비,단일로 - 기타,승용,남,65세,상해없음,,,,
2019062600100543,2019년 6월 26일 18시,수요일,경상남도 창원시 마산합포구 두월동1가,경상사고,0,0,1,0,차대차 - 추돌,안전거리미확보,젖음/습기,비,교차로 - 교차로안,승합,남,58세,상해없음,승용,여,51세,경상
2019062600100544,2019년 6월 26일 18시,수요일,경상남도 양산시 삼호동,경상사고,0,0,1,0,차대차 - 측면충돌,안전거리미확보,건조,맑음,교차로 - 교차로안,화물,여,50세,상해없음,화물,남,69세,경상
2019062600100545,2019년 6월 26일 18시,수요일,경상남도 거제시 고현동,중상사고,0,1,0,0,차대차 - 측면충돌,교차로운행방법위반,젖음/습기,비,교차로 - 교차로안,승용,여,34세,상해없음,이륜,남,25세,중상
2019062600100546,2019년 6월 26일 18시,수요일,경상남도 산청군 생초면,경상사고,0,0,1,0,차대차 - 측면충돌,신호위반,젖음/습기,비,교차로 - 교차로안,화물,남,25세,상해없음,화물,남,43세,경상
2019062600100547,2019년 6월 26일 18시,수요일,경상남도 김해시 진영읍,중상사고,0,1,2,0,차대차 - 추돌,안전운전불이행,젖음/습기,맑음,단일로 - 기타,승용,남,31세,경상,화물,남,66세,중상
2019062600100593,2019년 6월 26일 19시,수요일,경상남도 김해시 외동,경상사고,0,0,1,0,차대차 - 정면충돌,중앙선침범,젖음/습기,비,교차로 - 교차로부근,이륜,남,30세,경상,화물,남,57세,상해없음
2019062600100594,2019년 6월 26일 19시,수요일,경상남도 양산시 북정동,중상사고,0,4,1,0,차대차 - 기타,신호위반,젖음/습기,비,교차로 - 교차로안,승용,여,61세,중상,승용,남,47세,경상
2019062600100595,2019년 6월 26일 19시,수요일,경상남도 고성군 고성읍,중상사고,0,1,0,0,차대사람 - 횡단중,안전운전불이행,건조,맑음,단일로 - 기타,승용,여,41세,상해없음,보행자,남,28세,중상
2019062600100624,2019년 6월 26일 20시,수요일,경상남도 진주시 칠암동,중상사고,0,1,0,0,차대사람 - 기타,안전운전불이행,젖음/습기,비,단일로 - 기타,승용,남,43세,상해없음,보행자,남,75세,중상
2019062600100658,2019년 6월 26일 21시,수요일,경상남도 밀양시 내이동,사망사고,1,0,0,0,차대사람 - 횡단중,안전운전불이행,젖음/습기,비,교차로 - 교차로횡단보도내,승용,남,46세,상해없음,보행자,남,71세,사망
2019062600100659,2019년 6월 26일 21시,수요일,경상남도 거제시 상동동,중상사고,0,1,0,0,차대사람 - 차도통행중,안전운전불이행,건조,맑음,단일로 - 기타,승용,남,66세,상해없음,보행자,여,58세,중상
2019062600100687,2019년 6월 26일 22시,수요일,경상남도 진주시 신안동,경상사고,0,0,1,0,차대차 - 기타,안전운전불이행,젖음/습기,비,단일로 - 기타,승용,남,46세,상해없음,승용,여,31세,경상
2019062600100688,2019년 6월 26일 22시,수요일,경상남도 거제시 고현동,경상사고,0,0,2,0,차대차 - 정면충돌,중앙선침범,젖음/습기,비,단일로 - 기타,승용,여,59세,상해없음,승용,남,60세,경상
2019062600100706,2019년 6월 26일 23시,수요일,경상남도 김해시 삼방동,중상사고,0,1,0,0,차대사람 - 횡단중,신호위반,젖음/습기,비,교차로 - 교차로부근,이륜,남,18세,상해없음,보행자,남,60세,중상
2019062600100707,2019년 6월 26일 23시,수요일,경상남도 의령군 의령읍,경상사고,0,0,1,0,차대차 - 측면충돌,교차로운행방법위반,젖음/습기,비,교차로 - 교차로안,승용,남,78세,상해없음,이륜,남,49세,경상
2019062600100708,2019년 6월 26일 23시,수요일,경상남도 진주시 지수면,중상사고,0,1,1,0,차량단독 - 기타,안전운전불이행,젖음/습기,비,단일로 - 기타,승용,남,47세,상해없음,,,,