사고번호,사고일시,요일,시군구,사고내용,사망자수,중상자수,경상자수,부상신고자수,사고유형,법규위반,노면상태,기상상태,도로형태,가해운전자 차종,가해운전자 성별,가해운전자 연령,가해운전자 상해정도,피해운전자 차종,피해운전자 성별,피해운전자 연령,피해운전자 상해정도
2019062700100032,2019년 6월 27일 00시,목요일,경상남도 거제시 연초면,경상사고,0,0,1,0,차량단독 - 공작물충돌,안전운전불이행,젖음/습기,비,단일로 - 기타,화물,남,57세,경상,,,,
2019062700100049,2019년 6월 27일 02시,목요일,경상남도 김해시 외동,중상사고,0,1,1,0,차대차 - 기타,신호위반,젖음/습기,비,교차로 - 교차로안,승용,여,28세,상해없음,승용,남,55세,경상
2019062700100079,2019년 6월 27일 06시,목요일,경상남도 김해시 삼계동,경상사고,0,0,2,0,차대차 - 기타,중앙선침범,젖음/습기,비,단일로 - 기타,승용,남,35세,경상,화물,여,59세,경상
2019062700100106,2019년 6월 27일 07시,목요일,경상남도 진주시 초전동,경상사고,0,0,1,0,차대차 - 기타,안전운전불이행,젖음/습기,비,단일로 - 기타,승용,남,59세,상해없음,화물,남,55세,상해없음
2019062700100107,2019년 6월 27일 07시,목요일,경상남도 김해시 대동면,경상사고,0,0,1,0,차대차 - 기타,안전운전불이행,젖음/습기,비,단일로 - 기타,승용,남,34세,상해없음,승용,남,64세,경상
2019062700100108,2019년 6월 27일 07시,목요일,경상남도 양산시 북부동,중상사고,0,1,1,0,차대차 - 기타,교차로운행방법위반,건조,맑음,교차로 - 교차로안,화물,남,68세,경상,승용,남,60세,중상
2019062700100109,2019년 6월 27일 07시,목요일,경상남도 창원시 마산회원구 석전동,경상사고,0,0,1,0,차대사람 - 차도통행중,안전운전불이행,젖음/습기,비,교차로 - 교차로안,화물,남,50세,상해없음,보행자,여,68세,경상
2019062700100155,2019년 6월 27일 08시,목요일,경상남도 김해시 생림면,경상사고,0,0,2,0,차대차 - 기타,중앙선침범,젖음/습기,비,단일로 - 기타,승용,남,57세,경상,화물,남,36세,경상
2019062700100156,2019년 6월 27일 08시,목요일,경상남도 창원시 마산회원구 구암동,중상사고,0,1,1,0,차대차 - 정면충돌,안전운전불이행,젖음/습기,비,교차로 - 교차로안,승용,남,37세,상해없음,화물,남,58세,중상
2019062700100157,2019년 6월 27일 08시,목요일,경상남도 창원시 의창구 북면,경상사고,0,0,1,0,차대차 - 정면충돌,중앙선침범,젖음/습기,비,단일로 - 기타,승용,여,32세,상해없음,승용,남,53세,경상
2019062700100198,2019년 6월 27일 09시,목요일,경상남도 거창군 웅양면,중상사고,0,1,0,0,차대차 - 기타,안전운전불이행,젖음/습기,비,교차로 - 교차로안,건설기계,남,55세,상해없음,화물,남,63세,중상
2019062700100224,2019년 6월 27일 10시,목요일,경상남도 창원시 진해구 석동,경상사고,0,0,5,0,차대차 - 측면충돌,안전운전불이행,젖음/습기,흐림,교차로 - 교차로부근,승용,여,35세,경상,승합,남,43세,경상
2019062700100225,2019년 6월 27일 10시,목요일,경상남도 김해시 어방동,부상신고사고,0,0,0,1,차량단독 - 공작물충돌,안전운전불이행,젖음/습기,비,교차로 - 교차로안,승용,여,39세,부상신고,,,,
2019062700100226,2019년 6월 27일 10시,목요일,경상남도 양산시 물금읍,중상사고,0,1,0,0,차대차 - 측면충돌,직진우회전진행방해,젖음/습기,비,교차로 - 교차로안,승용,여,40세,상해없음,이륜,남,68세,중상
2019062700100250,2019년 6월 27일 11시,목요일,경상남도 양산시 삼호동,경상사고,0,0,1,0,차대차 - 측면충돌,직진우회전진행방해,젖음/습기,비,교차로 - 교차로안,승용,여,46세,상해없음,승용,남,66세,경상
2019062700100278,2019년 6월 27일 12시,목요일,경상남도 진주시 칠암동,경상사고,0,0,1,0,차대차 - 측면충돌,안전운전불이행,건조,맑음,교차로 - 교차로안,승용,남,68세,상해없음,이륜,남,18세,경상
2019062700100279,2019년 6월 27일 12시,목요일,경상남도 사천시 사천읍,경상사고,0,0,1,0,차대차 - 측면충돌,안전운전불이행,건조,맑음,교차로 - 교차로부근,승용,남,45세,상해없음,승용,여,46세,경상
2019062700100280,2019년 6월 27일 12시,목요일,경상남도 김해시 부곡동,경상사고,0,0,1,0,차대차 - 측면충돌,안전운전불이행,건조,맑음,교차로 - 교차로안,승용,여,71세,상해없음,승용,여,37세,경상
2019062700100321,2019년 6월 27일 13시,목요일,경상남도 거제시 수월동,중상사고,0,1,0,0,차대사람 - 횡단중,보행자보호의무위반,건조,맑음,교차로 - 교차로횡단보도내,승용,남,52세,상해없음,보행자,남,14세,중상
2019062700100322,2019년 6월 27일 13시,목요일,경상남도 김해시 내덕동,중상사고,0,1,2,0,차대차 - 추돌,안전운전불이행,건조,맑음,단일로 - 기타,승용,남,21세,상해없음,승합,남,58세,경상
2019062700100351,2019년 6월 27일 14시,목요일,경상남도 통영시 광도면,경상사고,0,0,1,0,차대차 - 측면충돌,직진우회전진행방해,건조,맑음,교차로 - 교차로안,승용,여,39세,상해없음,이륜,남,32세,경상
2019062700100352,2019년 6월 27일 14시,목요일,경상남도 김해시 주촌면,경상사고,0,0,1,0,차대사람 - 차도통행중,안전운전불이행,건조,맑음,단일로 - 기타,화물,남,27세,상해없음,보행자,남,59세,경상
2019062700100391,2019년 6월 27일 15시,목요일,경상남도 거제시 상동동,경상사고,0,0,2,0,차대사람 - 횡단중,신호위반,건조,맑음,교차로 - 교차로횡단보도내,이륜,남,68세,상해없음,보행자,남,7세,경상
2019062700100477,2019년 6월 27일 17시,목요일,경상남도 창원시 진해구 평안동,경상사고,0,0,2,0,차대차 - 측면충돌,교차로운행방법위반,건조,맑음,교차로 - 교차로안,승용,여,43세,경상,승용,남,38세,경상
2019062700100478,2019년 6월 27일 17시,목요일,경상남도 창원시 성산구 성주동,경상사고,0,0,2,0,차대사람 - 기타,안전운전불이행,건조,맑음,단일로 - 기타,승합,남,55세,상해없음,보행자,여,60세,경상
2019062700100523,2019년 6월 27일 18시,목요일,경상남도 진주시 신안동,경상사고,0,0,1,0,차대사람 - 기타,안전거리미확보,건조,맑음,단일로 - 기타,승용,남,65세,상해없음,보행자,여,51세,경상
2019062700100524,2019년 6월 27일 18시,목요일,경상남도 양산시 물금읍,경상사고,0,0,1,0,차대차 - 측면충돌,안전거리미확보,건조,맑음,교차로 - 교차로횡단보도내,원동기,남,38세,경상,승용,여,52세,상해없음
2019062700100578,2019년 6월 27일 20시,목요일,경상남도 사천시 벌리동,부상신고사고,0,0,0,1,차대차 - 기타,안전운전불이행,건조,맑음,단일로 - 기타,승용,남,30세,상해없음,승용,남,37세,부상신고
2019062700100579,2019년 6월 27일 20시,목요일,경상남도 사천시 사남면,중상사고,0,1,0,0,차대차 - 측면충돌,안전운전불이행,건조,맑음,교차로 - 교차로안,승용,남,52세,상해없음,이륜,남,32세,중상
2019062700100580,2019년 6월 27일 20시,목요일,경상남도 김해시 화목동,경상사고,0,0,3,0,차대차 - 기타,중앙선침범,건조,맑음,단일로 - 기타,승용,남,29세,경상,화물,남,70세,경상
2019062800100052,2019년 6월 28일 02시,금요일,경상남도 창원시 마산회원구 회성동,중상사고,0,1,1,0,차대차 - 추돌,안전운전불이행,건조,맑음,단일로 - 기타,승용,남,65세,상해없음,승용,남,55세,중상
2019062800100061,2019년 6월 28일 03시,금요일,경상남도 김해시 어방동,중상사고,0,1,0,0,차대사람 - 횡단중,안전운전불이행,건조,맑음,단일로 - 기타,승합,여,53세,상해없음,보행자,남,51세,중상
2019062800100062,2019년 6월 28일 03시,금요일,경상남도 양산시 동면,중상사고,0,1,0,0,차대차 - 추돌,안전운전불이행,젖음/습기,흐림,교차로 - 교차로부근,화물,남,49세,상해없음,승용,남,53세,중상
2019062800100077,2019년 6월 28일 05시,금요일,경상남도 창원시 의창구 팔용동,사망사고,1,0,0,0,차대사람 - 횡단중,안전운전불이행,건조,맑음,단일로 - 기타,승용,여,51세,상해없음,보행자,남,78세,사망
2019062800100091,2019년 6월 28일 06시,금요일,경상남도 양산시 물금읍,경상사고,0,0,1,0,차대차 - 추돌,안전운전불이행,젖음/습기,흐림,단일로 - 교량,승용,여,57세,상해없음,화물,남,51세,경상
2019062800100110,2019년 6월 28일 07시,금요일,경상남도 진주시 금산면,경상사고,0,0,1,0,차대차 - 측면충돌,직진우회전진행방해,건조,맑음,교차로 - 교차로안,승용,남,69세,상해없음,승용,여,62세,경상
2019062800100146,2019년 6월 28일 08시,금요일,경상남도 밀양시 삼문동,경상사고,0,0,1,0,차대차 - 추돌,안전운전불이행,건조,맑음,단일로 - 기타,화물,남,61세,상해없음,승용,여,37세,경상
2019062800100168,2019년 6월 28일 09시,금요일,경상남도 창원시 마산합포구 구산면,중상사고,0,1,0,0,차대사람 - 횡단중,안전운전불이행,젖음/습기,비,교차로 - 교차로안,승용,남,41세,상해없음,보행자,여,79세,중상
2019062800100169,2019년 6월 28일 09시,금요일,경상남도 밀양시 하남읍,중상사고,0,1,3,0,차대차 - 측면충돌,안전운전불이행,건조,맑음,교차로 - 교차로안,승용,남,64세,경상,화물,남,76세,중상
2019062800100170,2019년 6월 28일 09시,금요일,경상남도 김해시 삼계동,경상사고,0,0,2,0,차대차 - 측면충돌,신호위반,건조,흐림,교차로 - 교차로안,승용,여,33세,상해없음,승용,남,47세,경상
2019062800100212,2019년 6월 28일 10시,금요일,경상남도 통영시 봉평동,중상사고,0,1,0,0,차대차 - 측면충돌,안전거리미확보,건조,맑음,단일로 - 기타,이륜,남,63세,중상,승용,여,50세,상해없음
2019062800100213,2019년 6월 28일 10시,금요일,경상남도 거창군 거창읍,중상사고,0,1,0,0,차대차 - 측면충돌,신호위반,건조,맑음,교차로 - 교차로안,승용,남,28세,상해없음,이륜,남,67세,중상
2019062800100254,2019년 6월 28일 11시,금요일,경상남도 진주시 가좌동,중상사고,0,1,1,0,차대차 - 측면충돌,안전운전불이행,건조,맑음,교차로 - 교차로부근,이륜,남,34세,상해없음,승용,남,26세,중상
2019062800100255,2019년 6월 28일 11시,금요일,경상남도 창원시 의창구 북면,경상사고,0,0,2,0,차대차 - 기타,안전운전불이행,건조,맑음,교차로 - 교차로안,승용,남,64세,기타불명,화물,남,58세,경상
2019062800100294,2019년 6월 28일 12시,금요일,경상남도 남해군 남해읍,중상사고,0,1,0,0,차대차 - 측면충돌,안전운전불이행,건조,맑음,단일로 - 기타,이륜,남,62세,중상,승용,남,51세,상해없음
2019062800100295,2019년 6월 28일 12시,금요일,경상남도 의령군 정곡면,경상사고,0,0,1,0,차량단독 - 도로외이탈 - 추락,안전운전불이행,건조,맑음,단일로 - 기타,사륜오토바이(ATV),남,80세,경상,,,,
2019062800100329,2019년 6월 28일 13시,금요일,경상남도 김해시 율하동,경상사고,0,0,2,0,차대차 - 측면충돌,안전운전불이행,건조,맑음,교차로 - 교차로부근,이륜,남,33세,경상,승용,남,39세,경상
2019062800100358,2019년 6월 28일 14시,금요일,경상남도 김해시 구산동,중상사고,0,2,1,0,차대사람 - 기타,안전운전불이행,건조,맑음,단일로 - 기타,승용,여,62세,상해없음,보행자,남,44세,중상
2019062800100359,2019년 6월 28일 14시,금요일,경상남도 창원시 의창구 중동,경상사고,0,0,1,0,차대차 - 추돌,안전거리미확보,건조,맑음,교차로 - 교차로안,승용,남,59세,상해없음,승용,남,54세,경상
2019062800100403,2019년 6월 28일 15시,금요일,경상남도 창원시 진해구 남문동,중상사고,0,2,0,0,차대차 - 기타,안전운전불이행,건조,맑음,교차로 - 교차로안,승합,남,64세,상해없음,화물,남,31세,중상
2019062800100404,2019년 6월 28일 15시,금요일,경상남도 통영시 무전동,중상사고,0,1,0,0,차대사람 - 횡단중,안전운전불이행,건조,맑음,단일로 - 기타,자전거,남,11세,상해없음,보행자,여,36세,중상
2019062800100405,2019년 6월 28일 15시,금요일,경상남도 김해시 전하동,중상사고,0,1,2,0,차대차 - 추돌,안전운전불이행,건조,맑음,단일로 - 기타,승용,남,56세,상해없음,승용,여,67세,경상
2019062800100406,2019년 6월 28일 15시,금요일,경상남도 창원시 의창구 동읍,경상사고,0,0,1,0,차대차 - 기타,안전운전불이행,건조,맑음,단일로 - 기타,승용,남,34세,상해없음,승용,남,49세,경상
2019062800100452,2019년 6월 28일 16시,금요일,경상남도 양산시 동면,경상사고,0,0,1,0,차대차 - 측면충돌,안전운전불이행,건조,맑음,단일로 - 기타,승합,여,20세,상해없음,승용,여,24세,경상
2019062800100453,2019년 6월 28일 16시,금요일,경상남도 창원시 의창구 동읍,경상사고,0,0,1,0,차대차 - 기타,신호위반,건조,맑음,교차로 - 교차로안,승용,남,27세,상해없음,화물,남,25세,경상
2019062800100493,2019년 6월 28일 17시,금요일,경상남도 진주시 유곡동,중상사고,0,1,0,1,차대차 - 추돌,안전운전불이행,건조,맑음,교차로 - 교차로부근,화물,남,53세,부상신고,화물,남,38세,중상
2019062800100536,2019년 6월 28일 18시,금요일,경상남도 통영시 태평동,중상사고,0,1,0,0,차대차 - 측면충돌,기타,건조,맑음,단일로 - 기타,승용,여,52세,상해없음,이륜,여,38세,중상
2019062800100573,2019년 6월 28일 19시,금요일,경상남도 밀양시 상남면,경상사고,0,0,1,0,차대차 - 추돌,안전운전불이행,건조,맑음,단일로 - 기타,승용,여,56세,상해없음,승용,여,53세,경상
2019062800100574,2019년 6월 28일 19시,금요일,경상남도 창원시 의창구 동읍,경상사고,0,0,1,0,차대차 - 추돌,신호위반,건조,맑음,단일로 - 기타,화물,남,61세,상해없음,승용,남,37세,경상
2019062800100690,2019년 6월 28일 22시,금요일,경상남도 양산시 평산동,중상사고,0,1,0,0,차대사람 - 횡단중,과속,건조,맑음,교차로 - 교차로안,승용,남,57세,상해없음,보행자,남,50세,중상
2019062800100691,2019년 6월 28일 22시,금요일,경상남도 거제시 아주동,경상사고,0,0,4,0,차대차 - 측면충돌,안전운전불이행,건조,맑음,교차로 - 교차로안,승용,남,44세,경상,승용,남,50세,경상
2019062800100692,2019년 6월 28일 22시,금요일,경상남도 거제시 고현동,경상사고,0,0,1,0,차대차 - 측면충돌,신호위반,건조,맑음,교차로 - 교차로안,승용,여,59세,상해없음,승용,여,31세,경상
2019062800100715,2019년 6월 28일 23시,금요일,경상남도 창원시 마산합포구 월영동,경상사고,0,0,1,0,차대차 - 기타,안전거리미확보,건조,맑음,단일로 - 기타,자전거,남,17세,경상,승용,여,40세,상해없음
2019062800100716,2019년 6월 28일 23시,금요일,경상남도 진주시 평안동,경상사고,0,0,1,0,차대차 - 기타,안전운전불이행,건조,맑음,단일로 - 기타,승용,남,23세,상해없음,이륜,남,18세,경상
2019062800100717,2019년 6월 28일 23시,금요일,경상남도 창원시 의창구 동읍,경상사고,0,0,1,0,차대차 - 기타,기타,건조,맑음,교차로 - 교차로안,화물,남,66세,상해없음,승용,여,59세,경상
2019062800100718,2019년 6월 28일 23시,금요일,경상남도 김해시 대청동,경상사고,0,0,1,0,차대차 - 정면충돌,중앙선침범,건조,맑음,단일로 - 기타,승용,여,41세,경상,승용,남,60세,상해없음
2019062900100042,2019년 6월 29일 00시,토요일,경상남도 김해시 외동,경상사고,0,0,1,0,차대차 - 측면충돌,차로위반,건조,맑음,단일로 - 기타,승용,남,29세,상해없음,이륜,남,17세,경상
2019062900100061,2019년 6월 29일 01시,토요일,경상남도 사천시 사남면,중상사고,0,1,0,0,차대사람 - 횡단중,안전운전불이행,건조,맑음,단일로 - 기타,승용,남,48세,상해없음,보행자,여,35세,중상
2019062900100062,2019년 6월 29일 01시,토요일,경상남도 합천군 합천읍,중상사고,0,1,3,0,차대차 - 측면충돌,중앙선침범,젖음/습기,비,단일로 - 기타,승용,남,21세,상해없음,승용,남,42세,경상
2019062900100063,2019년 6월 29일 01시,토요일,경상남도 창원시 의창구 서상동,중상사고,0,1,0,0,차대사람 - 횡단중,보행자보호의무위반,건조,맑음,교차로 - 교차로안,승용,남,60세,상해없음,보행자,남,39세,중상
2019062900100116,2019년 6월 29일 05시,토요일,경상남도 함안군 칠서면,경상사고,0,0,2,0,차대차 - 측면충돌,신호위반,건조,맑음,교차로 - 교차로안,화물,남,47세,경상,승합,남,53세,경상
2019062900100145,2019년 6월 29일 07시,토요일,경상남도 창원시 진해구 자은동,경상사고,0,0,1,0,차대차 - 측면충돌,안전운전불이행,건조,맑음,단일로 - 기타,승용,여,34세,상해없음,승용,남,67세,경상
2019062900100161,2019년 6월 29일 08시,토요일,경상남도 진주시 내동면,중상사고,0,2,0,0,차대차 - 기타,안전운전불이행,젖음/습기,비,단일로 - 기타,승용,남,59세,중상,승용,남,39세,상해없음
2019062900100162,2019년 6월 29일 08시,토요일,경상남도 함안군 가야읍,중상사고,0,1,0,0,차량단독 - 공작물충돌,안전운전불이행,젖음/습기,비,교차로 - 교차로안,승용,남,54세,중상,,,,
2019062900100181,2019년 6월 29일 09시,토요일,경상남도 거제시 고현동,중상사고,0,1,0,0,차대사람 - 횡단중,보행자보호의무위반,건조,흐림,단일로 - 기타,승용,여,34세,상해없음,보행자,여,74세,중상
2019062900100207,2019년 6월 29일 10시,토요일,경상남도 거제시 고현동,경상사고,0,0,1,0,차대차 - 측면충돌,신호위반,기타,비,교차로 - 교차로안,화물,남,36세,상해없음,승용,여,54세,경상
2019062900100266,2019년 6월 29일 12시,토요일,경상남도 진주시 하대동,중상사고,0,1,0,0,차대차 - 측면충돌,중앙선침범,젖음/습기,비,단일로 - 기타,승용,남,65세,상해없음,승용,여,51세,중상
2019062900100267,2019년 6월 29일 12시,토요일,경상남도 창원시 진해구 용원동,경상사고,0,0,1,0,차대차 - 측면충돌,신호위반,건조,맑음,교차로 - 교차로부근,승용,남,42세,상해없음,승용,남,24세,경상
2019062900100268,2019년 6월 29일 12시,토요일,경상남도 거창군 거창읍,중상사고,0,1,0,0,차대사람 - 횡단중,안전운전불이행,젖음/습기,비,교차로 - 교차로안,화물,남,54세,상해없음,보행자,여,25세,중상
2019062900100269,2019년 6월 29일 12시,토요일,경상남도 창원시 성산구 중앙동,중상사고,0,1,0,0,차대차 - 기타,안전운전불이행,젖음/습기,맑음,교차로 - 교차로안,승용,여,50세,상해없음,이륜,남,30세,중상
2019062900100270,2019년 6월 29일 12시,토요일,경상남도 김해시 풍유동,경상사고,0,0,1,0,차대차 - 측면충돌,안전거리미확보,건조,맑음,교차로 - 교차로안,승용,남,30세,상해없음,승용,남,35세,경상
2019062900100309,2019년 6월 29일 13시,토요일,경상남도 거제시 옥포동,중상사고,0,1,0,0,차대차 - 측면충돌,교차로운행방법위반,건조,맑음,교차로 - 교차로안,승용,남,54세,상해없음,승용,여,26세,중상
2019062900100310,2019년 6월 29일 13시,토요일,경상남도 창원시 의창구 소계동,경상사고,0,0,1,0,차대차 - 추돌,안전운전불이행,건조,맑음,교차로 - 교차로부근,승용,여,37세,상해없음,화물,여,61세,경상
2019062900100354,2019년 6월 29일 14시,토요일,경상남도 밀양시 상남면,경상사고,0,0,1,0,차대차 - 추돌,안전운전불이행,젖음/습기,비,단일로 - 기타,승용,남,55세,상해없음,승용,남,61세,경상
2019062900100355,2019년 6월 29일 14시,토요일,경상남도 김해시 부원동,중상사고,0,1,0,0,차대차 - 측면충돌,신호위반,젖음/습기,비,교차로 - 교차로안,승용,남,50세,상해없음,이륜,남,23세,중상
2019062900100356,2019년 6월 29일 14시,토요일,경상남도 김해시 내동,경상사고,0,0,1,0,차대차 - 기타,안전운전불이행,젖음/습기,비,교차로 - 교차로안,이륜,남,34세,경상,승용,남,50세,상해없음
2019062900100357,2019년 6월 29일 14시,토요일,경상남도 양산시 동면,경상사고,0,0,1,0,차량단독 - 공작물충돌,안전운전불이행,젖음/습기,비,단일로 - 기타,승용,남,29세,경상,,,,
2019062900100392,2019년 6월 29일 15시,토요일,경상남도 진주시 호탄동,경상사고,0,0,2,0,차대차 - 측면충돌,안전운전불이행,젖음/습기,비,교차로 - 교차로안,승용,여,36세,상해없음,승용,남,39세,경상
2019062900100393,2019년 6월 29일 15시,토요일,경상남도 김해시 삼계동,중상사고,0,1,0,0,차대차 - 기타,신호위반,젖음/습기,비,교차로 - 교차로부근,승용,남,58세,상해없음,이륜,남,33세,중상
2019062900100426,2019년 6월 29일 16시,토요일,경상남도 김해시 삼계동,중상사고,0,2,1,0,차대차 - 정면충돌,중앙선침범,젖음/습기,비,단일로 - 기타,승용,남,37세,상해없음,승용,여,48세,중상
2019062900100427,2019년 6월 29일 16시,토요일,경상남도 창녕군 도천면,경상사고,0,0,4,0,차대차 - 기타,신호위반,젖음/습기,비,교차로 - 교차로안,승용,여,50세,상해없음,승용,남,41세,경상
2019062900100428,2019년 6월 29일 16시,토요일,경상남도 창원시 의창구 동정동,중상사고,0,2,0,0,차대차 - 기타,중앙선침범,젖음/습기,비,단일로 - 기타,화물,남,57세,상해없음,승용,남,30세,중상
2019062900100479,2019년 6월 29일 17시,토요일,경상남도 사천시 축동면,경상사고,0,0,1,0,차대차 - 추돌,안전운전불이행,젖음/습기,비,교차로 - 교차로부근,승용,남,48세,상해없음,승용,남,34세,경상
2019062900100480,2019년 6월 29일 17시,토요일,경상남도 밀양시 산내면,중상사고,0,2,0,0,차대차 - 측면충돌,안전운전불이행,젖음/습기,비,단일로 - 기타,승용,여,54세,상해없음,화물,남,68세,중상
2019062900100481,2019년 6월 29일 17시,토요일,경상남도 거창군 가조면,경상사고,0,0,1,0,차량단독 - 공작물충돌,안전운전불이행,젖음/습기,비,단일로 - 기타,화물,남,56세,경상,,,,
2019062900100482,2019년 6월 29일 17시,토요일,경상남도 남해군 남해읍,경상사고,0,0,1,0,차대차 - 측면충돌,안전운전불이행,젖음/습기,흐림,교차로 - 교차로안,승용,남,48세,상해없음,승용,남,66세,상해없음
2019062900100514,2019년 6월 29일 18시,토요일,경상남도 거제시 사등면,사망사고,1,2,1,0,차대차 - 정면충돌,중앙선침범,젖음/습기,비,단일로 - 기타,승용,남,29세,사망,승용,남,38세,중상
2019062900100540,2019년 6월 29일 19시,토요일,경상남도 진주시 호탄동,경상사고,0,0,2,0,차대차 - 측면충돌,안전운전불이행,젖음/습기,비,교차로 - 교차로안,승용,남,62세,상해없음,승용,여,29세,경상
2019062900100541,2019년 6월 29일 19시,토요일,경상남도 창녕군 남지읍,중상사고,0,1,0,0,차대사람 - 기타,안전운전불이행,젖음/습기,비,교차로 - 교차로안,승용,남,59세,상해없음,보행자,남,76세,중상
2019062900100568,2019년 6월 29일 20시,토요일,경상남도 양산시 물금읍,경상사고,0,0,1,0,차대차 - 측면충돌,교차로운행방법위반,젖음/습기,비,교차로 - 교차로안,승용,남,45세,상해없음,이륜,남,27세,경상
2019062900100569,2019년 6월 29일 20시,토요일,경상남도 거제시 연초면,경상사고,0,0,2,0,차대차 - 추돌,안전운전불이행,젖음/습기,비,단일로 - 기타,화물,남,61세,상해없음,승합,남,62세,경상
2019062900100570,2019년 6월 29일 20시,토요일,경상남도 창원시 마산회원구 봉암동,경상사고,0,0,2,0,차대차 - 추돌,안전운전불이행,젖음/습기,비,교차로 - 교차로부근,화물,남,65세,상해없음,승용,남,60세,경상
2019062900100601,2019년 6월 29일 21시,토요일,경상남도 창원시 진해구 용원동,중상사고,0,1,0,0,차대차 - 측면충돌,안전운전불이행,건조,맑음,교차로 - 교차로안,승용,남,35세,기타불명,승용,남,52세,중상
2019062900100602,2019년 6월 29일 21시,토요일,경상남도 김해시 봉황동,경상사고,0,0,3,0,차대차 - 추돌,안전운전불이행,건조,맑음,단일로 - 교량,승용,남,60세,상해없음,승용,남,41세,경상
2019062900100603,2019년 6월 29일 21시,토요일,경상남도 김해시 외동,경상사고,0,0,1,0,차대차 - 측면충돌,직진우회전진행방해,젖음/습기,비,교차로 - 교차로안,승용,남,29세,상해없음,승용,남,60세,경상
2019062900100604,2019년 6월 29일 21시,토요일,경상남도 김해시 신문동,경상사고,0,0,1,0,차대차 - 측면충돌,안전운전불이행,젖음/습기,비,교차로 - 교차로안,승용,여,39세,상해없음,이륜,남,30세,경상
2019062900100627,2019년 6월 29일 22시,토요일,경상남도 통영시 무전동,경상사고,0,0,2,0,차대차 - 추돌,안전운전불이행,건조,맑음,교차로 - 교차로부근,승용,남,51세,상해없음,승용,남,67세,경상
2019063000100045,2019년 6월 30일 01시,일요일,경상남도 김해시 외동,중상사고,0,1,0,0,차대사람 - 횡단중,보행자보호의무위반,젖음/습기,흐림,교차로 - 교차로횡단보도내,승용,남,61세,상해없음,보행자,남,17세,중상
2019063000100046,2019년 6월 30일 01시,일요일,경상남도 창원시 마산회원구 구암동,경상사고,0,0,3,0,차대차 - 추돌,안전운전불이행,젖음/습기,비,단일로 - 고가도로위,승용,남,56세,상해없음,이륜,남,21세,경상
2019063000100065,2019년 6월 30일 03시,일요일,경상남도 창원시 마산합포구 상남동,경상사고,0,0,1,0,차대차 - 측면충돌,신호위반,젖음/습기,흐림,교차로 - 교차로안,승용,여,19세,상해없음,승용,남,64세,경상
2019063000100066,2019년 6월 30일 03시,일요일,경상남도 창원시 성산구 상남동,경상사고,0,0,2,0,차대사람 - 횡단중,보행자보호의무위반,건조,맑음,교차로 - 교차로안,승용,남,20세,상해없음,보행자,여,28세,경상
2019063000100067,2019년 6월 30일 03시,일요일,경상남도 창원시 의창구 서상동,경상사고,0,0,1,0,차대차 - 측면충돌,신호위반,건조,맑음,교차로 - 교차로안,승용,남,48세,상해없음,승용,남,54세,경상
2019063000100092,2019년 6월 30일 06시,일요일,경상남도 창원시 마산합포구 월영동,경상사고,0,0,1,0,차대차 - 측면충돌,안전운전불이행,젖음/습기,흐림,교차로 - 교차로안,승용,남,58세,상해없음,이륜,남,39세,경상
2019063000100093,2019년 6월 30일 06시,일요일,경상남도 창원시 진해구 경화동,중상사고,0,1,0,0,차대차 - 기타,안전운전불이행,건조,맑음,교차로 - 교차로부근,승용,남,54세,상해없음,승용,남,49세,상해없음
2019063000100143,2019년 6월 30일 10시,일요일,경상남도 창원시 마산합포구 진동면,중상사고,0,1,0,0,차대차 - 측면충돌,안전운전불이행,건조,맑음,교차로 - 교차로안,승용,남,26세,상해없음,승용,남,65세,중상
2019063000100166,2019년 6월 30일 11시,일요일,경상남도 함양군 수동면,중상사고,0,2,0,0,차대차 - 추돌,안전운전불이행,건조,맑음,단일로 - 기타,이륜,남,55세,중상,이륜,남,54세,중상
2019063000100195,2019년 6월 30일 12시,일요일,경상남도 고성군 고성읍,중상사고,0,1,0,0,차대차 - 기타,교차로운행방법위반,건조,맑음,교차로 - 교차로안,승용,남,47세,상해없음,이륜,남,58세,중상
2019063000100222,2019년 6월 30일 13시,일요일,경상남도 창원시 마산합포구 진북면,경상사고,0,0,1,1,차대차 - 측면충돌,안전운전불이행,건조,맑음,단일로 - 기타,승용,남,41세,부상신고,승용,남,54세,경상
2019063000100223,2019년 6월 30일 13시,일요일,경상남도 통영시 도산면,경상사고,0,0,2,0,차대차 - 측면충돌,교차로운행방법위반,건조,맑음,교차로 - 교차로부근,승용,여,48세,기타불명,승용,남,58세,경상
2019063000100224,2019년 6월 30일 13시,일요일,경상남도 밀양시 상남면,경상사고,0,0,4,0,차대차 - 측면충돌,중앙선침범,건조,맑음,단일로 - 기타,화물,남,59세,상해없음,승용,여,38세,경상
2019063000100225,2019년 6월 30일 13시,일요일,경상남도 밀양시 내이동,경상사고,0,0,1,0,차대차 - 측면충돌,안전운전불이행,건조,맑음,교차로 - 교차로안,승용,남,71세,상해없음,특수,남,50세,상해없음
2019063000100226,2019년 6월 30일 13시,일요일,경상남도 밀양시 삼문동,경상사고,0,0,1,0,차대차 - 측면충돌,교차로운행방법위반,건조,맑음,교차로 - 교차로부근,승용,여,49세,상해없음,자전거,남,64세,경상
2019063000100227,2019년 6월 30일 13시,일요일,경상남도 거제시 아주동,경상사고,0,0,1,0,차대차 - 측면충돌,안전운전불이행,건조,맑음,단일로 - 기타,승용,남,42세,상해없음,이륜,남,32세,경상