사고번호,사고일시,요일,시군구,사고내용,사망자수,중상자수,경상자수,부상신고자수,사고유형,법규위반,노면상태,기상상태,도로형태,가해운전자 차종,가해운전자 성별,가해운전자 연령,가해운전자 상해정도,피해운전자 차종,피해운전자 성별,피해운전자 연령,피해운전자 상해정도
2019070300100452,2019년 7월 3일 17시,수요일,경상남도 함양군 함양읍,중상사고,0,2,0,0,차대차 - 측면충돌,교차로운행방법위반,건조,맑음,교차로 - 교차로안,화물,남,47세,상해없음,화물,남,67세,중상
2019070300100453,2019년 7월 3일 17시,수요일,경상남도 산청군 신안면,경상사고,0,0,1,0,차대차 - 추돌,안전운전불이행,건조,맑음,단일로 - 기타,화물,남,62세,상해없음,승용,남,75세,경상
2019070300100500,2019년 7월 3일 18시,수요일,경상남도 진주시 신안동,중상사고,0,2,0,0,차대차 - 추돌,안전운전불이행,건조,맑음,단일로 - 기타,이륜,남,26세,중상,승용,남,41세,중상
2019070300100501,2019년 7월 3일 18시,수요일,경상남도 김해시 외동,경상사고,0,0,1,0,차대차 - 측면충돌,안전운전불이행,건조,맑음,교차로 - 교차로안,이륜,남,37세,경상,승용,남,52세,상해없음
2019070300100518,2019년 7월 3일 19시,수요일,경상남도 창원시 마산합포구 완월동,중상사고,0,1,0,0,차대차 - 정면충돌,신호위반,건조,맑음,교차로 - 교차로안,승용,여,62세,상해없음,승용,여,64세,중상
2019070300100519,2019년 7월 3일 19시,수요일,경상남도 진주시 인사동,경상사고,0,0,1,0,차대사람 - 횡단중,안전운전불이행,건조,맑음,교차로 - 교차로안,승용,남,64세,상해없음,보행자,남,8세,경상
2019070300100520,2019년 7월 3일 19시,수요일,경상남도 창원시 진해구 용원동,중상사고,0,2,0,0,차대차 - 측면충돌,안전운전불이행,건조,맑음,교차로 - 교차로안,승합,남,63세,상해없음,승용,남,33세,중상
2019070300100521,2019년 7월 3일 19시,수요일,경상남도 양산시 물금읍,중상사고,0,1,0,0,차대차 - 측면충돌,신호위반,건조,맑음,교차로 - 교차로안,승합,남,33세,상해없음,승용,여,45세,중상
2019070300100522,2019년 7월 3일 19시,수요일,경상남도 거제시 일운면,중상사고,0,1,0,0,차대차 - 측면충돌,교차로운행방법위반,건조,맑음,교차로 - 교차로안,승용,남,20세,상해없음,이륜,여,43세,중상
2019070300100523,2019년 7월 3일 19시,수요일,경상남도 창원시 의창구 명서동,부상신고사고,0,0,0,1,차대차 - 측면충돌,안전운전불이행,건조,맑음,교차로 - 교차로부근,기타불명,기타불명,미분류,기타불명,자전거,남,54세,부상신고
2019070300100582,2019년 7월 3일 21시,수요일,경상남도 창원시 진해구 경화동,경상사고,0,0,1,0,차대차 - 기타,차로위반,건조,맑음,단일로 - 기타,승용,남,31세,상해없음,승용,남,28세,상해없음
2019070300100583,2019년 7월 3일 21시,수요일,경상남도 양산시 삼호동,경상사고,0,0,1,0,차대차 - 기타,기타,건조,맑음,교차로 - 교차로안,승용,남,18세,상해없음,승합,남,46세,상해없음
2019070300100584,2019년 7월 3일 21시,수요일,경상남도 함안군 가야읍,경상사고,0,0,2,0,차대차 - 추돌,안전운전불이행,건조,맑음,교차로 - 교차로부근,승용,남,53세,상해없음,승용,여,42세,경상
2019070300100619,2019년 7월 3일 23시,수요일,경상남도 창원시 마산합포구 예곡동,중상사고,0,1,0,0,차대차 - 정면충돌,신호위반,건조,맑음,교차로 - 교차로안,승용,여,19세,상해없음,승용,남,49세,중상
2019070400100029,2019년 7월 4일 00시,목요일,경상남도 진주시 인사동,중상사고,0,1,0,0,차대사람 - 기타,안전운전불이행,건조,맑음,교차로 - 교차로안,승용,남,63세,상해없음,보행자,남,55세,중상
2019070400100045,2019년 7월 4일 02시,목요일,경상남도 김해시 동상동,중상사고,0,1,0,0,차대차 - 측면충돌,불법유턴,건조,맑음,단일로 - 기타,승용,남,65세,상해없음,이륜,남,48세,중상
2019070400100066,2019년 7월 4일 05시,목요일,경상남도 밀양시 상남면,경상사고,0,0,2,0,차대차 - 추돌,안전운전불이행,건조,흐림,교차로 - 교차로안,화물,남,53세,경상,화물,남,51세,경상
2019070400100078,2019년 7월 4일 06시,목요일,경상남도 양산시 삼호동,경상사고,0,0,3,0,차대차 - 측면충돌,직진우회전진행방해,건조,맑음,교차로 - 교차로안,승용,여,61세,경상,승용,남,38세,경상
2019070400100079,2019년 7월 4일 06시,목요일,경상남도 양산시 주남동,경상사고,0,0,2,0,차대차 - 측면충돌,직진우회전진행방해,건조,맑음,교차로 - 교차로안,승용,남,61세,경상,승용,여,48세,경상
2019070400100086,2019년 7월 4일 07시,목요일,경상남도 양산시 산막동,사망사고,1,2,10,1,차대차 - 추돌,안전운전불이행,건조,맑음,단일로 - 기타,승용,남,59세,사망,승용,여,47세,중상
2019070400100102,2019년 7월 4일 07시,목요일,경상남도 양산시 용당동,경상사고,0,0,1,0,차대차 - 측면충돌,신호위반,건조,맑음,교차로 - 교차로안,승용,남,67세,상해없음,승용,남,63세,경상
2019070400100149,2019년 7월 4일 08시,목요일,경상남도 창원시 진해구 풍호동,경상사고,0,0,2,0,차대차 - 추돌,안전운전불이행,건조,맑음,단일로 - 기타,승용,남,71세,상해없음,승용,여,44세,기타불명
2019070400100150,2019년 7월 4일 08시,목요일,경상남도 양산시 상북면,경상사고,0,0,1,0,차대차 - 측면충돌,안전거리미확보,건조,맑음,교차로 - 교차로부근,화물,남,79세,상해없음,승용,여,26세,경상
2019070400100151,2019년 7월 4일 08시,목요일,경상남도 거제시 옥포동,경상사고,0,0,1,1,차대차 - 측면충돌,직진우회전진행방해,건조,맑음,교차로 - 교차로안,화물,남,43세,부상신고,승용,여,47세,경상
2019070400100204,2019년 7월 4일 09시,목요일,경상남도 진주시 호탄동,경상사고,0,0,1,0,차대차 - 기타,안전운전불이행,건조,맑음,교차로 - 교차로안,승용,여,48세,상해없음,화물,남,52세,경상
2019070400100205,2019년 7월 4일 09시,목요일,경상남도 창원시 진해구 자은동,경상사고,0,0,1,0,차대차 - 기타,안전운전불이행,건조,맑음,단일로 - 기타,승용,여,52세,상해없음,승합,남,59세,상해없음
2019070400100206,2019년 7월 4일 09시,목요일,경상남도 함안군 가야읍,경상사고,0,0,1,0,차대차 - 측면충돌,교차로운행방법위반,건조,맑음,교차로 - 교차로부근,승용,남,49세,상해없음,자전거,여,72세,경상
2019070400100235,2019년 7월 4일 10시,목요일,경상남도 사천시 동금동,경상사고,0,0,1,0,차대차 - 측면충돌,직진우회전진행방해,건조,맑음,교차로 - 교차로안,이륜,남,54세,경상,승용,여,43세,상해없음
2019070400100236,2019년 7월 4일 10시,목요일,경상남도 양산시 상북면,부상신고사고,0,0,0,1,차량단독 - 전도전복 - 전도,안전운전불이행,건조,맑음,교차로 - 교차로부근,화물,남,40세,부상신고,,,,
2019070400100237,2019년 7월 4일 10시,목요일,경상남도 창원시 의창구 팔용동,중상사고,0,1,0,0,차대차 - 측면충돌,신호위반,건조,맑음,교차로 - 교차로안,승용,남,61세,상해없음,자전거,남,67세,중상
2019070400100263,2019년 7월 4일 11시,목요일,경상남도 창원시 마산합포구 구산면,경상사고,0,0,1,0,차대차 - 추돌,안전거리미확보,건조,맑음,단일로 - 기타,화물,남,58세,상해없음,건설기계,남,20세,경상
2019070400100264,2019년 7월 4일 11시,목요일,경상남도 창녕군 영산면,중상사고,0,1,0,0,차대차 - 정면충돌,안전운전불이행,건조,맑음,교차로 - 교차로안,승용,여,44세,상해없음,이륜,여,55세,중상
2019070400100290,2019년 7월 4일 12시,목요일,경상남도 진주시 내동면,경상사고,0,0,1,0,차대차 - 추돌,안전운전불이행,건조,맑음,교차로 - 교차로안,승용,남,41세,상해없음,승용,여,34세,경상
2019070400100291,2019년 7월 4일 12시,목요일,경상남도 창원시 진해구 경화동,중상사고,0,1,1,0,차대차 - 기타,안전운전불이행,건조,맑음,교차로 - 교차로부근,이륜,남,54세,중상,승용,여,60세,경상
2019070400100292,2019년 7월 4일 12시,목요일,경상남도 거제시 상동동,중상사고,0,1,0,0,차대차 - 정면충돌,안전운전불이행,건조,맑음,교차로 - 교차로안,승합,남,59세,상해없음,이륜,남,37세,중상
2019070400100293,2019년 7월 4일 12시,목요일,경상남도 김해시 관동동,경상사고,0,0,1,0,차대사람 - 횡단중,안전운전불이행,건조,맑음,교차로 - 교차로횡단보도내,승용,여,25세,상해없음,보행자,남,14세,경상
2019070400100333,2019년 7월 4일 13시,목요일,경상남도 통영시 미수동,경상사고,0,0,2,0,차대차 - 기타,신호위반,건조,맑음,교차로 - 교차로부근,화물,남,53세,상해없음,화물,남,50세,경상
2019070400100334,2019년 7월 4일 13시,목요일,경상남도 창녕군 대지면,경상사고,0,0,1,0,차대차 - 측면충돌,직진우회전진행방해,건조,맑음,교차로 - 교차로안,승용,남,54세,상해없음,승용,남,67세,경상
2019070400100367,2019년 7월 4일 14시,목요일,경상남도 사천시 송포동,경상사고,0,0,1,0,차대차 - 추돌,안전운전불이행,건조,맑음,단일로 - 기타,승용,남,21세,경상,승용,남,64세,상해없음
2019070400100368,2019년 7월 4일 14시,목요일,경상남도 사천시 벌리동,경상사고,0,0,3,1,차대차 - 측면충돌,안전운전불이행,건조,맑음,교차로 - 교차로안,승용,여,35세,경상,화물,남,52세,경상
2019070400100369,2019년 7월 4일 14시,목요일,경상남도 김해시 삼정동,경상사고,0,0,1,0,차대차 - 추돌,안전운전불이행,건조,맑음,교차로 - 교차로부근,승용,여,34세,상해없음,승용,남,56세,경상
2019070400100370,2019년 7월 4일 14시,목요일,경상남도 양산시 덕계동,경상사고,0,0,2,0,차대차 - 기타,안전운전불이행,건조,맑음,단일로 - 기타,건설기계,남,54세,상해없음,화물,남,55세,경상
2019070400100401,2019년 7월 4일 15시,목요일,경상남도 진주시 금산면,중상사고,0,1,0,0,차대사람 - 횡단중,보행자보호의무위반,건조,맑음,교차로 - 교차로횡단보도내,화물,남,45세,상해없음,보행자,여,60세,중상
2019070400100402,2019년 7월 4일 15시,목요일,경상남도 밀양시 교동,경상사고,0,0,2,0,차대차 - 추돌,안전운전불이행,건조,맑음,단일로 - 기타,승용,여,47세,경상,화물,남,45세,경상
2019070400100403,2019년 7월 4일 15시,목요일,경상남도 거제시 동부면,경상사고,0,0,1,0,차대차 - 측면충돌,안전운전불이행,건조,맑음,교차로 - 교차로안,이륜,남,85세,경상,승용,남,67세,상해없음
2019070400100422,2019년 7월 4일 16시,목요일,경상남도 김해시 대동면,경상사고,0,0,4,1,차대차 - 추돌,안전거리미확보,건조,맑음,단일로 - 기타,화물,남,49세,경상,승용,남,37세,경상
2019070400100437,2019년 7월 4일 16시,목요일,경상남도 창원시 진해구 태백동,중상사고,0,1,0,1,차대차 - 추돌,안전운전불이행,건조,맑음,교차로 - 교차로부근,승용,여,26세,부상신고,승용,남,64세,중상
2019070400100438,2019년 7월 4일 16시,목요일,경상남도 양산시 동면,중상사고,0,1,0,0,차대차 - 기타,안전운전불이행,건조,맑음,단일로 - 기타,이륜,여,56세,중상,화물,남,64세,상해없음
2019070400100439,2019년 7월 4일 16시,목요일,경상남도 의령군 대의면,경상사고,0,0,1,0,차대차 - 추돌,안전운전불이행,건조,맑음,단일로 - 기타,승용,남,45세,경상,승용,남,38세,상해없음
2019070400100486,2019년 7월 4일 17시,목요일,경상남도 밀양시 부북면,중상사고,0,1,0,0,차대차 - 측면충돌,안전운전불이행,건조,맑음,교차로 - 교차로안,화물,남,35세,상해없음,농기계,남,72세,중상
2019070400100487,2019년 7월 4일 17시,목요일,경상남도 김해시 대동면,경상사고,0,0,2,0,차대차 - 측면충돌,직진우회전진행방해,건조,맑음,교차로 - 교차로안,승용,남,61세,경상,화물,남,43세,경상
2019070400100488,2019년 7월 4일 17시,목요일,경상남도 양산시 물금읍,경상사고,0,0,1,0,차대사람 - 횡단중,보행자보호의무위반,건조,맑음,교차로 - 교차로횡단보도내,승용,남,44세,상해없음,보행자,여,42세,경상
2019070400100532,2019년 7월 4일 18시,목요일,경상남도 창원시 의창구 북면,경상사고,0,0,1,0,차대차 - 측면충돌,안전운전불이행,건조,맑음,교차로 - 교차로안,승용,남,63세,상해없음,승용,여,25세,경상
2019070400100533,2019년 7월 4일 18시,목요일,경상남도 김해시 진영읍,중상사고,0,1,3,0,차대차 - 정면충돌,중앙선침범,건조,맑음,교차로 - 교차로부근,승용,여,24세,상해없음,승용,남,62세,경상
2019070400100563,2019년 7월 4일 19시,목요일,경상남도 창원시 진해구 용원동,중상사고,0,1,0,0,차대차 - 측면충돌,직진우회전진행방해,건조,맑음,교차로 - 교차로안,승용,남,25세,상해없음,이륜,남,29세,중상
2019070400100564,2019년 7월 4일 19시,목요일,경상남도 거제시 고현동,경상사고,0,0,1,0,차대차 - 기타,교차로운행방법위반,건조,맑음,교차로 - 교차로부근,승용,남,53세,상해없음,이륜,남,21세,경상
2019070400100589,2019년 7월 4일 20시,목요일,경상남도 창원시 진해구 용원동,경상사고,0,0,1,0,차대사람 - 기타,안전운전불이행,건조,맑음,기타 - 기타,자전거,남,61세,상해없음,보행자,남,42세,경상
2019070400100590,2019년 7월 4일 20시,목요일,경상남도 통영시 광도면,경상사고,0,0,2,0,차대차 - 측면충돌,안전운전불이행,건조,맑음,교차로 - 교차로부근,승용,남,37세,상해없음,화물,여,53세,경상
2019070400100612,2019년 7월 4일 21시,목요일,경상남도 진주시 칠암동,경상사고,0,0,1,0,차대차 - 기타,안전운전불이행,건조,맑음,교차로 - 교차로안,승용,남,24세,상해없음,이륜,남,44세,경상
2019070400100613,2019년 7월 4일 21시,목요일,경상남도 함양군 함양읍,중상사고,0,1,0,0,차대사람 - 차도통행중,기타,건조,맑음,단일로 - 기타,승용,남,47세,상해없음,보행자,여,58세,중상
2019070400100636,2019년 7월 4일 22시,목요일,경상남도 진주시 상대동,경상사고,0,0,1,0,차대차 - 측면충돌,신호위반,건조,맑음,교차로 - 교차로안,이륜,여,20세,경상,승용,남,50세,상해없음
2019070500100066,2019년 7월 5일 04시,금요일,경상남도 창원시 성산구 반림동,중상사고,0,1,0,0,차대차 - 측면충돌,중앙선침범,건조,맑음,단일로 - 기타,승용,남,45세,상해없음,이륜,남,48세,중상
2019070500100076,2019년 7월 5일 05시,금요일,경상남도 김해시 동상동,사망사고,1,0,0,0,차대차 - 측면충돌,안전운전불이행,건조,맑음,교차로 - 교차로부근,이륜,남,59세,사망,승용,남,58세,상해없음
2019070500100084,2019년 7월 5일 06시,금요일,경상남도 창녕군 창녕읍,중상사고,0,2,0,0,차대차 - 정면충돌,중앙선침범,건조,맑음,교차로 - 교차로부근,화물,남,60세,상해없음,화물,남,70세,중상
2019070500100110,2019년 7월 5일 07시,금요일,경상남도 김해시 외동,경상사고,0,0,2,0,차대차 - 측면충돌,직진우회전진행방해,건조,맑음,교차로 - 교차로안,승용,여,57세,경상,승합,남,45세,경상
2019070500100111,2019년 7월 5일 07시,금요일,경상남도 합천군 합천읍,경상사고,0,0,1,0,차대차 - 측면충돌,교차로운행방법위반,건조,맑음,교차로 - 교차로안,승용,여,48세,상해없음,승용,여,64세,경상
2019070500100161,2019년 7월 5일 08시,금요일,경상남도 남해군 삼동면,경상사고,0,0,1,0,차량단독 - 공작물충돌,안전운전불이행,건조,맑음,단일로 - 기타,화물,여,71세,경상,,,,
2019070500100162,2019년 7월 5일 08시,금요일,경상남도 김해시 내덕동,부상신고사고,0,0,0,1,차대차 - 추돌,안전운전불이행,건조,맑음,교차로 - 교차로부근,이륜,남,16세,부상신고,승용,여,49세,상해없음
2019070500100251,2019년 7월 5일 11시,금요일,경상남도 창원시 마산합포구 해운동,경상사고,0,0,2,0,차대차 - 추돌,안전운전불이행,건조,맑음,단일로 - 기타,승용,여,54세,상해없음,승용,여,53세,경상
2019070500100252,2019년 7월 5일 11시,금요일,경상남도 양산시 북부동,경상사고,0,0,2,0,차대차 - 측면충돌,안전운전불이행,건조,맑음,교차로 - 교차로안,승용,남,34세,경상,승용,남,30세,경상
2019070500100253,2019년 7월 5일 11시,금요일,경상남도 산청군 산청읍,중상사고,0,1,0,0,차대차 - 후진중충돌,안전운전불이행,건조,맑음,교차로 - 교차로안,화물,남,83세,상해없음,승용,여,52세,중상
2019070500100254,2019년 7월 5일 11시,금요일,경상남도 김해시 주촌면,경상사고,0,0,2,0,차대차 - 측면충돌,안전운전불이행,건조,맑음,교차로 - 교차로안,승용,여,54세,경상,화물,남,55세,경상
2019070500100395,2019년 7월 5일 15시,금요일,경상남도 거제시 고현동,부상신고사고,0,0,0,1,차대차 - 기타,교차로운행방법위반,건조,맑음,교차로 - 교차로안,승용,남,33세,부상신고,승용,남,60세,상해없음
2019070500100396,2019년 7월 5일 15시,금요일,경상남도 함안군 군북면,경상사고,0,0,1,0,차대차 - 측면충돌,중앙선침범,건조,맑음,교차로 - 교차로부근,승용,남,62세,상해없음,승용,여,53세,경상
2019070500100420,2019년 7월 5일 16시,금요일,경상남도 양산시 하북면,경상사고,0,0,1,0,차대차 - 기타,안전운전불이행,건조,맑음,단일로 - 기타,화물,남,64세,상해없음,승용,여,23세,경상
2019070500100447,2019년 7월 5일 16시,금요일,경상남도 함양군 서상면,경상사고,0,0,5,0,차대차 - 추돌,교차로운행방법위반,건조,맑음,교차로 - 교차로안,화물,남,60세,경상,화물,남,67세,상해없음
2019070500100448,2019년 7월 5일 16시,금요일,경상남도 함안군 가야읍,경상사고,0,0,1,0,차대차 - 측면충돌,교차로운행방법위반,건조,맑음,교차로 - 교차로안,승합,여,58세,경상,승용,여,31세,상해없음
2019070500100495,2019년 7월 5일 17시,금요일,경상남도 통영시 중앙동,중상사고,0,1,0,0,차대사람 - 기타,기타,건조,맑음,단일로 - 기타,승용,남,60세,상해없음,보행자,여,70세,중상
2019070500100496,2019년 7월 5일 17시,금요일,경상남도 밀양시 삼문동,경상사고,0,0,1,0,차대차 - 측면충돌,신호위반,건조,흐림,교차로 - 교차로안,승용,여,20세,상해없음,자전거,남,16세,경상
2019070500100497,2019년 7월 5일 17시,금요일,경상남도 함안군 칠원읍,경상사고,0,0,1,0,차대차 - 추돌,안전운전불이행,건조,맑음,단일로 - 기타,화물,남,62세,상해없음,승용,여,30세,경상
2019070500100550,2019년 7월 5일 18시,금요일,경상남도 진주시 초전동,중상사고,0,1,0,0,차대차 - 측면충돌,신호위반,건조,맑음,교차로 - 교차로횡단보도내,이륜,남,19세,상해없음,자전거,여,41세,중상
2019070500100551,2019년 7월 5일 18시,금요일,경상남도 밀양시 상남면,중상사고,0,2,0,0,차대차 - 추돌,안전운전불이행,건조,맑음,단일로 - 기타,승용,여,51세,상해없음,승용,여,58세,중상
2019070500100552,2019년 7월 5일 18시,금요일,경상남도 양산시 물금읍,경상사고,0,0,1,0,차대차 - 측면충돌,안전운전불이행,건조,맑음,교차로 - 교차로안,승용,남,64세,상해없음,승용,여,25세,경상
2019070500100553,2019년 7월 5일 18시,금요일,경상남도 거제시 양정동,경상사고,0,0,1,0,차대차 - 추돌,안전운전불이행,건조,맑음,단일로 - 기타,승용,여,48세,상해없음,승용,여,47세,경상
2019070500100554,2019년 7월 5일 18시,금요일,경상남도 김해시 부곡동,경상사고,0,0,2,0,차대차 - 측면충돌,안전운전불이행,건조,맑음,교차로 - 교차로안,승용,여,57세,상해없음,승용,여,49세,경상
2019070500100593,2019년 7월 5일 19시,금요일,경상남도 양산시 물금읍,경상사고,0,0,1,0,차대차 - 측면충돌,안전거리미확보,건조,맑음,단일로 - 기타,승용,남,26세,상해없음,원동기,남,23세,경상
2019070500100650,2019년 7월 5일 21시,금요일,경상남도 김해시 대성동,중상사고,0,1,1,0,차대차 - 기타,안전운전불이행,건조,맑음,단일로 - 기타,이륜,남,20세,상해없음,자전거,여,50세,중상
2019070500100675,2019년 7월 5일 22시,금요일,경상남도 창원시 마산합포구 월포동,사망사고,1,0,0,0,차대사람 - 횡단중,안전운전불이행,건조,맑음,교차로 - 교차로횡단보도내,승용,여,32세,상해없음,보행자,남,67세,사망
2019070500100697,2019년 7월 5일 23시,금요일,경상남도 함양군 함양읍,경상사고,0,0,1,0,차대차 - 추돌,교차로운행방법위반,건조,맑음,교차로 - 교차로안,승용,여,25세,상해없음,이륜,남,18세,경상
2019070600100044,2019년 7월 6일 00시,토요일,경상남도 양산시 물금읍,경상사고,0,0,1,0,차대차 - 추돌,안전운전불이행,건조,맑음,단일로 - 기타,승용,남,38세,상해없음,승용,여,55세,경상
2019070600100100,2019년 7월 6일 04시,토요일,경상남도 창녕군 창녕읍,경상사고,0,0,1,0,차대차 - 측면충돌,안전운전불이행,건조,맑음,단일로 - 기타,승용,남,52세,상해없음,농기계,남,79세,경상
2019070600100110,2019년 7월 6일 05시,토요일,경상남도 양산시 삼호동,경상사고,0,0,3,0,차대차 - 측면충돌,직진우회전진행방해,건조,맑음,교차로 - 교차로안,승용,남,64세,경상,승용,남,37세,경상
2019070600100111,2019년 7월 6일 05시,토요일,경상남도 창원시 성산구 신촌동,경상사고,0,0,1,0,차대차 - 정면충돌,중앙선침범,건조,맑음,단일로 - 기타,승용,남,25세,상해없음,건설기계,남,41세,경상
2019070600100128,2019년 7월 6일 06시,토요일,경상남도 합천군 합천읍,중상사고,0,1,0,0,차대차 - 후진중충돌,안전운전불이행,건조,맑음,단일로 - 기타,화물,남,49세,상해없음,승용,여,66세,중상
2019070600100129,2019년 7월 6일 06시,토요일,경상남도 양산시 중부동,중상사고,0,1,0,0,차대차 - 측면충돌,신호위반,건조,맑음,교차로 - 교차로안,승용,남,44세,상해없음,승용,남,59세,중상
2019070600100130,2019년 7월 6일 06시,토요일,경상남도 창원시 성산구 신촌동,경상사고,0,0,1,0,차대차 - 정면충돌,신호위반,건조,맑음,교차로 - 교차로안,승용,남,28세,상해없음,특수,남,41세,경상
2019070600100131,2019년 7월 6일 06시,토요일,경상남도 창원시 성산구 성주동,경상사고,0,0,1,0,차대차 - 측면충돌,안전운전불이행,건조,맑음,단일로 - 기타,승용,남,52세,상해없음,승용,남,43세,경상
2019070600100152,2019년 7월 6일 07시,토요일,경상남도 거제시 옥포동,경상사고,0,0,1,0,차대차 - 추돌,안전운전불이행,건조,맑음,교차로 - 교차로부근,승용,남,46세,상해없음,승용,남,47세,경상
2019070600100200,2019년 7월 6일 09시,토요일,경상남도 산청군 산청읍,부상신고사고,0,0,0,1,차대차 - 측면충돌,교차로운행방법위반,건조,맑음,교차로 - 교차로안,이륜,남,81세,부상신고,승용,남,71세,상해없음
2019070600100234,2019년 7월 6일 10시,토요일,경상남도 고성군 고성읍,중상사고,0,1,0,0,차대사람 - 보도통행중,안전운전불이행,건조,맑음,단일로 - 기타,승합,남,65세,상해없음,보행자,여,84세,중상
2019070600100235,2019년 7월 6일 10시,토요일,경상남도 하동군 횡천면,중상사고,0,1,0,0,차대차 - 측면충돌,안전운전불이행,건조,맑음,단일로 - 기타,화물,남,59세,상해없음,이륜,남,85세,중상
2019070600100236,2019년 7월 6일 10시,토요일,경상남도 거제시 장평동,중상사고,0,1,0,0,차대차 - 측면충돌,직진우회전진행방해,건조,맑음,교차로 - 교차로안,승용,남,64세,상해없음,승합,남,50세,상해없음
2019070600100271,2019년 7월 6일 11시,토요일,경상남도 고성군 고성읍,경상사고,0,0,5,0,차대차 - 정면충돌,교차로운행방법위반,건조,맑음,교차로 - 교차로안,승용,남,71세,상해없음,승용,남,36세,경상
2019070600100325,2019년 7월 6일 12시,토요일,경상남도 사천시 사천읍,중상사고,0,1,2,0,차대차 - 기타,안전운전불이행,건조,맑음,교차로 - 교차로안,승용,여,44세,상해없음,승용,남,22세,경상
2019070600100326,2019년 7월 6일 12시,토요일,경상남도 고성군 마암면,중상사고,0,1,0,0,차대차 - 측면충돌,교차로운행방법위반,건조,맑음,교차로 - 교차로안,승용,여,41세,상해없음,이륜,남,72세,중상
2019070600100327,2019년 7월 6일 12시,토요일,경상남도 거제시 동부면,경상사고,0,0,3,0,차대차 - 측면충돌,안전운전불이행,건조,맑음,단일로 - 기타,승용,남,61세,경상,승용,여,50세,상해없음
2019070600100328,2019년 7월 6일 12시,토요일,경상남도 창원시 의창구 팔용동,경상사고,0,0,1,0,차량단독 - 기타,안전운전불이행,건조,맑음,단일로 - 기타,승합,남,62세,상해없음,,,,
2019070600100368,2019년 7월 6일 13시,토요일,경상남도 창원시 마산합포구 자산동,경상사고,0,0,1,0,차대사람 - 기타,안전운전불이행,건조,맑음,단일로 - 기타,승합,남,43세,상해없음,보행자,여,68세,경상
2019070600100413,2019년 7월 6일 14시,토요일,경상남도 진주시 금산면,경상사고,0,0,1,0,차대차 - 측면충돌,중앙선침범,건조,맑음,단일로 - 기타,승용,여,50세,상해없음,이륜,남,36세,경상
2019070600100414,2019년 7월 6일 14시,토요일,경상남도 통영시 용남면,중상사고,0,2,8,0,차대차 - 추돌,안전운전불이행,건조,맑음,단일로 - 기타,화물,남,57세,상해없음,승용,남,32세,경상
2019070600100428,2019년 7월 6일 15시,토요일,경상남도 양산시 동면,중상사고,0,1,0,0,차대차 - 측면충돌,안전거리미확보,건조,맑음,단일로 - 기타,승용,여,43세,상해없음,승용,여,31세,중상
2019070600100451,2019년 7월 6일 15시,토요일,경상남도 김해시 삼문동,중상사고,0,1,1,0,차대차 - 측면충돌,안전운전불이행,건조,맑음,교차로 - 교차로안,이륜,남,61세,중상,승용,여,51세,경상
2019070600100493,2019년 7월 6일 16시,토요일,경상남도 양산시 상북면,중상사고,0,1,0,0,차대차 - 정면충돌,중앙선침범,건조,맑음,단일로 - 터널,승합,남,23세,상해없음,승용,남,32세,중상
2019070600100494,2019년 7월 6일 16시,토요일,경상남도 창원시 마산회원구 양덕동,중상사고,0,1,0,0,차대차 - 추돌,안전운전불이행,건조,맑음,단일로 - 터널,화물,남,59세,상해없음,승용,남,52세,중상
2019070600100537,2019년 7월 6일 17시,토요일,경상남도 진주시 상평동,경상사고,0,0,1,0,차대차 - 기타,직진우회전진행방해,건조,맑음,교차로 - 교차로안,화물,남,67세,상해없음,승용,남,71세,경상
2019070600100538,2019년 7월 6일 17시,토요일,경상남도 김해시 삼방동,경상사고,0,0,1,0,차대차 - 기타,안전운전불이행,건조,맑음,단일로 - 기타,승용,남,23세,상해없음,승용,여,48세,경상
2019070600100539,2019년 7월 6일 17시,토요일,경상남도 창원시 의창구 대산면,경상사고,0,0,1,0,차대차 - 기타,안전거리미확보,건조,맑음,단일로 - 기타,승용,여,38세,상해없음,승용,남,70세,경상
2019070600100572,2019년 7월 6일 18시,토요일,경상남도 통영시 동호동,중상사고,0,1,2,0,차대차 - 측면충돌,직진우회전진행방해,건조,맑음,교차로 - 교차로안,승용,남,56세,상해없음,이륜,남,67세,중상
2019070600100573,2019년 7월 6일 18시,토요일,경상남도 김해시 내동,중상사고,0,1,0,0,차대차 - 기타,신호위반,건조,맑음,교차로 - 교차로안,이륜,남,16세,상해없음,이륜,남,41세,중상
2019070600100600,2019년 7월 6일 19시,토요일,경상남도 거제시 사등면,부상신고사고,0,0,0,1,차대차 - 기타,안전운전불이행,건조,맑음,단일로 - 지하차도(도로)내,이륜,남,43세,부상신고,화물,남,50세,상해없음
2019070600100628,2019년 7월 6일 20시,토요일,경상남도 진주시 문산읍,중상사고,0,1,0,0,차대차 - 추돌,안전운전불이행,건조,맑음,단일로 - 기타,기타불명,기타불명,미분류,기타불명,자전거,남,38세,중상
2019070600100629,2019년 7월 6일 20시,토요일,경상남도 고성군 마암면,경상사고,0,0,3,0,차대차 - 추돌,안전운전불이행,건조,맑음,교차로 - 교차로부근,승용,여,58세,상해없음,승용,남,61세,경상
2019070600100630,2019년 7월 6일 20시,토요일,경상남도 김해시 진영읍,경상사고,0,0,1,0,차대차 - 측면충돌,안전운전불이행,건조,기타,교차로 - 교차로안,승용,남,28세,상해없음,이륜,남,53세,경상
2019070600100673,2019년 7월 6일 21시,토요일,경상남도 사천시 용현면,경상사고,0,0,1,0,차대차 - 기타,안전운전불이행,건조,맑음,교차로 - 교차로부근,자전거,남,9세,경상,승용,남,40세,상해없음