사고번호,사고일시,요일,시군구,사고내용,사망자수,중상자수,경상자수,부상신고자수,사고유형,법규위반,노면상태,기상상태,도로형태,가해운전자 차종,가해운전자 성별,가해운전자 연령,가해운전자 상해정도,피해운전자 차종,피해운전자 성별,피해운전자 연령,피해운전자 상해정도
2019070600100697,2019년 7월 6일 22시,토요일,경상남도 진주시 대곡면,중상사고,0,1,0,0,차대사람 - 기타,안전운전불이행,건조,맑음,기타 - 기타,승용,여,32세,상해없음,보행자,남,55세,중상
2019070600100722,2019년 7월 6일 23시,토요일,경상남도 창원시 의창구 북면,경상사고,0,0,1,0,차대차 - 기타,안전운전불이행,건조,맑음,교차로 - 교차로부근,승용,남,52세,상해없음,이륜,남,34세,경상
2019070700100029,2019년 7월 7일 00시,일요일,경상남도 사천시 사천읍,사망사고,1,0,0,0,차대차 - 기타,안전운전불이행,건조,맑음,교차로 - 교차로부근,승용,남,51세,상해없음,원동기,남,19세,사망
2019070700100043,2019년 7월 7일 01시,일요일,경상남도 창원시 진해구 석동,경상사고,0,0,1,0,차량단독 - 기타,안전운전불이행,기타,맑음,단일로 - 터널,자전거,남,15세,경상,,,,
2019070700100100,2019년 7월 7일 07시,일요일,경상남도 김해시 부곡동,중상사고,0,1,0,0,차대차 - 추돌,신호위반,건조,기타,교차로 - 교차로안,승용,남,62세,상해없음,승용,여,44세,중상
2019070700100101,2019년 7월 7일 07시,일요일,경상남도 김해시 대청동,중상사고,0,1,0,0,차대차 - 측면충돌,신호위반,건조,맑음,단일로 - 기타,화물,여,44세,상해없음,승용,남,40세,중상
2019070700100113,2019년 7월 7일 08시,일요일,경상남도 의령군 의령읍,중상사고,0,1,1,0,차대차 - 측면충돌,교차로운행방법위반,건조,맑음,교차로 - 교차로안,승용,남,61세,상해없음,승용,남,54세,중상
2019070700100152,2019년 7월 7일 10시,일요일,경상남도 김해시 흥동,경상사고,0,0,2,0,차대차 - 측면충돌,안전운전불이행,건조,맑음,단일로 - 기타,승용,남,69세,상해없음,승용,남,48세,경상
2019070700100172,2019년 7월 7일 11시,일요일,경상남도 거창군 거창읍,경상사고,0,0,1,0,차대차 - 정면충돌,안전운전불이행,건조,맑음,교차로 - 교차로안,승용,기타불명,미분류,기타불명,승합,남,47세,경상
2019070700100201,2019년 7월 7일 12시,일요일,경상남도 양산시 덕계동,경상사고,0,0,1,0,차대사람 - 기타,안전운전불이행,건조,맑음,단일로 - 기타,승용,남,66세,상해없음,보행자,여,64세,경상
2019070700100202,2019년 7월 7일 12시,일요일,경상남도 산청군 산청읍,중상사고,0,1,2,0,차대차 - 측면충돌,안전운전불이행,건조,맑음,교차로 - 교차로안,승용,남,27세,상해없음,승용,남,43세,경상
2019070700100232,2019년 7월 7일 13시,일요일,경상남도 창원시 진해구 덕산동,경상사고,0,0,2,0,차대차 - 측면충돌,신호위반,건조,맑음,교차로 - 교차로안,승용,남,58세,상해없음,화물,남,70세,경상
2019070700100233,2019년 7월 7일 13시,일요일,경상남도 김해시 부원동,경상사고,0,0,1,0,차대차 - 기타,안전운전불이행,건조,맑음,교차로 - 교차로안,승용,남,24세,상해없음,승용,남,35세,경상
2019070700100234,2019년 7월 7일 13시,일요일,경상남도 거제시 고현동,경상사고,0,0,5,0,차대차 - 측면충돌,교차로운행방법위반,건조,맑음,교차로 - 교차로안,승용,남,58세,상해없음,승용,여,27세,경상
2019070700100235,2019년 7월 7일 13시,일요일,경상남도 창원시 성산구 중앙동,경상사고,0,0,1,0,차대사람 - 횡단중,신호위반,건조,맑음,교차로 - 교차로횡단보도내,승용,여,67세,상해없음,보행자,여,46세,경상
2019070700100272,2019년 7월 7일 14시,일요일,경상남도 창녕군 장마면,중상사고,0,1,0,0,차대차 - 측면충돌,안전운전불이행,건조,맑음,교차로 - 교차로안,화물,남,46세,상해없음,이륜,남,76세,중상
2019070700100300,2019년 7월 7일 15시,일요일,경상남도 창원시 마산합포구 중앙동1가,경상사고,0,0,1,0,차대차 - 측면충돌,신호위반,건조,맑음,교차로 - 교차로안,승용,남,68세,상해없음,승용,남,50세,경상
2019070700100301,2019년 7월 7일 15시,일요일,경상남도 양산시 삼호동,부상신고사고,0,0,0,1,차량단독 - 기타,안전운전불이행,건조,맑음,교차로 - 교차로안,이륜,남,20세,부상신고,,,,
2019070700100302,2019년 7월 7일 15시,일요일,경상남도 창원시 마산회원구 내서읍,중상사고,0,1,0,0,차대사람 - 차도통행중,안전운전불이행,건조,맑음,단일로 - 지하차도(도로)내,승합,남,51세,상해없음,보행자,여,72세,중상
2019070700100347,2019년 7월 7일 16시,일요일,경상남도 창원시 성산구 외동,중상사고,0,1,0,0,차대차 - 측면충돌,안전운전불이행,건조,맑음,교차로 - 교차로안,승용,여,38세,상해없음,자전거,남,11세,중상
2019070700100348,2019년 7월 7일 16시,일요일,경상남도 김해시 주촌면,경상사고,0,0,1,0,차량단독 - 공작물충돌,안전운전불이행,건조,맑음,단일로 - 기타,승용,여,63세,경상,,,,
2019070700100382,2019년 7월 7일 17시,일요일,경상남도 거창군 신원면,사망사고,1,1,0,0,차대차 - 측면충돌,안전운전불이행,건조,맑음,단일로 - 기타,화물,남,61세,사망,화물,남,50세,중상
2019070700100401,2019년 7월 7일 18시,일요일,경상남도 창원시 마산합포구 진전면,경상사고,0,0,2,0,차대차 - 측면충돌,안전거리미확보,건조,맑음,단일로 - 기타,승용,남,34세,상해없음,승용,남,50세,경상
2019070700100402,2019년 7월 7일 18시,일요일,경상남도 사천시 사천읍,경상사고,0,0,1,0,차대차 - 측면충돌,직진우회전진행방해,건조,맑음,교차로 - 교차로안,이륜,남,73세,경상,승용,남,69세,상해없음
2019070700100448,2019년 7월 7일 20시,일요일,경상남도 김해시 삼정동,경상사고,0,0,1,0,차대사람 - 차도통행중,안전운전불이행,건조,흐림,교차로 - 교차로부근,승용,남,38세,상해없음,보행자,여,24세,경상
2019070700100449,2019년 7월 7일 20시,일요일,미분류 미분류 미분류,경상사고,0,0,1,0,차대차 - 기타,교차로운행방법위반,건조,맑음,교차로 - 교차로안,승용,남,48세,상해없음,원동기,남,17세,경상
2019070700100472,2019년 7월 7일 21시,일요일,경상남도 진주시 계동,경상사고,0,0,1,0,차대차 - 측면충돌,신호위반,건조,맑음,교차로 - 교차로안,이륜,남,18세,경상,승용,여,57세,상해없음
2019070700100489,2019년 7월 7일 22시,일요일,경상남도 창원시 성산구 내동,경상사고,0,0,2,0,차대차 - 측면충돌,신호위반,건조,맑음,교차로 - 교차로안,승용,남,45세,상해없음,승용,남,28세,경상
2019070700100490,2019년 7월 7일 22시,일요일,경상남도 창원시 성산구 귀곡동,중상사고,0,1,0,0,차대차 - 기타,안전운전불이행,건조,맑음,단일로 - 기타,승합,남,47세,상해없음,이륜,남,46세,중상
2019070700100510,2019년 7월 7일 23시,일요일,경상남도 창원시 의창구 봉곡동,경상사고,0,0,1,0,차대사람 - 횡단중,안전운전불이행,건조,맑음,교차로 - 교차로부근,승용,남,46세,상해없음,보행자,남,37세,경상
2019070800100030,2019년 7월 8일 00시,월요일,경상남도 거창군 거창읍,중상사고,0,1,0,0,차대차 - 측면충돌,안전운전불이행,건조,맑음,교차로 - 교차로안,승용,여,45세,상해없음,이륜,남,17세,중상
2019070800100031,2019년 7월 8일 00시,월요일,경상남도 김해시 진례면,경상사고,0,0,1,0,차대사람 - 차도통행중,안전운전불이행,건조,맑음,단일로 - 기타,승용,여,60세,상해없음,보행자,남,50세,경상
2019070800100040,2019년 7월 8일 01시,월요일,경상남도 양산시 평산동,중상사고,0,1,0,0,차량단독 - 전도전복 - 전도,안전운전불이행,건조,맑음,단일로 - 기타,이륜,남,17세,중상,,,,
2019070800100054,2019년 7월 8일 04시,월요일,경상남도 거제시 고현동,경상사고,0,0,1,0,차대차 - 측면충돌,직진우회전진행방해,건조,맑음,교차로 - 교차로안,승용,남,50세,기타불명,승용,남,61세,경상
2019070800100073,2019년 7월 8일 06시,월요일,경상남도 거제시 옥포동,중상사고,0,1,0,0,차량단독 - 기타,안전운전불이행,건조,맑음,기타 - 기타,승합,남,49세,상해없음,,,,
2019070800100141,2019년 7월 8일 08시,월요일,경상남도 진주시 상대동,경상사고,0,0,1,0,차대차 - 추돌,안전거리미확보,건조,맑음,교차로 - 교차로안,승용,남,35세,상해없음,승용,여,38세,경상
2019070800100142,2019년 7월 8일 08시,월요일,경상남도 진주시 문산읍,경상사고,0,0,1,0,차대차 - 측면충돌,직진우회전진행방해,건조,맑음,교차로 - 교차로안,승용,남,37세,상해없음,승용,여,26세,경상
2019070800100143,2019년 7월 8일 08시,월요일,경상남도 하동군 하동읍,경상사고,0,0,1,0,차대사람 - 횡단중,보행자보호의무위반,건조,맑음,단일로 - 기타,이륜,남,74세,상해없음,보행자,여,19세,경상
2019070800100144,2019년 7월 8일 08시,월요일,경상남도 거제시 연초면,경상사고,0,0,2,0,차대차 - 측면충돌,중앙선침범,건조,맑음,교차로 - 교차로부근,승합,여,45세,상해없음,승용,남,33세,경상
2019070800100145,2019년 7월 8일 08시,월요일,경상남도 함안군 법수면,중상사고,0,2,2,0,차대차 - 측면충돌,안전운전불이행,건조,맑음,교차로 - 교차로부근,승용,남,70세,중상,화물,남,58세,중상
2019070800100183,2019년 7월 8일 09시,월요일,경상남도 창원시 의창구 팔용동,경상사고,0,0,1,0,차대차 - 기타,안전운전불이행,건조,맑음,교차로 - 교차로안,승용,여,34세,상해없음,승용,남,63세,경상
2019070800100184,2019년 7월 8일 09시,월요일,경상남도 김해시 주촌면,경상사고,0,0,1,0,차대차 - 측면충돌,차로위반,건조,맑음,단일로 - 기타,승용,남,34세,상해없음,화물,남,41세,경상
2019070800100216,2019년 7월 8일 10시,월요일,경상남도 양산시 물금읍,경상사고,0,0,1,0,차대사람 - 기타,안전운전불이행,건조,맑음,단일로 - 기타,승용,남,43세,상해없음,보행자,여,21세,경상
2019070800100217,2019년 7월 8일 10시,월요일,경상남도 창원시 성산구 상남동,중상사고,0,1,0,0,차대사람 - 횡단중,보행자보호의무위반,건조,맑음,단일로 - 기타,승용,남,40세,상해없음,보행자,남,81세,중상
2019070800100253,2019년 7월 8일 11시,월요일,경상남도 사천시 사천읍,중상사고,0,1,1,0,차대차 - 후진중충돌,안전운전불이행,건조,맑음,단일로 - 기타,승용,여,58세,중상,승용,여,33세,경상
2019070800100254,2019년 7월 8일 11시,월요일,경상남도 의령군 부림면,중상사고,0,1,0,0,차대차 - 측면충돌,안전운전불이행,건조,맑음,교차로 - 교차로부근,화물,남,51세,상해없음,자전거,남,79세,중상
2019070800100255,2019년 7월 8일 11시,월요일,경상남도 창원시 의창구 서상동,경상사고,0,0,2,0,차대차 - 기타,안전운전불이행,건조,맑음,교차로 - 교차로부근,승용,여,59세,상해없음,승용,여,61세,경상
2019070800100289,2019년 7월 8일 12시,월요일,경상남도 통영시 무전동,경상사고,0,0,1,0,차대차 - 추돌,안전운전불이행,건조,맑음,교차로 - 교차로부근,승용,남,52세,상해없음,승용,여,41세,경상
2019070800100319,2019년 7월 8일 13시,월요일,경상남도 진주시 상봉동,경상사고,0,0,1,0,차대차 - 측면충돌,교차로운행방법위반,건조,맑음,교차로 - 교차로안,이륜,남,73세,경상,승용,여,29세,상해없음
2019070800100320,2019년 7월 8일 13시,월요일,경상남도 김해시 구산동,중상사고,0,1,1,0,차대차 - 측면충돌,안전운전불이행,건조,맑음,교차로 - 교차로안,승용,여,49세,중상,승용,여,57세,경상
2019070800100321,2019년 7월 8일 13시,월요일,경상남도 창원시 의창구 동읍,경상사고,0,0,1,0,차대차 - 기타,기타,건조,맑음,교차로 - 교차로안,이륜,남,57세,경상,승용,남,76세,상해없음
2019070800100348,2019년 7월 8일 14시,월요일,경상남도 거제시 고현동,경상사고,0,0,1,0,차대사람 - 횡단중,보행자보호의무위반,건조,맑음,교차로 - 교차로횡단보도내,화물,남,67세,상해없음,보행자,남,9세,경상
2019070800100349,2019년 7월 8일 14시,월요일,경상남도 창원시 성산구 상남동,중상사고,0,1,0,0,차대사람 - 횡단중,보행자보호의무위반,건조,맑음,교차로 - 교차로횡단보도내,이륜,남,66세,상해없음,보행자,여,19세,중상
2019070800100350,2019년 7월 8일 14시,월요일,경상남도 창원시 의창구 도계동,중상사고,0,1,0,0,차대사람 - 횡단중,안전운전불이행,건조,맑음,기타 - 기타,화물,남,49세,상해없음,보행자,남,51세,중상
2019070800100351,2019년 7월 8일 14시,월요일,경상남도 김해시 한림면,중상사고,0,1,1,0,차대차 - 추돌,안전거리미확보,건조,맑음,교차로 - 교차로부근,화물,남,64세,중상,화물,남,59세,경상
2019070800100376,2019년 7월 8일 15시,월요일,경상남도 밀양시 산외면,경상사고,0,0,1,0,차대차 - 추돌,안전운전불이행,건조,맑음,단일로 - 기타,화물,남,54세,경상,화물,남,45세,기타불명
2019070800100377,2019년 7월 8일 15시,월요일,경상남도 김해시 서상동,경상사고,0,0,2,0,차대차 - 측면충돌,신호위반,건조,맑음,교차로 - 교차로안,승용,여,61세,경상,승용,여,53세,경상
2019070800100378,2019년 7월 8일 15시,월요일,경상남도 거제시 고현동,경상사고,0,0,1,0,차대차 - 측면충돌,안전운전불이행,건조,맑음,교차로 - 교차로부근,승용,남,33세,상해없음,승용,여,39세,경상
2019070800100379,2019년 7월 8일 15시,월요일,경상남도 거제시 장평동,중상사고,0,1,0,0,차대차 - 측면충돌,안전운전불이행,건조,맑음,단일로 - 기타,승합,남,62세,상해없음,승용,여,45세,중상
2019070800100380,2019년 7월 8일 15시,월요일,경상남도 김해시 삼문동,경상사고,0,0,1,0,차대차 - 측면충돌,교차로운행방법위반,건조,맑음,교차로 - 교차로부근,특수,남,59세,상해없음,승용,여,39세,경상
2019070800100420,2019년 7월 8일 16시,월요일,경상남도 창원시 마산합포구 진동면,경상사고,0,0,1,0,차대차 - 측면충돌,안전거리미확보,건조,맑음,단일로 - 기타,화물,남,74세,상해없음,승용,여,67세,경상
2019070800100421,2019년 7월 8일 16시,월요일,경상남도 통영시 봉평동,중상사고,0,1,1,0,차대차 - 측면충돌,직진우회전진행방해,건조,맑음,교차로 - 교차로안,승용,남,64세,상해없음,화물,남,59세,경상
2019070800100422,2019년 7월 8일 16시,월요일,경상남도 양산시 동면,경상사고,0,0,1,0,차대차 - 측면충돌,안전거리미확보,건조,맑음,교차로 - 교차로안,승용,여,28세,상해없음,승용,여,49세,경상
2019070800100423,2019년 7월 8일 16시,월요일,경상남도 양산시 하북면,경상사고,0,0,1,0,차대차 - 추돌,안전운전불이행,건조,맑음,교차로 - 교차로부근,화물,남,57세,상해없음,승용,여,54세,경상
2019070800100453,2019년 7월 8일 17시,월요일,경상남도 양산시 북정동,경상사고,0,0,2,6,차대차 - 측면충돌,안전운전불이행,건조,맑음,교차로 - 교차로안,승용,남,55세,상해없음,승합,남,69세,부상신고
2019070800100454,2019년 7월 8일 17시,월요일,경상남도 김해시 진영읍,중상사고,0,1,0,0,차대차 - 측면충돌,교차로운행방법위반,건조,맑음,교차로 - 교차로안,승용,남,51세,상해없음,승합,남,27세,중상
2019070800100494,2019년 7월 8일 18시,월요일,경상남도 창원시 진해구 이동,경상사고,0,0,1,0,차대차 - 측면충돌,교차로운행방법위반,건조,맑음,교차로 - 교차로안,승용,남,61세,상해없음,승용,남,52세,경상
2019070800100495,2019년 7월 8일 18시,월요일,경상남도 김해시 관동동,경상사고,0,0,1,0,차대차 - 측면충돌,교차로운행방법위반,건조,맑음,교차로 - 교차로안,승용,남,67세,상해없음,승용,남,32세,경상
2019070800100530,2019년 7월 8일 19시,월요일,경상남도 김해시 삼문동,중상사고,0,1,0,0,차대차 - 기타,안전운전불이행,젖음/습기,흐림,단일로 - 기타,승용,남,40세,상해없음,이륜,남,29세,중상
2019070800100557,2019년 7월 8일 20시,월요일,경상남도 양산시 평산동,경상사고,0,0,1,0,차대사람 - 횡단중,보행자보호의무위반,건조,맑음,교차로 - 교차로횡단보도내,승용,남,74세,상해없음,보행자,남,71세,경상
2019070800100575,2019년 7월 8일 21시,월요일,경상남도 통영시 무전동,경상사고,0,0,2,0,차대차 - 측면충돌,안전운전불이행,건조,맑음,교차로 - 교차로안,승용,여,37세,상해없음,승용,여,48세,경상
2019070800100576,2019년 7월 8일 21시,월요일,경상남도 거제시 장평동,중상사고,0,1,0,0,차대사람 - 횡단중,보행자보호의무위반,건조,맑음,교차로 - 교차로횡단보도내,승용,여,60세,상해없음,보행자,남,41세,중상
2019070800100595,2019년 7월 8일 22시,월요일,경상남도 창원시 마산합포구 월포동,경상사고,0,0,1,0,차대차 - 측면충돌,안전운전불이행,건조,맑음,교차로 - 교차로부근,승용,남,71세,상해없음,승용,남,68세,상해없음
2019070800100596,2019년 7월 8일 22시,월요일,경상남도 거제시 수월동,중상사고,0,1,0,0,차대차 - 추돌,안전운전불이행,건조,맑음,단일로 - 기타,승용,남,35세,상해없음,자전거,남,37세,중상
2019070900100059,2019년 7월 9일 05시,화요일,경상남도 창원시 의창구 용호동,경상사고,0,0,3,0,차대차 - 측면충돌,안전운전불이행,건조,맑음,교차로 - 교차로안,승용,여,50세,경상,승용,여,48세,경상
2019070900100080,2019년 7월 9일 06시,화요일,경상남도 창원시 진해구 덕산동,경상사고,0,0,1,0,차대차 - 측면충돌,안전거리미확보,건조,맑음,교차로 - 교차로부근,승합,남,47세,상해없음,승용,여,33세,경상
2019070900100108,2019년 7월 9일 07시,화요일,경상남도 고성군 마암면,경상사고,0,0,1,0,차대차 - 측면충돌,신호위반,건조,맑음,교차로 - 교차로안,승용,남,58세,상해없음,화물,남,45세,경상
2019070900100152,2019년 7월 9일 08시,화요일,경상남도 합천군 합천읍,중상사고,0,1,2,0,차대차 - 측면충돌,신호위반,건조,맑음,교차로 - 교차로안,승용,여,43세,경상,화물,남,62세,중상
2019070900100153,2019년 7월 9일 08시,화요일,경상남도 거제시 동부면,경상사고,0,0,1,0,차대차 - 측면충돌,안전운전불이행,건조,맑음,교차로 - 교차로안,승용,여,60세,상해없음,승용,여,35세,경상
2019070900100154,2019년 7월 9일 08시,화요일,경상남도 산청군 생비량면,중상사고,0,1,1,0,차대차 - 정면충돌,중앙선침범,건조,맑음,단일로 - 기타,승용,여,54세,중상,승용,남,31세,경상
2019070900100155,2019년 7월 9일 08시,화요일,경상남도 창원시 의창구 두대동,경상사고,0,0,2,0,차대차 - 추돌,안전운전불이행,건조,맑음,단일로 - 기타,화물,남,50세,상해없음,승용,여,45세,경상
2019070900100156,2019년 7월 9일 08시,화요일,경상남도 김해시 진례면,중상사고,0,2,1,0,차대차 - 추돌,안전운전불이행,건조,맑음,단일로 - 기타,승용,남,51세,상해없음,승용,남,46세,중상
2019070900100201,2019년 7월 9일 09시,화요일,경상남도 거창군 거창읍,경상사고,0,0,1,0,차대차 - 측면충돌,안전거리미확보,건조,맑음,교차로 - 교차로안,승용,남,79세,경상,특수,남,27세,상해없음
2019070900100232,2019년 7월 9일 10시,화요일,경상남도 통영시 용남면,중상사고,0,2,0,0,차대차 - 정면충돌,중앙선침범,건조,맑음,단일로 - 기타,승용,남,31세,상해없음,승용,여,48세,중상
2019070900100270,2019년 7월 9일 11시,화요일,경상남도 양산시 평산동,경상사고,0,0,1,0,차대차 - 측면충돌,직진우회전진행방해,건조,맑음,교차로 - 교차로안,승용,여,44세,경상,승용,여,52세,상해없음
2019070900100299,2019년 7월 9일 12시,화요일,경상남도 창원시 성산구 중앙동,경상사고,0,0,1,0,차대차 - 측면충돌,안전운전불이행,건조,맑음,교차로 - 교차로안,승용,남,61세,상해없음,승용,남,45세,경상
2019070900100354,2019년 7월 9일 14시,화요일,경상남도 밀양시 삼문동,중상사고,0,1,1,0,차대차 - 측면충돌,교차로운행방법위반,건조,맑음,교차로 - 교차로안,승용,여,52세,상해없음,승용,남,63세,경상
2019070900100355,2019년 7월 9일 14시,화요일,경상남도 양산시 신기동,경상사고,0,0,1,0,차대차 - 측면충돌,직진우회전진행방해,건조,맑음,교차로 - 교차로안,승용,남,47세,상해없음,승용,남,28세,경상
2019070900100356,2019년 7월 9일 14시,화요일,경상남도 거제시 사등면,경상사고,0,0,1,0,차대차 - 측면충돌,안전운전불이행,건조,맑음,단일로 - 기타,승용,남,24세,상해없음,승용,남,26세,경상
2019070900100388,2019년 7월 9일 15시,화요일,경상남도 함양군 함양읍,경상사고,0,0,1,0,차대차 - 측면충돌,신호위반,건조,맑음,교차로 - 교차로안,승용,남,64세,상해없음,화물,남,42세,경상
2019070900100424,2019년 7월 9일 16시,화요일,경상남도 사천시 사천읍,경상사고,0,0,2,1,차대차 - 측면충돌,안전운전불이행,건조,맑음,주차장 - 주차장,승용,남,53세,경상,승용,남,35세,경상
2019070900100425,2019년 7월 9일 16시,화요일,경상남도 사천시 사남면,경상사고,0,0,1,0,차대차 - 기타,안전운전불이행,건조,맑음,단일로 - 기타,승용,남,44세,상해없음,승용,여,51세,경상
2019070900100458,2019년 7월 9일 17시,화요일,경상남도 김해시 삼계동,중상사고,0,1,0,0,차대차 - 측면충돌,안전운전불이행,건조,맑음,교차로 - 교차로안,이륜,남,46세,중상,승용,여,61세,상해없음
2019070900100459,2019년 7월 9일 17시,화요일,경상남도 거제시 고현동,경상사고,0,0,1,0,차대차 - 기타,안전운전불이행,건조,맑음,교차로 - 교차로안,자전거,남,28세,경상,승용,남,58세,상해없음
2019070900100460,2019년 7월 9일 17시,화요일,경상남도 함안군 군북면,경상사고,0,0,1,0,차대차 - 측면충돌,신호위반,건조,맑음,교차로 - 교차로안,승용,남,73세,상해없음,승용,남,50세,경상
2019070900100461,2019년 7월 9일 17시,화요일,경상남도 창원시 마산회원구 구암동,경상사고,0,0,1,0,차대차 - 추돌,안전운전불이행,건조,흐림,단일로 - 교량,승용,여,34세,상해없음,승용,여,33세,경상
2019070900100462,2019년 7월 9일 17시,화요일,경상남도 김해시 진영읍,경상사고,0,0,1,0,차대차 - 측면충돌,안전운전불이행,건조,맑음,교차로 - 교차로안,건설기계,남,35세,상해없음,승용,여,29세,경상
2019070900100504,2019년 7월 9일 18시,화요일,경상남도 밀양시 내이동,중상사고,0,1,0,0,차대차 - 추돌,안전운전불이행,건조,맑음,단일로 - 기타,승용,여,64세,상해없음,승용,남,25세,중상
2019070900100505,2019년 7월 9일 18시,화요일,경상남도 김해시 대동면,중상사고,0,1,0,0,차대사람 - 기타,안전운전불이행,건조,맑음,단일로 - 기타,자전거,남,61세,상해없음,보행자,여,59세,중상
2019070900100506,2019년 7월 9일 18시,화요일,경상남도 거창군 가북면,중상사고,0,1,0,0,차대차 - 측면충돌,신호위반,건조,맑음,교차로 - 교차로안,승용,남,58세,상해없음,이륜,여,66세,중상
2019070900100507,2019년 7월 9일 18시,화요일,경상남도 양산시 물금읍,경상사고,0,0,1,0,차대차 - 측면충돌,신호위반,건조,맑음,교차로 - 교차로안,이륜,남,54세,경상,승용,남,34세,상해없음
2019070900100548,2019년 7월 9일 19시,화요일,경상남도 통영시 무전동,중상사고,0,1,2,0,차대차 - 측면충돌,교차로운행방법위반,건조,맑음,교차로 - 교차로안,승용,여,75세,중상,승용,남,54세,경상
2019070900100572,2019년 7월 9일 20시,화요일,경상남도 거제시 고현동,경상사고,0,0,1,0,차대차 - 기타,신호위반,건조,맑음,교차로 - 교차로안,기타불명,기타불명,미분류,기타불명,승용,남,54세,경상
2019070900100573,2019년 7월 9일 20시,화요일,경상남도 김해시 대청동,중상사고,0,1,0,0,차대차 - 측면충돌,교차로운행방법위반,건조,맑음,교차로 - 교차로안,승용,남,56세,상해없음,이륜,남,30세,중상
2019070900100602,2019년 7월 9일 21시,화요일,경상남도 진주시 초전동,경상사고,0,0,1,0,차대차 - 측면충돌,안전운전불이행,건조,맑음,단일로 - 기타,건설기계,남,44세,상해없음,승용,여,56세,경상
2019070900100603,2019년 7월 9일 21시,화요일,경상남도 함안군 칠원읍,중상사고,0,1,1,0,차대사람 - 기타,안전운전불이행,건조,맑음,단일로 - 기타,자전거,남,54세,중상,보행자,여,73세,경상
2019070900100604,2019년 7월 9일 21시,화요일,경상남도 의령군 용덕면,중상사고,0,2,0,0,차대차 - 측면충돌,신호위반,건조,맑음,교차로 - 교차로안,승용,남,74세,중상,승용,남,50세,중상
2019070900100623,2019년 7월 9일 22시,화요일,경상남도 거제시 거제면,중상사고,0,1,0,0,차대차 - 기타,신호위반,건조,맑음,교차로 - 교차로안,승용,여,46세,상해없음,승용,여,46세,중상
2019070900100648,2019년 7월 9일 23시,화요일,경상남도 창원시 마산회원구 석전동,경상사고,0,0,1,0,차대차 - 측면충돌,안전운전불이행,건조,기타,교차로 - 교차로안,승용,남,57세,상해없음,승용,남,55세,경상
2019071000100040,2019년 7월 10일 01시,수요일,경상남도 진주시 초전동,중상사고,0,1,0,0,차대차 - 측면충돌,안전거리미확보,젖음/습기,비,교차로 - 교차로안,승용,남,53세,상해없음,승용,남,74세,상해없음
2019071000100041,2019년 7월 10일 01시,수요일,경상남도 창원시 진해구 이동,중상사고,0,2,0,0,차량단독 - 공작물충돌,안전운전불이행,건조,맑음,교차로 - 교차로안,이륜,남,17세,중상,,,,
2019071000100042,2019년 7월 10일 01시,수요일,경상남도 창원시 성산구 가음동,경상사고,0,0,1,0,차대차 - 측면충돌,신호위반,건조,맑음,교차로 - 교차로안,승용,여,57세,상해없음,승용,남,61세,경상
2019071000100053,2019년 7월 10일 03시,수요일,경상남도 진주시 봉곡동,경상사고,0,0,1,0,차대사람 - 차도통행중,안전운전불이행,건조,맑음,교차로 - 교차로안,승용,남,39세,상해없음,보행자,남,61세,경상
2019071000100054,2019년 7월 10일 03시,수요일,경상남도 사천시 사천읍,경상사고,0,0,1,0,차대차 - 기타,안전운전불이행,젖음/습기,비,교차로 - 교차로부근,승용,남,22세,상해없음,승용,남,39세,경상
2019071000100055,2019년 7월 10일 03시,수요일,경상남도 산청군 산청읍,경상사고,0,0,1,0,차대차 - 측면충돌,교차로운행방법위반,건조,맑음,교차로 - 교차로안,승용,남,49세,상해없음,이륜,남,72세,경상
2019071000100070,2019년 7월 10일 06시,수요일,경상남도 통영시 서호동,중상사고,0,1,0,0,차대차 - 측면충돌,교차로운행방법위반,젖음/습기,비,교차로 - 교차로안,승용,남,68세,상해없음,이륜,남,48세,중상
2019071000100086,2019년 7월 10일 07시,수요일,경상남도 창원시 마산합포구 진동면,경상사고,0,0,1,0,차대차 - 추돌,안전운전불이행,건조,맑음,단일로 - 기타,승용,여,35세,상해없음,승용,남,33세,경상
2019071000100087,2019년 7월 10일 07시,수요일,경상남도 거제시 고현동,중상사고,0,1,0,0,차대사람 - 기타,보행자보호의무위반,건조,맑음,단일로 - 기타,화물,남,23세,상해없음,보행자,여,58세,중상
2019071000100120,2019년 7월 10일 08시,수요일,경상남도 통영시 도산면,중상사고,0,1,0,0,차대차 - 측면충돌,차로위반,건조,맑음,단일로 - 기타,이륜,여,41세,중상,화물,남,80세,상해없음
2019071000100121,2019년 7월 10일 08시,수요일,경상남도 창원시 성산구 중앙동,경상사고,0,0,1,0,차대사람 - 횡단중,보행자보호의무위반,건조,맑음,단일로 - 기타,승용,남,41세,상해없음,보행자,여,13세,경상
2019071000100122,2019년 7월 10일 08시,수요일,경상남도 창원시 성산구 남산동,경상사고,0,0,1,0,차대사람 - 기타,안전운전불이행,건조,맑음,단일로 - 기타,승용,여,34세,상해없음,보행자,여,24세,경상
2019071000100123,2019년 7월 10일 08시,수요일,경상남도 창원시 의창구 북면,경상사고,0,0,1,0,차대차 - 추돌,안전운전불이행,건조,맑음,교차로 - 교차로부근,승용,여,45세,상해없음,화물,남,52세,기타불명
2019071000100189,2019년 7월 10일 10시,수요일,경상남도 창원시 마산합포구 진북면,중상사고,0,1,0,0,차대사람 - 기타,기타,건조,맑음,단일로 - 기타,화물,남,59세,상해없음,보행자,남,58세,중상