사고번호,사고일시,요일,시군구,사고내용,사망자수,중상자수,경상자수,부상신고자수,사고유형,법규위반,노면상태,기상상태,도로형태,가해운전자 차종,가해운전자 성별,가해운전자 연령,가해운전자 상해정도,피해운전자 차종,피해운전자 성별,피해운전자 연령,피해운전자 상해정도
2019071000100190,2019년 7월 10일 10시,수요일,경상남도 사천시 선구동,경상사고,0,0,1,0,차대차 - 측면충돌,안전운전불이행,젖음/습기,흐림,교차로 - 교차로안,원동기,남,67세,경상,승용,남,38세,상해없음
2019071000100191,2019년 7월 10일 10시,수요일,경상남도 창녕군 창녕읍,경상사고,0,0,1,0,차대사람 - 기타,안전운전불이행,건조,맑음,교차로 - 교차로안,승용,남,21세,상해없음,보행자,여,82세,경상
2019071000100192,2019년 7월 10일 10시,수요일,경상남도 창원시 마산회원구 회원동,사망사고,1,0,0,0,차대사람 - 차도통행중,안전운전불이행,건조,맑음,교차로 - 교차로안,건설기계,남,23세,상해없음,보행자,여,87세,사망
2019071000100193,2019년 7월 10일 10시,수요일,경상남도 창원시 의창구 북면,중상사고,0,2,0,0,차대차 - 추돌,안전거리미확보,젖음/습기,흐림,단일로 - 기타,승용,여,56세,상해없음,승용,남,22세,중상
2019071000100194,2019년 7월 10일 10시,수요일,경상남도 창원시 성산구 반지동,경상사고,0,0,1,0,차량단독 - 기타,안전운전불이행,건조,맑음,단일로 - 기타,승합,남,50세,상해없음,,,,
2019071000100219,2019년 7월 10일 11시,수요일,경상남도 양산시 명동,중상사고,0,1,0,0,차대차 - 추돌,안전거리미확보,젖음/습기,비,단일로 - 기타,승합,남,53세,상해없음,화물,남,59세,중상
2019071000100220,2019년 7월 10일 11시,수요일,경상남도 거제시 아주동,경상사고,0,0,1,0,차대차 - 측면충돌,안전운전불이행,젖음/습기,비,교차로 - 교차로안,승합,남,44세,상해없음,승용,남,67세,경상
2019071000100221,2019년 7월 10일 11시,수요일,경상남도 김해시 부곡동,경상사고,0,0,2,0,차대차 - 추돌,안전운전불이행,건조,맑음,단일로 - 기타,화물,남,59세,상해없음,화물,남,36세,경상
2019071000100251,2019년 7월 10일 12시,수요일,경상남도 거제시 능포동,중상사고,0,1,2,0,차대차 - 정면충돌,안전운전불이행,건조,맑음,단일로 - 기타,화물,남,59세,상해없음,승용,남,27세,중상
2019071000100252,2019년 7월 10일 12시,수요일,경상남도 함안군 군북면,경상사고,0,0,1,0,차량단독 - 도로외이탈 - 기타,안전운전불이행,젖음/습기,비,단일로 - 기타,화물,남,31세,경상,,,,
2019071000100285,2019년 7월 10일 13시,수요일,경상남도 김해시 내동,중상사고,0,1,1,0,차대차 - 기타,안전운전불이행,젖음/습기,비,단일로 - 기타,승용,남,22세,경상,이륜,남,48세,중상
2019071000100286,2019년 7월 10일 13시,수요일,경상남도 창원시 의창구 서상동,경상사고,0,0,1,0,차대차 - 기타,직진우회전진행방해,젖음/습기,비,교차로 - 교차로안,승용,남,65세,상해없음,승용,여,41세,경상
2019071000100314,2019년 7월 10일 14시,수요일,경상남도 창원시 진해구 용원동,중상사고,0,2,0,0,차대차 - 측면충돌,신호위반,젖음/습기,비,교차로 - 교차로안,승용,여,27세,상해없음,승용,남,53세,상해없음
2019071000100315,2019년 7월 10일 14시,수요일,경상남도 함안군 산인면,경상사고,0,0,2,0,차대차 - 추돌,안전운전불이행,젖음/습기,비,단일로 - 기타,승용,남,43세,상해없음,승용,남,51세,경상
2019071000100341,2019년 7월 10일 15시,수요일,경상남도 진주시 신안동,경상사고,0,0,1,0,차대차 - 후진중충돌,안전운전불이행,젖음/습기,비,단일로 - 기타,승용,남,44세,상해없음,승용,남,39세,경상
2019071000100342,2019년 7월 10일 15시,수요일,경상남도 양산시 신기동,중상사고,0,2,1,0,차대차 - 측면충돌,중앙선침범,젖음/습기,비,단일로 - 기타,화물,남,50세,상해없음,화물,남,57세,중상
2019071000100343,2019년 7월 10일 15시,수요일,경상남도 창원시 의창구 팔용동,중상사고,0,2,0,0,차대차 - 기타,안전거리미확보,젖음/습기,비,단일로 - 기타,화물,남,49세,상해없음,화물,남,48세,상해없음
2019071000100480,2019년 7월 10일 18시,수요일,경상남도 진주시 하대동,중상사고,0,1,0,0,차대차 - 추돌,안전운전불이행,건조,맑음,교차로 - 교차로안,승용,남,80세,상해없음,승용,남,43세,중상
2019071000100481,2019년 7월 10일 18시,수요일,경상남도 창원시 진해구 용원동,경상사고,0,0,1,0,차대차 - 정면충돌,신호위반,젖음/습기,비,교차로 - 교차로안,승용,여,45세,상해없음,이륜,남,52세,경상
2019071000100482,2019년 7월 10일 18시,수요일,경상남도 사천시 동금동,중상사고,0,1,1,0,차대차 - 측면충돌,신호위반,건조,맑음,교차로 - 교차로안,화물,남,61세,상해없음,화물,여,48세,중상
2019071000100525,2019년 7월 10일 19시,수요일,경상남도 창원시 마산합포구 월포동,부상신고사고,0,0,0,1,차대사람 - 기타,안전운전불이행,젖음/습기,비,교차로 - 교차로안,승용,남,68세,상해없음,보행자,남,57세,부상신고
2019071000100526,2019년 7월 10일 19시,수요일,경상남도 밀양시 내일동,중상사고,0,1,0,0,차대차 - 측면충돌,중앙선침범,건조,맑음,단일로 - 기타,승용,남,51세,상해없음,승용,남,55세,중상
2019071000100527,2019년 7월 10일 19시,수요일,경상남도 거제시 고현동,경상사고,0,0,2,0,차대사람 - 기타,안전운전불이행,젖음/습기,비,교차로 - 교차로부근,이륜,남,47세,상해없음,보행자,남,59세,경상
2019071000100528,2019년 7월 10일 19시,수요일,경상남도 창원시 마산회원구 두척동,경상사고,0,0,2,0,차대차 - 측면충돌,중앙선침범,젖음/습기,비,단일로 - 기타,승용,남,62세,상해없음,승용,여,34세,경상
2019071000100563,2019년 7월 10일 20시,수요일,경상남도 창원시 마산합포구 해운동,경상사고,0,0,1,0,차량단독 - 기타,안전운전불이행,젖음/습기,흐림,단일로 - 기타,승합,남,32세,상해없음,,,,
2019071000100564,2019년 7월 10일 20시,수요일,경상남도 창원시 진해구 풍호동,중상사고,0,1,0,0,차대차 - 추돌,안전운전불이행,젖음/습기,비,교차로 - 교차로부근,승용,남,34세,상해없음,이륜,남,22세,중상
2019071000100565,2019년 7월 10일 20시,수요일,경상남도 김해시 삼정동,중상사고,0,1,2,0,차대차 - 추돌,안전운전불이행,젖음/습기,비,단일로 - 기타,이륜,남,17세,경상,승용,남,54세,중상
2019071000100566,2019년 7월 10일 20시,수요일,경상남도 김해시 대성동,경상사고,0,0,4,0,차대차 - 측면충돌,직진우회전진행방해,젖음/습기,비,교차로 - 교차로안,승용,남,64세,경상,승용,남,64세,경상
2019071000100567,2019년 7월 10일 20시,수요일,경상남도 창원시 마산회원구 양덕동,경상사고,0,0,1,0,차대사람 - 횡단중,보행자보호의무위반,젖음/습기,비,교차로 - 교차로횡단보도내,승용,남,28세,상해없음,보행자,남,16세,경상
2019071000100631,2019년 7월 10일 21시,수요일,경상남도 창원시 마산합포구 남성동,경상사고,0,0,1,0,차대차 - 추돌,안전운전불이행,젖음/습기,비,교차로 - 교차로부근,승용,여,53세,경상,승용,여,29세,기타불명
2019071000100632,2019년 7월 10일 21시,수요일,경상남도 진주시 하대동,경상사고,0,0,1,0,차대차 - 측면충돌,안전운전불이행,젖음/습기,비,교차로 - 교차로안,승용,남,51세,상해없음,승용,여,50세,경상
2019071000100633,2019년 7월 10일 21시,수요일,경상남도 통영시 평림동,사망사고,1,0,0,0,차량단독 - 공작물충돌,안전운전불이행,젖음/습기,비,단일로 - 기타,승용,남,60세,사망,,,,
2019071000100634,2019년 7월 10일 21시,수요일,경상남도 통영시 북신동,경상사고,0,0,1,0,차대사람 - 보도통행중,보행자보호의무위반,젖음/습기,비,교차로 - 교차로횡단보도내,승용,여,31세,상해없음,보행자,남,59세,경상
2019071000100635,2019년 7월 10일 21시,수요일,경상남도 밀양시 가곡동,중상사고,0,1,0,0,차대사람 - 횡단중,보행자보호의무위반,젖음/습기,비,교차로 - 교차로횡단보도내,승용,남,58세,상해없음,보행자,여,74세,중상
2019071000100681,2019년 7월 10일 22시,수요일,경상남도 사천시 송포동,경상사고,0,0,1,0,차대차 - 추돌,직진우회전진행방해,젖음/습기,비,교차로 - 교차로안,승용,남,55세,상해없음,승합,남,50세,상해없음
2019071000100682,2019년 7월 10일 22시,수요일,경상남도 김해시 삼정동,중상사고,0,2,0,0,차대사람 - 횡단중,안전운전불이행,젖음/습기,비,교차로 - 교차로안,승용,남,53세,상해없음,보행자,남,53세,중상
2019071000100683,2019년 7월 10일 22시,수요일,경상남도 양산시 물금읍,경상사고,0,0,1,0,차량단독 - 기타,안전운전불이행,젖음/습기,비,단일로 - 기타,승용,남,42세,상해없음,,,,
2019071000100723,2019년 7월 10일 23시,수요일,경상남도 창원시 진해구 용원동,부상신고사고,0,0,0,1,차대차 - 기타,안전운전불이행,젖음/습기,비,교차로 - 교차로부근,기타불명,기타불명,미분류,기타불명,이륜,남,23세,부상신고
2019071000100724,2019년 7월 10일 23시,수요일,경상남도 창원시 마산합포구 산호동,중상사고,0,2,0,0,차대차 - 측면충돌,신호위반,젖음/습기,비,교차로 - 교차로안,승용,남,51세,상해없음,화물,남,57세,중상
2019071100100033,2019년 7월 11일 00시,목요일,경상남도 김해시 구산동,중상사고,0,1,0,0,차대차 - 측면충돌,안전운전불이행,젖음/습기,비,교차로 - 교차로안,승용,남,53세,상해없음,승용,남,61세,중상
2019071100100062,2019년 7월 11일 02시,목요일,경상남도 김해시 동상동,경상사고,0,0,1,0,차대사람 - 기타,안전운전불이행,젖음/습기,비,교차로 - 교차로안,승용,여,37세,상해없음,보행자,여,32세,경상
2019071100100075,2019년 7월 11일 04시,목요일,경상남도 창원시 성산구 대방동,중상사고,0,1,0,0,차대사람 - 횡단중,안전운전불이행,젖음/습기,비,단일로 - 기타,승용,남,21세,상해없음,보행자,여,75세,중상
2019071100100095,2019년 7월 11일 06시,목요일,경상남도 거제시 옥포동,중상사고,0,1,0,0,차대차 - 기타,안전운전불이행,건조,맑음,교차로 - 교차로안,승합,여,56세,상해없음,승용,남,33세,중상
2019071100100120,2019년 7월 11일 07시,목요일,경상남도 김해시 진영읍,중상사고,0,1,0,0,차대차 - 추돌,안전운전불이행,젖음/습기,흐림,교차로 - 교차로부근,이륜,남,48세,중상,승용,남,39세,상해없음
2019071100100164,2019년 7월 11일 08시,목요일,경상남도 사천시 사천읍,중상사고,0,1,0,0,차대차 - 측면충돌,안전운전불이행,젖음/습기,흐림,교차로 - 교차로안,화물,남,60세,상해없음,자전거,남,15세,중상
2019071100100197,2019년 7월 11일 09시,목요일,경상남도 함양군 안의면,경상사고,0,0,1,0,차대차 - 측면충돌,신호위반,건조,맑음,교차로 - 교차로안,승용,남,59세,상해없음,화물,남,52세,상해없음
2019071100100231,2019년 7월 11일 10시,목요일,경상남도 창원시 진해구 석동,경상사고,0,0,1,0,차대차 - 측면충돌,안전운전불이행,건조,맑음,단일로 - 기타,승용,여,51세,상해없음,승용,남,28세,상해없음
2019071100100257,2019년 7월 11일 11시,목요일,경상남도 거제시 아주동,중상사고,0,1,0,0,차대차 - 측면충돌,안전운전불이행,건조,맑음,교차로 - 교차로안,승용,남,25세,상해없음,이륜,남,39세,중상
2019071100100258,2019년 7월 11일 11시,목요일,경상남도 거제시 고현동,경상사고,0,0,4,0,차대차 - 측면충돌,안전운전불이행,건조,맑음,교차로 - 교차로부근,승용,남,40세,상해없음,승용,여,36세,경상
2019071100100280,2019년 7월 11일 12시,목요일,경상남도 창원시 마산합포구 완월동,중상사고,0,1,2,0,차대차 - 추돌,안전운전불이행,건조,맑음,교차로 - 교차로부근,화물,남,63세,상해없음,승합,남,54세,중상
2019071100100281,2019년 7월 11일 12시,목요일,경상남도 창원시 진해구 자은동,중상사고,0,3,0,1,차대차 - 측면충돌,신호위반,건조,맑음,교차로 - 교차로안,승용,여,32세,중상,승용,여,31세,중상
2019071100100282,2019년 7월 11일 12시,목요일,경상남도 창원시 의창구 사림동,중상사고,0,1,0,0,차대차 - 측면충돌,중앙선침범,건조,맑음,교차로 - 교차로부근,화물,남,61세,상해없음,이륜,남,52세,중상
2019071100100283,2019년 7월 11일 12시,목요일,경상남도 창원시 성산구 불모산동,경상사고,0,0,2,0,차대차 - 추돌,안전운전불이행,건조,맑음,단일로 - 기타,승용,여,27세,상해없음,승용,여,56세,경상
2019071100100337,2019년 7월 11일 14시,목요일,경상남도 진주시 칠암동,중상사고,0,1,0,0,차대차 - 측면충돌,안전운전불이행,건조,맑음,단일로 - 기타,자전거,남,59세,상해없음,자전거,여,66세,중상
2019071100100409,2019년 7월 11일 16시,목요일,경상남도 진주시 충무공동,중상사고,0,2,0,0,차대차 - 측면충돌,안전거리미확보,건조,맑음,단일로 - 기타,화물,남,53세,상해없음,승용,남,45세,상해없음
2019071100100410,2019년 7월 11일 16시,목요일,경상남도 양산시 삼호동,경상사고,0,0,4,0,차대차 - 추돌,안전거리미확보,건조,맑음,교차로 - 교차로부근,승용,남,19세,상해없음,승용,여,53세,경상
2019071100100411,2019년 7월 11일 16시,목요일,경상남도 창원시 의창구 봉곡동,중상사고,0,1,2,0,차대차 - 측면충돌,직진우회전진행방해,건조,맑음,교차로 - 교차로안,승용,여,40세,상해없음,승용,남,35세,경상
2019071100100457,2019년 7월 11일 17시,목요일,경상남도 통영시 무전동,경상사고,0,0,1,0,차대차 - 측면충돌,불법유턴,건조,맑음,단일로 - 기타,이륜,남,77세,상해없음,이륜,남,38세,경상
2019071100100458,2019년 7월 11일 17시,목요일,경상남도 사천시 정동면,경상사고,0,0,1,0,차대사람 - 횡단중,보행자보호의무위반,건조,맑음,교차로 - 교차로횡단보도내,승용,남,56세,상해없음,보행자,남,7세,경상
2019071100100459,2019년 7월 11일 17시,목요일,경상남도 양산시 명동,부상신고사고,0,0,0,1,차대차 - 기타,안전운전불이행,건조,맑음,교차로 - 교차로부근,승용,여,41세,부상신고,화물,남,19세,상해없음
2019071100100460,2019년 7월 11일 17시,목요일,경상남도 김해시 한림면,중상사고,0,2,2,0,차대차 - 측면충돌,안전운전불이행,건조,맑음,교차로 - 교차로부근,승용,남,64세,경상,승용,남,60세,중상
2019071100100494,2019년 7월 11일 18시,목요일,경상남도 창원시 진해구 여좌동,경상사고,0,0,1,0,차대사람 - 기타,중앙선침범,건조,맑음,단일로 - 기타,승용,남,76세,상해없음,보행자,여,10세,경상
2019071100100495,2019년 7월 11일 18시,목요일,경상남도 거창군 북상면,경상사고,0,0,2,0,차대차 - 추돌,안전운전불이행,건조,맑음,단일로 - 기타,이륜,남,58세,경상,승용,여,70세,경상
2019071100100533,2019년 7월 11일 19시,목요일,경상남도 거제시 아주동,경상사고,0,0,1,0,차대차 - 측면충돌,안전거리미확보,건조,맑음,단일로 - 기타,승용,남,71세,상해없음,승용,여,36세,경상
2019071100100565,2019년 7월 11일 20시,목요일,경상남도 하동군 하동읍,경상사고,0,0,1,0,차대차 - 측면충돌,교차로운행방법위반,건조,맑음,교차로 - 교차로안,화물,남,62세,상해없음,승용,남,53세,경상
2019071100100611,2019년 7월 11일 22시,목요일,경상남도 창녕군 창녕읍,경상사고,0,0,1,0,차대차 - 추돌,안전운전불이행,건조,맑음,교차로 - 교차로부근,승용,남,36세,상해없음,승용,여,61세,경상
2019071200100046,2019년 7월 12일 01시,금요일,경상남도 창원시 마산합포구 월영동,경상사고,0,0,3,0,차대차 - 측면충돌,중앙선침범,건조,맑음,단일로 - 기타,승용,남,46세,상해없음,승용,남,43세,경상
2019071200100047,2019년 7월 12일 01시,금요일,경상남도 김해시 삼계동,경상사고,0,0,2,0,차대차 - 측면충돌,안전운전불이행,건조,맑음,교차로 - 교차로안,승용,남,34세,경상,승용,남,64세,경상
2019071200100056,2019년 7월 12일 02시,금요일,경상남도 김해시 삼정동,중상사고,0,1,1,0,차대차 - 측면충돌,교차로운행방법위반,건조,맑음,교차로 - 교차로안,승용,남,53세,상해없음,승용,여,50세,중상
2019071200100057,2019년 7월 12일 02시,금요일,경상남도 거제시 고현동,경상사고,0,0,3,0,차대차 - 측면충돌,신호위반,건조,맑음,교차로 - 교차로부근,승용,남,58세,상해없음,승용,남,26세,상해없음
2019071200100112,2019년 7월 12일 07시,금요일,경상남도 사천시 벌리동,부상신고사고,0,0,0,1,차대차 - 측면충돌,교차로운행방법위반,건조,맑음,교차로 - 교차로안,이륜,남,58세,부상신고,승용,남,35세,상해없음
2019071200100163,2019년 7월 12일 08시,금요일,경상남도 김해시 부원동,경상사고,0,0,1,0,차대차 - 기타,안전운전불이행,건조,맑음,교차로 - 교차로안,화물,남,67세,상해없음,승용,여,29세,경상
2019071200100164,2019년 7월 12일 08시,금요일,경상남도 양산시 물금읍,경상사고,0,0,1,0,차대차 - 기타,안전운전불이행,건조,맑음,교차로 - 교차로안,승용,남,34세,상해없음,승용,남,34세,경상
2019071200100165,2019년 7월 12일 08시,금요일,경상남도 양산시 주남동,부상신고사고,0,0,0,1,차대차 - 측면충돌,안전운전불이행,건조,맑음,교차로 - 교차로안,화물,남,43세,상해없음,화물,남,58세,부상신고
2019071200100166,2019년 7월 12일 08시,금요일,경상남도 의령군 유곡면,중상사고,0,1,0,0,차대차 - 측면충돌,기타,건조,맑음,교차로 - 교차로안,승용,여,50세,상해없음,이륜,남,79세,중상
2019071200100167,2019년 7월 12일 08시,금요일,경상남도 창원시 의창구 북면,경상사고,0,0,1,0,차대차 - 기타,직진우회전진행방해,건조,맑음,교차로 - 교차로안,승용,남,37세,상해없음,승용,남,40세,경상
2019071200100168,2019년 7월 12일 08시,금요일,경상남도 김해시 대청동,경상사고,0,0,1,0,차대차 - 측면충돌,안전운전불이행,건조,맑음,단일로 - 기타,자전거,남,16세,경상,승용,여,32세,상해없음
2019071200100200,2019년 7월 12일 09시,금요일,경상남도 진주시 문산읍,중상사고,0,2,1,0,차대차 - 측면충돌,직진우회전진행방해,건조,맑음,단일로 - 기타,화물,남,64세,경상,승용,여,29세,중상
2019071200100236,2019년 7월 12일 10시,금요일,경상남도 김해시 외동,중상사고,0,1,0,0,차대사람 - 기타,안전운전불이행,건조,맑음,단일로 - 기타,승용,여,45세,상해없음,보행자,여,59세,중상
2019071200100237,2019년 7월 12일 10시,금요일,경상남도 고성군 회화면,경상사고,0,0,3,0,차대차 - 정면충돌,중앙선침범,젖음/습기,맑음,교차로 - 교차로부근,승용,남,59세,상해없음,승용,남,51세,경상
2019071200100308,2019년 7월 12일 12시,금요일,경상남도 김해시 삼정동,경상사고,0,0,1,0,차대차 - 기타,안전거리미확보,건조,맑음,단일로 - 기타,승용,여,36세,상해없음,승용,남,22세,경상
2019071200100379,2019년 7월 12일 14시,금요일,경상남도 창원시 마산합포구 해운동,중상사고,0,2,0,0,차대차 - 측면충돌,중앙선침범,건조,맑음,교차로 - 교차로안,승용,여,58세,상해없음,승용,남,27세,중상
2019071200100413,2019년 7월 12일 15시,금요일,경상남도 거제시 연초면,중상사고,0,1,0,0,차대사람 - 차도통행중,안전운전불이행,건조,맑음,교차로 - 교차로부근,화물,여,67세,상해없음,보행자,여,73세,중상
2019071200100448,2019년 7월 12일 16시,금요일,경상남도 창원시 마산회원구 합성동,경상사고,0,0,1,0,차대차 - 추돌,안전운전불이행,건조,맑음,단일로 - 기타,화물,남,33세,상해없음,승용,남,35세,경상
2019071200100449,2019년 7월 12일 16시,금요일,경상남도 창원시 의창구 명서동,경상사고,0,0,2,0,차대차 - 추돌,안전거리미확보,건조,맑음,단일로 - 기타,승용,남,60세,상해없음,승용,여,35세,경상
2019071200100511,2019년 7월 12일 17시,금요일,경상남도 김해시 구산동,중상사고,0,1,0,0,차대차 - 기타,안전운전불이행,건조,맑음,교차로 - 교차로안,승합,남,61세,상해없음,원동기,남,71세,중상
2019071200100512,2019년 7월 12일 17시,금요일,경상남도 양산시 삼호동,경상사고,0,0,1,0,차대차 - 기타,신호위반,건조,맑음,교차로 - 교차로안,승용,남,61세,기타불명,승용,남,31세,경상
2019071200100513,2019년 7월 12일 17시,금요일,경상남도 양산시 중부동,중상사고,0,1,0,0,차대차 - 기타,신호위반,건조,맑음,교차로 - 교차로횡단보도내,승용,여,53세,상해없음,자전거,남,69세,중상
2019071200100514,2019년 7월 12일 17시,금요일,경상남도 의령군 의령읍,경상사고,0,0,1,0,차대차 - 측면충돌,교차로운행방법위반,건조,맑음,교차로 - 교차로안,승용,여,42세,상해없음,승용,여,59세,경상
2019071200100565,2019년 7월 12일 18시,금요일,경상남도 사천시 벌리동,경상사고,0,0,2,0,차대차 - 기타,안전운전불이행,건조,맑음,교차로 - 교차로안,승용,남,38세,상해없음,승합,남,57세,경상
2019071200100566,2019년 7월 12일 18시,금요일,경상남도 김해시 내동,경상사고,0,0,3,0,차대차 - 기타,안전운전불이행,건조,맑음,주차장 - 주차장,승용,남,59세,경상,승용,남,48세,경상
2019071200100567,2019년 7월 12일 18시,금요일,경상남도 양산시 북부동,경상사고,0,0,6,0,차대차 - 기타,교차로운행방법위반,건조,맑음,교차로 - 교차로안,승용,남,28세,경상,승용,남,58세,경상
2019071200100642,2019년 7월 12일 20시,금요일,경상남도 창원시 진해구 여좌동,사망사고,1,0,0,0,차대차 - 측면충돌,안전운전불이행,건조,맑음,교차로 - 교차로안,승용,남,63세,상해없음,이륜,남,37세,사망
2019071200100643,2019년 7월 12일 20시,금요일,경상남도 창원시 성산구 내동,경상사고,0,0,1,0,차대차 - 측면충돌,신호위반,건조,맑음,교차로 - 교차로안,승용,남,57세,상해없음,승용,여,43세,경상
2019071200100672,2019년 7월 12일 21시,금요일,경상남도 진주시 가좌동,경상사고,0,0,1,0,차대차 - 측면충돌,중앙선침범,건조,맑음,단일로 - 기타,화물,남,70세,상해없음,이륜,남,39세,경상
2019071200100698,2019년 7월 12일 22시,금요일,경상남도 하동군 진교면,경상사고,0,0,1,0,차대사람 - 차도통행중,안전운전불이행,건조,맑음,주차장 - 주차장,화물,남,65세,상해없음,보행자,여,64세,경상
2019071200100722,2019년 7월 12일 23시,금요일,경상남도 진주시 초전동,중상사고,0,1,0,0,차대차 - 측면충돌,중앙선침범,건조,맑음,단일로 - 기타,승용,남,58세,상해없음,이륜,남,26세,중상
2019071200100723,2019년 7월 12일 23시,금요일,경상남도 김해시 어방동,경상사고,0,0,1,0,차대차 - 기타,안전운전불이행,건조,맑음,교차로 - 교차로부근,이륜,남,31세,경상,승용,남,25세,상해없음
2019071300100058,2019년 7월 13일 02시,토요일,경상남도 함안군 군북면,경상사고,0,0,1,0,차량단독 - 전도전복 - 전도,안전운전불이행,건조,맑음,단일로 - 기타,이륜,남,36세,경상,,,,
2019071300100059,2019년 7월 13일 02시,토요일,경상남도 창원시 의창구 팔용동,부상신고사고,0,0,0,1,차대차 - 기타,신호위반,건조,맑음,교차로 - 교차로안,승용,여,51세,상해없음,승용,남,52세,부상신고
2019071300100087,2019년 7월 13일 05시,토요일,경상남도 사천시 사천읍,중상사고,0,1,0,0,차량단독 - 기타,안전운전불이행,건조,맑음,교차로 - 교차로안,이륜,남,18세,상해없음,,,,
2019071300100109,2019년 7월 13일 07시,토요일,경상남도 진주시 중안동,경상사고,0,0,1,0,차대사람 - 차도통행중,안전운전불이행,건조,맑음,단일로 - 기타,승용,남,49세,상해없음,보행자,남,23세,경상
2019071300100110,2019년 7월 13일 07시,토요일,경상남도 거제시 연초면,경상사고,0,0,1,0,차대차 - 추돌,안전운전불이행,젖음/습기,비,단일로 - 기타,승용,여,27세,상해없음,화물,남,48세,경상
2019071300100146,2019년 7월 13일 09시,토요일,경상남도 김해시 상동면,경상사고,0,0,1,0,차대차 - 측면충돌,안전운전불이행,젖음/습기,비,단일로 - 기타,화물,남,47세,상해없음,화물,남,67세,경상
2019071300100147,2019년 7월 13일 09시,토요일,경상남도 의령군 부림면,경상사고,0,0,1,0,차대차 - 측면충돌,교차로운행방법위반,건조,맑음,단일로 - 지하차도(도로)내,승용,남,47세,상해없음,승용,남,73세,경상
2019071300100148,2019년 7월 13일 09시,토요일,경상남도 창원시 의창구 북면,경상사고,0,0,1,0,차대차 - 측면충돌,직진우회전진행방해,건조,맑음,교차로 - 교차로안,승용,남,37세,상해없음,승용,여,65세,경상
2019071300100204,2019년 7월 13일 11시,토요일,경상남도 창원시 마산합포구 남성동,경상사고,0,0,1,0,차대차 - 측면충돌,안전운전불이행,건조,흐림,교차로 - 교차로안,승용,남,30세,상해없음,이륜,남,21세,경상
2019071300100205,2019년 7월 13일 11시,토요일,경상남도 통영시 무전동,경상사고,0,0,1,0,차대차 - 측면충돌,직진우회전진행방해,젖음/습기,흐림,교차로 - 교차로안,승용,여,42세,상해없음,승용,여,47세,경상
2019071300100206,2019년 7월 13일 11시,토요일,경상남도 김해시 어방동,중상사고,0,1,0,0,차대사람 - 횡단중,안전운전불이행,건조,맑음,교차로 - 교차로안,승용,여,48세,상해없음,보행자,여,83세,중상
2019071300100252,2019년 7월 13일 12시,토요일,경상남도 창원시 마산합포구 진동면,중상사고,0,1,1,0,차대차 - 측면충돌,교차로운행방법위반,젖음/습기,흐림,교차로 - 교차로안,승용,여,50세,경상,승용,여,64세,중상
2019071300100253,2019년 7월 13일 12시,토요일,경상남도 진주시 가좌동,중상사고,0,1,0,0,차대사람 - 횡단중,보행자보호의무위반,건조,맑음,교차로 - 교차로부근,이륜,남,24세,상해없음,보행자,여,16세,중상
2019071300100254,2019년 7월 13일 12시,토요일,경상남도 통영시 산양읍,경상사고,0,0,1,0,차대사람 - 기타,안전운전불이행,건조,흐림,주차장 - 주차장,승용,남,51세,상해없음,보행자,남,59세,경상
2019071300100255,2019년 7월 13일 12시,토요일,경상남도 김해시 삼정동,경상사고,0,0,1,0,차대사람 - 길가장자리구역통행중,안전운전불이행,건조,맑음,단일로 - 기타,승합,남,67세,상해없음,보행자,남,83세,경상
2019071300100256,2019년 7월 13일 12시,토요일,경상남도 고성군 하이면,경상사고,0,0,2,0,차대차 - 기타,중앙선침범,건조,맑음,단일로 - 기타,이륜,남,76세,상해없음,승용,남,65세,경상
2019071300100285,2019년 7월 13일 13시,토요일,경상남도 사천시 서동,경상사고,0,0,1,0,차대차 - 측면충돌,안전운전불이행,건조,맑음,교차로 - 교차로안,승용,남,72세,상해없음,이륜,남,69세,경상
2019071300100286,2019년 7월 13일 13시,토요일,경상남도 밀양시 삼문동,중상사고,0,1,0,0,차대차 - 추돌,안전운전불이행,건조,맑음,단일로 - 기타,화물,남,37세,상해없음,승용,여,62세,중상
2019071300100287,2019년 7월 13일 13시,토요일,경상남도 김해시 어방동,중상사고,0,1,0,0,차대차 - 측면충돌,신호위반,젖음/습기,비,교차로 - 교차로안,승용,남,65세,상해없음,자전거,여,65세,중상
2019071300100288,2019년 7월 13일 13시,토요일,경상남도 김해시 봉황동,경상사고,0,0,2,0,차대차 - 추돌,안전운전불이행,건조,맑음,단일로 - 기타,승용,남,52세,상해없음,승용,남,40세,경상
2019071300100289,2019년 7월 13일 13시,토요일,경상남도 산청군 오부면,중상사고,0,1,0,0,차대차 - 측면충돌,신호위반,건조,맑음,교차로 - 교차로안,승용,여,52세,상해없음,승용,남,55세,중상
2019071300100290,2019년 7월 13일 13시,토요일,경상남도 함안군 가야읍,경상사고,0,0,1,0,차대차 - 측면충돌,안전운전불이행,건조,맑음,단일로 - 기타,승용,남,80세,상해없음,승용,여,63세,경상
2019071300100326,2019년 7월 13일 14시,토요일,경상남도 양산시 삼호동,중상사고,0,1,0,0,차대사람 - 기타,안전운전불이행,기타,흐림,교차로 - 교차로부근,승용,남,35세,상해없음,보행자,남,52세,중상