사고번호,사고일시,요일,시군구,사고내용,사망자수,중상자수,경상자수,부상신고자수,사고유형,법규위반,노면상태,기상상태,도로형태,가해운전자 차종,가해운전자 성별,가해운전자 연령,가해운전자 상해정도,피해운전자 차종,피해운전자 성별,피해운전자 연령,피해운전자 상해정도
2019071300100364,2019년 7월 13일 15시,토요일,경상남도 산청군 삼장면,경상사고,0,0,1,0,차대차 - 정면충돌,안전운전불이행,건조,맑음,교차로 - 교차로안,화물,여,61세,경상,승용,남,45세,상해없음
2019071300100365,2019년 7월 13일 15시,토요일,경상남도 산청군 시천면,중상사고,0,3,0,0,차량단독 - 공작물충돌,안전운전불이행,건조,맑음,단일로 - 기타,승용,남,55세,중상,,,,
2019071300100401,2019년 7월 13일 16시,토요일,경상남도 김해시 생림면,경상사고,0,0,1,0,차대차 - 추돌,안전운전불이행,건조,맑음,단일로 - 기타,이륜,남,43세,경상,승용,남,50세,상해없음
2019071300100436,2019년 7월 13일 17시,토요일,경상남도 거제시 아주동,경상사고,0,0,1,0,차대차 - 기타,중앙선침범,건조,맑음,교차로 - 교차로부근,승용,남,45세,상해없음,이륜,남,48세,경상
2019071300100482,2019년 7월 13일 18시,토요일,경상남도 거제시 사등면,중상사고,0,1,1,0,차대차 - 측면충돌,직진우회전진행방해,건조,맑음,교차로 - 교차로안,화물,남,36세,상해없음,승용,여,38세,상해없음
2019071300100511,2019년 7월 13일 19시,토요일,경상남도 진주시 문산읍,중상사고,0,2,2,0,차대차 - 측면충돌,신호위반,건조,맑음,교차로 - 교차로안,화물,남,66세,상해없음,승용,남,34세,중상
2019071300100512,2019년 7월 13일 19시,토요일,경상남도 창원시 의창구 동읍,경상사고,0,0,1,0,차대차 - 추돌,안전운전불이행,건조,맑음,단일로 - 기타,승용,남,66세,상해없음,승용,남,67세,상해없음
2019071300100529,2019년 7월 13일 20시,토요일,경상남도 김해시 구산동,중상사고,0,1,0,0,차대사람 - 차도통행중,안전운전불이행,건조,맑음,단일로 - 기타,승용,남,32세,상해없음,보행자,남,56세,중상
2019071300100530,2019년 7월 13일 20시,토요일,경상남도 양산시 물금읍,중상사고,0,1,0,0,차대차 - 후진중충돌,안전운전불이행,건조,맑음,교차로 - 교차로안,화물,남,64세,상해없음,원동기,남,23세,중상
2019071300100531,2019년 7월 13일 20시,토요일,경상남도 의령군 대의면,중상사고,0,2,1,0,차대차 - 측면충돌,신호위반,건조,맑음,교차로 - 교차로안,승용,남,66세,중상,승용,남,40세,경상
2019071300100555,2019년 7월 13일 21시,토요일,경상남도 거제시 고현동,중상사고,0,1,0,0,차대차 - 측면충돌,신호위반,건조,맑음,교차로 - 교차로안,승용,남,48세,상해없음,승용,여,59세,중상
2019071300100556,2019년 7월 13일 21시,토요일,경상남도 창원시 의창구 팔용동,경상사고,0,0,2,0,차대차 - 추돌,안전운전불이행,건조,맑음,교차로 - 교차로부근,승용,남,51세,상해없음,승합,남,55세,경상
2019071300100566,2019년 7월 13일 22시,토요일,경상남도 밀양시 활성동,경상사고,0,0,2,0,차대차 - 추돌,안전운전불이행,건조,맑음,단일로 - 기타,승용,남,38세,경상,승용,남,26세,경상
2019071400100030,2019년 7월 14일 00시,일요일,경상남도 창원시 진해구 경화동,경상사고,0,0,2,0,차대차 - 기타,안전운전불이행,건조,맑음,단일로 - 기타,승용,남,38세,상해없음,승용,남,41세,경상
2019071400100031,2019년 7월 14일 00시,일요일,경상남도 산청군 단성면,부상신고사고,0,0,0,1,차대차 - 측면충돌,안전운전불이행,건조,흐림,교차로 - 교차로부근,승용,남,20세,부상신고,승용,남,68세,상해없음
2019071400100054,2019년 7월 14일 02시,일요일,경상남도 창원시 의창구 용호동,경상사고,0,0,1,0,차대차 - 측면충돌,신호위반,건조,맑음,교차로 - 교차로횡단보도내,승용,남,52세,상해없음,자전거,남,18세,경상
2019071400100062,2019년 7월 14일 03시,일요일,경상남도 김해시 부곡동,부상신고사고,0,0,0,1,차량단독 - 공작물충돌,안전운전불이행,건조,맑음,단일로 - 기타,승용,남,28세,부상신고,,,,
2019071400100082,2019년 7월 14일 05시,일요일,경상남도 거제시 고현동,사망사고,1,2,0,0,차대차 - 기타,신호위반,건조,맑음,교차로 - 교차로안,이륜,남,16세,사망,승용,여,52세,중상
2019071400100101,2019년 7월 14일 07시,일요일,경상남도 창원시 성산구 사파동,중상사고,0,1,0,0,차대차 - 측면충돌,안전운전불이행,건조,맑음,교차로 - 교차로안,개인형이동수단(PM),남,56세,중상,승용,남,68세,상해없음
2019071400100113,2019년 7월 14일 08시,일요일,경상남도 거제시 거제면,경상사고,0,0,1,0,차대차 - 정면충돌,교차로운행방법위반,건조,맑음,교차로 - 교차로안,승용,남,59세,상해없음,승용,남,85세,경상
2019071400100114,2019년 7월 14일 08시,일요일,경상남도 김해시 화목동,중상사고,0,1,0,0,차대차 - 측면충돌,안전운전불이행,건조,맑음,교차로 - 교차로안,승용,남,20세,상해없음,승용,여,58세,중상
2019071400100181,2019년 7월 14일 11시,일요일,경상남도 양산시 물금읍,중상사고,0,1,0,0,차대차 - 정면충돌,안전운전불이행,건조,맑음,교차로 - 교차로안,승용,남,44세,상해없음,승용,남,48세,중상
2019071400100182,2019년 7월 14일 11시,일요일,경상남도 김해시 신문동,중상사고,0,1,1,0,차대차 - 측면충돌,중앙선침범,건조,맑음,교차로 - 교차로부근,승용,여,29세,경상,승용,남,62세,중상
2019071400100206,2019년 7월 14일 12시,일요일,경상남도 창원시 마산합포구 완월동,경상사고,0,0,1,0,차대차 - 측면충돌,직진우회전진행방해,건조,맑음,교차로 - 교차로안,이륜,남,21세,경상,승용,여,39세,상해없음
2019071400100207,2019년 7월 14일 12시,일요일,경상남도 합천군 삼가면,경상사고,0,0,2,0,차대차 - 후진중충돌,안전운전불이행,건조,맑음,단일로 - 기타,승용,남,51세,상해없음,화물,남,54세,경상
2019071400100208,2019년 7월 14일 12시,일요일,경상남도 창녕군 부곡면,경상사고,0,0,2,0,차대차 - 측면충돌,기타,젖음/습기,비,교차로 - 교차로안,화물,남,63세,상해없음,승용,남,47세,경상
2019071400100209,2019년 7월 14일 12시,일요일,경상남도 김해시 삼문동,중상사고,0,1,0,0,차대차 - 측면충돌,안전운전불이행,건조,맑음,단일로 - 기타,승용,여,57세,상해없음,이륜,남,54세,중상
2019071400100235,2019년 7월 14일 13시,일요일,경상남도 진주시 상대동,중상사고,0,1,0,0,차대차 - 기타,신호위반,건조,맑음,교차로 - 교차로안,승용,남,60세,상해없음,이륜,남,45세,중상
2019071400100236,2019년 7월 14일 13시,일요일,경상남도 김해시 삼계동,경상사고,0,0,2,0,차대차 - 측면충돌,직진우회전진행방해,건조,맑음,교차로 - 교차로안,승용,남,34세,경상,승용,남,34세,경상
2019071400100267,2019년 7월 14일 14시,일요일,경상남도 거제시 사등면,중상사고,0,2,1,0,차대차 - 추돌,안전운전불이행,건조,맑음,단일로 - 기타,화물,남,60세,상해없음,승합,남,56세,상해없음
2019071400100268,2019년 7월 14일 14시,일요일,경상남도 의령군 가례면,중상사고,0,2,0,3,차대차 - 추돌,안전운전불이행,건조,맑음,단일로 - 기타,승용,남,64세,중상,화물,남,52세,상해없음
2019071400100330,2019년 7월 14일 16시,일요일,경상남도 통영시 욕지면,경상사고,0,0,2,0,차대차 - 정면충돌,안전운전불이행,건조,맑음,기타 - 기타,화물,남,50세,상해없음,사륜오토바이(ATV),남,39세,경상
2019071400100331,2019년 7월 14일 16시,일요일,경상남도 창녕군 고암면,경상사고,0,0,2,0,차대차 - 측면충돌,중앙선침범,건조,흐림,단일로 - 기타,승용,남,36세,상해없음,승용,남,32세,경상
2019071400100332,2019년 7월 14일 16시,일요일,경상남도 양산시 물금읍,중상사고,0,1,0,0,차대차 - 측면충돌,신호위반,건조,맑음,교차로 - 교차로안,승용,남,56세,상해없음,승용,여,62세,중상
2019071400100391,2019년 7월 14일 18시,일요일,경상남도 거창군 거창읍,중상사고,0,1,0,0,차대차 - 측면충돌,기타,건조,맑음,단일로 - 기타,승용,남,53세,상해없음,자전거,여,58세,중상
2019071400100420,2019년 7월 14일 19시,일요일,경상남도 진주시 망경동,중상사고,0,1,0,0,차대차 - 추돌,안전운전불이행,건조,맑음,교차로 - 교차로부근,승용,남,42세,상해없음,승용,남,37세,중상
2019071400100421,2019년 7월 14일 19시,일요일,경상남도 김해시 대청동,중상사고,0,2,0,0,차대차 - 추돌,안전운전불이행,건조,맑음,단일로 - 기타,화물,남,48세,중상,승용,남,61세,중상
2019071400100441,2019년 7월 14일 20시,일요일,경상남도 김해시 구산동,경상사고,0,0,1,0,차대사람 - 차도통행중,안전운전불이행,건조,맑음,단일로 - 기타,승용,남,70세,상해없음,보행자,남,19세,경상
2019071400100478,2019년 7월 14일 21시,일요일,경상남도 창원시 의창구 소답동,경상사고,0,0,2,0,차대차 - 추돌,안전운전불이행,건조,맑음,기타 - 기타,승용,여,50세,상해없음,화물,남,71세,경상
2019071500100085,2019년 7월 15일 07시,월요일,경상남도 진주시 상대동,경상사고,0,0,1,0,차대차 - 기타,신호위반,건조,맑음,교차로 - 교차로안,화물,남,67세,상해없음,승용,남,64세,경상
2019071500100086,2019년 7월 15일 07시,월요일,경상남도 고성군 고성읍,중상사고,0,3,1,0,차대차 - 정면충돌,신호위반,건조,맑음,교차로 - 교차로안,승용,여,72세,경상,승용,여,42세,중상
2019071500100125,2019년 7월 15일 08시,월요일,경상남도 사천시 곤양면,경상사고,0,0,1,0,차대차 - 측면충돌,안전운전불이행,건조,맑음,교차로 - 교차로부근,이륜,남,83세,경상,화물,남,69세,상해없음
2019071500100126,2019년 7월 15일 08시,월요일,경상남도 거제시 문동동,경상사고,0,0,2,0,차대차 - 추돌,안전운전불이행,건조,맑음,교차로 - 교차로횡단보도내,승용,여,44세,상해없음,승용,여,62세,경상
2019071500100157,2019년 7월 15일 09시,월요일,경상남도 거창군 거창읍,중상사고,0,1,0,0,차대차 - 측면충돌,안전운전불이행,건조,맑음,교차로 - 교차로안,승용,남,36세,상해없음,승용,여,60세,중상
2019071500100158,2019년 7월 15일 09시,월요일,경상남도 창원시 성산구 사파동,사망사고,1,0,0,0,차대사람 - 차도통행중,안전운전불이행,건조,맑음,단일로 - 기타,화물,남,28세,상해없음,보행자,남,69세,사망
2019071500100179,2019년 7월 15일 10시,월요일,경상남도 거제시 둔덕면,경상사고,0,0,1,0,차대차 - 측면충돌,직진우회전진행방해,건조,맑음,교차로 - 교차로안,승용,여,59세,상해없음,승용,남,42세,경상
2019071500100180,2019년 7월 15일 10시,월요일,경상남도 남해군 남해읍,경상사고,0,0,1,0,차대차 - 측면충돌,중앙선침범,건조,맑음,단일로 - 기타,원동기,남,64세,경상,승용,남,70세,상해없음
2019071500100191,2019년 7월 15일 11시,월요일,경상남도 밀양시 산외면,중상사고,0,2,0,0,차대차 - 추돌,안전운전불이행,건조,맑음,단일로 - 교량,화물,남,52세,상해없음,화물,남,44세,중상
2019071500100205,2019년 7월 15일 11시,월요일,경상남도 창원시 마산합포구 남성동,부상신고사고,0,0,0,1,차대차 - 기타,안전운전불이행,건조,맑음,단일로 - 기타,이륜,남,44세,부상신고,승용,여,50세,상해없음
2019071500100206,2019년 7월 15일 11시,월요일,경상남도 진주시 신안동,중상사고,0,1,0,0,차대차 - 측면충돌,안전운전불이행,건조,맑음,교차로 - 교차로횡단보도내,승용,여,35세,상해없음,자전거,여,22세,중상
2019071500100231,2019년 7월 15일 12시,월요일,경상남도 김해시 삼방동,중상사고,0,1,1,0,차대사람 - 횡단중,안전운전불이행,건조,맑음,단일로 - 기타,화물,남,42세,상해없음,보행자,여,19세,중상
2019071500100232,2019년 7월 15일 12시,월요일,경상남도 창원시 성산구 상남동,중상사고,0,1,0,0,차대차 - 측면충돌,신호위반,건조,맑음,교차로 - 교차로안,승용,여,58세,상해없음,승용,남,31세,중상
2019071500100282,2019년 7월 15일 14시,월요일,경상남도 양산시 물금읍,중상사고,0,1,0,0,차대차 - 추돌,안전운전불이행,건조,맑음,단일로 - 기타,화물,남,41세,상해없음,승용,여,56세,중상
2019071500100308,2019년 7월 15일 14시,월요일,경상남도 통영시 도산면,경상사고,0,0,3,0,차대차 - 추돌,신호위반,건조,맑음,교차로 - 교차로안,승용,남,73세,경상,승용,남,72세,경상
2019071500100309,2019년 7월 15일 14시,월요일,경상남도 김해시 상동면,경상사고,0,0,2,0,차대차 - 측면충돌,안전운전불이행,건조,맑음,단일로 - 기타,승용,남,40세,경상,화물,남,32세,경상
2019071500100310,2019년 7월 15일 14시,월요일,경상남도 거제시 장목면,중상사고,0,1,0,0,차대사람 - 횡단중,안전운전불이행,건조,맑음,단일로 - 기타,승용,남,64세,상해없음,보행자,여,7세,중상
2019071500100358,2019년 7월 15일 15시,월요일,경상남도 통영시 정량동,경상사고,0,0,2,0,차대차 - 측면충돌,교차로운행방법위반,건조,맑음,교차로 - 교차로안,승용,여,28세,상해없음,승용,여,34세,경상
2019071500100359,2019년 7월 15일 15시,월요일,경상남도 사천시 서포면,중상사고,0,1,0,0,차대사람 - 기타,안전운전불이행,건조,맑음,단일로 - 기타,승용,여,30세,상해없음,보행자,남,54세,중상
2019071500100360,2019년 7월 15일 15시,월요일,경상남도 밀양시 단장면,중상사고,0,1,0,0,차량단독 - 전도전복 - 전도,안전운전불이행,건조,맑음,단일로 - 기타,원동기,남,74세,중상,,,,
2019071500100361,2019년 7월 15일 15시,월요일,경상남도 남해군 서면,경상사고,0,0,1,0,차대차 - 측면충돌,안전운전불이행,건조,맑음,교차로 - 교차로안,사륜오토바이(ATV),여,70세,경상,승용,남,62세,상해없음
2019071500100406,2019년 7월 15일 16시,월요일,경상남도 진주시 상대동,중상사고,0,1,0,0,차대차 - 측면충돌,교차로운행방법위반,건조,맑음,교차로 - 교차로부근,승용,여,58세,상해없음,승용,남,38세,중상
2019071500100407,2019년 7월 15일 16시,월요일,경상남도 김해시 대청동,중상사고,0,1,0,0,차대차 - 후진중충돌,불법유턴,건조,맑음,단일로 - 기타,승용,여,60세,상해없음,이륜,남,40세,중상
2019071500100460,2019년 7월 15일 17시,월요일,경상남도 창원시 진해구 제덕동,중상사고,0,1,0,0,차대차 - 측면충돌,안전운전불이행,건조,맑음,단일로 - 기타,화물,남,35세,상해없음,승용,여,58세,중상
2019071500100502,2019년 7월 15일 18시,월요일,경상남도 창원시 진해구 풍호동,중상사고,0,1,0,0,차량단독 - 기타,기타,건조,맑음,교차로 - 교차로부근,승합,남,51세,상해없음,,,,
2019071500100503,2019년 7월 15일 18시,월요일,경상남도 통영시 미수동,경상사고,0,0,1,0,차대차 - 기타,불법유턴,건조,맑음,단일로 - 기타,승용,남,35세,상해없음,승용,남,37세,경상
2019071500100504,2019년 7월 15일 18시,월요일,경상남도 김해시 외동,경상사고,0,0,1,1,차대사람 - 보도통행중,기타,건조,맑음,기타 - 기타,자전거,남,11세,부상신고,보행자,여,17세,경상
2019071500100505,2019년 7월 15일 18시,월요일,경상남도 김해시 안동,경상사고,0,0,1,0,차대차 - 기타,기타,건조,맑음,단일로 - 기타,화물,남,64세,상해없음,자전거,남,60세,경상
2019071500100506,2019년 7월 15일 18시,월요일,경상남도 창녕군 유어면,경상사고,0,0,1,0,차대차 - 측면충돌,신호위반,건조,맑음,교차로 - 교차로안,화물,남,57세,상해없음,이륜,남,41세,경상
2019071500100507,2019년 7월 15일 18시,월요일,경상남도 고성군 고성읍,경상사고,0,0,1,0,차대차 - 측면충돌,교차로운행방법위반,건조,맑음,교차로 - 교차로안,승용,여,41세,상해없음,이륜,남,21세,경상
2019071500100508,2019년 7월 15일 18시,월요일,경상남도 창원시 의창구 팔용동,경상사고,0,0,1,0,차대사람 - 기타,신호위반,건조,맑음,교차로 - 교차로부근,승용,여,55세,상해없음,보행자,남,21세,경상
2019071500100509,2019년 7월 15일 18시,월요일,경상남도 김해시 진영읍,중상사고,0,1,0,0,차대차 - 측면충돌,안전운전불이행,건조,맑음,단일로 - 기타,승용,남,57세,상해없음,이륜,남,25세,중상
2019071500100581,2019년 7월 15일 20시,월요일,경상남도 양산시 교동,경상사고,0,0,1,0,차대차 - 측면충돌,신호위반,건조,맑음,교차로 - 교차로안,승용,여,23세,상해없음,이륜,남,44세,경상
2019071500100599,2019년 7월 15일 21시,월요일,경상남도 거창군 거창읍,중상사고,0,1,0,0,차대차 - 측면충돌,안전운전불이행,젖음/습기,비,교차로 - 교차로안,승용,여,59세,상해없음,자전거,여,62세,중상
2019071500100600,2019년 7월 15일 21시,월요일,경상남도 김해시 진영읍,중상사고,0,1,0,0,차대사람 - 차도통행중,안전운전불이행,건조,맑음,교차로 - 교차로부근,승용,남,29세,상해없음,보행자,여,81세,중상
2019071600100029,2019년 7월 16일 01시,화요일,경상남도 밀양시 내이동,경상사고,0,0,1,0,차대차 - 측면충돌,안전운전불이행,건조,맑음,단일로 - 기타,화물,남,64세,상해없음,화물,남,47세,경상
2019071600100047,2019년 7월 16일 04시,화요일,경상남도 밀양시 단장면,중상사고,0,3,0,0,차량단독 - 전도전복 - 전도,안전운전불이행,건조,맑음,단일로 - 기타,승용,남,21세,상해없음,,,,
2019071600100048,2019년 7월 16일 04시,화요일,경상남도 김해시 외동,중상사고,0,1,0,0,차대차 - 추돌,안전운전불이행,건조,맑음,단일로 - 기타,승용,남,25세,상해없음,승용,남,43세,중상
2019071600100055,2019년 7월 16일 05시,화요일,경상남도 밀양시 산외면,중상사고,0,1,0,0,차대사람 - 횡단중,안전운전불이행,건조,흐림,단일로 - 기타,승용,남,29세,상해없음,보행자,여,78세,중상
2019071600100056,2019년 7월 16일 05시,화요일,경상남도 밀양시 산외면,경상사고,0,0,1,0,차대차 - 측면충돌,신호위반,건조,맑음,교차로 - 교차로안,승용,남,69세,상해없음,승용,여,55세,경상
2019071600100080,2019년 7월 16일 07시,화요일,경상남도 창원시 진해구 자은동,중상사고,0,1,2,0,차대차 - 측면충돌,교차로운행방법위반,건조,맑음,교차로 - 교차로안,승용,남,48세,경상,승용,남,28세,경상
2019071600100081,2019년 7월 16일 07시,화요일,경상남도 사천시 축동면,경상사고,0,0,1,0,차대차 - 측면충돌,직진우회전진행방해,건조,맑음,교차로 - 교차로안,승용,남,45세,상해없음,승용,남,35세,경상
2019071600100114,2019년 7월 16일 08시,화요일,경상남도 창원시 마산합포구 진전면,부상신고사고,0,0,0,1,차량단독 - 기타,안전운전불이행,건조,맑음,단일로 - 기타,화물,남,35세,부상신고,,,,
2019071600100115,2019년 7월 16일 08시,화요일,경상남도 사천시 동금동,중상사고,0,1,0,0,차대사람 - 기타,기타,건조,맑음,단일로 - 기타,화물,남,56세,상해없음,보행자,여,70세,중상
2019071600100116,2019년 7월 16일 08시,화요일,경상남도 창원시 성산구 반림동,경상사고,0,0,2,0,차대차 - 측면충돌,안전운전불이행,건조,맑음,기타 - 기타,승용,여,31세,상해없음,승용,남,30세,경상
2019071600100155,2019년 7월 16일 09시,화요일,경상남도 거창군 거창읍,경상사고,0,0,2,0,차대차 - 측면충돌,신호위반,건조,맑음,교차로 - 교차로안,화물,남,77세,상해없음,화물,남,54세,경상
2019071600100175,2019년 7월 16일 10시,화요일,경상남도 함양군 서하면,중상사고,0,2,1,0,차대차 - 추돌,안전운전불이행,건조,맑음,단일로 - 기타,화물,남,66세,상해없음,화물,남,59세,중상
2019071600100180,2019년 7월 16일 10시,화요일,경상남도 창원시 마산합포구 자산동,중상사고,0,1,0,0,차대사람 - 차도통행중,안전운전불이행,건조,맑음,단일로 - 기타,승용,여,63세,상해없음,보행자,남,62세,중상
2019071600100181,2019년 7월 16일 10시,화요일,경상남도 사천시 사천읍,경상사고,0,0,2,0,차대차 - 측면충돌,안전운전불이행,건조,맑음,교차로 - 교차로안,승용,여,32세,경상,승용,여,48세,경상
2019071600100182,2019년 7월 16일 10시,화요일,경상남도 거제시 거제면,경상사고,0,0,1,0,차대차 - 측면충돌,직진우회전진행방해,건조,맑음,교차로 - 교차로안,승용,여,35세,기타불명,승용,남,46세,경상
2019071600100183,2019년 7월 16일 10시,화요일,경상남도 함안군 산인면,중상사고,0,1,0,1,차대차 - 측면충돌,신호위반,건조,맑음,교차로 - 교차로안,화물,남,36세,부상신고,화물,남,33세,중상
2019071600100184,2019년 7월 16일 10시,화요일,경상남도 창원시 의창구 명서동,중상사고,0,1,0,0,차대차 - 기타,안전운전불이행,건조,맑음,기타 - 기타,자전거,남,72세,중상,승용,남,69세,상해없음
2019071600100240,2019년 7월 16일 12시,화요일,경상남도 사천시 벌리동,경상사고,0,0,3,2,차대차 - 측면충돌,직진우회전진행방해,건조,맑음,교차로 - 교차로안,승용,여,50세,경상,화물,남,47세,경상
2019071600100241,2019년 7월 16일 12시,화요일,경상남도 창녕군 남지읍,경상사고,0,0,1,0,차대차 - 추돌,안전운전불이행,건조,맑음,교차로 - 교차로부근,승용,남,31세,상해없음,승용,남,52세,경상
2019071600100242,2019년 7월 16일 12시,화요일,경상남도 사천시 축동면,중상사고,0,1,1,0,차대차 - 추돌,안전운전불이행,건조,맑음,단일로 - 기타,승용,여,52세,상해없음,승용,남,33세,중상
2019071600100311,2019년 7월 16일 14시,화요일,경상남도 김해시 대청동,경상사고,0,0,1,0,차대차 - 추돌,안전운전불이행,건조,맑음,단일로 - 기타,승용,남,37세,상해없음,화물,남,26세,경상
2019071600100346,2019년 7월 16일 15시,화요일,경상남도 진주시 칠암동,경상사고,0,0,1,0,차대사람 - 기타,신호위반,건조,맑음,교차로 - 교차로안,승용,남,58세,상해없음,보행자,남,77세,경상
2019071600100387,2019년 7월 16일 16시,화요일,경상남도 양산시 동면,경상사고,0,0,1,0,차대차 - 추돌,안전거리미확보,건조,맑음,단일로 - 기타,화물,남,57세,상해없음,승용,남,33세,경상
2019071600100440,2019년 7월 16일 17시,화요일,경상남도 통영시 중앙동,경상사고,0,0,2,0,차대차 - 측면충돌,안전운전불이행,건조,맑음,교차로 - 교차로부근,승용,남,45세,경상,승용,남,54세,경상
2019071600100494,2019년 7월 16일 18시,화요일,경상남도 통영시 정량동,경상사고,0,0,1,0,차대사람 - 기타,안전운전불이행,건조,맑음,단일로 - 기타,승용,여,40세,상해없음,보행자,여,24세,경상
2019071600100495,2019년 7월 16일 18시,화요일,경상남도 밀양시 삼문동,부상신고사고,0,0,0,1,차대차 - 측면충돌,교차로운행방법위반,건조,맑음,교차로 - 교차로안,자전거,남,43세,부상신고,자전거,남,13세,상해없음
2019071600100496,2019년 7월 16일 18시,화요일,경상남도 창녕군 이방면,중상사고,0,1,0,0,차대차 - 후진중충돌,안전운전불이행,건조,맑음,단일로 - 기타,화물,남,61세,상해없음,이륜,남,46세,중상
2019071600100497,2019년 7월 16일 18시,화요일,경상남도 양산시 동면,경상사고,0,0,1,0,차대차 - 측면충돌,안전운전불이행,건조,맑음,교차로 - 교차로안,승용,여,40세,상해없음,승용,남,51세,경상
2019071600100537,2019년 7월 16일 19시,화요일,경상남도 통영시 용남면,경상사고,0,0,2,0,차대차 - 측면충돌,기타,건조,맑음,단일로 - 기타,승용,남,49세,상해없음,승용,여,24세,경상
2019071600100566,2019년 7월 16일 20시,화요일,경상남도 김해시 외동,경상사고,0,0,2,0,차대차 - 추돌,안전거리미확보,건조,맑음,교차로 - 교차로부근,이륜,남,36세,경상,승용,여,46세,경상
2019071600100592,2019년 7월 16일 21시,화요일,경상남도 창원시 마산합포구 상남동,중상사고,0,1,0,0,차대사람 - 차도통행중,안전운전불이행,건조,맑음,교차로 - 교차로부근,승용,여,45세,상해없음,보행자,여,43세,중상
2019071600100620,2019년 7월 16일 23시,화요일,경상남도 밀양시 상남면,경상사고,0,0,2,0,차대차 - 측면충돌,신호위반,건조,흐림,교차로 - 교차로안,승용,남,52세,상해없음,승용,남,22세,경상
2019071600100621,2019년 7월 16일 23시,화요일,경상남도 고성군 동해면,중상사고,0,1,0,0,차대사람 - 횡단중,안전운전불이행,건조,맑음,단일로 - 기타,승용,여,36세,상해없음,보행자,남,57세,중상
2019071700100061,2019년 7월 17일 02시,수요일,경상남도 진주시 상평동,경상사고,0,0,1,0,차대사람 - 횡단중,안전운전불이행,건조,맑음,단일로 - 기타,승용,남,65세,상해없음,보행자,남,56세,경상
2019071700100062,2019년 7월 17일 02시,수요일,경상남도 통영시 광도면,경상사고,0,0,1,0,차대차 - 측면충돌,안전운전불이행,건조,맑음,교차로 - 교차로안,승용,남,28세,기타불명,승용,남,44세,경상
2019071700100063,2019년 7월 17일 02시,수요일,경상남도 김해시 진례면,부상신고사고,0,0,0,1,차량단독 - 공작물충돌,안전운전불이행,건조,맑음,단일로 - 기타,승용,남,22세,부상신고,,,,
2019071700100071,2019년 7월 17일 03시,수요일,경상남도 창원시 마산합포구 오동동,중상사고,0,1,0,0,차대사람 - 차도통행중,안전운전불이행,건조,맑음,교차로 - 교차로안,승용,남,60세,상해없음,보행자,여,63세,중상
2019071700100088,2019년 7월 17일 06시,수요일,경상남도 창녕군 남지읍,사망사고,1,0,0,0,차대차 - 측면충돌,안전운전불이행,건조,맑음,단일로 - 기타,자전거,여,77세,사망,화물,남,42세,상해없음
2019071700100089,2019년 7월 17일 06시,수요일,경상남도 고성군 거류면,경상사고,0,0,1,0,차대차 - 기타,교차로운행방법위반,건조,맑음,교차로 - 교차로부근,이륜,남,54세,기타불명,자전거,남,58세,경상
2019071700100090,2019년 7월 17일 06시,수요일,경상남도 거제시 아주동,경상사고,0,0,2,0,차대차 - 측면충돌,안전운전불이행,건조,맑음,단일로 - 기타,승합,남,61세,상해없음,승용,남,32세,경상
2019071700100135,2019년 7월 17일 08시,수요일,경상남도 창원시 진해구 남문동,중상사고,0,1,0,0,차대차 - 측면충돌,교차로운행방법위반,건조,맑음,교차로 - 교차로안,승합,남,67세,상해없음,승합,남,55세,기타불명
2019071700100136,2019년 7월 17일 08시,수요일,경상남도 김해시 구산동,경상사고,0,0,1,0,차대차 - 기타,신호위반,건조,맑음,교차로 - 교차로안,승용,여,56세,상해없음,승용,여,53세,경상
2019071700100137,2019년 7월 17일 08시,수요일,경상남도 남해군 미조면,부상신고사고,0,0,0,1,차대차 - 측면충돌,교차로운행방법위반,건조,맑음,교차로 - 교차로안,승합,남,47세,상해없음,승용,여,47세,부상신고
2019071700100138,2019년 7월 17일 08시,수요일,경상남도 김해시 진영읍,중상사고,0,1,0,0,차대차 - 추돌,안전운전불이행,건조,맑음,단일로 - 기타,화물,남,56세,상해없음,승용,남,59세,중상
2019071700100168,2019년 7월 17일 09시,수요일,경상남도 창원시 진해구 경화동,경상사고,0,0,1,0,차대차 - 측면충돌,안전운전불이행,건조,맑음,단일로 - 기타,승용,여,59세,상해없음,승용,여,31세,경상
2019071700100169,2019년 7월 17일 09시,수요일,경상남도 거제시 장평동,중상사고,0,1,0,0,차대차 - 측면충돌,안전운전불이행,건조,맑음,교차로 - 교차로부근,건설기계,남,50세,상해없음,승용,여,53세,중상
2019071700100170,2019년 7월 17일 09시,수요일,경상남도 거제시 사등면,중상사고,0,1,0,0,차대사람 - 기타,안전운전불이행,건조,맑음,단일로 - 기타,승용,여,63세,상해없음,보행자,여,62세,중상
2019071700100171,2019년 7월 17일 09시,수요일,경상남도 남해군 이동면,중상사고,0,1,0,0,차대차 - 측면충돌,중앙선침범,건조,맑음,단일로 - 기타,승용,남,45세,상해없음,승용,여,37세,중상
2019071700100190,2019년 7월 17일 10시,수요일,경상남도 양산시 상북면,경상사고,0,0,1,0,차대차 - 기타,안전운전불이행,건조,맑음,단일로 - 기타,특수,남,66세,상해없음,승용,여,49세,경상