사고번호,사고일시,요일,시군구,사고내용,사망자수,중상자수,경상자수,부상신고자수,사고유형,법규위반,노면상태,기상상태,도로형태,가해운전자 차종,가해운전자 성별,가해운전자 연령,가해운전자 상해정도,피해운전자 차종,피해운전자 성별,피해운전자 연령,피해운전자 상해정도
2019071700100197,2019년 7월 17일 10시,수요일,경상남도 창원시 마산합포구 구산면,중상사고,0,2,0,0,차대차 - 정면충돌,중앙선침범,건조,맑음,단일로 - 기타,화물,남,55세,상해없음,화물,남,61세,중상
2019071700100198,2019년 7월 17일 10시,수요일,경상남도 양산시 동면,경상사고,0,0,1,0,차대차 - 기타,안전운전불이행,건조,맑음,주차장 - 주차장,승용,여,47세,상해없음,승용,남,26세,경상
2019071700100230,2019년 7월 17일 11시,수요일,경상남도 양산시 삼호동,경상사고,0,0,1,0,차대차 - 추돌,안전운전불이행,건조,맑음,교차로 - 교차로안,승용,남,69세,상해없음,승용,여,56세,경상
2019071700100231,2019년 7월 17일 11시,수요일,경상남도 진주시 문산읍,중상사고,0,2,0,0,차대차 - 추돌,안전운전불이행,건조,맑음,단일로 - 기타,승용,남,65세,기타불명,화물,남,52세,중상
2019071700100292,2019년 7월 17일 13시,수요일,경상남도 진주시 상대동,경상사고,0,0,1,0,차대차 - 측면충돌,안전운전불이행,건조,맑음,단일로 - 기타,승용,남,68세,상해없음,승용,여,51세,경상
2019071700100293,2019년 7월 17일 13시,수요일,경상남도 양산시 물금읍,경상사고,0,0,1,0,차대차 - 정면충돌,안전운전불이행,건조,맑음,주차장 - 주차장,승용,남,60세,상해없음,승용,여,41세,경상
2019071700100339,2019년 7월 17일 14시,수요일,경상남도 진주시 칠암동,경상사고,0,0,1,0,차대차 - 추돌,안전운전불이행,건조,맑음,단일로 - 기타,승용,여,60세,경상,화물,남,41세,상해없음
2019071700100362,2019년 7월 17일 15시,수요일,경상남도 양산시 하북면,경상사고,0,0,3,0,차대차 - 기타,안전운전불이행,건조,맑음,단일로 - 기타,승용,남,68세,상해없음,승용,남,21세,경상
2019071700100381,2019년 7월 17일 15시,수요일,경상남도 양산시 물금읍,중상사고,0,1,0,1,차대차 - 측면충돌,안전운전불이행,건조,맑음,주차장 - 주차장,승용,남,32세,부상신고,승용,여,48세,중상
2019071700100417,2019년 7월 17일 16시,수요일,경상남도 양산시 덕계동,중상사고,0,2,0,0,차대차 - 기타,안전운전불이행,건조,맑음,단일로 - 기타,승합,남,32세,상해없음,승용,남,77세,중상
2019071700100418,2019년 7월 17일 16시,수요일,경상남도 창원시 마산회원구 구암동,중상사고,0,1,0,0,차대차 - 측면충돌,안전운전불이행,건조,맑음,교차로 - 교차로안,승용,여,57세,상해없음,이륜,남,44세,중상
2019071700100452,2019년 7월 17일 17시,수요일,경상남도 창원시 성산구 상남동,경상사고,0,0,1,0,차대차 - 측면충돌,안전운전불이행,건조,맑음,교차로 - 교차로안,승용,남,40세,상해없음,자전거,여,12세,경상
2019071700100506,2019년 7월 17일 18시,수요일,경상남도 밀양시 내이동,경상사고,0,0,1,0,차대사람 - 차도통행중,안전운전불이행,건조,맑음,교차로 - 교차로안,화물,남,70세,상해없음,보행자,여,58세,경상
2019071700100507,2019년 7월 17일 18시,수요일,경상남도 거제시 고현동,부상신고사고,0,0,0,1,차대차 - 측면충돌,안전운전불이행,건조,맑음,교차로 - 교차로안,이륜,남,20세,부상신고,이륜,남,42세,상해없음
2019071700100508,2019년 7월 17일 18시,수요일,경상남도 함안군 가야읍,중상사고,0,1,0,0,차대차 - 측면충돌,신호위반,건조,맑음,교차로 - 교차로안,화물,남,64세,중상,승용,남,59세,상해없음
2019071700100509,2019년 7월 17일 18시,수요일,경상남도 창원시 성산구 반지동,경상사고,0,0,1,0,차대사람 - 횡단중,안전운전불이행,건조,맑음,단일로 - 교량,승용,여,50세,상해없음,보행자,여,37세,경상
2019071700100566,2019년 7월 17일 20시,수요일,경상남도 사천시 곤명면,중상사고,0,1,0,0,차대사람 - 횡단중,보행자보호의무위반,젖음/습기,비,교차로 - 교차로횡단보도내,승용,남,28세,상해없음,보행자,여,75세,중상
2019071700100567,2019년 7월 17일 20시,수요일,경상남도 밀양시 내이동,중상사고,0,1,0,0,차대차 - 측면충돌,안전운전불이행,건조,맑음,교차로 - 교차로안,원동기,남,19세,중상,승용,남,70세,상해없음
2019071700100568,2019년 7월 17일 20시,수요일,경상남도 창원시 마산회원구 석전동,경상사고,0,0,1,0,차대사람 - 차도통행중,안전운전불이행,건조,흐림,교차로 - 교차로안,승용,남,38세,기타불명,보행자,여,30세,경상
2019071700100599,2019년 7월 17일 21시,수요일,경상남도 거제시 옥포동,중상사고,0,1,0,0,차대사람 - 길가장자리구역통행중,안전운전불이행,건조,맑음,단일로 - 기타,승용,여,46세,상해없음,보행자,남,35세,중상
2019071700100631,2019년 7월 17일 22시,수요일,경상남도 통영시 도천동,중상사고,0,1,0,0,차대차 - 정면충돌,중앙선침범,젖음/습기,비,단일로 - 기타,승용,남,20세,상해없음,이륜,남,26세,중상
2019071700100632,2019년 7월 17일 22시,수요일,경상남도 창원시 의창구 봉곡동,경상사고,0,0,1,0,차대사람 - 길가장자리구역통행중,안전운전불이행,건조,맑음,교차로 - 교차로부근,승용,남,53세,상해없음,보행자,남,52세,경상
2019071700100656,2019년 7월 17일 23시,수요일,경상남도 사천시 동금동,중상사고,0,1,4,0,차대차 - 측면충돌,신호위반,젖음/습기,비,교차로 - 교차로안,승용,남,34세,경상,승용,남,25세,경상
2019071800100019,2019년 7월 18일 00시,목요일,경상남도 양산시 동면,경상사고,0,0,2,1,차대차 - 측면충돌,안전거리미확보,젖음/습기,맑음,단일로 - 기타,승용,남,47세,상해없음,승용,남,51세,경상
2019071800100033,2019년 7월 18일 01시,목요일,경상남도 거창군 거창읍,중상사고,0,1,1,0,차대차 - 추돌,안전운전불이행,젖음/습기,비,단일로 - 기타,화물,남,60세,경상,특수,남,49세,기타불명
2019071800100038,2019년 7월 18일 02시,목요일,경상남도 창원시 마산합포구 동성동,중상사고,0,1,0,0,차대사람 - 횡단중,안전운전불이행,젖음/습기,비,교차로 - 교차로횡단보도내,승용,남,25세,상해없음,보행자,남,50세,중상
2019071800100045,2019년 7월 18일 04시,목요일,경상남도 김해시 주촌면,중상사고,0,1,0,0,차대차 - 추돌,안전운전불이행,젖음/습기,비,단일로 - 기타,승용,여,30세,상해없음,화물,남,60세,중상
2019071800100048,2019년 7월 18일 04시,목요일,경상남도 창원시 마산합포구 상남동,중상사고,0,1,0,0,차대차 - 측면충돌,신호위반,젖음/습기,비,교차로 - 교차로안,승용,남,56세,상해없음,승용,남,67세,상해없음
2019071800100049,2019년 7월 18일 04시,목요일,경상남도 김해시 외동,경상사고,0,0,1,0,차대사람 - 횡단중,안전운전불이행,젖음/습기,비,교차로 - 교차로부근,화물,남,68세,상해없음,보행자,남,27세,경상
2019071800100050,2019년 7월 18일 04시,목요일,경상남도 창녕군 대합면,중상사고,0,1,0,0,차대차 - 기타,안전운전불이행,젖음/습기,비,단일로 - 기타,화물,남,65세,상해없음,승용,남,59세,상해없음
2019071800100057,2019년 7월 18일 05시,목요일,경상남도 김해시 장유동,경상사고,0,0,1,0,차대차 - 측면충돌,안전운전불이행,젖음/습기,비,단일로 - 기타,승용,남,22세,상해없음,승용,남,30세,경상
2019071800100125,2019년 7월 18일 08시,목요일,경상남도 창원시 진해구 죽곡동,경상사고,0,0,3,0,차대차 - 추돌,안전운전불이행,젖음/습기,비,단일로 - 기타,승용,남,31세,경상,승용,여,28세,상해없음
2019071800100126,2019년 7월 18일 08시,목요일,경상남도 거제시 사등면,경상사고,0,0,2,0,차대차 - 추돌,안전운전불이행,젖음/습기,비,단일로 - 기타,승용,여,41세,경상,승용,남,37세,경상
2019071800100155,2019년 7월 18일 09시,목요일,경상남도 김해시 구산동,경상사고,0,0,1,0,차대차 - 추돌,안전운전불이행,젖음/습기,비,단일로 - 기타,승용,남,61세,상해없음,승용,여,62세,경상
2019071800100192,2019년 7월 18일 10시,목요일,경상남도 통영시 광도면,경상사고,0,0,1,0,차대차 - 측면충돌,안전운전불이행,젖음/습기,비,단일로 - 기타,승합,남,46세,상해없음,승용,여,41세,경상
2019071800100193,2019년 7월 18일 10시,목요일,경상남도 사천시 벌리동,부상신고사고,0,0,0,1,차대차 - 기타,안전운전불이행,젖음/습기,비,교차로 - 교차로안,화물,남,73세,상해없음,화물,남,56세,부상신고
2019071800100289,2019년 7월 18일 13시,목요일,경상남도 밀양시 상남면,경상사고,0,0,3,0,차대차 - 측면충돌,안전운전불이행,건조,맑음,교차로 - 교차로안,승용,여,61세,경상,승용,여,59세,경상
2019071800100311,2019년 7월 18일 14시,목요일,경상남도 창녕군 창녕읍,중상사고,0,1,0,0,차대사람 - 기타,안전운전불이행,건조,맑음,교차로 - 교차로안,사륜오토바이(ATV),남,81세,상해없음,보행자,여,68세,중상
2019071800100353,2019년 7월 18일 15시,목요일,경상남도 통영시 문화동,경상사고,0,0,1,0,차대차 - 기타,안전운전불이행,젖음/습기,흐림,교차로 - 교차로안,화물,남,50세,상해없음,승용,여,32세,경상
2019071800100417,2019년 7월 18일 17시,목요일,경상남도 통영시 도천동,경상사고,0,0,1,0,차대차 - 기타,교차로운행방법위반,젖음/습기,흐림,교차로 - 교차로안,승용,여,58세,경상,화물,남,49세,상해없음
2019071800100418,2019년 7월 18일 17시,목요일,경상남도 거창군 거창읍,중상사고,0,1,0,0,차대차 - 측면충돌,안전운전불이행,건조,맑음,교차로 - 교차로안,이륜,여,69세,중상,승용,여,42세,상해없음
2019071800100468,2019년 7월 18일 18시,목요일,경상남도 밀양시 삼문동,중상사고,0,1,0,0,차대차 - 측면충돌,안전운전불이행,건조,맑음,단일로 - 기타,화물,남,56세,상해없음,원동기,남,24세,중상
2019071800100469,2019년 7월 18일 18시,목요일,경상남도 양산시 삼호동,경상사고,0,0,3,0,차대차 - 추돌,안전거리미확보,건조,맑음,단일로 - 기타,승용,남,54세,상해없음,이륜,남,45세,경상
2019071800100598,2019년 7월 18일 22시,목요일,경상남도 김해시 내동,중상사고,0,1,2,0,차대차 - 추돌,안전운전불이행,건조,맑음,단일로 - 기타,승용,여,55세,경상,승용,남,59세,경상
2019071800100599,2019년 7월 18일 22시,목요일,경상남도 김해시 삼방동,경상사고,0,0,2,0,차대차 - 측면충돌,안전운전불이행,건조,맑음,교차로 - 교차로안,승용,남,50세,상해없음,이륜,남,18세,경상
2019071800100600,2019년 7월 18일 22시,목요일,경상남도 거제시 고현동,중상사고,0,3,0,0,차대차 - 측면충돌,안전운전불이행,건조,맑음,교차로 - 교차로안,승용,남,53세,중상,승용,여,45세,중상
2019071800100620,2019년 7월 18일 23시,목요일,경상남도 밀양시 내이동,중상사고,0,1,0,0,차대사람 - 횡단중,안전운전불이행,건조,맑음,단일로 - 기타,이륜,남,37세,상해없음,보행자,남,25세,중상
2019071900100063,2019년 7월 19일 02시,금요일,경상남도 거제시 고현동,경상사고,0,0,1,0,차대차 - 추돌,안전운전불이행,젖음/습기,비,교차로 - 교차로부근,승용,남,34세,상해없음,승용,여,35세,경상
2019071900100102,2019년 7월 19일 06시,금요일,경상남도 김해시 진영읍,중상사고,0,1,0,0,차량단독 - 전도전복 - 전도,안전운전불이행,침수,비,단일로 - 기타,자전거,남,60세,중상,,,,
2019071900100119,2019년 7월 19일 07시,금요일,경상남도 고성군 거류면,중상사고,0,1,0,0,차대차 - 기타,교차로운행방법위반,건조,맑음,교차로 - 교차로안,승합,남,63세,기타불명,승용,여,49세,중상
2019071900100164,2019년 7월 19일 08시,금요일,경상남도 통영시 무전동,경상사고,0,0,2,0,차대차 - 추돌,안전거리미확보,건조,맑음,단일로 - 기타,승용,남,53세,기타불명,승용,여,40세,경상
2019071900100165,2019년 7월 19일 08시,금요일,경상남도 양산시 덕계동,경상사고,0,0,1,0,차대차 - 측면충돌,안전거리미확보,젖음/습기,비,단일로 - 기타,승용,여,37세,상해없음,승용,여,62세,경상
2019071900100166,2019년 7월 19일 08시,금요일,경상남도 남해군 미조면,중상사고,0,1,2,0,차대차 - 측면충돌,안전운전불이행,젖음/습기,비,단일로 - 기타,승용,여,57세,상해없음,화물,남,61세,중상
2019071900100167,2019년 7월 19일 08시,금요일,경상남도 김해시 진영읍,경상사고,0,0,3,0,차대차 - 측면충돌,신호위반,젖음/습기,흐림,교차로 - 교차로안,승용,여,27세,경상,승용,남,50세,경상
2019071900100204,2019년 7월 19일 09시,금요일,경상남도 김해시 부원동,경상사고,0,0,1,0,차대사람 - 횡단중,안전운전불이행,젖음/습기,비,교차로 - 교차로안,승용,남,59세,상해없음,보행자,여,59세,경상
2019071900100205,2019년 7월 19일 09시,금요일,경상남도 김해시 부원동,중상사고,0,1,0,0,차대사람 - 차도통행중,안전운전불이행,건조,맑음,단일로 - 기타,승용,남,65세,상해없음,보행자,여,78세,중상
2019071900100244,2019년 7월 19일 10시,금요일,경상남도 김해시 외동,경상사고,0,0,2,0,차대차 - 추돌,안전운전불이행,젖음/습기,비,단일로 - 기타,승용,여,31세,상해없음,승용,남,64세,경상
2019071900100245,2019년 7월 19일 10시,금요일,경상남도 고성군 고성읍,경상사고,0,0,1,0,차대차 - 측면충돌,차로위반,건조,맑음,단일로 - 기타,화물,남,59세,상해없음,승용,남,36세,경상
2019071900100246,2019년 7월 19일 10시,금요일,경상남도 거제시 문동동,중상사고,0,1,2,0,차대차 - 정면충돌,안전운전불이행,젖음/습기,비,교차로 - 교차로부근,승용,여,47세,경상,승용,여,29세,경상
2019071900100247,2019년 7월 19일 10시,금요일,경상남도 창원시 마산회원구 양덕동,중상사고,0,1,0,0,차대사람 - 기타,안전운전불이행,젖음/습기,비,단일로 - 기타,승합,남,55세,상해없음,보행자,여,55세,중상
2019071900100277,2019년 7월 19일 11시,금요일,경상남도 김해시 대성동,중상사고,0,1,0,0,차대사람 - 차도통행중,안전운전불이행,젖음/습기,흐림,교차로 - 교차로부근,승용,남,52세,상해없음,보행자,여,70세,중상
2019071900100278,2019년 7월 19일 11시,금요일,경상남도 창원시 마산합포구 산호동,중상사고,0,1,0,0,차대사람 - 차도통행중,안전운전불이행,젖음/습기,비,교차로 - 교차로안,승용,남,62세,상해없음,보행자,여,58세,중상
2019071900100321,2019년 7월 19일 12시,금요일,경상남도 창원시 마산합포구 예곡동,경상사고,0,0,1,0,차대차 - 측면충돌,신호위반,젖음/습기,맑음,교차로 - 교차로안,승용,여,59세,상해없음,승용,여,65세,경상
2019071900100322,2019년 7월 19일 12시,금요일,경상남도 진주시 신안동,중상사고,0,1,0,0,차대차 - 측면충돌,안전운전불이행,젖음/습기,비,교차로 - 교차로안,승용,남,28세,상해없음,승용,남,58세,중상
2019071900100323,2019년 7월 19일 12시,금요일,경상남도 양산시 물금읍,경상사고,0,0,1,0,차대차 - 측면충돌,교차로운행방법위반,젖음/습기,비,교차로 - 교차로안,승용,여,52세,상해없음,이륜,남,41세,경상
2019071900100324,2019년 7월 19일 12시,금요일,경상남도 남해군 상주면,경상사고,0,0,1,0,차대사람 - 기타,안전운전불이행,젖음/습기,비,단일로 - 기타,화물,남,54세,기타불명,보행자,여,36세,경상
2019071900100365,2019년 7월 19일 13시,금요일,경상남도 창원시 마산합포구 진동면,부상신고사고,0,0,0,1,차량단독 - 기타,안전운전불이행,젖음/습기,비,단일로 - 기타,승용,남,61세,부상신고,,,,
2019071900100427,2019년 7월 19일 15시,금요일,경상남도 창원시 마산합포구 우산동,부상신고사고,0,0,0,1,차대차 - 기타,안전운전불이행,젖음/습기,비,단일로 - 기타,화물,여,66세,부상신고,화물,남,49세,상해없음
2019071900100428,2019년 7월 19일 15시,금요일,경상남도 창원시 진해구 여좌동,경상사고,0,0,1,0,차대차 - 정면충돌,중앙선침범,젖음/습기,비,단일로 - 기타,승용,남,53세,상해없음,승용,여,26세,경상
2019071900100429,2019년 7월 19일 15시,금요일,경상남도 창원시 의창구 명서동,중상사고,0,1,2,0,차대차 - 측면충돌,직진우회전진행방해,젖음/습기,비,교차로 - 교차로부근,승용,남,40세,상해없음,승용,여,27세,경상
2019071900100472,2019년 7월 19일 16시,금요일,경상남도 창원시 마산합포구 중앙동2가,중상사고,0,1,0,0,차대차 - 측면충돌,신호위반,젖음/습기,비,교차로 - 교차로안,승용,여,59세,상해없음,승용,여,48세,중상
2019071900100473,2019년 7월 19일 16시,금요일,경상남도 김해시 삼정동,경상사고,0,0,3,0,차대차 - 측면충돌,신호위반,건조,흐림,교차로 - 교차로안,승용,남,47세,경상,화물,남,49세,경상
2019071900100474,2019년 7월 19일 16시,금요일,경상남도 양산시 북정동,중상사고,0,1,0,0,차대차 - 기타,안전운전불이행,젖음/습기,흐림,단일로 - 기타,승용,남,47세,상해없음,이륜,남,37세,중상
2019071900100515,2019년 7월 19일 17시,금요일,경상남도 양산시 물금읍,경상사고,0,0,2,0,차대차 - 측면충돌,신호위반,건조,맑음,교차로 - 교차로안,이륜,남,18세,경상,승용,여,37세,경상
2019071900100558,2019년 7월 19일 18시,금요일,경상남도 사천시 사천읍,중상사고,0,1,2,0,차대차 - 추돌,안전운전불이행,젖음/습기,비,단일로 - 기타,승용,남,27세,경상,승용,남,50세,중상
2019071900100559,2019년 7월 19일 18시,금요일,경상남도 양산시 물금읍,경상사고,0,0,1,1,차대차 - 측면충돌,교차로운행방법위반,건조,맑음,교차로 - 교차로안,승용,여,27세,경상,승용,여,50세,부상신고
2019071900100560,2019년 7월 19일 18시,금요일,경상남도 김해시 관동동,경상사고,0,0,1,0,차대사람 - 기타,안전운전불이행,젖음/습기,비,단일로 - 기타,승용,남,55세,상해없음,보행자,여,67세,경상
2019071900100601,2019년 7월 19일 19시,금요일,경상남도 거제시 아주동,경상사고,0,0,1,0,차대차 - 측면충돌,안전운전불이행,젖음/습기,비,단일로 - 기타,승용,남,60세,상해없음,이륜,남,35세,경상
2019071900100602,2019년 7월 19일 19시,금요일,경상남도 김해시 응달동,중상사고,0,1,0,0,차대차 - 측면충돌,신호위반,젖음/습기,비,교차로 - 교차로안,승용,여,42세,상해없음,이륜,남,55세,중상
2019071900100603,2019년 7월 19일 19시,금요일,경상남도 김해시 부곡동,중상사고,0,1,0,0,차대사람 - 횡단중,안전운전불이행,젖음/습기,비,단일로 - 기타,화물,남,65세,상해없음,보행자,여,41세,중상
2019071900100639,2019년 7월 19일 20시,금요일,경상남도 김해시 삼계동,중상사고,0,3,3,0,차대차 - 측면충돌,중앙선침범,젖음/습기,비,단일로 - 기타,화물,남,50세,상해없음,화물,남,48세,경상
2019071900100640,2019년 7월 19일 20시,금요일,경상남도 김해시 율하동,경상사고,0,0,1,0,차대차 - 측면충돌,신호위반,젖음/습기,비,단일로 - 기타,이륜,남,45세,경상,승용,남,41세,상해없음
2019071900100677,2019년 7월 19일 21시,금요일,경상남도 김해시 삼정동,경상사고,0,0,4,0,차대차 - 측면충돌,직진우회전진행방해,젖음/습기,비,교차로 - 교차로안,승용,남,30세,경상,승용,남,71세,상해없음
2019071900100741,2019년 7월 19일 23시,금요일,경상남도 창원시 마산합포구 우산동,경상사고,0,0,3,0,차대차 - 정면충돌,중앙선침범,젖음/습기,비,교차로 - 교차로안,승용,남,53세,상해없음,승용,남,50세,경상
2019071900100742,2019년 7월 19일 23시,금요일,경상남도 김해시 삼계동,경상사고,0,0,3,0,차대차 - 측면충돌,중앙선침범,젖음/습기,비,교차로 - 교차로안,승용,남,45세,경상,승용,남,55세,상해없음
2019071900100743,2019년 7월 19일 23시,금요일,경상남도 김해시 구산동,경상사고,0,0,1,0,차대차 - 기타,안전운전불이행,젖음/습기,비,교차로 - 교차로부근,승용,남,29세,상해없음,승용,남,49세,상해없음
2019071900100744,2019년 7월 19일 23시,금요일,경상남도 의령군 의령읍,경상사고,0,0,1,0,차량단독 - 공작물충돌,안전운전불이행,젖음/습기,비,단일로 - 기타,승용,남,46세,경상,,,,
2019072000100037,2019년 7월 20일 00시,토요일,경상남도 창원시 마산합포구 서성동,중상사고,0,1,0,0,차대사람 - 차도통행중,안전운전불이행,젖음/습기,비,교차로 - 교차로안,승용,남,55세,상해없음,보행자,남,72세,중상
2019072000100059,2019년 7월 20일 01시,토요일,경상남도 진주시 초전동,중상사고,0,1,2,0,차량단독 - 공작물충돌,안전운전불이행,젖음/습기,비,단일로 - 기타,승용,남,18세,상해없음,,,,
2019072000100060,2019년 7월 20일 01시,토요일,경상남도 통영시 북신동,경상사고,0,0,1,0,차대차 - 기타,교차로운행방법위반,젖음/습기,비,교차로 - 교차로안,승용,남,57세,상해없음,승용,남,23세,상해없음
2019072000100077,2019년 7월 20일 02시,토요일,경상남도 창원시 마산합포구 상남동,부상신고사고,0,0,0,1,차량단독 - 기타,안전운전불이행,젖음/습기,비,단일로 - 기타,승용,남,34세,부상신고,,,,
2019072000100092,2019년 7월 20일 03시,토요일,경상남도 진주시 초전동,중상사고,0,1,0,0,차량단독 - 공작물충돌,안전운전불이행,젖음/습기,비,단일로 - 기타,화물,남,32세,중상,,,,
2019072000100093,2019년 7월 20일 03시,토요일,경상남도 통영시 중앙동,중상사고,0,1,0,0,차대사람 - 횡단중,보행자보호의무위반,젖음/습기,비,교차로 - 교차로횡단보도내,승용,남,51세,상해없음,보행자,남,28세,중상
2019072000100108,2019년 7월 20일 05시,토요일,경상남도 양산시 중부동,경상사고,0,0,2,0,차대차 - 측면충돌,안전운전불이행,젖음/습기,비,단일로 - 기타,승용,남,35세,상해없음,승용,남,35세,경상
2019072000100117,2019년 7월 20일 06시,토요일,경상남도 창원시 성산구 신촌동,중상사고,0,1,0,0,차대차 - 추돌,안전운전불이행,건조,맑음,교차로 - 교차로안,승합,남,56세,상해없음,승용,남,32세,중상
2019072000100142,2019년 7월 20일 08시,토요일,경상남도 창원시 의창구 도계동,중상사고,0,1,0,0,차대차 - 추돌,안전거리미확보,젖음/습기,비,교차로 - 교차로부근,승합,남,58세,상해없음,승용,남,67세,중상
2019072000100162,2019년 7월 20일 09시,토요일,경상남도 김해시 삼정동,부상신고사고,0,0,0,1,차대차 - 기타,안전운전불이행,젖음/습기,비,단일로 - 기타,승용,여,39세,상해없음,이륜,남,38세,부상신고
2019072000100163,2019년 7월 20일 09시,토요일,경상남도 창원시 성산구 성주동,경상사고,0,0,1,0,차대차 - 측면충돌,안전운전불이행,젖음/습기,비,단일로 - 기타,승용,여,37세,상해없음,승용,남,59세,경상
2019072000100164,2019년 7월 20일 09시,토요일,경상남도 창녕군 창녕읍,경상사고,0,0,2,0,차대차 - 추돌,안전거리미확보,젖음/습기,비,단일로 - 기타,승용,여,51세,경상,승용,남,35세,경상
2019072000100189,2019년 7월 20일 10시,토요일,경상남도 창원시 마산회원구 내서읍,중상사고,0,1,0,0,차량단독 - 기타,안전운전불이행,젖음/습기,비,단일로 - 기타,승합,남,54세,상해없음,,,,
2019072000100222,2019년 7월 20일 11시,토요일,경상남도 창원시 마산합포구 진동면,중상사고,0,2,0,0,차대차 - 측면충돌,과속,젖음/습기,맑음,단일로 - 기타,승용,남,26세,상해없음,승용,여,64세,중상
2019072000100263,2019년 7월 20일 12시,토요일,경상남도 창원시 의창구 봉림동,경상사고,0,0,1,0,차대차 - 기타,안전운전불이행,젖음/습기,비,단일로 - 기타,승용,남,56세,상해없음,승용,남,30세,경상
2019072000100301,2019년 7월 20일 13시,토요일,경상남도 거창군 거창읍,경상사고,0,0,1,0,차대차 - 추돌,안전운전불이행,젖음/습기,비,교차로 - 교차로부근,승용,여,68세,상해없음,승용,여,62세,경상
2019072000100302,2019년 7월 20일 13시,토요일,경상남도 산청군 오부면,경상사고,0,0,1,0,차대차 - 기타,중앙선침범,젖음/습기,비,단일로 - 기타,승용,남,58세,상해없음,승용,남,57세,경상
2019072000100341,2019년 7월 20일 14시,토요일,경상남도 창원시 진해구 자은동,경상사고,0,0,2,0,차대차 - 추돌,안전거리미확보,젖음/습기,비,단일로 - 기타,화물,남,53세,상해없음,화물,남,79세,경상
2019072000100342,2019년 7월 20일 14시,토요일,경상남도 사천시 서금동,중상사고,0,1,0,1,차대차 - 측면충돌,직진우회전진행방해,젖음/습기,비,교차로 - 교차로안,승용,남,42세,부상신고,이륜,남,69세,중상
2019072000100343,2019년 7월 20일 14시,토요일,경상남도 김해시 지내동,경상사고,0,0,1,0,차대차 - 기타,안전거리미확보,젖음/습기,비,단일로 - 기타,승용,남,52세,상해없음,승용,남,26세,경상
2019072000100344,2019년 7월 20일 14시,토요일,경상남도 양산시 덕계동,경상사고,0,0,1,0,차대차 - 측면충돌,안전운전불이행,젖음/습기,비,교차로 - 교차로부근,승합,남,55세,상해없음,승용,여,57세,경상
2019072000100345,2019년 7월 20일 14시,토요일,경상남도 거제시 수월동,부상신고사고,0,0,0,1,차대차 - 측면충돌,직진우회전진행방해,젖음/습기,비,교차로 - 교차로안,승용,여,45세,부상신고,승용,남,44세,상해없음
2019072000100346,2019년 7월 20일 14시,토요일,경상남도 김해시 진영읍,경상사고,0,0,1,0,차대차 - 기타,교차로운행방법위반,건조,맑음,교차로 - 교차로안,승용,여,57세,상해없음,이륜,남,42세,경상
2019072000100362,2019년 7월 20일 15시,토요일,경상남도 김해시 응달동,중상사고,0,3,4,0,차대차 - 측면충돌,안전운전불이행,젖음/습기,비,단일로 - 기타,승용,남,45세,상해없음,승용,남,20세,경상
2019072000100373,2019년 7월 20일 15시,토요일,경상남도 창원시 마산회원구 봉암동,중상사고,0,1,1,0,차대차 - 정면충돌,안전운전불이행,건조,흐림,교차로 - 교차로안,승용,남,32세,상해없음,승용,여,60세,경상
2019072000100401,2019년 7월 20일 16시,토요일,경상남도 창원시 진해구 원포동,중상사고,0,1,1,0,차대차 - 측면충돌,안전운전불이행,젖음/습기,비,단일로 - 기타,승용,남,47세,상해없음,승용,남,46세,중상
2019072000100431,2019년 7월 20일 17시,토요일,경상남도 거제시 고현동,중상사고,0,1,0,0,차대차 - 기타,안전거리미확보,젖음/습기,비,기타 - 기타,승용,여,58세,상해없음,이륜,남,31세,중상
2019072000100459,2019년 7월 20일 18시,토요일,경상남도 창원시 진해구 원포동,경상사고,0,0,1,0,차대차 - 측면충돌,안전운전불이행,젖음/습기,비,단일로 - 기타,승용,남,44세,상해없음,승용,여,36세,경상
2019072000100460,2019년 7월 20일 18시,토요일,경상남도 거창군 거창읍,경상사고,0,0,2,0,차대차 - 측면충돌,신호위반,젖음/습기,비,교차로 - 교차로안,화물,남,65세,상해없음,승용,남,36세,경상
2019072000100461,2019년 7월 20일 18시,토요일,경상남도 창원시 성산구 상남동,경상사고,0,0,2,0,차대차 - 측면충돌,신호위반,젖음/습기,비,교차로 - 교차로안,승용,여,62세,상해없음,승용,남,27세,경상
2019072000100490,2019년 7월 20일 19시,토요일,경상남도 통영시 광도면,중상사고,0,3,0,0,차대차 - 측면충돌,신호위반,젖음/습기,비,교차로 - 교차로안,승용,여,56세,상해없음,승용,여,34세,중상
2019072000100491,2019년 7월 20일 19시,토요일,경상남도 거제시 아주동,경상사고,0,0,1,0,차대차 - 정면충돌,중앙선침범,젖음/습기,비,교차로 - 교차로안,승용,남,48세,상해없음,승용,여,43세,상해없음
2019072000100492,2019년 7월 20일 19시,토요일,경상남도 창원시 마산회원구 내서읍,중상사고,0,1,0,0,차대차 - 측면충돌,중앙선침범,젖음/습기,비,단일로 - 기타,승용,여,20세,상해없음,이륜,남,45세,중상
2019072000100517,2019년 7월 20일 20시,토요일,경상남도 밀양시 내이동,경상사고,0,0,1,0,차대차 - 측면충돌,신호위반,젖음/습기,비,교차로 - 교차로안,승용,남,55세,상해없음,승용,여,50세,경상