사고번호,사고일시,요일,시군구,사고내용,사망자수,중상자수,경상자수,부상신고자수,사고유형,법규위반,노면상태,기상상태,도로형태,가해운전자 차종,가해운전자 성별,가해운전자 연령,가해운전자 상해정도,피해운전자 차종,피해운전자 성별,피해운전자 연령,피해운전자 상해정도
2019080100100332,2019년 8월 1일 13시,목요일,경상남도 창원시 진해구 덕산동,중상사고,0,1,0,0,차대차 - 측면충돌,신호위반,건조,맑음,교차로 - 교차로부근,승용,여,67세,상해없음,이륜,남,45세,중상
2019080100100333,2019년 8월 1일 13시,목요일,경상남도 김해시 삼계동,경상사고,0,0,1,0,차대차 - 기타,안전운전불이행,건조,맑음,단일로 - 기타,승용,남,27세,상해없음,승용,여,45세,경상
2019080100100334,2019년 8월 1일 13시,목요일,경상남도 김해시 율하동,중상사고,0,2,0,0,차대차 - 추돌,안전거리미확보,건조,맑음,단일로 - 기타,승용,여,31세,상해없음,승용,여,21세,중상
2019080100100368,2019년 8월 1일 14시,목요일,경상남도 진주시 봉곡동,경상사고,0,0,1,0,차대차 - 측면충돌,안전거리미확보,건조,맑음,교차로 - 교차로부근,승용,남,76세,상해없음,승용,남,25세,경상
2019080100100369,2019년 8월 1일 14시,목요일,경상남도 양산시 물금읍,중상사고,0,1,0,0,차대차 - 측면충돌,신호위반,건조,맑음,교차로 - 교차로안,승용,남,44세,상해없음,자전거,여,26세,중상
2019080100100370,2019년 8월 1일 14시,목요일,경상남도 남해군 창선면,중상사고,0,2,3,0,차대차 - 측면충돌,교차로운행방법위반,건조,맑음,교차로 - 교차로안,화물,남,38세,경상,승용,남,31세,중상
2019080100100371,2019년 8월 1일 14시,목요일,경상남도 창원시 마산회원구 석전동,경상사고,0,0,1,0,차대차 - 측면충돌,신호위반,건조,맑음,교차로 - 교차로안,이륜,남,28세,상해없음,승용,남,35세,경상
2019080100100399,2019년 8월 1일 15시,목요일,경상남도 산청군 삼장면,경상사고,0,0,3,0,차대차 - 측면충돌,안전운전불이행,건조,맑음,교차로 - 교차로안,승용,여,55세,경상,승용,남,40세,경상
2019080100100453,2019년 8월 1일 16시,목요일,경상남도 창원시 마산회원구 회원동,중상사고,0,1,0,0,차대차 - 후진중충돌,안전운전불이행,건조,맑음,단일로 - 기타,승합,남,63세,상해없음,이륜,남,26세,중상
2019080100100478,2019년 8월 1일 17시,목요일,경상남도 창원시 마산합포구 진전면,부상신고사고,0,0,0,1,차대차 - 추돌,안전운전불이행,건조,맑음,단일로 - 기타,승용,남,36세,부상신고,승용,여,38세,상해없음
2019080100100479,2019년 8월 1일 17시,목요일,경상남도 창원시 진해구 용원동,중상사고,0,1,0,0,차대차 - 측면충돌,안전운전불이행,건조,맑음,교차로 - 교차로안,승용,남,46세,상해없음,이륜,남,43세,중상
2019080100100480,2019년 8월 1일 17시,목요일,경상남도 거제시 장평동,중상사고,0,1,0,0,차대사람 - 횡단중,보행자보호의무위반,건조,맑음,교차로 - 교차로횡단보도내,승용,남,31세,상해없음,보행자,여,27세,중상
2019080100100481,2019년 8월 1일 17시,목요일,경상남도 남해군 남해읍,경상사고,0,0,1,0,차대차 - 측면충돌,안전운전불이행,건조,맑음,단일로 - 기타,이륜,남,60세,경상,승용,여,52세,상해없음
2019080100100482,2019년 8월 1일 17시,목요일,경상남도 창원시 마산회원구 합성동,중상사고,0,1,0,0,차대사람 - 횡단중,보행자보호의무위반,건조,맑음,교차로 - 교차로횡단보도내,승용,남,63세,상해없음,보행자,남,51세,중상
2019080100100532,2019년 8월 1일 18시,목요일,경상남도 하동군 화개면,중상사고,0,2,3,0,차대차 - 측면충돌,교차로운행방법위반,건조,맑음,교차로 - 교차로안,승용,남,26세,상해없음,승용,남,48세,경상
2019080100100533,2019년 8월 1일 18시,목요일,경상남도 거제시 고현동,중상사고,0,1,0,0,차대사람 - 횡단중,보행자보호의무위반,건조,맑음,단일로 - 기타,승용,여,33세,상해없음,보행자,남,12세,중상
2019080100100567,2019년 8월 1일 19시,목요일,경상남도 통영시 무전동,경상사고,0,0,1,0,차대차 - 기타,중앙선침범,건조,맑음,교차로 - 교차로부근,승용,남,36세,상해없음,이륜,남,41세,경상
2019080100100605,2019년 8월 1일 20시,목요일,경상남도 통영시 봉평동,중상사고,0,1,0,0,차대사람 - 횡단중,안전운전불이행,건조,맑음,단일로 - 기타,승용,남,30세,상해없음,보행자,여,66세,중상
2019080100100606,2019년 8월 1일 20시,목요일,경상남도 창녕군 창녕읍,중상사고,0,1,0,0,차대사람 - 횡단중,안전운전불이행,건조,맑음,단일로 - 기타,승용,여,31세,기타불명,보행자,남,51세,중상
2019080100100607,2019년 8월 1일 20시,목요일,경상남도 김해시 진영읍,경상사고,0,0,1,0,차대차 - 추돌,안전운전불이행,건조,맑음,단일로 - 기타,승용,남,26세,상해없음,자전거,남,60세,경상
2019080100100663,2019년 8월 1일 22시,목요일,경상남도 창원시 진해구 두동,중상사고,0,1,0,0,차량단독 - 공작물충돌,안전운전불이행,건조,맑음,단일로 - 기타,이륜,남,51세,중상,,,,
2019080100100676,2019년 8월 1일 23시,목요일,경상남도 통영시 태평동,중상사고,0,1,0,0,차대차 - 측면충돌,신호위반,건조,맑음,교차로 - 교차로안,승용,남,53세,상해없음,이륜,남,22세,중상
2019080100100677,2019년 8월 1일 23시,목요일,경상남도 김해시 대청동,경상사고,0,0,1,0,차대차 - 측면충돌,안전운전불이행,건조,맑음,단일로 - 기타,승용,남,25세,상해없음,이륜,남,32세,경상
2019080200100035,2019년 8월 2일 00시,금요일,경상남도 창원시 진해구 태평동,경상사고,0,0,1,0,차대사람 - 차도통행중,안전운전불이행,젖음/습기,비,교차로 - 교차로안,승용,남,63세,상해없음,보행자,여,50세,경상
2019080200100036,2019년 8월 2일 00시,금요일,경상남도 창원시 성산구 남양동,경상사고,0,0,3,0,차대차 - 측면충돌,안전운전불이행,건조,맑음,교차로 - 교차로안,승용,남,51세,상해없음,승용,남,54세,경상
2019080200100046,2019년 8월 2일 01시,금요일,경상남도 밀양시 상동면,중상사고,0,1,0,0,차대차 - 추돌,안전운전불이행,건조,맑음,단일로 - 기타,승용,남,56세,상해없음,화물,남,47세,상해없음
2019080200100052,2019년 8월 2일 01시,금요일,경상남도 하동군 금성면,경상사고,0,0,1,0,차량단독 - 공작물충돌,안전운전불이행,건조,맑음,교차로 - 교차로안,승용,남,25세,경상,,,,
2019080200100053,2019년 8월 2일 01시,금요일,경상남도 거제시 고현동,중상사고,0,1,0,0,차대차 - 기타,안전운전불이행,건조,맑음,단일로 - 기타,승용,여,39세,상해없음,이륜,남,35세,중상
2019080200100054,2019년 8월 2일 01시,금요일,경상남도 창원시 의창구 팔용동,경상사고,0,0,2,0,차대차 - 기타,안전운전불이행,건조,맑음,기타 - 기타,승용,남,59세,상해없음,승용,여,28세,경상
2019080200100072,2019년 8월 2일 04시,금요일,경상남도 창원시 마산합포구 진북면,경상사고,0,0,1,0,차량단독 - 공작물충돌,안전운전불이행,건조,맑음,단일로 - 기타,승용,남,27세,경상,,,,
2019080200100091,2019년 8월 2일 06시,금요일,경상남도 사천시 향촌동,부상신고사고,0,0,0,1,차대차 - 측면충돌,안전운전불이행,건조,맑음,단일로 - 기타,기타불명,기타불명,미분류,기타불명,자전거,남,53세,부상신고
2019080200100124,2019년 8월 2일 08시,금요일,경상남도 창원시 마산합포구 중앙동2가,중상사고,0,2,0,1,차대차 - 추돌,안전운전불이행,건조,맑음,기타 - 기타,승용,여,53세,부상신고,승용,여,50세,중상
2019080200100125,2019년 8월 2일 08시,금요일,경상남도 창원시 마산합포구 교방동,경상사고,0,0,1,0,차대차 - 측면충돌,안전운전불이행,건조,맑음,단일로 - 기타,화물,남,67세,상해없음,승용,여,32세,경상
2019080200100126,2019년 8월 2일 08시,금요일,경상남도 밀양시 남포동,사망사고,1,0,0,0,차대사람 - 차도통행중,안전운전불이행,건조,맑음,단일로 - 기타,승용,남,42세,상해없음,보행자,남,90세 이상,사망
2019080200100127,2019년 8월 2일 08시,금요일,경상남도 거제시 장목면,중상사고,0,1,0,0,차량단독 - 기타,안전운전불이행,건조,맑음,단일로 - 기타,화물,남,72세,중상,,,,
2019080200100149,2019년 8월 2일 09시,금요일,경상남도 진주시 이반성면,경상사고,0,0,1,0,차대차 - 측면충돌,교차로운행방법위반,건조,맑음,교차로 - 교차로안,이륜,남,52세,경상,승용,여,59세,상해없음
2019080200100150,2019년 8월 2일 09시,금요일,경상남도 창원시 진해구 경화동,경상사고,0,0,1,0,차대차 - 기타,안전운전불이행,건조,맑음,단일로 - 기타,자전거,남,80세,경상,승용,남,35세,상해없음
2019080200100151,2019년 8월 2일 09시,금요일,경상남도 김해시 신문동,경상사고,0,0,4,0,차대차 - 측면충돌,신호위반,건조,맑음,교차로 - 교차로안,승용,여,46세,상해없음,승용,여,56세,경상
2019080200100181,2019년 8월 2일 10시,금요일,경상남도 사천시 사천읍,중상사고,0,1,0,0,차대사람 - 차도통행중,안전운전불이행,건조,맑음,단일로 - 기타,승용,남,54세,상해없음,보행자,남,70세,중상
2019080200100182,2019년 8월 2일 10시,금요일,경상남도 밀양시 가곡동,중상사고,0,1,0,0,차대사람 - 횡단중,보행자보호의무위반,건조,맑음,단일로 - 기타,승용,여,34세,상해없음,보행자,남,89세,중상
2019080200100183,2019년 8월 2일 10시,금요일,경상남도 밀양시 내이동,경상사고,0,0,1,0,차대차 - 추돌,안전운전불이행,건조,맑음,단일로 - 기타,승용,남,51세,상해없음,승용,남,57세,경상
2019080200100184,2019년 8월 2일 10시,금요일,경상남도 함양군 함양읍,경상사고,0,0,1,0,차대차 - 측면충돌,안전운전불이행,건조,맑음,단일로 - 기타,원동기,남,77세,상해없음,승용,남,50세,상해없음
2019080200100185,2019년 8월 2일 10시,금요일,경상남도 창원시 의창구 사화동,경상사고,0,0,3,0,차대차 - 추돌,안전거리미확보,건조,맑음,단일로 - 고가도로위,화물,남,67세,상해없음,승용,여,59세,경상
2019080200100229,2019년 8월 2일 11시,금요일,경상남도 진주시 남성동,경상사고,0,0,1,0,차량단독 - 전도전복 - 전도,안전운전불이행,건조,맑음,교차로 - 교차로안,화물,남,46세,경상,,,,
2019080200100230,2019년 8월 2일 11시,금요일,경상남도 사천시 대방동,경상사고,0,0,6,4,차대차 - 추돌,안전운전불이행,건조,맑음,주차장 - 주차장,승용,남,69세,상해없음,승용,남,34세,부상신고
2019080200100231,2019년 8월 2일 11시,금요일,경상남도 김해시 대성동,경상사고,0,0,1,0,차대사람 - 횡단중,안전운전불이행,건조,맑음,단일로 - 기타,화물,남,50세,상해없음,보행자,여,64세,경상
2019080200100261,2019년 8월 2일 12시,금요일,경상남도 창원시 진해구 남문동,중상사고,0,2,0,0,차대차 - 측면충돌,신호위반,건조,맑음,교차로 - 교차로안,화물,남,40세,중상,특수,남,50세,중상
2019080200100262,2019년 8월 2일 12시,금요일,경상남도 통영시 정량동,경상사고,0,0,3,0,차대차 - 기타,교차로운행방법위반,건조,맑음,교차로 - 교차로부근,화물,남,67세,상해없음,승용,여,45세,경상
2019080200100263,2019년 8월 2일 12시,금요일,경상남도 양산시 명곡동,중상사고,0,1,0,0,차량단독 - 기타,안전운전불이행,건조,맑음,단일로 - 기타,승합,남,56세,상해없음,,,,
2019080200100264,2019년 8월 2일 12시,금요일,경상남도 함안군 칠서면,경상사고,0,0,3,0,차대차 - 측면충돌,중앙선침범,건조,맑음,단일로 - 기타,화물,남,59세,상해없음,승용,남,47세,경상
2019080200100302,2019년 8월 2일 13시,금요일,경상남도 통영시 항남동,경상사고,0,0,1,0,차대사람 - 기타,안전운전불이행,건조,맑음,단일로 - 기타,승용,여,54세,상해없음,보행자,여,15세,경상
2019080200100303,2019년 8월 2일 13시,금요일,경상남도 고성군 고성읍,경상사고,0,0,1,0,차대차 - 측면충돌,안전운전불이행,건조,맑음,단일로 - 기타,자전거,남,81세,경상,승합,남,52세,상해없음
2019080200100304,2019년 8월 2일 13시,금요일,경상남도 창원시 마산회원구 봉암동,중상사고,0,1,0,0,차대차 - 측면충돌,신호위반,건조,맑음,교차로 - 교차로안,화물,남,46세,상해없음,승용,남,50세,중상
2019080200100305,2019년 8월 2일 13시,금요일,경상남도 김해시 부곡동,경상사고,0,0,2,0,차대차 - 측면충돌,안전운전불이행,건조,맑음,교차로 - 교차로부근,승용,남,63세,경상,승용,남,29세,경상
2019080200100354,2019년 8월 2일 14시,금요일,경상남도 통영시 중앙동,경상사고,0,0,3,0,차대차 - 측면충돌,안전거리미확보,건조,맑음,단일로 - 기타,화물,남,53세,상해없음,승용,여,31세,경상
2019080200100388,2019년 8월 2일 15시,금요일,경상남도 창원시 진해구 성내동,경상사고,0,0,2,0,차대차 - 측면충돌,안전운전불이행,건조,맑음,교차로 - 교차로안,승합,남,40세,상해없음,화물,남,35세,경상
2019080200100389,2019년 8월 2일 15시,금요일,경상남도 사천시 용현면,중상사고,0,3,0,0,차대차 - 측면충돌,안전운전불이행,건조,맑음,단일로 - 기타,건설기계,남,62세,상해없음,승용,여,56세,중상
2019080200100390,2019년 8월 2일 15시,금요일,경상남도 양산시 명동,경상사고,0,0,1,0,차대차 - 측면충돌,안전운전불이행,건조,맑음,단일로 - 기타,화물,남,76세,상해없음,승용,여,64세,경상
2019080200100391,2019년 8월 2일 15시,금요일,경상남도 남해군 남해읍,부상신고사고,0,0,0,1,차대차 - 측면충돌,안전운전불이행,건조,맑음,교차로 - 교차로안,자전거,남,25세,부상신고,승용,남,45세,상해없음
2019080200100423,2019년 8월 2일 16시,금요일,경상남도 함안군 가야읍,경상사고,0,0,1,0,차대차 - 측면충돌,안전운전불이행,건조,맑음,단일로 - 기타,화물,남,61세,상해없음,승용,여,48세,경상
2019080200100424,2019년 8월 2일 16시,금요일,경상남도 김해시 한림면,경상사고,0,0,1,0,차대차 - 추돌,안전운전불이행,건조,맑음,교차로 - 교차로부근,승용,남,34세,경상,승용,남,52세,상해없음
2019080200100425,2019년 8월 2일 16시,금요일,경상남도 거창군 남상면,경상사고,0,0,1,0,차대차 - 후진중충돌,안전운전불이행,건조,맑음,단일로 - 기타,화물,남,71세,상해없음,승용,남,26세,경상
2019080200100481,2019년 8월 2일 17시,금요일,경상남도 진주시 하대동,경상사고,0,0,1,0,차대사람 - 횡단중,보행자보호의무위반,건조,맑음,교차로 - 교차로횡단보도내,화물,남,61세,상해없음,보행자,여,67세,경상
2019080200100482,2019년 8월 2일 17시,금요일,경상남도 거제시 두모동,경상사고,0,0,1,1,차대차 - 측면충돌,안전거리미확보,건조,맑음,단일로 - 기타,승용,남,33세,부상신고,승합,여,41세,경상
2019080200100540,2019년 8월 2일 18시,금요일,경상남도 창원시 마산합포구 신포동2가,경상사고,0,0,1,0,차대차 - 측면충돌,직진우회전진행방해,건조,맑음,교차로 - 교차로안,이륜,남,75세,경상,승용,남,70세,상해없음
2019080200100576,2019년 8월 2일 19시,금요일,경상남도 진주시 중안동,경상사고,0,0,1,0,차대사람 - 차도통행중,안전운전불이행,건조,맑음,교차로 - 교차로안,승용,남,69세,상해없음,보행자,여,26세,경상
2019080200100577,2019년 8월 2일 19시,금요일,경상남도 사천시 서포면,부상신고사고,0,0,0,1,차대차 - 기타,중앙선침범,건조,맑음,단일로 - 기타,승용,남,27세,상해없음,승용,남,45세,부상신고
2019080200100578,2019년 8월 2일 19시,금요일,경상남도 김해시 부원동,경상사고,0,0,9,0,차대차 - 추돌,안전운전불이행,건조,맑음,단일로 - 기타,승용,여,43세,상해없음,승용,남,48세,경상
2019080200100579,2019년 8월 2일 19시,금요일,경상남도 산청군 금서면,중상사고,0,1,0,0,차량단독 - 전도전복 - 전도,안전운전불이행,건조,맑음,단일로 - 기타,이륜,남,56세,중상,,,,
2019080200100614,2019년 8월 2일 20시,금요일,경상남도 사천시 정동면,중상사고,0,1,0,0,차대차 - 기타,직진우회전진행방해,건조,맑음,교차로 - 교차로안,승용,남,32세,상해없음,자전거,남,69세,중상
2019080200100615,2019년 8월 2일 20시,금요일,경상남도 사천시 벌리동,경상사고,0,0,1,0,차대차 - 측면충돌,안전운전불이행,건조,맑음,단일로 - 기타,승용,남,59세,상해없음,승용,남,34세,경상
2019080200100616,2019년 8월 2일 20시,금요일,경상남도 산청군 단성면,중상사고,0,1,0,0,차대사람 - 횡단중,보행자보호의무위반,건조,맑음,단일로 - 기타,승용,남,69세,상해없음,보행자,여,82세,중상
2019080200100645,2019년 8월 2일 21시,금요일,경상남도 창원시 마산합포구 가포동,경상사고,0,0,4,0,차대차 - 추돌,안전운전불이행,건조,맑음,단일로 - 기타,승용,여,55세,경상,승용,남,56세,경상
2019080200100646,2019년 8월 2일 21시,금요일,경상남도 통영시 미수동,경상사고,0,0,2,0,차대차 - 추돌,교차로운행방법위반,건조,맑음,교차로 - 교차로안,승용,남,41세,상해없음,승용,여,30세,경상
2019080200100686,2019년 8월 2일 22시,금요일,경상남도 거창군 거창읍,경상사고,0,0,1,0,차대차 - 측면충돌,안전운전불이행,건조,맑음,교차로 - 교차로안,이륜,남,17세,경상,승용,남,37세,상해없음
2019080300100064,2019년 8월 3일 03시,토요일,경상남도 사천시 동금동,경상사고,0,0,1,0,차대사람 - 차도통행중,안전운전불이행,건조,맑음,주차장 - 주차장,승용,남,57세,상해없음,보행자,남,45세,경상
2019080300100070,2019년 8월 3일 04시,토요일,경상남도 밀양시 상남면,사망사고,1,0,0,0,차대사람 - 기타,안전운전불이행,건조,흐림,단일로 - 기타,화물,남,52세,상해없음,보행자,여,52세,사망
2019080300100098,2019년 8월 3일 07시,토요일,경상남도 창원시 진해구 충무동,경상사고,0,0,2,0,차대차 - 정면충돌,안전운전불이행,건조,맑음,교차로 - 교차로안,승용,남,21세,상해없음,승용,여,52세,경상
2019080300100114,2019년 8월 3일 08시,토요일,경상남도 창녕군 대합면,중상사고,0,1,0,1,차대차 - 측면충돌,직진우회전진행방해,건조,맑음,교차로 - 교차로안,승합,남,74세,부상신고,화물,남,57세,중상
2019080300100115,2019년 8월 3일 08시,토요일,경상남도 고성군 영현면,부상신고사고,0,0,0,1,차대차 - 측면충돌,교차로운행방법위반,건조,맑음,교차로 - 교차로안,화물,남,55세,부상신고,승용,남,39세,상해없음
2019080300100138,2019년 8월 3일 09시,토요일,경상남도 밀양시 내일동,경상사고,0,0,1,0,차대차 - 측면충돌,신호위반,건조,맑음,교차로 - 교차로안,화물,남,72세,상해없음,승용,여,54세,경상
2019080300100176,2019년 8월 3일 10시,토요일,경상남도 산청군 금서면,중상사고,0,4,0,0,차량단독 - 도로외이탈 - 추락,안전운전불이행,건조,맑음,단일로 - 기타,승용,남,60세,중상,,,,
2019080300100204,2019년 8월 3일 11시,토요일,경상남도 김해시 진영읍,경상사고,0,0,1,0,차대차 - 정면충돌,중앙선침범,건조,맑음,단일로 - 기타,승용,남,48세,상해없음,승용,남,29세,경상
2019080300100241,2019년 8월 3일 12시,토요일,경상남도 통영시 당동,중상사고,0,2,8,0,차대차 - 추돌,안전거리미확보,건조,맑음,단일로 - 기타,승용,남,51세,상해없음,승용,여,68세,경상
2019080300100242,2019년 8월 3일 12시,토요일,경상남도 김해시 구산동,경상사고,0,0,1,0,차대차 - 측면충돌,안전운전불이행,건조,맑음,교차로 - 교차로부근,이륜,남,43세,경상,승용,여,57세,상해없음
2019080300100243,2019년 8월 3일 12시,토요일,경상남도 고성군 고성읍,경상사고,0,0,1,0,차대사람 - 차도통행중,안전운전불이행,건조,맑음,기타 - 기타,승용,남,64세,상해없음,보행자,남,36세,경상
2019080300100279,2019년 8월 3일 13시,토요일,경상남도 거창군 거창읍,부상신고사고,0,0,0,1,차대차 - 측면충돌,신호위반,건조,맑음,교차로 - 교차로안,이륜,남,38세,부상신고,승용,여,44세,상해없음
2019080300100280,2019년 8월 3일 13시,토요일,경상남도 산청군 단성면,중상사고,0,3,1,1,차대차 - 측면충돌,교차로운행방법위반,건조,맑음,교차로 - 교차로안,승용,남,62세,상해없음,승용,남,45세,경상
2019080300100307,2019년 8월 3일 14시,토요일,경상남도 양산시 상북면,중상사고,0,1,2,0,차대차 - 측면충돌,기타,건조,맑음,교차로 - 교차로안,화물,남,37세,경상,승용,남,57세,경상
2019080300100308,2019년 8월 3일 14시,토요일,경상남도 김해시 신문동,경상사고,0,0,1,0,차대차 - 측면충돌,안전운전불이행,건조,맑음,단일로 - 기타,승용,여,65세,경상,화물,남,54세,상해없음
2019080300100337,2019년 8월 3일 15시,토요일,경상남도 진주시 봉곡동,중상사고,0,1,0,0,차대차 - 기타,신호위반,건조,맑음,교차로 - 교차로안,이륜,남,46세,중상,승용,남,66세,상해없음
2019080300100338,2019년 8월 3일 15시,토요일,경상남도 창원시 진해구 태백동,경상사고,0,0,1,0,차대차 - 기타,중앙선침범,건조,맑음,기타 - 기타,승용,남,71세,상해없음,승용,남,35세,경상
2019080300100339,2019년 8월 3일 15시,토요일,경상남도 거창군 위천면,경상사고,0,0,2,0,차대차 - 측면충돌,직진우회전진행방해,건조,맑음,교차로 - 교차로안,화물,남,31세,상해없음,승용,여,56세,경상
2019080300100340,2019년 8월 3일 15시,토요일,경상남도 고성군 고성읍,경상사고,0,0,1,0,차대차 - 측면충돌,안전거리미확보,건조,맑음,교차로 - 교차로부근,승용,남,60세,상해없음,승용,남,52세,경상
2019080300100373,2019년 8월 3일 16시,토요일,경상남도 하동군 하동읍,경상사고,0,0,1,0,차대사람 - 기타,안전운전불이행,건조,맑음,교차로 - 교차로부근,승용,남,44세,상해없음,보행자,여,76세,경상
2019080300100374,2019년 8월 3일 16시,토요일,경상남도 김해시 대청동,중상사고,0,1,0,0,차대차 - 측면충돌,안전운전불이행,건조,맑음,단일로 - 기타,승용,남,31세,상해없음,사륜오토바이(ATV),남,53세,중상
2019080300100403,2019년 8월 3일 17시,토요일,경상남도 김해시 삼정동,사망사고,1,0,0,0,차대사람 - 기타,신호위반,건조,맑음,교차로 - 교차로횡단보도내,승용,여,39세,상해없음,보행자,남,81세,사망
2019080300100437,2019년 8월 3일 18시,토요일,경상남도 창원시 마산합포구 남성동,중상사고,0,1,0,0,차대사람 - 횡단중,안전운전불이행,건조,맑음,단일로 - 기타,승합,남,47세,상해없음,보행자,여,82세,중상
2019080300100457,2019년 8월 3일 19시,토요일,경상남도 김해시 동상동,중상사고,0,1,0,0,차대사람 - 기타,안전운전불이행,건조,맑음,단일로 - 기타,승용,남,39세,상해없음,보행자,여,84세,중상
2019080300100458,2019년 8월 3일 19시,토요일,경상남도 양산시 물금읍,경상사고,0,0,1,0,차대차 - 측면충돌,안전운전불이행,건조,맑음,교차로 - 교차로안,화물,남,66세,상해없음,이륜,남,45세,경상
2019080300100459,2019년 8월 3일 19시,토요일,경상남도 하동군 악양면,경상사고,0,0,1,0,차대차 - 후진중충돌,안전운전불이행,건조,맑음,단일로 - 기타,승용,남,44세,상해없음,승용,남,58세,경상
2019080300100460,2019년 8월 3일 19시,토요일,경상남도 산청군 생비량면,경상사고,0,0,3,0,차대차 - 추돌,안전운전불이행,건조,맑음,교차로 - 교차로부근,승용,남,67세,상해없음,승용,남,46세,경상
2019080300100461,2019년 8월 3일 19시,토요일,경상남도 의령군 정곡면,중상사고,0,1,0,0,차대차 - 추돌,안전운전불이행,건조,맑음,단일로 - 기타,승용,남,83세,중상,농기계,남,63세,기타불명
2019080300100542,2019년 8월 3일 22시,토요일,경상남도 통영시 산양읍,중상사고,0,1,0,0,차량단독 - 도로외이탈 - 추락,안전운전불이행,건조,맑음,단일로 - 기타,이륜,남,36세,중상,,,,
2019080400100115,2019년 8월 4일 07시,일요일,경상남도 창원시 마산회원구 내서읍,경상사고,0,0,2,0,차대차 - 정면충돌,중앙선침범,건조,맑음,단일로 - 기타,승용,여,44세,상해없음,승용,남,62세,경상
2019080400100188,2019년 8월 4일 11시,일요일,경상남도 거제시 고현동,경상사고,0,0,1,0,차대차 - 측면충돌,안전운전불이행,건조,맑음,교차로 - 교차로부근,자전거,남,81세,상해없음,이륜,남,39세,경상
2019080400100218,2019년 8월 4일 12시,일요일,경상남도 양산시 덕계동,경상사고,0,0,1,0,차대사람 - 횡단중,안전운전불이행,건조,맑음,교차로 - 교차로안,승용,남,65세,상해없음,보행자,여,68세,경상
2019080400100219,2019년 8월 4일 12시,일요일,경상남도 창원시 의창구 대산면,사망사고,1,0,0,0,차대차 - 추돌,신호위반,건조,맑음,교차로 - 교차로안,승용,남,49세,상해없음,이륜,남,39세,사망
2019080400100254,2019년 8월 4일 13시,일요일,경상남도 진주시 인사동,중상사고,0,1,0,0,차대차 - 측면충돌,안전운전불이행,건조,맑음,교차로 - 교차로횡단보도내,승용,남,67세,상해없음,자전거,남,25세,중상
2019080400100310,2019년 8월 4일 15시,일요일,경상남도 양산시 중부동,중상사고,0,1,0,0,차대사람 - 횡단중,안전운전불이행,건조,맑음,교차로 - 교차로횡단보도내,이륜,남,18세,상해없음,보행자,여,5세,중상
2019080400100340,2019년 8월 4일 16시,일요일,경상남도 사천시 봉남동,경상사고,0,0,2,0,차대차 - 측면충돌,중앙선침범,건조,맑음,단일로 - 기타,승용,남,63세,경상,화물,남,55세,경상
2019080400100341,2019년 8월 4일 16시,일요일,경상남도 김해시 삼정동,경상사고,0,0,1,0,차대차 - 기타,안전운전불이행,건조,맑음,교차로 - 교차로안,자전거,남,60세,경상,승용,남,38세,상해없음
2019080400100342,2019년 8월 4일 16시,일요일,경상남도 남해군 남해읍,경상사고,0,0,1,0,차대차 - 측면충돌,안전운전불이행,건조,맑음,교차로 - 교차로안,이륜,남,71세,경상,승용,여,27세,상해없음
2019080400100376,2019년 8월 4일 17시,일요일,경상남도 양산시 삼호동,중상사고,0,1,0,1,차대차 - 측면충돌,안전운전불이행,건조,맑음,교차로 - 교차로안,이륜,남,18세,부상신고,이륜,남,46세,중상
2019080400100377,2019년 8월 4일 17시,일요일,경상남도 양산시 남부동,경상사고,0,0,1,0,차대차 - 기타,안전운전불이행,건조,맑음,단일로 - 기타,승합,남,38세,상해없음,자전거,여,75세,경상
2019080400100416,2019년 8월 4일 18시,일요일,경상남도 진주시 대안동,중상사고,0,1,0,0,차대차 - 측면충돌,안전운전불이행,건조,맑음,단일로 - 기타,자전거,여,64세,중상,승용,남,58세,상해없음
2019080400100417,2019년 8월 4일 18시,일요일,경상남도 함안군 가야읍,경상사고,0,0,1,0,차대차 - 측면충돌,안전운전불이행,건조,맑음,교차로 - 교차로부근,승용,남,38세,상해없음,이륜,남,65세,경상
2019080400100442,2019년 8월 4일 19시,일요일,경상남도 통영시 북신동,경상사고,0,0,4,0,차대차 - 기타,안전거리미확보,건조,맑음,단일로 - 기타,화물,남,53세,상해없음,승용,여,40세,경상
2019080400100467,2019년 8월 4일 20시,일요일,경상남도 양산시 중부동,경상사고,0,0,2,0,차대차 - 측면충돌,안전운전불이행,건조,맑음,단일로 - 기타,승용,남,46세,경상,승용,남,49세,경상
2019080400100489,2019년 8월 4일 21시,일요일,경상남도 창원시 마산회원구 양덕동,경상사고,0,0,1,0,차대차 - 측면충돌,차로위반,건조,맑음,교차로 - 교차로부근,승용,남,64세,상해없음,화물,남,39세,경상
2019080400100506,2019년 8월 4일 22시,일요일,경상남도 김해시 외동,경상사고,0,0,1,0,차대차 - 기타,불법유턴,건조,맑음,단일로 - 기타,승용,남,72세,상해없음,이륜,남,49세,경상
2019080400100520,2019년 8월 4일 23시,일요일,경상남도 밀양시 내이동,중상사고,0,1,0,0,차대차 - 측면충돌,신호위반,건조,흐림,교차로 - 교차로안,승용,여,43세,상해없음,승용,남,38세,상해없음
2019080500100028,2019년 8월 5일 00시,월요일,경상남도 사천시 사남면,중상사고,0,3,0,0,차대차 - 측면충돌,신호위반,건조,맑음,교차로 - 교차로안,승용,남,63세,중상,승용,여,21세,중상