사고번호,사고일시,요일,시군구,사고내용,사망자수,중상자수,경상자수,부상신고자수,사고유형,법규위반,노면상태,기상상태,도로형태,가해운전자 차종,가해운전자 성별,가해운전자 연령,가해운전자 상해정도,피해운전자 차종,피해운전자 성별,피해운전자 연령,피해운전자 상해정도
2019080500100091,2019년 8월 5일 07시,월요일,경상남도 창원시 진해구 태평동,중상사고,0,1,0,0,차대사람 - 횡단중,보행자보호의무위반,건조,맑음,교차로 - 교차로횡단보도내,승용,남,60세,상해없음,보행자,여,76세,중상
2019080500100126,2019년 8월 5일 08시,월요일,경상남도 통영시 정량동,경상사고,0,0,1,0,차대사람 - 기타,기타,건조,맑음,단일로 - 기타,승용,남,52세,상해없음,보행자,남,12세,경상
2019080500100127,2019년 8월 5일 08시,월요일,경상남도 사천시 사천읍,경상사고,0,0,1,0,차대차 - 측면충돌,중앙선침범,건조,맑음,단일로 - 기타,이륜,남,83세,경상,승용,여,36세,상해없음
2019080500100128,2019년 8월 5일 08시,월요일,경상남도 사천시 벌리동,중상사고,0,1,2,0,차대차 - 측면충돌,직진우회전진행방해,건조,맑음,교차로 - 교차로안,승용,여,55세,중상,승용,여,48세,경상
2019080500100129,2019년 8월 5일 08시,월요일,경상남도 양산시 남부동,경상사고,0,0,1,0,차대차 - 측면충돌,안전운전불이행,건조,맑음,단일로 - 기타,승용,여,33세,상해없음,승용,여,44세,경상
2019080500100160,2019년 8월 5일 09시,월요일,경상남도 밀양시 초동면,중상사고,0,1,0,0,차대차 - 측면충돌,신호위반,건조,맑음,교차로 - 교차로안,화물,남,72세,상해없음,화물,남,79세,중상
2019080500100161,2019년 8월 5일 09시,월요일,경상남도 김해시 부원동,중상사고,0,1,0,0,차대사람 - 횡단중,안전운전불이행,건조,맑음,단일로 - 기타,승용,여,35세,상해없음,보행자,여,61세,중상
2019080500100162,2019년 8월 5일 09시,월요일,경상남도 고성군 상리면,경상사고,0,0,1,0,차대차 - 기타,신호위반,건조,맑음,교차로 - 교차로안,화물,남,50세,상해없음,승용,남,45세,경상
2019080500100163,2019년 8월 5일 09시,월요일,경상남도 거제시 연초면,경상사고,0,0,1,0,차대차 - 측면충돌,안전운전불이행,건조,맑음,단일로 - 기타,승용,남,35세,상해없음,건설기계,남,41세,경상
2019080500100196,2019년 8월 5일 10시,월요일,경상남도 김해시 부원동,경상사고,0,0,1,0,차대차 - 기타,안전운전불이행,건조,맑음,교차로 - 교차로안,자전거,남,78세,경상,화물,남,54세,상해없음
2019080500100197,2019년 8월 5일 10시,월요일,경상남도 함양군 백전면,중상사고,0,2,0,0,차량단독 - 전도전복 - 전도,안전운전불이행,건조,맑음,단일로 - 기타,화물,남,79세,중상,,,,
2019080500100198,2019년 8월 5일 10시,월요일,경상남도 창원시 의창구 동읍,중상사고,0,3,8,0,차대차 - 추돌,안전운전불이행,건조,맑음,단일로 - 기타,화물,남,65세,상해없음,승용,남,56세,중상
2019080500100241,2019년 8월 5일 11시,월요일,경상남도 김해시 삼정동,중상사고,0,1,0,0,차대사람 - 기타,교차로운행방법위반,건조,맑음,교차로 - 교차로안,승용,여,49세,상해없음,보행자,남,27세,중상
2019080500100263,2019년 8월 5일 12시,월요일,경상남도 김해시 무계동,경상사고,0,0,1,0,차대차 - 측면충돌,안전거리미확보,건조,맑음,단일로 - 기타,승용,남,58세,상해없음,승용,남,30세,경상
2019080500100289,2019년 8월 5일 12시,월요일,경상남도 창원시 진해구 덕산동,경상사고,0,0,4,0,차대차 - 측면충돌,신호위반,건조,맑음,교차로 - 교차로안,이륜,남,46세,경상,승용,여,62세,경상
2019080500100290,2019년 8월 5일 12시,월요일,경상남도 사천시 사남면,경상사고,0,0,2,0,차대차 - 추돌,안전거리미확보,건조,맑음,단일로 - 기타,화물,남,31세,상해없음,승용,남,80세,경상
2019080500100291,2019년 8월 5일 12시,월요일,경상남도 사천시 용현면,중상사고,0,1,0,0,차대사람 - 기타,안전운전불이행,건조,맑음,단일로 - 기타,승용,남,50세,상해없음,보행자,남,61세,중상
2019080500100292,2019년 8월 5일 12시,월요일,경상남도 밀양시 내이동,경상사고,0,0,1,0,차대사람 - 횡단중,안전운전불이행,건조,맑음,교차로 - 교차로안,승용,여,41세,상해없음,보행자,여,50세,경상
2019080500100330,2019년 8월 5일 13시,월요일,경상남도 양산시 상북면,중상사고,0,1,4,0,차대차 - 추돌,안전거리미확보,건조,맑음,교차로 - 교차로부근,화물,남,58세,기타불명,승용,여,36세,중상
2019080500100410,2019년 8월 5일 15시,월요일,경상남도 창원시 진해구 태평동,경상사고,0,0,1,0,차대사람 - 기타,안전운전불이행,건조,맑음,교차로 - 교차로부근,기타불명,기타불명,미분류,기타불명,보행자,남,47세,경상
2019080500100449,2019년 8월 5일 16시,월요일,경상남도 창원시 마산합포구 월영동,중상사고,0,1,0,0,차대사람 - 기타,안전운전불이행,건조,맑음,단일로 - 기타,승용,여,34세,상해없음,보행자,남,62세,중상
2019080500100450,2019년 8월 5일 16시,월요일,경상남도 창원시 의창구 팔용동,사망사고,1,0,0,0,차대사람 - 기타,안전운전불이행,건조,맑음,기타 - 기타,승용,여,53세,상해없음,보행자,남,3세,사망
2019080500100451,2019년 8월 5일 16시,월요일,경상남도 김해시 진영읍,경상사고,0,0,1,0,차대사람 - 기타,기타,건조,맑음,교차로 - 교차로안,승합,남,64세,상해없음,보행자,여,71세,경상
2019080500100494,2019년 8월 5일 17시,월요일,경상남도 창원시 진해구 풍호동,경상사고,0,0,1,0,차대사람 - 차도통행중,안전운전불이행,건조,맑음,단일로 - 기타,승용,여,25세,상해없음,보행자,여,8세,경상
2019080500100495,2019년 8월 5일 17시,월요일,경상남도 통영시 항남동,경상사고,0,0,1,0,차대사람 - 보도통행중,보행자보호의무위반,건조,맑음,교차로 - 교차로안,화물,남,52세,상해없음,보행자,남,71세,경상
2019080500100535,2019년 8월 5일 18시,월요일,경상남도 통영시 미수동,중상사고,0,1,2,0,차대차 - 추돌,안전거리미확보,건조,맑음,단일로 - 교량,승용,남,80세,상해없음,승용,남,50세,경상
2019080500100536,2019년 8월 5일 18시,월요일,경상남도 김해시 삼방동,경상사고,0,0,1,0,차대사람 - 차도통행중,안전운전불이행,건조,맑음,교차로 - 교차로안,승용,남,60세,상해없음,보행자,남,52세,경상
2019080500100537,2019년 8월 5일 18시,월요일,경상남도 합천군 용주면,경상사고,0,0,1,0,차대차 - 측면충돌,교차로운행방법위반,건조,맑음,교차로 - 교차로안,자전거,여,75세,경상,승용,남,26세,상해없음
2019080500100538,2019년 8월 5일 18시,월요일,경상남도 거제시 고현동,경상사고,0,0,2,0,차대차 - 추돌,안전거리미확보,건조,맑음,단일로 - 기타,승용,남,19세,상해없음,승용,여,57세,경상
2019080500100575,2019년 8월 5일 19시,월요일,경상남도 거제시 장목면,중상사고,0,1,0,0,차대차 - 측면충돌,기타,건조,맑음,단일로 - 기타,승용,남,57세,상해없음,자전거,남,29세,중상
2019080500100634,2019년 8월 5일 21시,월요일,경상남도 김해시 삼정동,경상사고,0,0,1,0,차대차 - 측면충돌,신호위반,건조,맑음,교차로 - 교차로안,승용,여,52세,상해없음,승용,남,58세,경상
2019080500100635,2019년 8월 5일 21시,월요일,경상남도 창원시 성산구 귀곡동,중상사고,0,1,0,0,차대사람 - 횡단중,안전운전불이행,건조,맑음,단일로 - 기타,자전거,남,47세,상해없음,보행자,남,28세,중상
2019080500100654,2019년 8월 5일 22시,월요일,경상남도 창원시 의창구 팔용동,중상사고,0,1,0,0,차대사람 - 횡단중,보행자보호의무위반,건조,맑음,교차로 - 교차로안,승용,남,64세,상해없음,보행자,남,53세,중상
2019080600100035,2019년 8월 6일 00시,화요일,경상남도 김해시 삼방동,중상사고,0,1,0,0,차량단독 - 전도전복 - 전도,안전운전불이행,건조,맑음,단일로 - 기타,이륜,남,35세,중상,,,,
2019080600100092,2019년 8월 6일 06시,화요일,경상남도 거창군 주상면,중상사고,0,1,0,0,차대차 - 기타,안전운전불이행,건조,맑음,단일로 - 기타,화물,남,64세,상해없음,승용,남,74세,중상
2019080600100124,2019년 8월 6일 08시,화요일,경상남도 함양군 함양읍,부상신고사고,0,0,0,1,차대사람 - 횡단중,보행자보호의무위반,건조,맑음,교차로 - 교차로부근,승용,여,56세,상해없음,보행자,여,76세,부상신고
2019080600100125,2019년 8월 6일 08시,화요일,경상남도 함안군 칠서면,중상사고,0,1,0,0,차대차 - 기타,신호위반,건조,맑음,교차로 - 교차로안,승용,여,56세,상해없음,승용,여,40세,중상
2019080600100204,2019년 8월 6일 10시,화요일,경상남도 창원시 의창구 용호동,중상사고,0,1,0,0,차대차 - 측면충돌,신호위반,건조,맑음,교차로 - 교차로안,승용,여,38세,상해없음,이륜,남,67세,중상
2019080600100235,2019년 8월 6일 11시,화요일,경상남도 창녕군 영산면,경상사고,0,0,1,0,차대차 - 기타,신호위반,건조,맑음,교차로 - 교차로안,화물,남,46세,상해없음,승용,남,36세,경상
2019080600100236,2019년 8월 6일 11시,화요일,경상남도 남해군 설천면,중상사고,0,1,0,1,차량단독 - 공작물충돌,안전운전불이행,건조,맑음,단일로 - 기타,승용,남,53세,부상신고,,,,
2019080600100269,2019년 8월 6일 12시,화요일,경상남도 진주시 강남동,중상사고,0,1,0,0,차대차 - 측면충돌,안전거리미확보,건조,맑음,교차로 - 교차로안,승용,여,44세,상해없음,이륜,남,32세,중상
2019080600100270,2019년 8월 6일 12시,화요일,경상남도 거제시 남부면,경상사고,0,0,1,0,차대사람 - 기타,안전운전불이행,건조,맑음,단일로 - 기타,승용,남,23세,상해없음,보행자,여,58세,경상
2019080600100307,2019년 8월 6일 13시,화요일,경상남도 양산시 신기동,중상사고,0,1,0,0,차대차 - 측면충돌,안전운전불이행,건조,맑음,교차로 - 교차로부근,화물,남,63세,상해없음,자전거,남,57세,중상
2019080600100341,2019년 8월 6일 14시,화요일,경상남도 김해시 안동,중상사고,0,1,0,0,차대사람 - 기타,안전운전불이행,젖음/습기,비,교차로 - 교차로부근,승합,남,37세,상해없음,보행자,여,81세,중상
2019080600100342,2019년 8월 6일 14시,화요일,경상남도 거창군 남하면,중상사고,0,1,0,0,차대차 - 측면충돌,안전운전불이행,건조,맑음,단일로 - 기타,승용,남,63세,상해없음,이륜,여,58세,중상
2019080600100373,2019년 8월 6일 15시,화요일,경상남도 사천시 벌리동,부상신고사고,0,0,0,1,차대사람 - 횡단중,안전운전불이행,건조,맑음,교차로 - 교차로횡단보도내,승용,남,50세,상해없음,보행자,여,80세,부상신고
2019080600100374,2019년 8월 6일 15시,화요일,경상남도 고성군 하일면,경상사고,0,0,1,0,차량단독 - 전도전복 - 전도,안전운전불이행,건조,맑음,단일로 - 기타,이륜,남,52세,상해없음,,,,
2019080600100375,2019년 8월 6일 15시,화요일,경상남도 창원시 마산회원구 회원동,경상사고,0,0,1,0,차대차 - 추돌,안전운전불이행,젖음/습기,비,단일로 - 기타,화물,남,27세,상해없음,승용,여,42세,경상
2019080600100376,2019년 8월 6일 15시,화요일,경상남도 창원시 마산회원구 회원동,경상사고,0,0,1,0,차대차 - 추돌,안전운전불이행,젖음/습기,비,단일로 - 기타,승용,남,21세,상해없음,승용,여,39세,경상
2019080600100424,2019년 8월 6일 16시,화요일,경상남도 창원시 진해구 용원동,부상신고사고,0,0,0,1,차대차 - 측면충돌,안전운전불이행,젖음/습기,비,교차로 - 교차로안,승용,남,73세,부상신고,승합,여,47세,상해없음
2019080600100425,2019년 8월 6일 16시,화요일,경상남도 김해시 삼방동,중상사고,0,1,1,0,차대차 - 정면충돌,중앙선침범,젖음/습기,비,단일로 - 기타,승용,남,35세,경상,승용,남,70세,중상
2019080600100426,2019년 8월 6일 16시,화요일,경상남도 창원시 마산회원구 구암동,중상사고,0,1,0,0,차대차 - 정면충돌,중앙선침범,젖음/습기,비,교차로 - 교차로부근,화물,남,56세,상해없음,승용,남,59세,중상
2019080600100427,2019년 8월 6일 16시,화요일,경상남도 창원시 의창구 팔용동,경상사고,0,0,1,0,차대차 - 측면충돌,안전운전불이행,젖음/습기,비,교차로 - 교차로부근,승용,남,25세,상해없음,승용,남,32세,경상
2019080600100465,2019년 8월 6일 17시,화요일,경상남도 진주시 계동,중상사고,0,1,0,0,차대차 - 측면충돌,신호위반,건조,맑음,교차로 - 교차로안,승용,남,27세,상해없음,승용,남,47세,중상
2019080600100516,2019년 8월 6일 18시,화요일,경상남도 산청군 신안면,중상사고,0,2,1,0,차대차 - 정면충돌,교차로운행방법위반,젖음/습기,비,교차로 - 교차로안,승용,남,26세,상해없음,승용,남,58세,경상
2019080600100517,2019년 8월 6일 18시,화요일,경상남도 창원시 의창구 봉림동,중상사고,0,1,0,0,차대차 - 추돌,안전운전불이행,젖음/습기,비,교차로 - 교차로부근,승용,여,49세,상해없음,승용,여,34세,중상
2019080600100551,2019년 8월 6일 19시,화요일,경상남도 통영시 용남면,경상사고,0,0,1,0,차대차 - 기타,중앙선침범,젖음/습기,비,교차로 - 교차로안,승용,남,49세,상해없음,이륜,남,38세,경상
2019080600100552,2019년 8월 6일 19시,화요일,경상남도 사천시 벌리동,부상신고사고,0,0,0,5,차대차 - 기타,직진우회전진행방해,젖음/습기,비,교차로 - 교차로안,승용,남,63세,상해없음,승용,남,62세,상해없음
2019080600100553,2019년 8월 6일 19시,화요일,경상남도 밀양시 삼문동,중상사고,0,2,0,0,차대차 - 측면충돌,안전운전불이행,젖음/습기,비,단일로 - 기타,승용,남,33세,상해없음,승용,여,38세,중상
2019080600100554,2019년 8월 6일 19시,화요일,경상남도 양산시 평산동,경상사고,0,0,1,0,차량단독 - 기타,안전운전불이행,젖음/습기,비,교차로 - 교차로안,이륜,남,52세,경상,,,,
2019080600100555,2019년 8월 6일 19시,화요일,경상남도 거제시 사등면,경상사고,0,0,1,0,차량단독 - 공작물충돌,안전운전불이행,젖음/습기,비,단일로 - 기타,승용,남,40세,경상,,,,
2019080600100556,2019년 8월 6일 19시,화요일,경상남도 거제시 고현동,경상사고,0,0,1,0,차대차 - 측면충돌,안전운전불이행,젖음/습기,비,교차로 - 교차로부근,이륜,남,46세,경상,승용,남,47세,상해없음
2019080600100557,2019년 8월 6일 19시,화요일,경상남도 김해시 부곡동,중상사고,0,1,0,0,차대차 - 측면충돌,안전운전불이행,젖음/습기,비,교차로 - 교차로안,이륜,남,22세,상해없음,이륜,남,64세,중상
2019080600100593,2019년 8월 6일 20시,화요일,경상남도 창원시 마산합포구 진동면,중상사고,0,2,2,0,차대차 - 정면충돌,중앙선침범,젖음/습기,비,단일로 - 기타,승용,남,35세,중상,승용,남,50세,경상
2019080600100594,2019년 8월 6일 20시,화요일,경상남도 사천시 좌룡동,중상사고,0,1,0,0,차대사람 - 횡단중,안전운전불이행,젖음/습기,비,교차로 - 교차로부근,승용,남,35세,상해없음,보행자,남,66세,중상
2019080600100595,2019년 8월 6일 20시,화요일,경상남도 사천시 정동면,중상사고,0,1,0,0,차대차 - 측면충돌,신호위반,젖음/습기,비,교차로 - 교차로부근,승용,여,40세,상해없음,이륜,남,34세,중상
2019080600100596,2019년 8월 6일 20시,화요일,경상남도 김해시 삼방동,중상사고,0,1,0,0,차대차 - 기타,안전운전불이행,젖음/습기,비,단일로 - 기타,화물,남,56세,상해없음,원동기,남,42세,중상
2019080600100597,2019년 8월 6일 20시,화요일,경상남도 양산시 신기동,경상사고,0,0,2,0,차대차 - 측면충돌,신호위반,젖음/습기,비,교차로 - 교차로안,화물,남,36세,상해없음,승용,남,39세,경상
2019080600100639,2019년 8월 6일 21시,화요일,경상남도 김해시 외동,경상사고,0,0,3,0,차대차 - 기타,신호위반,건조,맑음,교차로 - 교차로안,승용,여,35세,경상,승용,남,44세,경상
2019080600100640,2019년 8월 6일 21시,화요일,경상남도 창원시 의창구 봉곡동,중상사고,0,1,0,0,차대차 - 측면충돌,직진우회전진행방해,젖음/습기,흐림,교차로 - 교차로안,승용,남,34세,상해없음,이륜,남,37세,중상
2019080600100686,2019년 8월 6일 23시,화요일,경상남도 통영시 광도면,경상사고,0,0,1,0,차대차 - 정면충돌,직진우회전진행방해,젖음/습기,흐림,교차로 - 교차로안,승용,남,47세,상해없음,화물,남,49세,경상
2019080700100045,2019년 8월 7일 01시,수요일,경상남도 김해시 어방동,경상사고,0,0,3,0,차대차 - 기타,안전운전불이행,젖음/습기,비,교차로 - 교차로안,승용,여,52세,경상,승용,남,25세,경상
2019080700100046,2019년 8월 7일 01시,수요일,경상남도 거제시 고현동,경상사고,0,0,1,0,차대차 - 측면충돌,안전운전불이행,건조,맑음,단일로 - 기타,승용,남,53세,상해없음,승용,여,56세,상해없음
2019080700100112,2019년 8월 7일 07시,수요일,경상남도 통영시 항남동,중상사고,0,2,0,0,차대차 - 측면충돌,중앙선침범,건조,맑음,단일로 - 기타,화물,남,47세,상해없음,승용,남,21세,중상
2019080700100113,2019년 8월 7일 07시,수요일,경상남도 김해시 진영읍,경상사고,0,0,2,0,차대차 - 측면충돌,신호위반,건조,맑음,교차로 - 교차로안,승용,여,58세,경상,승용,남,41세,경상
2019080700100137,2019년 8월 7일 08시,수요일,경상남도 김해시 대동면,중상사고,0,1,0,0,차대차 - 기타,안전운전불이행,건조,맑음,단일로 - 기타,승용,남,63세,상해없음,승용,남,34세,중상
2019080700100200,2019년 8월 7일 10시,수요일,경상남도 창원시 진해구 석동,경상사고,0,0,1,0,차대차 - 추돌,안전운전불이행,건조,맑음,교차로 - 교차로부근,승용,여,59세,상해없음,승용,남,24세,경상
2019080700100201,2019년 8월 7일 10시,수요일,경상남도 김해시 외동,중상사고,0,1,0,0,차대차 - 측면충돌,안전운전불이행,건조,맑음,교차로 - 교차로횡단보도내,승용,남,51세,상해없음,자전거,남,12세,중상
2019080700100233,2019년 8월 7일 11시,수요일,경상남도 창녕군 창녕읍,중상사고,0,1,0,0,차대차 - 측면충돌,직진우회전진행방해,건조,맑음,교차로 - 교차로안,원동기,여,45세,중상,승용,여,66세,상해없음
2019080700100234,2019년 8월 7일 11시,수요일,경상남도 거제시 아주동,중상사고,0,1,0,0,차대차 - 측면충돌,신호위반,건조,맑음,교차로 - 교차로안,승용,여,48세,상해없음,이륜,남,38세,중상
2019080700100235,2019년 8월 7일 11시,수요일,경상남도 창원시 의창구 동읍,사망사고,1,0,5,0,차대차 - 추돌,안전운전불이행,건조,맑음,단일로 - 기타,화물,남,61세,사망,화물,남,39세,경상
2019080700100279,2019년 8월 7일 12시,수요일,경상남도 통영시 북신동,부상신고사고,0,0,0,1,차대차 - 기타,안전거리미확보,건조,맑음,교차로 - 교차로안,사륜오토바이(ATV),남,39세,부상신고,승용,남,47세,상해없음
2019080700100280,2019년 8월 7일 12시,수요일,경상남도 김해시 어방동,중상사고,0,2,2,0,차대차 - 측면충돌,안전운전불이행,건조,맑음,단일로 - 기타,승용,남,30세,경상,승용,여,44세,중상
2019080700100318,2019년 8월 7일 13시,수요일,경상남도 창원시 마산합포구 창동,경상사고,0,0,2,0,차대차 - 측면충돌,안전거리미확보,건조,맑음,단일로 - 기타,승용,남,53세,상해없음,승용,남,32세,경상
2019080700100319,2019년 8월 7일 13시,수요일,경상남도 진주시 정촌면,중상사고,0,1,0,0,차대차 - 측면충돌,차로위반,건조,맑음,교차로 - 교차로부근,화물,남,68세,상해없음,화물,남,60세,중상
2019080700100360,2019년 8월 7일 14시,수요일,경상남도 창원시 마산회원구 합성동,중상사고,0,1,0,0,차대사람 - 횡단중,신호위반,건조,맑음,교차로 - 교차로횡단보도내,승용,여,50세,상해없음,보행자,여,83세,중상
2019080700100361,2019년 8월 7일 14시,수요일,경상남도 창원시 의창구 팔용동,중상사고,0,1,0,0,차대차 - 기타,신호위반,건조,맑음,교차로 - 교차로안,화물,남,53세,상해없음,원동기,남,63세,중상
2019080700100393,2019년 8월 7일 15시,수요일,경상남도 창원시 진해구 용원동,경상사고,0,0,1,0,차대차 - 기타,중앙선침범,건조,맑음,교차로 - 교차로안,승용,남,41세,상해없음,이륜,남,30세,경상
2019080700100394,2019년 8월 7일 15시,수요일,경상남도 창원시 의창구 명서동,경상사고,0,0,7,2,차대차 - 추돌,안전운전불이행,건조,맑음,교차로 - 교차로부근,승합,남,47세,상해없음,승용,남,49세,상해없음
2019080700100433,2019년 8월 7일 16시,수요일,경상남도 김해시 삼방동,경상사고,0,0,5,0,차대차 - 정면충돌,안전운전불이행,건조,맑음,교차로 - 교차로부근,승용,여,49세,경상,승용,여,37세,경상
2019080700100476,2019년 8월 7일 17시,수요일,경상남도 김해시 삼정동,경상사고,0,0,2,0,차대차 - 측면충돌,신호위반,건조,맑음,교차로 - 교차로안,승용,남,51세,경상,승합,남,47세,경상
2019080700100477,2019년 8월 7일 17시,수요일,경상남도 거제시 하청면,경상사고,0,0,1,0,차대차 - 측면충돌,중앙선침범,건조,맑음,기타 - 기타,승용,남,53세,상해없음,승용,여,27세,경상
2019080700100478,2019년 8월 7일 17시,수요일,경상남도 거제시 옥포동,중상사고,0,1,0,0,차대차 - 측면충돌,안전운전불이행,건조,맑음,단일로 - 기타,이륜,남,59세,중상,승용,남,39세,상해없음
2019080700100526,2019년 8월 7일 18시,수요일,경상남도 밀양시 내이동,중상사고,0,1,1,0,차대차 - 측면충돌,교차로운행방법위반,건조,맑음,교차로 - 교차로안,승용,여,48세,경상,승용,여,47세,중상
2019080700100551,2019년 8월 7일 19시,수요일,경상남도 밀양시 내이동,경상사고,0,0,1,0,차대차 - 기타,교차로운행방법위반,건조,맑음,교차로 - 교차로안,승합,남,67세,상해없음,승용,남,62세,상해없음
2019080700100552,2019년 8월 7일 19시,수요일,경상남도 김해시 구산동,경상사고,0,0,1,0,차대차 - 측면충돌,신호위반,건조,맑음,교차로 - 교차로안,화물,남,60세,기타불명,이륜,남,18세,경상
2019080700100553,2019년 8월 7일 19시,수요일,경상남도 양산시 삼호동,경상사고,0,0,1,0,차대차 - 측면충돌,중앙선침범,건조,맑음,단일로 - 기타,화물,남,54세,상해없음,이륜,남,29세,경상
2019080700100554,2019년 8월 7일 19시,수요일,경상남도 양산시 물금읍,중상사고,0,1,0,0,차대사람 - 횡단중,신호위반,건조,맑음,교차로 - 교차로횡단보도내,승합,남,59세,상해없음,보행자,남,12세,중상
2019080700100555,2019년 8월 7일 19시,수요일,경상남도 거제시 고현동,경상사고,0,0,1,0,차대사람 - 차도통행중,안전운전불이행,건조,맑음,기타 - 기타,기타불명,기타불명,미분류,기타불명,보행자,여,35세,경상
2019080700100588,2019년 8월 7일 20시,수요일,경상남도 김해시 율하동,경상사고,0,0,1,0,차대사람 - 횡단중,안전운전불이행,건조,맑음,교차로 - 교차로안,승용,여,40세,상해없음,보행자,남,66세,경상
2019080700100645,2019년 8월 7일 22시,수요일,경상남도 사천시 용강동,부상신고사고,0,0,0,1,차대사람 - 기타,안전운전불이행,건조,맑음,교차로 - 교차로부근,승용,남,50세,상해없음,보행자,남,67세,부상신고
2019080700100646,2019년 8월 7일 22시,수요일,경상남도 함양군 함양읍,중상사고,0,1,1,0,차대차 - 측면충돌,신호위반,건조,맑음,교차로 - 교차로안,승용,남,58세,상해없음,승용,여,63세,경상
2019080700100657,2019년 8월 7일 23시,수요일,경상남도 밀양시 남포동,경상사고,0,0,1,0,차대차 - 측면충돌,안전거리미확보,건조,맑음,단일로 - 기타,승용,남,38세,상해없음,승용,남,32세,경상
2019080700100664,2019년 8월 7일 23시,수요일,경상남도 통영시 광도면,중상사고,0,1,0,0,차대차 - 기타,안전거리미확보,건조,맑음,교차로 - 교차로안,승용,남,28세,상해없음,승용,남,47세,중상
2019080700100665,2019년 8월 7일 23시,수요일,경상남도 김해시 내동,중상사고,0,1,0,0,차대사람 - 기타,안전운전불이행,건조,맑음,교차로 - 교차로부근,승용,남,47세,상해없음,보행자,남,32세,중상
2019080800100024,2019년 8월 8일 00시,목요일,경상남도 김해시 신문동,중상사고,0,1,0,0,차량단독 - 전도전복 - 전도,안전운전불이행,건조,맑음,교차로 - 교차로안,이륜,남,17세,중상,,,,
2019080800100034,2019년 8월 8일 01시,목요일,경상남도 진주시 상평동,중상사고,0,1,0,0,차대차 - 측면충돌,교차로운행방법위반,건조,맑음,교차로 - 교차로안,승합,여,43세,상해없음,이륜,남,29세,중상
2019080800100046,2019년 8월 8일 02시,목요일,경상남도 진주시 초전동,중상사고,0,1,0,0,차량단독 - 공작물충돌,안전운전불이행,건조,맑음,단일로 - 기타,이륜,남,20세,중상,,,,
2019080800100074,2019년 8월 8일 06시,목요일,경상남도 양산시 명동,중상사고,0,1,0,0,차대차 - 측면충돌,직진우회전진행방해,건조,맑음,교차로 - 교차로안,승용,남,24세,상해없음,자전거,남,58세,중상
2019080800100082,2019년 8월 8일 07시,목요일,경상남도 김해시 진례면,경상사고,0,0,1,0,차대차 - 측면충돌,안전거리미확보,건조,맑음,단일로 - 기타,승용,남,42세,상해없음,승용,남,42세,경상
2019080800100094,2019년 8월 8일 07시,목요일,경상남도 거제시 하청면,경상사고,0,0,2,0,차대차 - 측면충돌,교차로운행방법위반,건조,맑음,교차로 - 교차로안,화물,남,53세,상해없음,화물,남,47세,경상
2019080800100122,2019년 8월 8일 08시,목요일,경상남도 창원시 진해구 경화동,중상사고,0,1,0,0,차대사람 - 기타,안전운전불이행,건조,맑음,교차로 - 교차로부근,승용,남,38세,상해없음,보행자,여,58세,중상
2019080800100123,2019년 8월 8일 08시,목요일,경상남도 양산시 신기동,경상사고,0,0,1,0,차대차 - 측면충돌,안전운전불이행,건조,맑음,단일로 - 기타,승용,여,55세,상해없음,화물,남,54세,경상
2019080800100166,2019년 8월 8일 09시,목요일,경상남도 창원시 마산합포구 진북면,경상사고,0,0,1,0,차대차 - 측면충돌,신호위반,건조,맑음,교차로 - 교차로안,승용,남,78세,상해없음,이륜,남,72세,경상
2019080800100167,2019년 8월 8일 09시,목요일,경상남도 밀양시 내일동,경상사고,0,0,1,0,차대차 - 정면충돌,신호위반,건조,맑음,교차로 - 교차로안,이륜,남,78세,경상,승용,남,58세,상해없음
2019080800100168,2019년 8월 8일 09시,목요일,경상남도 고성군 고성읍,중상사고,0,1,0,0,차대사람 - 차도통행중,안전운전불이행,건조,맑음,교차로 - 교차로안,승용,여,37세,상해없음,보행자,여,90세 이상,중상
2019080800100210,2019년 8월 8일 10시,목요일,경상남도 창원시 마산합포구 교방동,중상사고,0,1,3,1,차대차 - 측면충돌,안전운전불이행,건조,맑음,교차로 - 교차로안,승용,남,64세,상해없음,승용,남,45세,중상
2019080800100249,2019년 8월 8일 11시,목요일,경상남도 창원시 마산합포구 신포동2가,중상사고,0,1,0,0,차대차 - 측면충돌,직진우회전진행방해,건조,맑음,교차로 - 교차로안,화물,남,55세,상해없음,승용,여,74세,중상
2019080800100250,2019년 8월 8일 11시,목요일,경상남도 통영시 무전동,중상사고,0,1,1,0,차대차 - 추돌,안전운전불이행,건조,맑음,단일로 - 기타,승용,여,58세,상해없음,승용,여,37세,중상
2019080800100251,2019년 8월 8일 11시,목요일,경상남도 창원시 의창구 소계동,경상사고,0,0,2,0,차대차 - 추돌,안전운전불이행,건조,맑음,교차로 - 교차로부근,화물,남,47세,상해없음,승용,여,40세,경상
2019080800100252,2019년 8월 8일 11시,목요일,경상남도 창원시 의창구 명서동,경상사고,0,0,1,0,차대차 - 측면충돌,신호위반,건조,맑음,교차로 - 교차로안,승합,남,52세,상해없음,승용,남,58세,경상
2019080800100315,2019년 8월 8일 13시,목요일,경상남도 통영시 봉평동,경상사고,0,0,1,0,차대차 - 기타,중앙선침범,건조,맑음,단일로 - 기타,승용,남,51세,상해없음,원동기,남,27세,경상
2019080800100316,2019년 8월 8일 13시,목요일,경상남도 사천시 사천읍,경상사고,0,0,2,0,차대차 - 후진중충돌,안전운전불이행,건조,맑음,교차로 - 교차로부근,승용,남,24세,상해없음,이륜,남,84세,경상