사고번호,사고일시,요일,시군구,사고내용,사망자수,중상자수,경상자수,부상신고자수,사고유형,법규위반,노면상태,기상상태,도로형태,가해운전자 차종,가해운전자 성별,가해운전자 연령,가해운전자 상해정도,피해운전자 차종,피해운전자 성별,피해운전자 연령,피해운전자 상해정도
2019080800100350,2019년 8월 8일 14시,목요일,경상남도 하동군 적량면,중상사고,0,1,1,0,차량단독 - 공작물충돌,안전운전불이행,건조,맑음,단일로 - 기타,승합,여,44세,경상,,,,
2019080800100351,2019년 8월 8일 14시,목요일,경상남도 창원시 의창구 명서동,부상신고사고,0,0,0,1,차대차 - 측면충돌,기타,건조,맑음,교차로 - 교차로안,승용,남,42세,상해없음,승용,여,52세,부상신고
2019080800100377,2019년 8월 8일 15시,목요일,경상남도 창원시 마산합포구 신월동,경상사고,0,0,1,0,차대차 - 후진중충돌,안전운전불이행,건조,맑음,교차로 - 교차로부근,승용,남,79세,상해없음,승용,남,28세,경상
2019080800100378,2019년 8월 8일 15시,목요일,경상남도 거창군 거창읍,경상사고,0,0,1,0,차대사람 - 보도통행중,안전운전불이행,건조,맑음,교차로 - 교차로부근,이륜,남,65세,상해없음,보행자,여,78세,경상
2019080800100416,2019년 8월 8일 16시,목요일,경상남도 창원시 마산합포구 신포동2가,경상사고,0,0,1,0,차대차 - 측면충돌,중앙선침범,건조,맑음,단일로 - 기타,자전거,여,54세,경상,승용,남,31세,상해없음
2019080800100417,2019년 8월 8일 16시,목요일,경상남도 사천시 향촌동,경상사고,0,0,1,0,차대차 - 측면충돌,직진우회전진행방해,건조,맑음,교차로 - 교차로안,이륜,남,26세,경상,사륜오토바이(ATV),남,22세,상해없음
2019080800100471,2019년 8월 8일 17시,목요일,경상남도 창원시 진해구 두동,중상사고,0,1,1,0,차대차 - 기타,신호위반,건조,맑음,교차로 - 교차로안,승용,남,21세,경상,화물,남,44세,중상
2019080800100543,2019년 8월 8일 19시,목요일,경상남도 양산시 동면,부상신고사고,0,0,0,3,차대차 - 측면충돌,교차로운행방법위반,건조,맑음,교차로 - 교차로안,승용,여,55세,부상신고,승용,여,37세,상해없음
2019080800100571,2019년 8월 8일 20시,목요일,경상남도 함안군 칠원읍,중상사고,0,1,1,0,차대차 - 측면충돌,신호위반,건조,맑음,교차로 - 교차로안,승용,남,41세,중상,승용,남,48세,경상
2019080800100603,2019년 8월 8일 21시,목요일,경상남도 창원시 성산구 귀곡동,경상사고,0,0,1,0,차대차 - 기타,안전운전불이행,건조,맑음,기타 - 기타,승용,남,40세,상해없음,승용,남,30세,경상
2019080800100646,2019년 8월 8일 23시,목요일,경상남도 양산시 덕계동,부상신고사고,0,0,0,1,차대차 - 측면충돌,교차로운행방법위반,건조,맑음,교차로 - 교차로안,승용,남,19세,상해없음,승용,남,74세,부상신고
2019080900100042,2019년 8월 9일 00시,금요일,경상남도 양산시 명동,경상사고,0,0,1,0,차대사람 - 횡단중,안전운전불이행,건조,맑음,교차로 - 교차로횡단보도내,승합,남,54세,상해없음,보행자,남,37세,경상
2019080900100052,2019년 8월 9일 01시,금요일,경상남도 창원시 마산합포구 신포동2가,중상사고,0,1,3,0,차대사람 - 기타,안전운전불이행,건조,맑음,교차로 - 교차로부근,승용,여,54세,상해없음,보행자,남,57세,중상
2019080900100092,2019년 8월 9일 05시,금요일,경상남도 통영시 무전동,중상사고,0,1,0,0,차대차 - 측면충돌,신호위반,건조,맑음,교차로 - 교차로안,승용,남,53세,상해없음,자전거,남,54세,중상
2019080900100102,2019년 8월 9일 06시,금요일,경상남도 양산시 물금읍,경상사고,0,0,3,0,차대차 - 측면충돌,신호위반,건조,맑음,교차로 - 교차로안,승용,남,68세,상해없음,화물,남,56세,경상
2019080900100131,2019년 8월 9일 07시,금요일,경상남도 합천군 삼가면,경상사고,0,0,1,0,차대차 - 측면충돌,신호위반,건조,맑음,교차로 - 교차로안,승용,여,64세,상해없음,승용,남,42세,경상
2019080900100154,2019년 8월 9일 08시,금요일,경상남도 진주시 호탄동,중상사고,0,1,0,0,차대차 - 측면충돌,신호위반,건조,맑음,교차로 - 교차로안,승용,여,40세,상해없음,승용,남,44세,상해없음
2019080900100155,2019년 8월 9일 08시,금요일,경상남도 창원시 진해구 경화동,부상신고사고,0,0,0,1,차대차 - 기타,안전운전불이행,건조,맑음,단일로 - 기타,기타불명,기타불명,미분류,기타불명,자전거,여,52세,부상신고
2019080900100156,2019년 8월 9일 08시,금요일,경상남도 양산시 상북면,경상사고,0,0,1,0,차대차 - 기타,중앙선침범,건조,맑음,단일로 - 터널,승용,남,58세,상해없음,승용,남,65세,경상
2019080900100157,2019년 8월 9일 08시,금요일,경상남도 거제시 양정동,중상사고,0,1,0,0,차대차 - 측면충돌,안전운전불이행,건조,맑음,교차로 - 교차로안,승용,남,72세,상해없음,승용,여,23세,중상
2019080900100193,2019년 8월 9일 09시,금요일,경상남도 통영시 북신동,경상사고,0,0,2,0,차대차 - 기타,신호위반,건조,맑음,교차로 - 교차로안,승용,남,58세,상해없음,승용,남,37세,경상
2019080900100194,2019년 8월 9일 09시,금요일,경상남도 김해시 외동,경상사고,0,0,1,0,차대차 - 기타,안전거리미확보,건조,맑음,단일로 - 기타,승용,남,60세,상해없음,승합,남,46세,상해없음
2019080900100195,2019년 8월 9일 09시,금요일,경상남도 함안군 법수면,중상사고,0,1,0,0,차대차 - 측면충돌,신호위반,건조,맑음,교차로 - 교차로안,화물,남,48세,상해없음,승용,여,65세,중상
2019080900100229,2019년 8월 9일 10시,금요일,경상남도 사천시 벌리동,경상사고,0,0,1,0,차대차 - 측면충돌,신호위반,건조,맑음,교차로 - 교차로안,승용,남,85세,상해없음,승용,남,72세,경상
2019080900100230,2019년 8월 9일 10시,금요일,경상남도 김해시 외동,사망사고,1,0,4,0,차대차 - 기타,신호위반,건조,맑음,교차로 - 교차로안,이륜,남,75세,사망,화물,남,40세,경상
2019080900100231,2019년 8월 9일 10시,금요일,경상남도 거제시 옥포동,경상사고,0,0,1,0,차대차 - 측면충돌,안전운전불이행,건조,맑음,단일로 - 기타,승용,남,53세,상해없음,화물,남,46세,경상
2019080900100232,2019년 8월 9일 10시,금요일,경상남도 산청군 금서면,경상사고,0,0,1,0,차대차 - 측면충돌,안전운전불이행,건조,맑음,단일로 - 기타,화물,남,72세,상해없음,승용,여,52세,경상
2019080900100257,2019년 8월 9일 11시,금요일,경상남도 창원시 마산합포구 서성동,경상사고,0,0,1,0,차대차 - 기타,안전운전불이행,건조,맑음,교차로 - 교차로횡단보도내,승용,남,20세,상해없음,자전거,남,74세,경상
2019080900100258,2019년 8월 9일 11시,금요일,경상남도 거창군 거창읍,중상사고,0,1,2,0,차대차 - 추돌,안전운전불이행,건조,맑음,주차장 - 주차장,승용,여,54세,상해없음,승용,남,46세,경상
2019080900100259,2019년 8월 9일 11시,금요일,경상남도 김해시 진례면,경상사고,0,0,1,0,차대차 - 측면충돌,교차로운행방법위반,건조,맑음,교차로 - 교차로안,화물,남,43세,상해없음,화물,여,56세,경상
2019080900100314,2019년 8월 9일 12시,금요일,경상남도 김해시 어방동,경상사고,0,0,1,0,차대차 - 기타,안전운전불이행,건조,맑음,교차로 - 교차로안,승합,남,41세,상해없음,승용,남,54세,경상
2019080900100315,2019년 8월 9일 12시,금요일,경상남도 김해시 대청동,경상사고,0,0,1,0,차대차 - 추돌,안전거리미확보,건조,맑음,단일로 - 기타,승용,여,54세,상해없음,승용,남,36세,경상
2019080900100358,2019년 8월 9일 13시,금요일,경상남도 거제시 사등면,경상사고,0,0,2,0,차대차 - 추돌,안전운전불이행,건조,맑음,단일로 - 기타,승용,남,47세,경상,화물,남,40세,경상
2019080900100359,2019년 8월 9일 13시,금요일,경상남도 산청군 시천면,중상사고,0,1,0,0,차량단독 - 공작물충돌,안전운전불이행,건조,맑음,단일로 - 기타,승용,남,37세,중상,,,,
2019080900100387,2019년 8월 9일 14시,금요일,경상남도 창원시 성산구 상남동,중상사고,0,2,0,0,차대차 - 측면충돌,신호위반,건조,맑음,교차로 - 교차로안,승용,여,56세,상해없음,승용,남,44세,중상
2019080900100407,2019년 8월 9일 15시,금요일,경상남도 김해시 봉황동,경상사고,0,0,1,0,차대차 - 측면충돌,안전운전불이행,건조,맑음,단일로 - 기타,승용,여,67세,상해없음,승용,남,63세,경상
2019080900100422,2019년 8월 9일 15시,금요일,경상남도 사천시 곤양면,중상사고,0,1,1,0,차대차 - 측면충돌,직진우회전진행방해,건조,맑음,교차로 - 교차로안,승용,여,35세,경상,승용,여,48세,중상
2019080900100456,2019년 8월 9일 16시,금요일,경상남도 창원시 진해구 경화동,경상사고,0,0,2,0,차대차 - 기타,안전운전불이행,건조,맑음,단일로 - 기타,승용,남,37세,상해없음,승용,남,40세,경상
2019080900100457,2019년 8월 9일 16시,금요일,경상남도 합천군 적중면,중상사고,0,1,0,0,차대차 - 측면충돌,교차로운행방법위반,건조,맑음,교차로 - 교차로안,승용,여,30세,상해없음,원동기,남,80세,중상
2019080900100458,2019년 8월 9일 16시,금요일,경상남도 남해군 설천면,중상사고,0,1,0,0,차대차 - 추돌,안전운전불이행,건조,맑음,단일로 - 기타,승용,남,63세,상해없음,원동기,남,87세,중상
2019080900100459,2019년 8월 9일 16시,금요일,경상남도 김해시 진영읍,경상사고,0,0,1,0,차대차 - 측면충돌,안전거리미확보,건조,맑음,단일로 - 기타,승용,여,53세,상해없음,화물,남,26세,경상
2019080900100488,2019년 8월 9일 17시,금요일,경상남도 김해시 상동면,중상사고,0,1,3,1,차대차 - 측면충돌,안전거리미확보,건조,맑음,단일로 - 기타,승용,여,33세,중상,승용,남,45세,경상
2019080900100511,2019년 8월 9일 17시,금요일,경상남도 통영시 용남면,경상사고,0,0,1,0,차대차 - 정면충돌,중앙선침범,건조,맑음,단일로 - 기타,승용,남,70세,상해없음,승용,여,41세,경상
2019080900100512,2019년 8월 9일 17시,금요일,경상남도 양산시 물금읍,경상사고,0,0,1,0,차대차 - 측면충돌,신호위반,건조,맑음,단일로 - 기타,승용,여,28세,상해없음,승용,남,42세,경상
2019080900100579,2019년 8월 9일 18시,금요일,경상남도 하동군 화개면,중상사고,0,1,0,0,차대차 - 측면충돌,불법유턴,건조,맑음,교차로 - 교차로횡단보도내,자전거,남,63세,중상,화물,남,63세,상해없음
2019080900100617,2019년 8월 9일 19시,금요일,경상남도 창원시 마산합포구 월영동,중상사고,0,1,0,0,차대차 - 측면충돌,안전운전불이행,건조,맑음,교차로 - 교차로안,승용,남,75세,상해없음,이륜,남,44세,중상
2019080900100618,2019년 8월 9일 19시,금요일,경상남도 통영시 서호동,경상사고,0,0,1,0,차대차 - 측면충돌,안전운전불이행,건조,맑음,교차로 - 교차로안,화물,남,72세,기타불명,기타불명,남,68세,경상
2019080900100619,2019년 8월 9일 19시,금요일,경상남도 김해시 율하동,경상사고,0,0,2,0,차대차 - 추돌,안전운전불이행,건조,맑음,교차로 - 교차로부근,승용,남,38세,상해없음,승용,여,46세,경상
2019080900100655,2019년 8월 9일 20시,금요일,경상남도 김해시 부원동,경상사고,0,0,1,0,차대차 - 측면충돌,안전운전불이행,건조,맑음,단일로 - 기타,원동기,남,37세,경상,승용,남,56세,상해없음
2019080900100656,2019년 8월 9일 20시,금요일,경상남도 김해시 삼방동,경상사고,0,0,1,0,차대사람 - 보도통행중,기타,건조,맑음,단일로 - 기타,원동기,여,49세,상해없음,보행자,남,19세,경상
2019080900100689,2019년 8월 9일 21시,금요일,경상남도 창원시 의창구 북면,경상사고,0,0,1,0,차대차 - 기타,안전운전불이행,건조,맑음,기타 - 기타,승용,남,53세,상해없음,화물,남,56세,경상
2019080900100719,2019년 8월 9일 22시,금요일,경상남도 양산시 주진동,경상사고,0,0,1,0,차대차 - 추돌,안전거리미확보,건조,맑음,단일로 - 기타,승용,여,26세,상해없음,승용,여,62세,경상
2019080900100744,2019년 8월 9일 23시,금요일,경상남도 김해시 내동,중상사고,0,2,2,0,차대차 - 측면충돌,신호위반,건조,맑음,교차로 - 교차로안,승합,여,53세,경상,승용,남,20세,중상
2019080900100745,2019년 8월 9일 23시,금요일,경상남도 창원시 의창구 동읍,중상사고,0,1,1,0,차대차 - 기타,중앙선침범,건조,맑음,기타 - 기타,승용,여,36세,상해없음,승용,여,64세,중상
2019080900100746,2019년 8월 9일 23시,금요일,경상남도 창원시 의창구 팔용동,중상사고,0,3,1,0,차대차 - 기타,안전운전불이행,건조,맑음,교차로 - 교차로부근,승용,남,66세,상해없음,승용,여,61세,중상
2019081000100044,2019년 8월 10일 00시,토요일,경상남도 진주시 신안동,경상사고,0,0,2,0,차대차 - 측면충돌,신호위반,건조,맑음,교차로 - 교차로안,승용,남,53세,상해없음,승용,남,23세,경상
2019081000100045,2019년 8월 10일 00시,토요일,경상남도 김해시 안동,경상사고,0,0,1,0,차량단독 - 공작물충돌,안전운전불이행,건조,맑음,단일로 - 기타,승용,남,33세,경상,,,,
2019081000100046,2019년 8월 10일 00시,토요일,경상남도 창원시 성산구 내동,경상사고,0,0,1,0,차대사람 - 기타,안전운전불이행,건조,맑음,단일로 - 기타,승용,여,52세,상해없음,보행자,여,47세,경상
2019081000100062,2019년 8월 10일 01시,토요일,경상남도 거제시 상동동,중상사고,0,1,0,0,차대차 - 측면충돌,안전운전불이행,건조,맑음,단일로 - 기타,승용,남,36세,상해없음,이륜,남,52세,중상
2019081000100103,2019년 8월 10일 04시,토요일,경상남도 합천군 묘산면,경상사고,0,0,1,0,차량단독 - 전도전복 - 전도,안전운전불이행,건조,맑음,단일로 - 기타,승용,남,60세,경상,,,,
2019081000100131,2019년 8월 10일 06시,토요일,경상남도 창원시 의창구 팔용동,경상사고,0,0,2,0,차대차 - 정면충돌,안전운전불이행,건조,맑음,교차로 - 교차로부근,이륜,남,55세,경상,승용,남,59세,상해없음
2019081000100166,2019년 8월 10일 08시,토요일,경상남도 양산시 북정동,경상사고,0,0,1,0,차대사람 - 횡단중,안전운전불이행,건조,맑음,교차로 - 교차로안,승용,남,70세,상해없음,보행자,여,59세,경상
2019081000100203,2019년 8월 10일 09시,토요일,경상남도 김해시 외동,중상사고,0,1,0,0,차대사람 - 횡단중,안전운전불이행,건조,맑음,교차로 - 교차로횡단보도내,화물,여,53세,상해없음,보행자,여,54세,중상
2019081000100204,2019년 8월 10일 09시,토요일,경상남도 창원시 의창구 명서동,경상사고,0,0,1,0,차대사람 - 차도통행중,안전운전불이행,건조,맑음,교차로 - 교차로부근,승용,여,60세,상해없음,보행자,여,38세,경상
2019081000100328,2019년 8월 10일 12시,토요일,경상남도 김해시 안동,경상사고,0,0,1,0,차대차 - 측면충돌,교차로운행방법위반,건조,맑음,교차로 - 교차로안,승용,여,59세,상해없음,승용,남,39세,경상
2019081000100329,2019년 8월 10일 12시,토요일,경상남도 거창군 거창읍,경상사고,0,0,2,0,차대차 - 측면충돌,안전운전불이행,건조,맑음,교차로 - 교차로안,승용,남,50세,경상,화물,남,37세,경상
2019081000100330,2019년 8월 10일 12시,토요일,경상남도 하동군 진교면,경상사고,0,0,1,0,차대차 - 후진중충돌,안전운전불이행,건조,맑음,기타 - 기타,화물,남,62세,상해없음,승용,남,53세,경상
2019081000100368,2019년 8월 10일 13시,토요일,경상남도 통영시 미수동,경상사고,0,0,5,0,차대차 - 추돌,안전거리미확보,건조,맑음,단일로 - 교량,승용,여,36세,상해없음,화물,남,54세,경상
2019081000100369,2019년 8월 10일 13시,토요일,경상남도 양산시 물금읍,중상사고,0,1,0,0,차대차 - 측면충돌,안전운전불이행,건조,맑음,단일로 - 기타,기타불명,기타불명,미분류,기타불명,자전거,남,85세,중상
2019081000100370,2019년 8월 10일 13시,토요일,경상남도 함안군 군북면,중상사고,0,1,0,0,차대차 - 기타,안전운전불이행,건조,맑음,단일로 - 기타,이륜,남,56세,상해없음,이륜,남,51세,중상
2019081000100371,2019년 8월 10일 13시,토요일,경상남도 창원시 의창구 도계동,경상사고,0,0,2,0,차대차 - 측면충돌,신호위반,건조,맑음,교차로 - 교차로안,승합,남,41세,상해없음,승용,여,26세,경상
2019081000100417,2019년 8월 10일 14시,토요일,경상남도 김해시 대동면,경상사고,0,0,1,0,차대차 - 측면충돌,안전운전불이행,건조,맑음,단일로 - 기타,화물,남,57세,상해없음,화물,남,46세,경상
2019081000100446,2019년 8월 10일 15시,토요일,경상남도 창원시 성산구 남산동,중상사고,0,1,0,0,차대사람 - 기타,안전운전불이행,건조,맑음,단일로 - 기타,승합,남,57세,상해없음,보행자,여,79세,중상
2019081000100447,2019년 8월 10일 15시,토요일,경상남도 창원시 의창구 대원동,경상사고,0,0,1,0,차대차 - 측면충돌,신호위반,건조,맑음,교차로 - 교차로안,승용,남,62세,상해없음,승용,남,44세,경상
2019081000100472,2019년 8월 10일 16시,토요일,경상남도 진주시 초전동,중상사고,0,1,0,0,차대차 - 측면충돌,안전운전불이행,건조,맑음,교차로 - 교차로안,자전거,남,82세,중상,승용,여,66세,상해없음
2019081000100473,2019년 8월 10일 16시,토요일,경상남도 통영시 광도면,중상사고,0,1,2,0,차대차 - 추돌,안전거리미확보,건조,맑음,교차로 - 교차로부근,승용,여,50세,상해없음,승용,남,52세,경상
2019081000100474,2019년 8월 10일 16시,토요일,경상남도 김해시 어방동,중상사고,0,1,1,0,차대사람 - 횡단중,신호위반,건조,맑음,교차로 - 교차로안,이륜,남,16세,경상,보행자,남,23세,중상
2019081000100512,2019년 8월 10일 17시,토요일,경상남도 창원시 마산합포구 중성동,경상사고,0,0,1,0,차대차 - 정면충돌,기타,건조,맑음,단일로 - 기타,이륜,남,67세,상해없음,자전거,남,61세,경상
2019081000100513,2019년 8월 10일 17시,토요일,경상남도 진주시 칠암동,경상사고,0,0,1,0,차대차 - 측면충돌,중앙선침범,건조,맑음,단일로 - 기타,승용,남,68세,상해없음,이륜,남,42세,경상
2019081000100514,2019년 8월 10일 17시,토요일,경상남도 창녕군 남지읍,경상사고,0,0,1,0,차대차 - 기타,안전운전불이행,건조,맑음,단일로 - 기타,승용,남,47세,상해없음,승용,남,41세,경상
2019081000100515,2019년 8월 10일 17시,토요일,경상남도 거제시 아주동,경상사고,0,0,1,0,차대차 - 추돌,안전거리미확보,건조,맑음,단일로 - 터널,승용,남,33세,상해없음,승용,여,53세,경상
2019081000100516,2019년 8월 10일 17시,토요일,경상남도 창원시 성산구 성주동,중상사고,0,2,0,0,차대차 - 정면충돌,중앙선침범,건조,맑음,단일로 - 기타,승용,남,43세,상해없음,승용,남,24세,중상
2019081000100544,2019년 8월 10일 18시,토요일,경상남도 김해시 어방동,중상사고,0,1,0,0,차대사람 - 횡단중,안전운전불이행,건조,맑음,교차로 - 교차로횡단보도내,승용,여,51세,상해없음,보행자,남,72세,중상
2019081000100570,2019년 8월 10일 19시,토요일,경상남도 의령군 의령읍,중상사고,0,1,0,0,차대차 - 정면충돌,안전운전불이행,건조,맑음,단일로 - 기타,승용,남,64세,상해없음,화물,남,56세,기타불명
2019081000100604,2019년 8월 10일 20시,토요일,경상남도 통영시 무전동,경상사고,0,0,1,0,차대차 - 측면충돌,직진우회전진행방해,건조,맑음,교차로 - 교차로안,승용,남,19세,상해없음,승용,남,54세,경상
2019081000100605,2019년 8월 10일 20시,토요일,경상남도 밀양시 삼문동,경상사고,0,0,1,0,차대사람 - 보도통행중,보행자보호의무위반,건조,맑음,교차로 - 교차로부근,화물,남,54세,상해없음,보행자,남,73세,경상
2019081000100642,2019년 8월 10일 21시,토요일,경상남도 김해시 봉황동,중상사고,0,1,0,0,차대사람 - 횡단중,교차로운행방법위반,건조,맑음,교차로 - 교차로안,승용,남,54세,상해없음,보행자,여,16세,중상
2019081000100643,2019년 8월 10일 21시,토요일,경상남도 거제시 고현동,중상사고,0,1,0,0,차대차 - 기타,안전운전불이행,건조,맑음,단일로 - 기타,승용,남,43세,상해없음,이륜,남,45세,중상
2019081000100691,2019년 8월 10일 23시,토요일,경상남도 창원시 마산합포구 중성동,경상사고,0,0,3,0,차대차 - 측면충돌,신호위반,건조,맑음,교차로 - 교차로안,승용,남,39세,상해없음,승용,남,48세,경상
2019081100100053,2019년 8월 11일 02시,일요일,경상남도 김해시 전하동,경상사고,0,0,2,3,차대차 - 측면충돌,안전운전불이행,건조,맑음,교차로 - 교차로안,승용,남,53세,상해없음,승용,남,34세,경상
2019081100100098,2019년 8월 11일 07시,일요일,경상남도 창원시 마산합포구 자산동,부상신고사고,0,0,0,1,차량단독 - 공작물충돌,안전운전불이행,건조,맑음,단일로 - 기타,승용,남,29세,부상신고,,,,
2019081100100123,2019년 8월 11일 09시,일요일,경상남도 거창군 거창읍,경상사고,0,0,1,0,차대차 - 측면충돌,차로위반,건조,맑음,단일로 - 기타,화물,남,61세,상해없음,승용,남,23세,경상
2019081100100143,2019년 8월 11일 10시,일요일,경상남도 함양군 안의면,중상사고,0,1,0,0,차대사람 - 차도통행중,안전운전불이행,건조,맑음,단일로 - 기타,승용,여,55세,상해없음,보행자,남,61세,중상
2019081100100169,2019년 8월 11일 11시,일요일,경상남도 통영시 무전동,중상사고,0,1,2,0,차대차 - 정면충돌,교차로운행방법위반,건조,맑음,교차로 - 교차로안,승용,여,59세,경상,승용,남,40세,중상
2019081100100263,2019년 8월 11일 14시,일요일,경상남도 밀양시 단장면,경상사고,0,0,1,0,차대차 - 측면충돌,안전운전불이행,건조,맑음,단일로 - 기타,승용,여,43세,상해없음,승용,여,50세,경상
2019081100100264,2019년 8월 11일 14시,일요일,경상남도 함안군 군북면,경상사고,0,0,1,0,차대차 - 기타,교차로운행방법위반,건조,맑음,교차로 - 교차로안,승용,남,62세,상해없음,승용,남,39세,경상
2019081100100284,2019년 8월 11일 15시,일요일,경상남도 합천군 대병면,중상사고,0,1,0,0,차량단독 - 공작물충돌,안전운전불이행,건조,맑음,단일로 - 기타,승용,남,52세,중상,,,,
2019081100100285,2019년 8월 11일 15시,일요일,경상남도 양산시 동면,경상사고,0,0,1,0,차대차 - 기타,안전거리미확보,건조,맑음,단일로 - 기타,승용,남,24세,상해없음,승용,남,54세,경상
2019081100100286,2019년 8월 11일 15시,일요일,경상남도 산청군 단성면,경상사고,0,0,2,0,차대차 - 기타,중앙선침범,건조,맑음,단일로 - 기타,승합,여,44세,상해없음,승용,남,46세,경상
2019081100100312,2019년 8월 11일 16시,일요일,경상남도 창녕군 창녕읍,경상사고,0,0,3,0,차대차 - 측면충돌,신호위반,건조,맑음,교차로 - 교차로안,승용,여,49세,경상,승용,남,61세,경상
2019081100100341,2019년 8월 11일 17시,일요일,경상남도 창원시 진해구 여좌동,중상사고,0,1,0,0,차대사람 - 횡단중,안전운전불이행,건조,맑음,단일로 - 기타,승용,여,48세,상해없음,보행자,남,11세,중상
2019081100100374,2019년 8월 11일 18시,일요일,경상남도 진주시 상봉동,중상사고,0,1,0,0,차대사람 - 횡단중,보행자보호의무위반,건조,흐림,교차로 - 교차로횡단보도내,승용,남,71세,상해없음,보행자,남,10세,중상
2019081100100375,2019년 8월 11일 18시,일요일,경상남도 사천시 사남면,경상사고,0,0,1,0,차대차 - 기타,안전운전불이행,건조,맑음,교차로 - 교차로안,이륜,남,35세,상해없음,승용,남,39세,경상
2019081100100376,2019년 8월 11일 18시,일요일,경상남도 합천군 합천읍,중상사고,0,1,0,0,차대차 - 정면충돌,안전운전불이행,건조,맑음,기타 - 기타,이륜,남,79세,중상,승합,남,35세,상해없음
2019081100100434,2019년 8월 11일 20시,일요일,경상남도 김해시 대성동,경상사고,0,0,1,0,차대차 - 추돌,안전운전불이행,건조,맑음,단일로 - 기타,승용,남,36세,기타불명,승용,남,27세,경상
2019081100100435,2019년 8월 11일 20시,일요일,경상남도 거제시 사등면,중상사고,0,1,0,0,차대사람 - 차도통행중,안전운전불이행,건조,맑음,단일로 - 기타,승용,여,46세,상해없음,보행자,남,36세,중상
2019081100100436,2019년 8월 11일 20시,일요일,경상남도 창원시 마산회원구 내서읍,중상사고,0,1,0,0,차대사람 - 길가장자리구역통행중,안전운전불이행,건조,맑음,교차로 - 교차로부근,승용,여,46세,상해없음,보행자,남,52세,중상
2019081100100437,2019년 8월 11일 20시,일요일,경상남도 김해시 대청동,중상사고,0,1,0,0,차대차 - 측면충돌,안전거리미확보,건조,맑음,단일로 - 기타,승용,남,46세,상해없음,이륜,남,41세,중상
2019081100100470,2019년 8월 11일 21시,일요일,경상남도 창원시 마산합포구 신포동1가,중상사고,0,1,0,0,차대차 - 기타,안전운전불이행,건조,맑음,교차로 - 교차로안,기타불명,기타불명,미분류,기타불명,이륜,남,26세,중상
2019081100100471,2019년 8월 11일 21시,일요일,경상남도 창원시 진해구 석동,중상사고,0,1,0,0,차대사람 - 횡단중,보행자보호의무위반,건조,맑음,단일로 - 기타,이륜,남,18세,상해없음,보행자,남,53세,중상
2019081100100472,2019년 8월 11일 21시,일요일,경상남도 거제시 옥포동,경상사고,0,0,1,0,차대차 - 기타,직진우회전진행방해,건조,맑음,교차로 - 교차로안,승용,남,62세,상해없음,이륜,남,50세,경상
2019081200100061,2019년 8월 12일 03시,월요일,경상남도 창원시 진해구 남문동,중상사고,0,1,1,0,차대차 - 측면충돌,신호위반,건조,맑음,교차로 - 교차로안,화물,남,38세,경상,승용,남,38세,중상
2019081200100062,2019년 8월 12일 03시,월요일,경상남도 양산시 동면,경상사고,0,0,1,0,차대차 - 정면충돌,교차로운행방법위반,건조,맑음,교차로 - 교차로안,승용,여,38세,상해없음,승용,남,50세,경상
2019081200100067,2019년 8월 12일 04시,월요일,경상남도 창원시 진해구 풍호동,경상사고,0,0,1,0,차대차 - 측면충돌,안전운전불이행,건조,맑음,교차로 - 교차로안,승용,남,65세,상해없음,승용,남,33세,경상
2019081200100103,2019년 8월 12일 07시,월요일,경상남도 양산시 북정동,경상사고,0,0,1,0,차대차 - 측면충돌,안전거리미확보,건조,맑음,단일로 - 기타,특수,남,40세,상해없음,승용,남,47세,경상
2019081200100118,2019년 8월 12일 07시,월요일,경상남도 김해시 내동,중상사고,0,1,0,0,차대사람 - 횡단중,안전운전불이행,건조,맑음,교차로 - 교차로안,승용,여,50세,상해없음,보행자,여,28세,중상
2019081200100119,2019년 8월 12일 07시,월요일,경상남도 김해시 삼계동,경상사고,0,0,1,0,차대차 - 기타,교차로운행방법위반,건조,맑음,교차로 - 교차로안,승용,여,51세,경상,화물,남,51세,상해없음
2019081200100120,2019년 8월 12일 07시,월요일,경상남도 함양군 함양읍,경상사고,0,0,1,0,차대차 - 측면충돌,교차로운행방법위반,젖음/습기,맑음,교차로 - 교차로안,승용,여,58세,상해없음,이륜,여,78세,경상
2019081200100121,2019년 8월 12일 07시,월요일,경상남도 양산시 명동,경상사고,0,0,2,0,차대차 - 추돌,안전거리미확보,건조,맑음,단일로 - 기타,승합,남,68세,상해없음,승용,남,44세,경상
2019081200100122,2019년 8월 12일 07시,월요일,경상남도 김해시 대청동,경상사고,0,0,1,0,차대차 - 추돌,안전거리미확보,건조,맑음,단일로 - 교량,승용,남,54세,경상,승용,남,48세,상해없음
2019081200100161,2019년 8월 12일 08시,월요일,경상남도 진주시 상대동,중상사고,0,1,1,0,차대차 - 측면충돌,신호위반,건조,맑음,교차로 - 교차로안,승용,남,27세,상해없음,화물,남,53세,경상
2019081200100162,2019년 8월 12일 08시,월요일,경상남도 사천시 용현면,중상사고,0,1,1,0,차대차 - 추돌,안전운전불이행,건조,맑음,단일로 - 기타,승용,남,40세,상해없음,승용,남,39세,중상
2019081200100163,2019년 8월 12일 08시,월요일,경상남도 밀양시 내이동,중상사고,0,1,0,0,차대사람 - 횡단중,안전운전불이행,건조,맑음,단일로 - 기타,승용,여,41세,상해없음,보행자,남,74세,중상