사고번호,사고일시,요일,시군구,사고내용,사망자수,중상자수,경상자수,부상신고자수,사고유형,법규위반,노면상태,기상상태,도로형태,가해운전자 차종,가해운전자 성별,가해운전자 연령,가해운전자 상해정도,피해운전자 차종,피해운전자 성별,피해운전자 연령,피해운전자 상해정도
2019081200100228,2019년 8월 12일 10시,월요일,경상남도 창원시 마산합포구 두월동1가,경상사고,0,0,2,0,차대차 - 기타,안전운전불이행,건조,맑음,단일로 - 기타,승용,여,31세,상해없음,승합,남,46세,상해없음
2019081200100275,2019년 8월 12일 11시,월요일,경상남도 창원시 마산합포구 월영동,부상신고사고,0,0,0,1,차대차 - 기타,안전운전불이행,건조,맑음,교차로 - 교차로안,승용,남,67세,부상신고,승용,남,72세,상해없음
2019081200100276,2019년 8월 12일 11시,월요일,경상남도 창원시 진해구 태평동,경상사고,0,0,2,0,차대차 - 측면충돌,기타,건조,맑음,단일로 - 기타,이륜,남,70세,경상,이륜,남,45세,경상
2019081200100277,2019년 8월 12일 11시,월요일,경상남도 김해시 삼계동,중상사고,0,1,0,0,차대차 - 추돌,안전운전불이행,건조,맑음,단일로 - 기타,승용,남,32세,상해없음,승용,남,53세,중상
2019081200100278,2019년 8월 12일 11시,월요일,경상남도 창원시 성산구 상남동,중상사고,0,1,0,0,차대사람 - 횡단중,보행자보호의무위반,건조,맑음,교차로 - 교차로안,이륜,남,48세,상해없음,보행자,여,55세,중상
2019081200100324,2019년 8월 12일 12시,월요일,경상남도 진주시 상대동,경상사고,0,0,1,0,차대차 - 측면충돌,안전운전불이행,건조,맑음,교차로 - 교차로안,승용,여,44세,기타불명,승용,여,25세,경상
2019081200100325,2019년 8월 12일 12시,월요일,경상남도 밀양시 교동,중상사고,0,1,0,0,차대차 - 측면충돌,안전운전불이행,건조,맑음,단일로 - 지하차도(도로)내,승용,남,30세,상해없음,이륜,남,49세,중상
2019081200100326,2019년 8월 12일 12시,월요일,경상남도 김해시 진영읍,경상사고,0,0,2,0,차대차 - 측면충돌,신호위반,건조,맑음,교차로 - 교차로안,승용,여,35세,경상,승용,여,44세,경상
2019081200100365,2019년 8월 12일 13시,월요일,경상남도 창원시 진해구 청안동,중상사고,0,1,0,0,차대차 - 측면충돌,안전운전불이행,건조,맑음,교차로 - 교차로안,이륜,남,47세,상해없음,화물,남,35세,중상
2019081200100366,2019년 8월 12일 13시,월요일,경상남도 함양군 함양읍,중상사고,0,1,1,0,차대차 - 측면충돌,신호위반,건조,맑음,교차로 - 교차로안,화물,남,58세,중상,화물,여,60세,경상
2019081200100408,2019년 8월 12일 14시,월요일,경상남도 김해시 삼정동,경상사고,0,0,1,0,차대사람 - 횡단중,보행자보호의무위반,건조,맑음,단일로 - 기타,승용,여,35세,상해없음,보행자,여,54세,경상
2019081200100409,2019년 8월 12일 14시,월요일,경상남도 김해시 흥동,중상사고,0,1,0,0,차대차 - 측면충돌,안전운전불이행,건조,맑음,교차로 - 교차로안,승용,남,43세,상해없음,이륜,남,51세,중상
2019081200100456,2019년 8월 12일 15시,월요일,경상남도 함양군 함양읍,중상사고,0,2,1,0,차대차 - 측면충돌,교차로운행방법위반,건조,맑음,교차로 - 교차로안,승용,남,73세,경상,승용,여,59세,중상
2019081200100500,2019년 8월 12일 16시,월요일,경상남도 함안군 칠서면,경상사고,0,0,2,0,차대차 - 기타,신호위반,건조,맑음,교차로 - 교차로안,승합,여,65세,상해없음,승용,남,47세,경상
2019081200100542,2019년 8월 12일 17시,월요일,경상남도 통영시 동호동,중상사고,0,1,0,0,차대차 - 측면충돌,안전운전불이행,건조,맑음,단일로 - 기타,자전거,남,13세,중상,화물,남,55세,상해없음
2019081200100543,2019년 8월 12일 17시,월요일,경상남도 거제시 사등면,중상사고,0,1,4,0,차대차 - 측면충돌,불법유턴,건조,맑음,단일로 - 기타,승용,남,49세,경상,화물,남,56세,경상
2019081200100544,2019년 8월 12일 17시,월요일,경상남도 함안군 가야읍,경상사고,0,0,1,0,차대차 - 추돌,안전운전불이행,건조,맑음,단일로 - 기타,승용,여,51세,상해없음,승용,남,58세,상해없음
2019081200100584,2019년 8월 12일 18시,월요일,경상남도 거제시 연초면,경상사고,0,0,1,0,차대차 - 측면충돌,안전운전불이행,건조,맑음,단일로 - 기타,승용,여,40세,상해없음,승용,남,24세,경상
2019081200100585,2019년 8월 12일 18시,월요일,경상남도 김해시 대청동,중상사고,0,1,0,0,차대사람 - 횡단중,안전운전불이행,건조,맑음,단일로 - 기타,승용,여,42세,상해없음,보행자,여,68세,중상
2019081200100622,2019년 8월 12일 19시,월요일,경상남도 창원시 의창구 봉곡동,경상사고,0,0,2,0,차대차 - 정면충돌,신호위반,건조,맑음,교차로 - 교차로안,화물,남,51세,상해없음,승용,여,35세,경상
2019081200100652,2019년 8월 12일 20시,월요일,경상남도 고성군 고성읍,경상사고,0,0,1,0,차대차 - 측면충돌,교차로운행방법위반,건조,맑음,교차로 - 교차로안,승용,여,53세,상해없음,화물,남,69세,경상
2019081200100686,2019년 8월 12일 21시,월요일,경상남도 사천시 용강동,부상신고사고,0,0,0,1,차대차 - 정면충돌,안전운전불이행,건조,맑음,교차로 - 교차로부근,승용,여,43세,상해없음,자전거,남,40세,부상신고
2019081300100080,2019년 8월 13일 06시,화요일,경상남도 김해시 내동,중상사고,0,1,1,0,차대차 - 측면충돌,신호위반,건조,맑음,교차로 - 교차로안,이륜,남,23세,경상,승용,남,55세,중상
2019081300100103,2019년 8월 13일 07시,화요일,경상남도 양산시 평산동,경상사고,0,0,1,0,차대사람 - 기타,보행자보호의무위반,건조,맑음,교차로 - 교차로안,승용,남,47세,상해없음,보행자,여,48세,경상
2019081300100135,2019년 8월 13일 08시,화요일,경상남도 창원시 진해구 태백동,경상사고,0,0,1,0,차대차 - 정면충돌,안전운전불이행,건조,맑음,교차로 - 교차로안,승용,남,66세,상해없음,승용,여,26세,경상
2019081300100165,2019년 8월 13일 09시,화요일,경상남도 사천시 사천읍,경상사고,0,0,1,0,차대차 - 추돌,안전운전불이행,건조,맑음,교차로 - 교차로부근,승용,남,63세,상해없음,승용,여,48세,경상
2019081300100166,2019년 8월 13일 09시,화요일,경상남도 창원시 의창구 봉곡동,경상사고,0,0,1,0,차대차 - 측면충돌,안전운전불이행,건조,맑음,단일로 - 기타,승용,여,34세,상해없음,승용,남,58세,경상
2019081300100167,2019년 8월 13일 09시,화요일,경상남도 김해시 대청동,중상사고,0,2,0,0,차대차 - 측면충돌,안전운전불이행,건조,맑음,단일로 - 터널,특수,남,55세,상해없음,특수,남,40세,기타불명
2019081300100208,2019년 8월 13일 10시,화요일,경상남도 김해시 서상동,경상사고,0,0,1,0,차대차 - 측면충돌,직진우회전진행방해,건조,맑음,교차로 - 교차로안,승용,남,62세,상해없음,승용,여,76세,경상
2019081300100248,2019년 8월 13일 11시,화요일,경상남도 진주시 대안동,경상사고,0,0,1,0,차대사람 - 길가장자리구역통행중,안전운전불이행,건조,맑음,단일로 - 기타,승용,여,30세,상해없음,보행자,남,51세,경상
2019081300100249,2019년 8월 13일 11시,화요일,경상남도 김해시 대동면,경상사고,0,0,3,0,차대차 - 측면충돌,직진우회전진행방해,건조,맑음,교차로 - 교차로안,화물,여,48세,경상,승용,여,62세,경상
2019081300100250,2019년 8월 13일 11시,화요일,경상남도 산청군 단성면,중상사고,0,2,2,1,차량단독 - 도로외이탈 - 추락,안전운전불이행,건조,맑음,단일로 - 기타,승용,남,63세,중상,,,,
2019081300100286,2019년 8월 13일 12시,화요일,경상남도 창원시 마산합포구 중앙동3가,경상사고,0,0,2,0,차대차 - 측면충돌,안전운전불이행,건조,맑음,단일로 - 기타,승용,여,42세,상해없음,승용,남,60세,경상
2019081300100357,2019년 8월 13일 14시,화요일,경상남도 남해군 남해읍,중상사고,0,1,0,0,차대차 - 측면충돌,교차로운행방법위반,건조,맑음,교차로 - 교차로안,승용,여,25세,상해없음,원동기,남,80세,중상
2019081300100358,2019년 8월 13일 14시,화요일,경상남도 김해시 관동동,중상사고,0,1,0,0,차대차 - 측면충돌,안전운전불이행,건조,맑음,교차로 - 교차로안,화물,남,47세,상해없음,승용,여,48세,중상
2019081300100359,2019년 8월 13일 14시,화요일,경상남도 김해시 전하동,중상사고,0,1,0,0,차대사람 - 횡단중,신호위반,건조,맑음,교차로 - 교차로안,승용,남,40세,상해없음,보행자,여,72세,중상
2019081300100401,2019년 8월 13일 15시,화요일,경상남도 밀양시 삼문동,경상사고,0,0,3,0,차대차 - 추돌,안전운전불이행,건조,맑음,교차로 - 교차로부근,승용,남,58세,상해없음,승용,남,39세,경상
2019081300100402,2019년 8월 13일 15시,화요일,경상남도 김해시 삼정동,경상사고,0,0,1,0,차대차 - 측면충돌,직진우회전진행방해,건조,맑음,교차로 - 교차로안,승용,여,57세,상해없음,이륜,남,46세,경상
2019081300100403,2019년 8월 13일 15시,화요일,경상남도 창원시 마산회원구 내서읍,중상사고,0,2,0,0,차대차 - 정면충돌,신호위반,건조,맑음,교차로 - 교차로안,승용,여,35세,중상,승용,남,28세,중상
2019081300100446,2019년 8월 13일 16시,화요일,경상남도 합천군 합천읍,경상사고,0,0,1,0,차대차 - 측면충돌,안전운전불이행,건조,맑음,단일로 - 기타,자전거,여,19세,경상,승용,여,75세,상해없음
2019081300100447,2019년 8월 13일 16시,화요일,경상남도 고성군 고성읍,중상사고,0,1,0,0,차대차 - 기타,차로위반,건조,맑음,교차로 - 교차로부근,이륜,여,65세,중상,승용,남,52세,상해없음
2019081300100448,2019년 8월 13일 16시,화요일,경상남도 창원시 성산구 상남동,경상사고,0,0,1,0,차대차 - 측면충돌,안전운전불이행,건조,맑음,교차로 - 교차로안,화물,남,70세,상해없음,승용,여,40세,경상
2019081300100449,2019년 8월 13일 16시,화요일,경상남도 창원시 마산회원구 석전동,경상사고,0,0,1,0,차량단독 - 기타,안전운전불이행,건조,맑음,단일로 - 기타,승합,남,52세,상해없음,,,,
2019081300100450,2019년 8월 13일 16시,화요일,경상남도 창원시 의창구 팔용동,경상사고,0,0,1,0,차대차 - 측면충돌,안전운전불이행,건조,맑음,단일로 - 기타,화물,남,40세,상해없음,승용,남,44세,경상
2019081300100451,2019년 8월 13일 16시,화요일,경상남도 김해시 흥동,경상사고,0,0,1,0,차대차 - 측면충돌,안전운전불이행,건조,맑음,교차로 - 교차로부근,승합,남,66세,상해없음,화물,남,54세,경상
2019081300100491,2019년 8월 13일 17시,화요일,경상남도 거제시 사등면,경상사고,0,0,1,0,차대차 - 측면충돌,기타,건조,맑음,교차로 - 교차로안,승용,여,33세,상해없음,승용,여,41세,경상
2019081300100581,2019년 8월 13일 19시,화요일,경상남도 거제시 고현동,부상신고사고,0,0,0,1,차대사람 - 기타,안전운전불이행,건조,맑음,단일로 - 기타,기타불명,남,66세,상해없음,보행자,여,29세,부상신고
2019081300100582,2019년 8월 13일 19시,화요일,경상남도 산청군 오부면,중상사고,0,1,0,0,차대사람 - 길가장자리구역통행중,안전운전불이행,건조,맑음,단일로 - 기타,승합,여,55세,상해없음,보행자,여,85세,중상
2019081300100583,2019년 8월 13일 19시,화요일,경상남도 함안군 가야읍,중상사고,0,1,1,0,차대차 - 측면충돌,신호위반,건조,맑음,교차로 - 교차로안,승용,남,22세,경상,이륜,남,31세,중상
2019081300100584,2019년 8월 13일 19시,화요일,경상남도 창원시 마산회원구 회원동,경상사고,0,0,1,0,차대사람 - 길가장자리구역통행중,안전운전불이행,건조,맑음,단일로 - 기타,기타불명,기타불명,미분류,기타불명,보행자,남,61세,경상
2019081300100617,2019년 8월 13일 20시,화요일,경상남도 창원시 마산합포구 장군동4가,중상사고,0,1,0,0,차대사람 - 횡단중,안전운전불이행,건조,맑음,교차로 - 교차로안,승용,남,39세,상해없음,보행자,남,71세,중상
2019081300100618,2019년 8월 13일 20시,화요일,경상남도 하동군 하동읍,중상사고,0,1,0,0,차대차 - 측면충돌,교차로운행방법위반,건조,맑음,교차로 - 교차로안,화물,남,51세,상해없음,이륜,남,31세,중상
2019081300100661,2019년 8월 13일 21시,화요일,경상남도 사천시 정동면,경상사고,0,0,1,0,차대차 - 측면충돌,안전운전불이행,건조,맑음,교차로 - 교차로안,승용,여,45세,상해없음,자전거,남,49세,경상
2019081300100713,2019년 8월 13일 23시,화요일,경상남도 진주시 문산읍,중상사고,0,1,0,0,차량단독 - 전도전복 - 전도,안전운전불이행,건조,맑음,교차로 - 교차로안,이륜,남,40세,중상,,,,
2019081400100061,2019년 8월 14일 02시,수요일,경상남도 창원시 성산구 중앙동,경상사고,0,0,2,0,차대차 - 추돌,안전운전불이행,건조,맑음,단일로 - 기타,승용,남,38세,상해없음,승용,남,42세,경상
2019081400100069,2019년 8월 14일 03시,수요일,경상남도 진주시 상평동,중상사고,0,2,0,0,차량단독 - 도로외이탈 - 추락,안전운전불이행,건조,맑음,단일로 - 기타,이륜,남,18세,중상,,,,
2019081400100103,2019년 8월 14일 06시,수요일,경상남도 남해군 서면,사망사고,1,0,0,0,차량단독 - 도로외이탈 - 추락,안전운전불이행,젖음/습기,흐림,단일로 - 기타,화물,남,58세,사망,,,,
2019081400100124,2019년 8월 14일 07시,수요일,경상남도 김해시 봉황동,중상사고,0,1,0,0,차대차 - 측면충돌,안전운전불이행,건조,맑음,단일로 - 기타,승용,남,27세,상해없음,이륜,남,68세,중상
2019081400100166,2019년 8월 14일 08시,수요일,경상남도 창원시 의창구 동읍,중상사고,0,1,0,0,차대차 - 측면충돌,직진우회전진행방해,건조,맑음,교차로 - 교차로안,승용,남,32세,상해없음,승용,여,47세,중상
2019081400100220,2019년 8월 14일 09시,수요일,경상남도 통영시 무전동,경상사고,0,0,1,0,차대사람 - 기타,안전운전불이행,건조,맑음,주차장 - 주차장,승용,여,60세,상해없음,보행자,남,49세,경상
2019081400100256,2019년 8월 14일 10시,수요일,경상남도 산청군 단성면,중상사고,0,1,0,0,차량단독 - 도로외이탈 - 추락,안전운전불이행,건조,맑음,단일로 - 기타,승용,남,39세,상해없음,,,,
2019081400100291,2019년 8월 14일 11시,수요일,경상남도 창원시 진해구 대흥동,중상사고,0,1,0,0,차대사람 - 횡단중,보행자보호의무위반,건조,맑음,교차로 - 교차로부근,화물,남,51세,상해없음,보행자,남,58세,중상
2019081400100292,2019년 8월 14일 11시,수요일,경상남도 통영시 무전동,중상사고,0,1,0,0,차대차 - 기타,직진우회전진행방해,건조,맑음,교차로 - 교차로안,승용,남,78세,상해없음,이륜,남,72세,중상
2019081400100293,2019년 8월 14일 11시,수요일,경상남도 통영시 항남동,경상사고,0,0,1,0,차대사람 - 기타,안전운전불이행,건조,맑음,교차로 - 교차로안,승용,여,45세,상해없음,보행자,여,33세,경상
2019081400100334,2019년 8월 14일 12시,수요일,경상남도 통영시 산양읍,중상사고,0,1,0,0,차대차 - 측면충돌,직진우회전진행방해,건조,맑음,교차로 - 교차로안,승용,여,45세,상해없음,이륜,여,40세,중상
2019081400100335,2019년 8월 14일 12시,수요일,경상남도 김해시 대동면,경상사고,0,0,1,0,차대차 - 측면충돌,안전운전불이행,건조,맑음,단일로 - 기타,원동기,남,50세,경상,승용,남,56세,상해없음
2019081400100336,2019년 8월 14일 12시,수요일,경상남도 김해시 불암동,중상사고,0,1,1,0,차대차 - 측면충돌,신호위반,건조,맑음,교차로 - 교차로안,승용,남,51세,경상,승합,남,68세,중상
2019081400100368,2019년 8월 14일 13시,수요일,경상남도 창원시 마산회원구 봉암동,중상사고,0,1,3,0,차대차 - 추돌,안전운전불이행,건조,맑음,교차로 - 교차로부근,건설기계,남,44세,상해없음,승용,남,62세,중상
2019081400100409,2019년 8월 14일 14시,수요일,경상남도 사천시 벌리동,경상사고,0,0,2,0,차대사람 - 횡단중,보행자보호의무위반,건조,맑음,교차로 - 교차로횡단보도내,이륜,여,68세,경상,보행자,여,15세,경상
2019081400100410,2019년 8월 14일 14시,수요일,경상남도 창녕군 부곡면,경상사고,0,0,1,0,차대차 - 추돌,안전운전불이행,건조,맑음,교차로 - 교차로부근,화물,남,28세,상해없음,승용,남,72세,경상
2019081400100411,2019년 8월 14일 14시,수요일,경상남도 거제시 아주동,경상사고,0,0,2,0,차대차 - 기타,안전운전불이행,건조,맑음,단일로 - 기타,승용,남,74세,상해없음,승용,여,41세,경상
2019081400100412,2019년 8월 14일 14시,수요일,경상남도 거제시 고현동,경상사고,0,0,1,0,차대차 - 기타,직진우회전진행방해,건조,맑음,교차로 - 교차로안,원동기,남,33세,경상,승용,남,34세,상해없음
2019081400100454,2019년 8월 14일 15시,수요일,경상남도 진주시 상대동,부상신고사고,0,0,0,1,차대차 - 측면충돌,안전운전불이행,건조,맑음,단일로 - 기타,자전거,남,82세,부상신고,승용,남,35세,상해없음
2019081400100491,2019년 8월 14일 16시,수요일,경상남도 창원시 진해구 이동,경상사고,0,0,1,0,차대차 - 측면충돌,안전운전불이행,건조,맑음,교차로 - 교차로안,자전거,여,53세,경상,승용,여,54세,상해없음
2019081400100539,2019년 8월 14일 17시,수요일,경상남도 양산시 덕계동,경상사고,0,0,1,0,차대차 - 기타,안전운전불이행,건조,맑음,단일로 - 기타,화물,남,58세,상해없음,승용,여,46세,경상
2019081400100540,2019년 8월 14일 17시,수요일,경상남도 고성군 고성읍,경상사고,0,0,1,0,차대사람 - 횡단중,보행자보호의무위반,건조,맑음,교차로 - 교차로횡단보도내,승용,남,50세,상해없음,보행자,남,17세,경상
2019081400100599,2019년 8월 14일 18시,수요일,경상남도 창원시 마산합포구 월영동,부상신고사고,0,0,0,1,차대사람 - 기타,안전운전불이행,건조,맑음,단일로 - 기타,승합,남,70세,상해없음,보행자,남,6세,부상신고
2019081400100600,2019년 8월 14일 18시,수요일,경상남도 창원시 진해구 자은동,경상사고,0,0,1,0,차대차 - 정면충돌,중앙선침범,건조,맑음,교차로 - 교차로안,승용,남,34세,상해없음,이륜,남,29세,경상
2019081400100601,2019년 8월 14일 18시,수요일,경상남도 김해시 내동,경상사고,0,0,2,0,차대차 - 기타,안전운전불이행,건조,맑음,교차로 - 교차로안,이륜,남,27세,경상,승용,남,54세,상해없음
2019081400100602,2019년 8월 14일 18시,수요일,경상남도 김해시 어방동,경상사고,0,0,1,0,차대사람 - 횡단중,안전운전불이행,건조,맑음,교차로 - 교차로안,승용,남,35세,상해없음,보행자,남,70세,경상
2019081400100603,2019년 8월 14일 18시,수요일,경상남도 김해시 진영읍,중상사고,0,1,0,0,차대사람 - 횡단중,안전운전불이행,건조,맑음,교차로 - 교차로안,승용,여,44세,상해없음,보행자,남,36세,중상
2019081400100647,2019년 8월 14일 19시,수요일,경상남도 김해시 대동면,중상사고,0,1,2,1,차대차 - 추돌,안전거리미확보,건조,맑음,단일로 - 기타,화물,남,40세,상해없음,승용,남,27세,부상신고
2019081400100661,2019년 8월 14일 19시,수요일,경상남도 창원시 마산합포구 월영동,경상사고,0,0,1,0,차대사람 - 길가장자리구역통행중,안전운전불이행,건조,맑음,단일로 - 기타,승용,남,57세,상해없음,보행자,남,39세,경상
2019081400100662,2019년 8월 14일 19시,수요일,경상남도 창원시 진해구 용원동,경상사고,0,0,1,0,차대사람 - 차도통행중,안전운전불이행,젖음/습기,비,교차로 - 교차로안,승용,남,75세,상해없음,보행자,남,49세,경상
2019081400100663,2019년 8월 14일 19시,수요일,경상남도 김해시 지내동,중상사고,0,1,0,0,차대차 - 기타,안전운전불이행,건조,맑음,교차로 - 교차로안,승용,남,40세,상해없음,자전거,남,61세,중상
2019081400100696,2019년 8월 14일 20시,수요일,경상남도 밀양시 내이동,중상사고,0,1,0,0,차대사람 - 횡단중,보행자보호의무위반,건조,흐림,교차로 - 교차로횡단보도내,승용,남,32세,상해없음,보행자,남,64세,중상
2019081400100697,2019년 8월 14일 20시,수요일,경상남도 거제시 고현동,중상사고,0,1,0,0,차대차 - 기타,교차로운행방법위반,젖음/습기,맑음,교차로 - 교차로안,승용,남,20세,상해없음,이륜,남,38세,중상
2019081400100734,2019년 8월 14일 21시,수요일,경상남도 김해시 외동,경상사고,0,0,1,0,차대차 - 기타,안전운전불이행,건조,맑음,교차로 - 교차로안,자전거,남,32세,경상,승용,남,23세,상해없음
2019081400100735,2019년 8월 14일 21시,수요일,경상남도 김해시 삼방동,경상사고,0,0,1,0,차대차 - 측면충돌,교차로운행방법위반,젖음/습기,비,교차로 - 교차로안,승용,여,57세,상해없음,승용,여,27세,경상
2019081400100736,2019년 8월 14일 21시,수요일,경상남도 김해시 율하동,중상사고,0,1,0,0,차대차 - 측면충돌,안전운전불이행,건조,맑음,단일로 - 기타,승용,남,42세,상해없음,이륜,남,18세,중상
2019081400100747,2019년 8월 14일 22시,수요일,경상남도 김해시 주촌면,중상사고,0,1,2,0,차대차 - 추돌,안전거리미확보,젖음/습기,비,단일로 - 기타,승용,남,54세,경상,승용,여,25세,경상
2019081400100768,2019년 8월 14일 22시,수요일,경상남도 양산시 평산동,경상사고,0,0,1,0,차대차 - 측면충돌,신호위반,건조,맑음,교차로 - 교차로안,승용,남,34세,상해없음,승용,남,32세,경상
2019081400100769,2019년 8월 14일 22시,수요일,경상남도 거제시 아주동,중상사고,0,1,3,0,차대차 - 추돌,안전운전불이행,젖음/습기,비,단일로 - 기타,승용,남,29세,상해없음,승합,남,42세,상해없음
2019081400100770,2019년 8월 14일 22시,수요일,경상남도 김해시 관동동,중상사고,0,1,0,0,차대차 - 측면충돌,신호위반,젖음/습기,비,교차로 - 교차로안,이륜,남,18세,중상,승용,남,53세,상해없음
2019081400100793,2019년 8월 14일 23시,수요일,경상남도 김해시 진영읍,경상사고,0,0,1,0,차대차 - 측면충돌,안전운전불이행,젖음/습기,비,단일로 - 기타,승용,남,37세,상해없음,승용,여,52세,경상
2019081500100028,2019년 8월 15일 00시,목요일,경상남도 거제시 아주동,중상사고,0,1,0,0,차대사람 - 차도통행중,안전운전불이행,건조,맑음,단일로 - 기타,승용,남,31세,상해없음,보행자,남,28세,중상
2019081500100045,2019년 8월 15일 01시,목요일,경상남도 진주시 상봉동,경상사고,0,0,3,0,차대차 - 측면충돌,신호위반,젖음/습기,비,교차로 - 교차로안,승용,남,45세,상해없음,승용,여,47세,경상
2019081500100046,2019년 8월 15일 01시,목요일,경상남도 창원시 성산구 중앙동,중상사고,0,1,0,0,차대차 - 측면충돌,신호위반,건조,맑음,교차로 - 교차로안,승용,남,25세,상해없음,승용,남,21세,중상
2019081500100066,2019년 8월 15일 03시,목요일,경상남도 통영시 정량동,경상사고,0,0,1,0,차대차 - 정면충돌,기타,건조,맑음,교차로 - 교차로부근,승용,남,32세,상해없음,승용,남,72세,경상
2019081500100081,2019년 8월 15일 05시,목요일,경상남도 창원시 성산구 중앙동,경상사고,0,0,1,0,차량단독 - 공작물충돌,안전운전불이행,건조,맑음,단일로 - 기타,승용,남,30세,경상,,,,
2019081500100102,2019년 8월 15일 07시,목요일,경상남도 거제시 연초면,경상사고,0,0,1,0,차량단독 - 기타,안전운전불이행,건조,맑음,단일로 - 기타,이륜,남,29세,경상,,,,
2019081500100132,2019년 8월 15일 09시,목요일,경상남도 거제시 옥포동,경상사고,0,0,1,0,차대차 - 기타,안전거리미확보,건조,맑음,단일로 - 기타,승용,남,61세,상해없음,승용,남,33세,경상
2019081500100133,2019년 8월 15일 09시,목요일,경상남도 창원시 성산구 신촌동,사망사고,1,0,0,0,차량단독 - 전도전복 - 전도,안전운전불이행,젖음/습기,비,단일로 - 기타,이륜,남,66세,사망,,,,
2019081500100134,2019년 8월 15일 09시,목요일,경상남도 창원시 마산회원구 합성동,경상사고,0,0,1,0,차대차 - 추돌,안전운전불이행,젖음/습기,흐림,단일로 - 기타,승합,남,49세,상해없음,승용,남,44세,경상
2019081500100158,2019년 8월 15일 10시,목요일,경상남도 밀양시 삼랑진읍,중상사고,0,1,1,0,차대차 - 측면충돌,중앙선침범,젖음/습기,맑음,단일로 - 기타,화물,남,55세,상해없음,승용,남,30세,경상
2019081500100278,2019년 8월 15일 14시,목요일,경상남도 창녕군 영산면,경상사고,0,0,1,0,차대차 - 측면충돌,신호위반,건조,맑음,교차로 - 교차로안,승용,여,60세,상해없음,승용,남,69세,경상
2019081500100279,2019년 8월 15일 14시,목요일,경상남도 김해시 삼문동,중상사고,0,1,0,0,차대차 - 기타,안전운전불이행,젖음/습기,맑음,단일로 - 기타,이륜,남,43세,중상,승용,남,55세,상해없음
2019081500100280,2019년 8월 15일 14시,목요일,경상남도 김해시 대청동,중상사고,0,2,0,0,차대차 - 측면충돌,중앙선침범,젖음/습기,흐림,단일로 - 기타,승용,남,53세,상해없음,승용,여,47세,중상
2019081500100317,2019년 8월 15일 15시,목요일,경상남도 창원시 진해구 청안동,중상사고,0,1,0,0,차대차 - 기타,기타,건조,맑음,단일로 - 기타,승용,여,60세,상해없음,원동기,남,43세,중상
2019081500100349,2019년 8월 15일 16시,목요일,경상남도 산청군 단성면,중상사고,0,1,0,0,차대사람 - 기타,안전운전불이행,건조,맑음,단일로 - 기타,화물,남,49세,상해없음,보행자,여,46세,중상
2019081500100378,2019년 8월 15일 17시,목요일,경상남도 창원시 의창구 팔용동,경상사고,0,0,2,0,차대차 - 기타,안전운전불이행,젖음/습기,흐림,단일로 - 기타,승용,여,34세,상해없음,승합,남,36세,경상
2019081500100396,2019년 8월 15일 18시,목요일,경상남도 밀양시 삼랑진읍,경상사고,0,0,2,0,차대차 - 기타,안전운전불이행,젖음/습기,비,단일로 - 기타,승용,남,37세,상해없음,승용,남,25세,경상
2019081500100436,2019년 8월 15일 19시,목요일,경상남도 사천시 이홀동,중상사고,0,1,0,0,차대사람 - 횡단중,보행자보호의무위반,건조,맑음,단일로 - 기타,승용,여,44세,상해없음,보행자,여,59세,중상
2019081500100437,2019년 8월 15일 19시,목요일,경상남도 고성군 마암면,중상사고,0,2,0,1,차대차 - 측면충돌,신호위반,건조,맑음,교차로 - 교차로안,화물,남,63세,부상신고,승용,남,59세,중상
2019081500100438,2019년 8월 15일 19시,목요일,경상남도 하동군 진교면,부상신고사고,0,0,0,1,차대차 - 측면충돌,교차로운행방법위반,건조,맑음,교차로 - 교차로안,화물,남,44세,상해없음,승용,남,47세,부상신고
2019081500100439,2019년 8월 15일 19시,목요일,경상남도 거제시 상동동,경상사고,0,0,2,0,차대차 - 기타,안전운전불이행,건조,맑음,단일로 - 기타,승용,남,38세,상해없음,이륜,남,36세,경상
2019081500100470,2019년 8월 15일 20시,목요일,경상남도 함안군 군북면,경상사고,0,0,1,0,차대차 - 측면충돌,신호위반,건조,맑음,교차로 - 교차로안,승용,남,26세,상해없음,승용,남,25세,경상
2019081500100471,2019년 8월 15일 20시,목요일,경상남도 창원시 마산회원구 석전동,중상사고,0,1,0,0,차대사람 - 차도통행중,안전운전불이행,건조,맑음,단일로 - 기타,승용,남,44세,상해없음,보행자,남,67세,중상
2019081500100491,2019년 8월 15일 21시,목요일,경상남도 거제시 연초면,중상사고,0,1,0,0,차대사람 - 기타,안전운전불이행,건조,맑음,교차로 - 교차로부근,승용,남,31세,상해없음,보행자,남,57세,중상
2019081500100505,2019년 8월 15일 22시,목요일,경상남도 통영시 북신동,경상사고,0,0,4,0,차대차 - 측면충돌,신호위반,건조,맑음,교차로 - 교차로안,승용,남,52세,상해없음,승용,여,24세,경상
2019081500100530,2019년 8월 15일 23시,목요일,경상남도 통영시 당동,경상사고,0,0,2,0,차대차 - 추돌,안전운전불이행,건조,맑음,교차로 - 교차로부근,승용,남,45세,상해없음,이륜,남,40세,경상
2019081500100531,2019년 8월 15일 23시,목요일,경상남도 의령군 의령읍,중상사고,0,1,0,0,차량단독 - 기타,안전운전불이행,건조,맑음,기타 - 기타,이륜,남,64세,중상,,,,