사고번호,사고일시,요일,시군구,사고내용,사망자수,중상자수,경상자수,부상신고자수,사고유형,법규위반,노면상태,기상상태,도로형태,가해운전자 차종,가해운전자 성별,가해운전자 연령,가해운전자 상해정도,피해운전자 차종,피해운전자 성별,피해운전자 연령,피해운전자 상해정도
2019081900100208,2019년 8월 19일 10시,월요일,경상남도 하동군 고전면,중상사고,0,1,1,0,차대차 - 측면충돌,교차로운행방법위반,건조,맑음,교차로 - 교차로부근,건설기계,남,53세,상해없음,승용,여,62세,경상
2019081900100209,2019년 8월 19일 10시,월요일,경상남도 창원시 의창구 대산면,경상사고,0,0,1,0,차대차 - 측면충돌,교차로운행방법위반,건조,맑음,교차로 - 교차로부근,화물,남,71세,상해없음,원동기,여,68세,경상
2019081900100244,2019년 8월 19일 11시,월요일,경상남도 사천시 사천읍,중상사고,0,1,0,0,차대차 - 측면충돌,안전운전불이행,건조,맑음,단일로 - 기타,승용,남,66세,상해없음,승용,남,29세,중상
2019081900100245,2019년 8월 19일 11시,월요일,경상남도 김해시 삼정동,경상사고,0,0,1,0,차대차 - 기타,안전운전불이행,건조,맑음,교차로 - 교차로부근,화물,남,43세,상해없음,승용,남,41세,경상
2019081900100246,2019년 8월 19일 11시,월요일,경상남도 창녕군 창녕읍,경상사고,0,0,1,0,차대차 - 측면충돌,안전운전불이행,건조,맑음,단일로 - 기타,원동기,남,69세,경상,승용,남,24세,상해없음
2019081900100304,2019년 8월 19일 13시,월요일,경상남도 김해시 서상동,중상사고,0,1,0,0,차대사람 - 횡단중,보행자보호의무위반,건조,맑음,교차로 - 교차로횡단보도내,승용,남,40세,상해없음,보행자,남,10세,중상
2019081900100331,2019년 8월 19일 14시,월요일,경상남도 통영시 항남동,경상사고,0,0,2,0,차대차 - 측면충돌,안전운전불이행,건조,맑음,교차로 - 교차로안,승용,남,22세,상해없음,승용,남,26세,경상
2019081900100332,2019년 8월 19일 14시,월요일,경상남도 거제시 동부면,경상사고,0,0,1,0,차대차 - 측면충돌,중앙선침범,건조,맑음,교차로 - 교차로부근,승용,여,63세,경상,승합,남,61세,상해없음
2019081900100367,2019년 8월 19일 15시,월요일,경상남도 거창군 거창읍,경상사고,0,0,2,0,차대차 - 추돌,안전운전불이행,건조,맑음,교차로 - 교차로부근,승용,남,76세,상해없음,승용,여,45세,경상
2019081900100368,2019년 8월 19일 15시,월요일,경상남도 하동군 하동읍,중상사고,0,1,0,0,차대차 - 측면충돌,안전운전불이행,건조,맑음,기타 - 기타,화물,여,72세,상해없음,이륜,남,80세,중상
2019081900100404,2019년 8월 19일 16시,월요일,경상남도 사천시 정동면,경상사고,0,0,1,0,차대차 - 기타,안전운전불이행,건조,맑음,단일로 - 기타,자전거,여,61세,경상,승용,여,42세,상해없음
2019081900100405,2019년 8월 19일 16시,월요일,경상남도 양산시 어곡동,경상사고,0,0,2,0,차대차 - 측면충돌,중앙선침범,건조,맑음,단일로 - 기타,화물,여,57세,상해없음,승용,여,46세,경상
2019081900100442,2019년 8월 19일 17시,월요일,경상남도 창원시 진해구 용원동,중상사고,0,1,0,0,차대차 - 정면충돌,신호위반,건조,맑음,교차로 - 교차로부근,승용,남,36세,중상,화물,남,63세,상해없음
2019081900100443,2019년 8월 19일 17시,월요일,경상남도 김해시 삼정동,중상사고,0,1,0,0,차대사람 - 횡단중,보행자보호의무위반,건조,맑음,단일로 - 기타,승용,남,59세,상해없음,보행자,여,18세,중상
2019081900100444,2019년 8월 19일 17시,월요일,경상남도 김해시 외동,중상사고,0,2,0,0,차대차 - 기타,안전운전불이행,건조,맑음,교차로 - 교차로부근,승용,여,56세,중상,승용,남,56세,중상
2019081900100445,2019년 8월 19일 17시,월요일,경상남도 창원시 마산합포구 산호동,중상사고,0,1,0,0,차대차 - 측면충돌,안전운전불이행,건조,맑음,단일로 - 기타,화물,남,37세,상해없음,자전거,여,42세,중상
2019081900100446,2019년 8월 19일 17시,월요일,경상남도 김해시 진영읍,경상사고,0,0,1,0,차대차 - 추돌,안전운전불이행,건조,맑음,단일로 - 기타,승용,남,64세,상해없음,승용,여,50세,경상
2019081900100486,2019년 8월 19일 18시,월요일,경상남도 통영시 북신동,경상사고,0,0,1,0,차대사람 - 기타,안전운전불이행,건조,맑음,단일로 - 기타,승합,남,59세,상해없음,보행자,남,57세,경상
2019081900100487,2019년 8월 19일 18시,월요일,경상남도 통영시 북신동,경상사고,0,0,2,0,차대차 - 추돌,안전거리미확보,건조,맑음,단일로 - 기타,승용,남,33세,상해없음,승용,여,32세,경상
2019081900100488,2019년 8월 19일 18시,월요일,경상남도 김해시 율하동,경상사고,0,0,2,0,차대차 - 측면충돌,안전운전불이행,건조,맑음,교차로 - 교차로안,승용,여,40세,경상,승용,남,62세,경상
2019081900100527,2019년 8월 19일 19시,월요일,경상남도 창원시 진해구 인의동,중상사고,0,1,0,0,차대사람 - 기타,안전운전불이행,건조,맑음,교차로 - 교차로안,승용,남,45세,상해없음,보행자,여,75세,중상
2019081900100528,2019년 8월 19일 19시,월요일,경상남도 밀양시 삼랑진읍,사망사고,1,0,0,0,차대사람 - 횡단중,안전운전불이행,건조,맑음,단일로 - 기타,승용,여,26세,상해없음,보행자,남,71세,사망
2019081900100529,2019년 8월 19일 19시,월요일,경상남도 창원시 의창구 명서동,경상사고,0,0,1,0,차대차 - 기타,기타,건조,맑음,단일로 - 기타,승용,남,58세,상해없음,자전거,남,47세,경상
2019081900100554,2019년 8월 19일 20시,월요일,경상남도 창원시 의창구 대원동,경상사고,0,0,1,0,차대차 - 측면충돌,신호위반,건조,맑음,교차로 - 교차로횡단보도내,화물,남,42세,상해없음,자전거,남,54세,경상
2019081900100622,2019년 8월 19일 23시,월요일,경상남도 창녕군 고암면,경상사고,0,0,1,0,차량단독 - 공작물충돌,안전운전불이행,건조,맑음,단일로 - 기타,승용,남,33세,경상,,,,
2019082000100032,2019년 8월 20일 00시,화요일,경상남도 거제시 아주동,경상사고,0,0,1,0,차량단독 - 공작물충돌,안전운전불이행,건조,맑음,단일로 - 기타,이륜,남,36세,경상,,,,
2019082000100045,2019년 8월 20일 01시,화요일,경상남도 김해시 어방동,경상사고,0,0,1,0,차대사람 - 기타,안전운전불이행,건조,맑음,교차로 - 교차로부근,승용,남,37세,상해없음,보행자,남,45세,경상
2019082000100063,2019년 8월 20일 04시,화요일,경상남도 남해군 삼동면,경상사고,0,0,3,0,차대차 - 추돌,안전운전불이행,건조,흐림,단일로 - 기타,승용,여,59세,기타불명,승용,남,47세,경상
2019082000100068,2019년 8월 20일 05시,화요일,경상남도 거창군 거창읍,경상사고,0,0,1,0,차대차 - 측면충돌,신호위반,건조,맑음,교차로 - 교차로안,승용,남,23세,상해없음,화물,남,80세,경상
2019082000100083,2019년 8월 20일 06시,화요일,경상남도 하동군 금성면,부상신고사고,0,0,0,1,차대차 - 측면충돌,교차로운행방법위반,건조,맑음,교차로 - 교차로안,승용,여,23세,부상신고,특수,남,58세,상해없음
2019082000100099,2019년 8월 20일 07시,화요일,경상남도 김해시 부원동,경상사고,0,0,1,0,차대차 - 기타,안전운전불이행,건조,맑음,교차로 - 교차로안,승용,남,53세,상해없음,승용,남,45세,경상
2019082000100100,2019년 8월 20일 07시,화요일,경상남도 창원시 성산구 성주동,중상사고,0,2,0,0,차대차 - 측면충돌,신호위반,건조,맑음,교차로 - 교차로안,승용,남,57세,상해없음,승용,남,60세,중상
2019082000100177,2019년 8월 20일 09시,화요일,경상남도 김해시 부원동,중상사고,0,2,0,0,차대차 - 측면충돌,기타,건조,맑음,단일로 - 기타,승용,남,81세,중상,승용,남,49세,기타불명
2019082000100279,2019년 8월 20일 12시,화요일,경상남도 김해시 어방동,경상사고,0,0,1,0,차대차 - 기타,안전운전불이행,건조,맑음,단일로 - 기타,이륜,남,41세,경상,승용,남,37세,상해없음
2019082000100307,2019년 8월 20일 13시,화요일,경상남도 창원시 마산합포구 자산동,경상사고,0,0,1,0,차대차 - 측면충돌,안전운전불이행,건조,맑음,교차로 - 교차로부근,승용,남,66세,상해없음,승용,여,57세,경상
2019082000100345,2019년 8월 20일 14시,화요일,경상남도 창원시 진해구 태백동,경상사고,0,0,1,0,차대사람 - 기타,안전운전불이행,건조,맑음,단일로 - 기타,화물,남,33세,상해없음,보행자,여,78세,경상
2019082000100346,2019년 8월 20일 14시,화요일,경상남도 함양군 지곡면,중상사고,0,1,1,0,차량단독 - 도로외이탈 - 추락,안전운전불이행,건조,맑음,단일로 - 기타,화물,남,77세,중상,,,,
2019082000100379,2019년 8월 20일 15시,화요일,경상남도 사천시 벌리동,중상사고,0,1,0,0,차대차 - 측면충돌,직진우회전진행방해,건조,맑음,교차로 - 교차로안,승용,남,78세,상해없음,승용,남,55세,중상
2019082000100380,2019년 8월 20일 15시,화요일,경상남도 남해군 고현면,중상사고,0,1,1,0,차대차 - 측면충돌,직진우회전진행방해,건조,맑음,교차로 - 교차로안,승합,여,65세,경상,화물,남,30세,중상
2019082000100381,2019년 8월 20일 15시,화요일,경상남도 창원시 성산구 남양동,경상사고,0,0,1,0,차대차 - 후진중충돌,안전운전불이행,건조,맑음,교차로 - 교차로부근,승용,남,41세,상해없음,승합,여,46세,경상
2019082000100382,2019년 8월 20일 15시,화요일,경상남도 창원시 마산회원구 양덕동,중상사고,0,1,0,0,차대차 - 측면충돌,안전운전불이행,건조,맑음,교차로 - 교차로부근,승용,남,68세,상해없음,화물,남,59세,상해없음
2019082000100424,2019년 8월 20일 16시,화요일,경상남도 합천군 합천읍,중상사고,0,1,0,0,차대차 - 측면충돌,직진우회전진행방해,건조,맑음,교차로 - 교차로안,승용,남,18세,상해없음,화물,남,58세,중상
2019082000100425,2019년 8월 20일 16시,화요일,경상남도 거제시 장평동,경상사고,0,0,1,0,차대차 - 기타,안전운전불이행,건조,맑음,단일로 - 기타,승용,여,42세,상해없음,승용,여,44세,경상
2019082000100461,2019년 8월 20일 17시,화요일,경상남도 창원시 마산합포구 구산면,중상사고,0,1,0,0,차량단독 - 기타,안전운전불이행,건조,맑음,단일로 - 기타,승합,남,36세,상해없음,,,,
2019082000100462,2019년 8월 20일 17시,화요일,경상남도 거창군 거창읍,중상사고,0,1,0,0,차대차 - 측면충돌,안전운전불이행,건조,맑음,교차로 - 교차로안,승용,남,55세,상해없음,이륜,남,46세,중상
2019082000100463,2019년 8월 20일 17시,화요일,경상남도 거제시 수월동,경상사고,0,0,1,0,차대차 - 측면충돌,안전운전불이행,건조,맑음,교차로 - 교차로안,승용,여,42세,상해없음,자전거,남,10세,경상
2019082000100512,2019년 8월 20일 18시,화요일,경상남도 사천시 벌리동,중상사고,0,1,1,0,차대차 - 기타,기타,건조,맑음,단일로 - 기타,승용,남,70세,상해없음,이륜,남,67세,경상
2019082000100513,2019년 8월 20일 18시,화요일,경상남도 밀양시 삼문동,경상사고,0,0,2,0,차대차 - 측면충돌,안전운전불이행,건조,맑음,교차로 - 교차로안,승용,여,43세,상해없음,자전거,남,12세,경상
2019082000100514,2019년 8월 20일 18시,화요일,경상남도 창원시 의창구 신월동,경상사고,0,0,1,0,차대차 - 추돌,안전운전불이행,건조,맑음,교차로 - 교차로부근,승용,여,29세,상해없음,승용,남,39세,경상
2019082000100545,2019년 8월 20일 19시,화요일,경상남도 창원시 마산합포구 신포동2가,경상사고,0,0,5,0,차대차 - 기타,안전운전불이행,건조,맑음,단일로 - 기타,승용,여,63세,상해없음,승합,남,45세,경상
2019082000100546,2019년 8월 20일 19시,화요일,경상남도 밀양시 초동면,사망사고,1,0,0,0,차대차 - 기타,안전운전불이행,건조,맑음,단일로 - 기타,화물,남,33세,상해없음,화물,남,64세,상해없음
2019082000100547,2019년 8월 20일 19시,화요일,경상남도 양산시 중부동,경상사고,0,0,1,1,차대차 - 기타,안전거리미확보,건조,맑음,교차로 - 교차로부근,승용,남,23세,상해없음,승합,남,59세,경상
2019082000100588,2019년 8월 20일 20시,화요일,경상남도 창원시 마산합포구 진동면,사망사고,1,0,0,0,차대사람 - 횡단중,안전운전불이행,건조,맑음,교차로 - 교차로부근,승용,남,72세,상해없음,보행자,여,64세,사망
2019082000100613,2019년 8월 20일 21시,화요일,경상남도 김해시 외동,경상사고,0,0,1,0,차대차 - 기타,안전운전불이행,건조,맑음,단일로 - 기타,승용,남,30세,상해없음,이륜,남,32세,경상
2019082000100653,2019년 8월 20일 23시,화요일,경상남도 창원시 의창구 신월동,중상사고,0,1,0,0,차대차 - 추돌,안전운전불이행,건조,맑음,교차로 - 교차로부근,승용,남,23세,상해없음,승용,여,30세,중상
2019082100100071,2019년 8월 21일 05시,수요일,경상남도 김해시 외동,중상사고,0,1,0,0,차대사람 - 횡단중,신호위반,건조,맑음,교차로 - 교차로안,승합,남,55세,상해없음,보행자,여,62세,중상
2019082100100089,2019년 8월 21일 06시,수요일,경상남도 김해시 부원동,경상사고,0,0,2,0,차대차 - 측면충돌,신호위반,건조,맑음,교차로 - 교차로안,승용,남,49세,상해없음,승용,남,65세,경상
2019082100100102,2019년 8월 21일 07시,수요일,경상남도 김해시 주촌면,경상사고,0,0,1,0,차대차 - 측면충돌,안전운전불이행,건조,맑음,단일로 - 기타,승용,남,50세,상해없음,승용,남,53세,경상
2019082100100110,2019년 8월 21일 07시,수요일,경상남도 진주시 호탄동,경상사고,0,0,1,0,차대차 - 측면충돌,안전운전불이행,건조,맑음,단일로 - 기타,승용,여,28세,상해없음,승용,여,42세,경상
2019082100100111,2019년 8월 21일 07시,수요일,경상남도 고성군 고성읍,경상사고,0,0,2,0,차대차 - 기타,안전운전불이행,건조,맑음,단일로 - 기타,승용,남,39세,상해없음,승용,여,42세,경상
2019082100100112,2019년 8월 21일 07시,수요일,경상남도 창원시 성산구 성산동,중상사고,0,1,0,0,차대차 - 측면충돌,안전운전불이행,건조,맑음,교차로 - 교차로부근,승용,남,66세,상해없음,승용,남,26세,중상
2019082100100141,2019년 8월 21일 08시,수요일,경상남도 고성군 동해면,경상사고,0,0,1,0,차대차 - 기타,안전운전불이행,건조,맑음,단일로 - 기타,승용,여,61세,상해없음,특수,남,51세,상해없음
2019082100100142,2019년 8월 21일 08시,수요일,경상남도 의령군 의령읍,중상사고,0,1,1,0,차량단독 - 공작물충돌,안전운전불이행,건조,맑음,단일로 - 기타,승용,여,65세,중상,,,,
2019082100100170,2019년 8월 21일 09시,수요일,경상남도 함양군 백전면,경상사고,0,0,1,0,차량단독 - 전도전복 - 전도,안전운전불이행,건조,맑음,단일로 - 기타,농기계,여,79세,경상,,,,
2019082100100202,2019년 8월 21일 10시,수요일,경상남도 양산시 삼호동,부상신고사고,0,0,0,2,차대차 - 측면충돌,안전운전불이행,건조,맑음,단일로 - 기타,화물,남,26세,상해없음,승용,남,19세,부상신고
2019082100100203,2019년 8월 21일 10시,수요일,경상남도 양산시 물금읍,중상사고,0,1,1,0,차대차 - 기타,교차로운행방법위반,건조,맑음,교차로 - 교차로안,승용,여,47세,중상,승용,남,58세,경상
2019082100100234,2019년 8월 21일 11시,수요일,경상남도 양산시 상북면,중상사고,0,1,0,0,차대사람 - 기타,안전운전불이행,건조,맑음,단일로 - 기타,승용,남,68세,상해없음,보행자,여,60세,중상
2019082100100235,2019년 8월 21일 11시,수요일,경상남도 김해시 관동동,경상사고,0,0,1,0,차대차 - 측면충돌,중앙선침범,젖음/습기,비,단일로 - 기타,승용,여,53세,상해없음,승용,남,43세,경상
2019082100100268,2019년 8월 21일 12시,수요일,경상남도 통영시 정량동,중상사고,0,1,5,0,차대차 - 측면충돌,직진우회전진행방해,건조,맑음,교차로 - 교차로안,승용,남,61세,상해없음,승용,남,44세,경상
2019082100100269,2019년 8월 21일 12시,수요일,경상남도 양산시 평산동,경상사고,0,0,1,0,차대차 - 추돌,안전운전불이행,건조,맑음,교차로 - 교차로안,승용,남,44세,상해없음,승용,여,42세,경상
2019082100100300,2019년 8월 21일 13시,수요일,경상남도 함안군 칠원읍,중상사고,0,1,0,0,차량단독 - 공작물충돌,안전운전불이행,건조,맑음,교차로 - 교차로안,승용,남,56세,중상,,,,
2019082100100377,2019년 8월 21일 15시,수요일,경상남도 밀양시 산내면,중상사고,0,2,1,0,차대차 - 추돌,안전운전불이행,건조,맑음,단일로 - 기타,승용,남,22세,상해없음,화물,남,54세,중상
2019082100100469,2019년 8월 21일 17시,수요일,경상남도 김해시 내동,중상사고,0,2,0,0,차대차 - 기타,안전운전불이행,젖음/습기,비,교차로 - 교차로안,승용,여,49세,상해없음,승용,여,51세,중상
2019082100100470,2019년 8월 21일 17시,수요일,경상남도 김해시 외동,경상사고,0,0,4,0,차대차 - 기타,안전운전불이행,젖음/습기,흐림,교차로 - 교차로안,승용,남,26세,경상,승합,남,28세,경상
2019082100100471,2019년 8월 21일 17시,수요일,경상남도 창원시 의창구 대산면,경상사고,0,0,1,0,차대차 - 측면충돌,안전운전불이행,건조,맑음,교차로 - 교차로안,화물,남,36세,상해없음,이륜,여,62세,경상
2019082100100561,2019년 8월 21일 19시,수요일,경상남도 진주시 평거동,경상사고,0,0,1,0,차대사람 - 횡단중,안전운전불이행,젖음/습기,비,교차로 - 교차로안,승용,여,54세,상해없음,보행자,여,49세,경상
2019082100100562,2019년 8월 21일 19시,수요일,경상남도 진주시 충무공동,중상사고,0,1,0,0,차대차 - 추돌,안전운전불이행,건조,맑음,교차로 - 교차로부근,승용,남,44세,상해없음,승용,여,48세,중상
2019082100100563,2019년 8월 21일 19시,수요일,경상남도 밀양시 내이동,중상사고,0,1,0,0,차대사람 - 횡단중,안전운전불이행,젖음/습기,비,교차로 - 교차로안,승용,남,47세,상해없음,보행자,남,49세,중상
2019082100100564,2019년 8월 21일 19시,수요일,경상남도 밀양시 단장면,경상사고,0,0,2,0,차대차 - 측면충돌,중앙선침범,젖음/습기,비,단일로 - 기타,승용,남,58세,경상,승용,남,63세,경상
2019082100100565,2019년 8월 21일 19시,수요일,경상남도 김해시 서상동,중상사고,0,1,0,0,차대사람 - 횡단중,보행자보호의무위반,젖음/습기,비,교차로 - 교차로안,승용,남,53세,상해없음,보행자,남,56세,중상
2019082100100566,2019년 8월 21일 19시,수요일,경상남도 거제시 장평동,경상사고,0,0,1,0,차대차 - 측면충돌,직진우회전진행방해,건조,맑음,교차로 - 교차로안,승용,여,38세,상해없음,승용,여,53세,경상
2019082100100567,2019년 8월 21일 19시,수요일,경상남도 창원시 성산구 남산동,경상사고,0,0,2,0,차대차 - 측면충돌,신호위반,젖음/습기,비,교차로 - 교차로안,화물,남,40세,상해없음,승용,남,35세,경상
2019082100100610,2019년 8월 21일 20시,수요일,경상남도 창원시 진해구 안골동,중상사고,0,1,1,0,차대차 - 측면충돌,직진우회전진행방해,젖음/습기,비,교차로 - 교차로안,원동기,남,44세,중상,승용,남,40세,경상
2019082100100611,2019년 8월 21일 20시,수요일,경상남도 김해시 삼계동,경상사고,0,0,2,0,차대차 - 기타,안전운전불이행,젖음/습기,비,교차로 - 교차로안,승용,남,31세,경상,승용,남,28세,경상
2019082100100612,2019년 8월 21일 20시,수요일,경상남도 김해시 진영읍,경상사고,0,0,1,0,차대사람 - 횡단중,안전운전불이행,젖음/습기,비,단일로 - 기타,승합,남,40세,상해없음,보행자,남,54세,경상
2019082100100649,2019년 8월 21일 21시,수요일,경상남도 김해시 대청동,경상사고,0,0,1,0,차대차 - 측면충돌,안전운전불이행,젖음/습기,흐림,단일로 - 교량,승용,여,40세,상해없음,이륜,남,20세,경상
2019082100100650,2019년 8월 21일 21시,수요일,경상남도 김해시 흥동,경상사고,0,0,1,0,차대차 - 측면충돌,중앙선침범,젖음/습기,비,단일로 - 기타,승용,남,58세,상해없음,승합,남,68세,경상
2019082100100680,2019년 8월 21일 22시,수요일,경상남도 함안군 칠원읍,중상사고,0,1,0,0,차대사람 - 기타,안전운전불이행,젖음/습기,비,교차로 - 교차로안,승용,남,21세,상해없음,보행자,남,56세,중상
2019082100100681,2019년 8월 21일 22시,수요일,경상남도 창원시 의창구 북면,경상사고,0,0,1,0,차대차 - 측면충돌,안전운전불이행,젖음/습기,맑음,단일로 - 기타,승용,남,53세,상해없음,승용,남,24세,상해없음
2019082200100035,2019년 8월 22일 00시,목요일,경상남도 김해시 어방동,중상사고,0,1,1,0,차대차 - 추돌,안전운전불이행,젖음/습기,비,교차로 - 교차로안,승용,남,23세,상해없음,승용,남,52세,경상
2019082200100036,2019년 8월 22일 00시,목요일,경상남도 창녕군 이방면,사망사고,1,0,1,0,차량단독 - 공작물충돌,과속,젖음/습기,비,단일로 - 기타,화물,남,26세,경상,,,,
2019082200100089,2019년 8월 22일 05시,목요일,경상남도 창원시 성산구 성주동,중상사고,0,1,0,0,차대사람 - 횡단중,안전운전불이행,건조,맑음,교차로 - 교차로횡단보도내,승합,남,57세,상해없음,보행자,남,49세,중상
2019082200100121,2019년 8월 22일 07시,목요일,경상남도 김해시 삼방동,경상사고,0,0,2,0,차대차 - 기타,안전운전불이행,젖음/습기,흐림,교차로 - 교차로안,승용,여,25세,상해없음,승용,남,27세,경상
2019082200100122,2019년 8월 22일 07시,목요일,경상남도 창원시 마산회원구 두척동,중상사고,0,3,1,0,차량단독 - 기타,안전운전불이행,젖음/습기,비,단일로 - 기타,승합,남,58세,상해없음,,,,
2019082200100165,2019년 8월 22일 08시,목요일,경상남도 통영시 미수동,중상사고,0,2,2,0,차대차 - 기타,안전거리미확보,젖음/습기,비,단일로 - 교량,화물,남,23세,상해없음,승용,여,23세,경상
2019082200100166,2019년 8월 22일 08시,목요일,경상남도 김해시 삼계동,경상사고,0,0,1,0,차대차 - 추돌,안전운전불이행,젖음/습기,비,단일로 - 기타,승용,남,26세,상해없음,승용,남,57세,경상
2019082200100167,2019년 8월 22일 08시,목요일,경상남도 양산시 북부동,중상사고,0,1,0,0,차대차 - 기타,교차로운행방법위반,건조,맑음,교차로 - 교차로안,승용,남,27세,상해없음,자전거,남,63세,중상
2019082200100206,2019년 8월 22일 09시,목요일,경상남도 창원시 마산합포구 교방동,중상사고,0,1,0,0,차량단독 - 기타,안전운전불이행,건조,맑음,단일로 - 기타,승합,남,53세,상해없음,,,,
2019082200100207,2019년 8월 22일 09시,목요일,경상남도 양산시 북부동,경상사고,0,0,1,0,차대차 - 측면충돌,중앙선침범,젖음/습기,비,단일로 - 기타,화물,남,53세,상해없음,승용,남,63세,경상
2019082200100208,2019년 8월 22일 09시,목요일,경상남도 거제시 두모동,경상사고,0,0,1,0,차대차 - 측면충돌,안전운전불이행,건조,맑음,교차로 - 교차로부근,승용,여,49세,상해없음,승용,남,32세,경상
2019082200100209,2019년 8월 22일 09시,목요일,경상남도 창원시 의창구 중동,경상사고,0,0,1,0,차대사람 - 횡단중,보행자보호의무위반,젖음/습기,비,교차로 - 교차로안,승합,여,53세,상해없음,보행자,여,52세,경상
2019082200100230,2019년 8월 22일 10시,목요일,경상남도 김해시 부원동,경상사고,0,0,1,0,차대사람 - 길가장자리구역통행중,안전운전불이행,젖음/습기,비,단일로 - 기타,기타불명,기타불명,미분류,기타불명,보행자,남,64세,경상
2019082200100324,2019년 8월 22일 13시,목요일,경상남도 진주시 충무공동,경상사고,0,0,1,0,차대차 - 추돌,안전운전불이행,건조,맑음,교차로 - 교차로부근,승용,남,55세,상해없음,승용,여,45세,경상
2019082200100325,2019년 8월 22일 13시,목요일,경상남도 통영시 광도면,경상사고,0,0,1,4,차대차 - 기타,신호위반,건조,맑음,교차로 - 교차로안,승용,여,67세,상해없음,승합,여,46세,경상
2019082200100400,2019년 8월 22일 15시,목요일,경상남도 양산시 물금읍,경상사고,0,0,2,0,차대차 - 측면충돌,안전운전불이행,건조,맑음,교차로 - 교차로안,승용,남,56세,상해없음,승용,여,34세,경상
2019082200100401,2019년 8월 22일 15시,목요일,경상남도 산청군 삼장면,부상신고사고,0,0,0,1,차대차 - 측면충돌,교차로운행방법위반,건조,맑음,교차로 - 교차로안,승용,여,29세,부상신고,화물,남,67세,상해없음
2019082200100433,2019년 8월 22일 16시,목요일,경상남도 사천시 선구동,경상사고,0,0,1,0,차대차 - 측면충돌,직진우회전진행방해,건조,맑음,교차로 - 교차로안,이륜,남,70세,경상,승용,남,33세,상해없음
2019082200100434,2019년 8월 22일 16시,목요일,경상남도 밀양시 내이동,중상사고,0,1,0,0,차대사람 - 기타,안전운전불이행,건조,맑음,단일로 - 기타,승용,여,61세,상해없음,보행자,남,78세,중상
2019082200100435,2019년 8월 22일 16시,목요일,경상남도 창녕군 유어면,중상사고,0,1,0,0,차대차 - 기타,중앙선침범,건조,맑음,교차로 - 교차로부근,승합,남,61세,상해없음,승용,남,79세,중상
2019082200100436,2019년 8월 22일 16시,목요일,경상남도 양산시 동면,경상사고,0,0,1,0,차대차 - 기타,안전운전불이행,건조,맑음,단일로 - 기타,승용,남,51세,상해없음,승용,여,43세,경상
2019082200100437,2019년 8월 22일 16시,목요일,경상남도 김해시 진영읍,부상신고사고,0,0,0,1,차대사람 - 횡단중,안전운전불이행,건조,맑음,단일로 - 기타,기타불명,기타불명,미분류,기타불명,보행자,남,12세,부상신고
2019082200100480,2019년 8월 22일 17시,목요일,경상남도 창원시 마산합포구 남성동,경상사고,0,0,3,0,차대차 - 측면충돌,안전운전불이행,건조,맑음,단일로 - 기타,화물,남,75세,경상,승용,남,51세,경상
2019082200100481,2019년 8월 22일 17시,목요일,경상남도 창원시 진해구 두동,경상사고,0,0,1,0,차대차 - 추돌,안전운전불이행,건조,맑음,단일로 - 기타,승용,남,65세,상해없음,승용,여,26세,경상
2019082200100482,2019년 8월 22일 17시,목요일,경상남도 양산시 삼호동,경상사고,0,0,2,0,차대차 - 기타,안전운전불이행,건조,맑음,단일로 - 기타,승용,남,51세,기타불명,화물,여,26세,경상
2019082200100537,2019년 8월 22일 18시,목요일,경상남도 창원시 진해구 이동,경상사고,0,0,1,0,차대차 - 측면충돌,안전운전불이행,건조,맑음,교차로 - 교차로부근,이륜,남,22세,경상,승용,여,50세,상해없음
2019082200100538,2019년 8월 22일 18시,목요일,경상남도 거제시 연초면,중상사고,0,1,0,0,차대차 - 기타,신호위반,건조,맑음,교차로 - 교차로안,승용,여,48세,상해없음,화물,남,50세,상해없음
2019082200100539,2019년 8월 22일 18시,목요일,경상남도 거제시 장평동,중상사고,0,1,0,0,차대차 - 기타,안전운전불이행,건조,맑음,교차로 - 교차로부근,승용,여,38세,상해없음,자전거,남,40세,중상
2019082200100540,2019년 8월 22일 18시,목요일,경상남도 함안군 가야읍,경상사고,0,0,1,0,차대차 - 추돌,안전운전불이행,건조,맑음,교차로 - 교차로부근,승용,여,27세,상해없음,자전거,남,11세,경상
2019082200100577,2019년 8월 22일 19시,목요일,경상남도 창녕군 도천면,경상사고,0,0,1,0,차대차 - 기타,안전운전불이행,건조,맑음,교차로 - 교차로안,승용,남,56세,상해없음,승용,남,74세,경상
2019082200100578,2019년 8월 22일 19시,목요일,경상남도 창원시 의창구 신월동,경상사고,0,0,1,0,차대사람 - 횡단중,보행자보호의무위반,건조,맑음,교차로 - 교차로횡단보도내,승용,여,48세,상해없음,보행자,여,22세,경상
2019082200100616,2019년 8월 22일 20시,목요일,경상남도 김해시 내동,경상사고,0,0,1,0,차대차 - 측면충돌,안전운전불이행,건조,맑음,교차로 - 교차로부근,이륜,남,38세,경상,승용,여,50세,상해없음
2019082200100617,2019년 8월 22일 20시,목요일,경상남도 김해시 삼문동,경상사고,0,0,1,0,차대차 - 측면충돌,신호위반,건조,맑음,교차로 - 교차로안,자전거,남,16세,경상,승용,여,41세,상해없음