사고번호,사고일시,요일,시군구,사고내용,사망자수,중상자수,경상자수,부상신고자수,사고유형,법규위반,노면상태,기상상태,도로형태,가해운전자 차종,가해운전자 성별,가해운전자 연령,가해운전자 상해정도,피해운전자 차종,피해운전자 성별,피해운전자 연령,피해운전자 상해정도
2019082200100642,2019년 8월 22일 21시,목요일,경상남도 창원시 의창구 팔용동,경상사고,0,0,1,0,차대사람 - 기타,안전운전불이행,건조,맑음,교차로 - 교차로안,승용,여,28세,상해없음,보행자,남,44세,경상
2019082200100670,2019년 8월 22일 22시,목요일,경상남도 창원시 진해구 제덕동,중상사고,0,1,0,0,차대차 - 기타,안전운전불이행,건조,맑음,교차로 - 교차로안,승용,남,26세,상해없음,자전거,남,37세,중상
2019082200100671,2019년 8월 22일 22시,목요일,경상남도 사천시 사남면,중상사고,0,1,2,0,차대차 - 측면충돌,신호위반,건조,맑음,교차로 - 교차로안,승용,남,38세,경상,화물,남,26세,중상
2019082200100672,2019년 8월 22일 22시,목요일,경상남도 김해시 외동,중상사고,0,1,2,0,차대차 - 추돌,안전운전불이행,건조,맑음,단일로 - 기타,승용,남,49세,상해없음,승용,남,62세,경상
2019082300100035,2019년 8월 23일 00시,금요일,경상남도 양산시 물금읍,중상사고,0,1,0,0,차대차 - 측면충돌,신호위반,젖음/습기,비,교차로 - 교차로안,승용,남,42세,상해없음,이륜,남,26세,중상
2019082300100087,2019년 8월 23일 05시,금요일,경상남도 진주시 상봉동,경상사고,0,0,1,0,차대사람 - 기타,안전운전불이행,건조,맑음,교차로 - 교차로안,승용,남,62세,기타불명,보행자,남,36세,경상
2019082300100158,2019년 8월 23일 08시,금요일,경상남도 사천시 용강동,중상사고,0,1,1,0,차대차 - 정면충돌,중앙선침범,건조,맑음,교차로 - 교차로부근,승용,남,72세,경상,화물,남,48세,중상
2019082300100159,2019년 8월 23일 08시,금요일,경상남도 사천시 정동면,경상사고,0,0,2,0,차대차 - 측면충돌,직진우회전진행방해,건조,맑음,교차로 - 교차로안,승용,여,47세,경상,승용,여,44세,경상
2019082300100160,2019년 8월 23일 08시,금요일,경상남도 거창군 거창읍,경상사고,0,0,1,0,차대사람 - 횡단중,안전운전불이행,건조,맑음,기타 - 기타,화물,남,70세,상해없음,보행자,남,87세,경상
2019082300100198,2019년 8월 23일 09시,금요일,경상남도 창원시 진해구 경화동,경상사고,0,0,9,0,차대차 - 측면충돌,안전운전불이행,건조,흐림,교차로 - 교차로부근,승용,남,59세,상해없음,승용,남,20세,경상
2019082300100199,2019년 8월 23일 09시,금요일,경상남도 밀양시 삼랑진읍,중상사고,0,1,0,0,차대차 - 기타,안전운전불이행,건조,맑음,단일로 - 기타,화물,남,43세,상해없음,이륜,남,69세,중상
2019082300100200,2019년 8월 23일 09시,금요일,경상남도 김해시 흥동,중상사고,0,1,1,0,차대차 - 측면충돌,안전운전불이행,건조,흐림,교차로 - 교차로안,화물,남,58세,중상,승용,남,62세,경상
2019082300100229,2019년 8월 23일 10시,금요일,경상남도 사천시 용현면,경상사고,0,0,2,0,차대차 - 측면충돌,중앙선침범,건조,맑음,교차로 - 교차로부근,승용,남,77세,상해없음,승용,남,46세,경상
2019082300100230,2019년 8월 23일 10시,금요일,경상남도 거제시 연초면,중상사고,0,1,0,0,차대차 - 기타,안전거리미확보,건조,맑음,단일로 - 터널,화물,남,29세,상해없음,화물,남,74세,중상
2019082300100231,2019년 8월 23일 10시,금요일,경상남도 창원시 성산구 성주동,중상사고,0,1,0,0,차대차 - 추돌,안전운전불이행,건조,맑음,단일로 - 기타,승용,여,50세,상해없음,승용,남,73세,중상
2019082300100232,2019년 8월 23일 10시,금요일,경상남도 창원시 마산회원구 회원동,중상사고,0,1,0,0,차대차 - 측면충돌,안전운전불이행,건조,맑음,교차로 - 교차로부근,승용,남,43세,상해없음,이륜,남,66세,중상
2019082300100233,2019년 8월 23일 10시,금요일,경상남도 김해시 대청동,경상사고,0,0,1,0,차대차 - 정면충돌,신호위반,건조,흐림,교차로 - 교차로안,승용,남,60세,상해없음,승용,여,57세,경상
2019082300100291,2019년 8월 23일 12시,금요일,경상남도 통영시 북신동,부상신고사고,0,0,0,1,차대차 - 기타,직진우회전진행방해,건조,맑음,교차로 - 교차로안,이륜,남,66세,부상신고,승용,여,75세,상해없음
2019082300100292,2019년 8월 23일 12시,금요일,경상남도 양산시 원동면,경상사고,0,0,1,0,차대차 - 기타,안전운전불이행,건조,맑음,단일로 - 기타,화물,남,71세,상해없음,승합,여,54세,경상
2019082300100293,2019년 8월 23일 12시,금요일,경상남도 함안군 가야읍,중상사고,0,1,0,0,차대사람 - 횡단중,안전운전불이행,건조,맑음,교차로 - 교차로안,승용,여,52세,상해없음,보행자,여,83세,중상
2019082300100325,2019년 8월 23일 13시,금요일,경상남도 통영시 무전동,경상사고,0,0,1,0,차량단독 - 공작물충돌,안전운전불이행,건조,맑음,단일로 - 기타,승용,남,38세,경상,,,,
2019082300100359,2019년 8월 23일 14시,금요일,경상남도 함양군 유림면,중상사고,0,1,0,0,차대사람 - 횡단중,안전운전불이행,건조,맑음,교차로 - 교차로부근,승용,남,65세,상해없음,보행자,여,80세,중상
2019082300100360,2019년 8월 23일 14시,금요일,경상남도 김해시 무계동,중상사고,0,1,2,0,차대차 - 추돌,안전운전불이행,건조,맑음,교차로 - 교차로안,이륜,남,37세,경상,승용,남,40세,경상
2019082300100392,2019년 8월 23일 15시,금요일,경상남도 창원시 진해구 용원동,경상사고,0,0,1,0,차대차 - 측면충돌,안전운전불이행,건조,맑음,교차로 - 교차로안,화물,남,46세,상해없음,특수,남,39세,경상
2019082300100393,2019년 8월 23일 15시,금요일,경상남도 통영시 미수동,경상사고,0,0,1,0,차대차 - 추돌,안전거리미확보,건조,맑음,단일로 - 기타,화물,남,24세,상해없음,승용,남,67세,경상
2019082300100394,2019년 8월 23일 15시,금요일,경상남도 합천군 대병면,중상사고,0,1,0,0,차대차 - 측면충돌,교차로운행방법위반,건조,맑음,교차로 - 교차로안,승용,남,58세,상해없음,이륜,남,26세,중상
2019082300100430,2019년 8월 23일 16시,금요일,경상남도 함양군 함양읍,중상사고,0,1,0,0,차대차 - 측면충돌,안전거리미확보,건조,맑음,단일로 - 기타,건설기계,남,46세,상해없음,이륜,남,60세,중상
2019082300100491,2019년 8월 23일 17시,금요일,경상남도 창원시 마산합포구 완월동,중상사고,0,1,0,0,차대사람 - 횡단중,과속,건조,맑음,단일로 - 기타,승용,남,33세,상해없음,보행자,남,78세,중상
2019082300100492,2019년 8월 23일 17시,금요일,경상남도 진주시 상대동,중상사고,0,1,2,0,차대차 - 추돌,안전운전불이행,건조,맑음,교차로 - 교차로부근,승용,남,55세,상해없음,승용,여,52세,경상
2019082300100493,2019년 8월 23일 17시,금요일,경상남도 사천시 사남면,경상사고,0,0,1,0,차대차 - 측면충돌,안전운전불이행,건조,맑음,교차로 - 교차로부근,이륜,남,75세,경상,화물,남,48세,상해없음
2019082300100494,2019년 8월 23일 17시,금요일,경상남도 밀양시 내이동,중상사고,0,1,0,0,차대차 - 측면충돌,안전운전불이행,건조,맑음,단일로 - 기타,화물,남,61세,상해없음,화물,남,44세,중상
2019082300100495,2019년 8월 23일 17시,금요일,경상남도 창원시 의창구 도계동,경상사고,0,0,2,0,차대차 - 기타,안전운전불이행,건조,맑음,교차로 - 교차로안,승용,여,63세,상해없음,승용,여,63세,경상
2019082300100496,2019년 8월 23일 17시,금요일,경상남도 김해시 관동동,중상사고,0,1,0,0,차대사람 - 횡단중,신호위반,건조,기타,교차로 - 교차로횡단보도내,승용,여,41세,상해없음,보행자,여,39세,중상
2019082300100550,2019년 8월 23일 18시,금요일,경상남도 진주시 호탄동,부상신고사고,0,0,0,1,차대차 - 기타,안전운전불이행,건조,맑음,단일로 - 기타,기타불명,기타불명,미분류,기타불명,화물,남,53세,상해없음
2019082300100586,2019년 8월 23일 19시,금요일,경상남도 진주시 하대동,경상사고,0,0,1,0,차대차 - 기타,안전운전불이행,건조,맑음,교차로 - 교차로부근,이륜,남,18세,경상,승합,남,47세,상해없음
2019082300100587,2019년 8월 23일 19시,금요일,경상남도 함안군 가야읍,경상사고,0,0,1,0,차대사람 - 횡단중,보행자보호의무위반,건조,맑음,교차로 - 교차로횡단보도내,화물,여,54세,상해없음,보행자,여,62세,경상
2019082300100588,2019년 8월 23일 19시,금요일,경상남도 창원시 성산구 성주동,경상사고,0,0,4,0,차대차 - 측면충돌,신호위반,건조,맑음,교차로 - 교차로안,승용,남,25세,상해없음,승용,남,41세,경상
2019082300100589,2019년 8월 23일 19시,금요일,경상남도 김해시 주촌면,경상사고,0,0,1,0,차대차 - 추돌,안전운전불이행,건조,기타,단일로 - 기타,승용,남,61세,상해없음,승용,남,46세,경상
2019082300100627,2019년 8월 23일 20시,금요일,경상남도 고성군 마암면,중상사고,0,1,0,0,차대차 - 기타,신호위반,건조,맑음,교차로 - 교차로안,승용,여,60세,상해없음,승용,남,58세,중상
2019082300100656,2019년 8월 23일 21시,금요일,경상남도 창원시 마산회원구 석전동,사망사고,1,0,0,0,차대사람 - 횡단중,안전운전불이행,건조,맑음,교차로 - 교차로부근,승용,남,80세,상해없음,보행자,남,73세,사망
2019082300100718,2019년 8월 23일 23시,금요일,경상남도 거제시 장승포동,부상신고사고,0,0,0,1,차대차 - 측면충돌,안전운전불이행,건조,맑음,단일로 - 기타,승용,여,30세,상해없음,승용,남,61세,부상신고
2019082400100058,2019년 8월 24일 01시,토요일,경상남도 통영시 미수동,중상사고,0,1,1,0,차대차 - 기타,안전거리미확보,건조,맑음,단일로 - 기타,이륜,남,24세,중상,승용,남,62세,경상
2019082400100104,2019년 8월 24일 04시,토요일,경상남도 진주시 평거동,중상사고,0,1,4,0,차대차 - 기타,신호위반,건조,맑음,교차로 - 교차로안,승용,남,27세,상해없음,승용,여,30세,중상
2019082400100105,2019년 8월 24일 04시,토요일,경상남도 창원시 진해구 풍호동,경상사고,0,0,2,0,차대차 - 측면충돌,안전운전불이행,건조,맑음,교차로 - 교차로안,승용,여,24세,상해없음,화물,남,26세,경상
2019082400100124,2019년 8월 24일 06시,토요일,경상남도 사천시 동동,경상사고,0,0,1,0,차대차 - 측면충돌,안전운전불이행,건조,맑음,단일로 - 기타,승용,남,58세,상해없음,이륜,남,75세,경상
2019082400100146,2019년 8월 24일 07시,토요일,경상남도 고성군 고성읍,중상사고,0,1,0,0,차대차 - 기타,안전운전불이행,건조,맑음,단일로 - 기타,이륜,남,56세,상해없음,이륜,남,71세,중상
2019082400100164,2019년 8월 24일 08시,토요일,경상남도 양산시 물금읍,경상사고,0,0,1,0,차대차 - 측면충돌,교차로운행방법위반,건조,맑음,교차로 - 교차로안,화물,남,61세,상해없음,승용,남,61세,경상
2019082400100182,2019년 8월 24일 09시,토요일,경상남도 사천시 동금동,경상사고,0,0,1,0,차대차 - 기타,안전운전불이행,건조,맑음,단일로 - 기타,화물,남,66세,상해없음,이륜,남,66세,경상
2019082400100183,2019년 8월 24일 09시,토요일,경상남도 거창군 거창읍,경상사고,0,0,1,0,차대차 - 후진중충돌,안전운전불이행,건조,맑음,교차로 - 교차로안,승용,남,76세,상해없음,이륜,남,64세,경상
2019082400100215,2019년 8월 24일 10시,토요일,경상남도 함안군 군북면,경상사고,0,0,3,0,차대차 - 측면충돌,안전운전불이행,건조,맑음,교차로 - 교차로안,승용,여,60세,경상,승용,여,54세,경상
2019082400100249,2019년 8월 24일 11시,토요일,경상남도 창원시 마산회원구 합성동,중상사고,0,2,4,0,차대차 - 측면충돌,안전운전불이행,건조,맑음,교차로 - 교차로안,승용,여,74세,상해없음,승합,남,52세,상해없음
2019082400100290,2019년 8월 24일 12시,토요일,경상남도 밀양시 무안면,중상사고,0,1,4,0,차대차 - 측면충돌,기타,건조,맑음,교차로 - 교차로안,승용,여,57세,상해없음,화물,남,56세,경상
2019082400100291,2019년 8월 24일 12시,토요일,경상남도 김해시 외동,경상사고,0,0,1,0,차대차 - 측면충돌,안전운전불이행,건조,맑음,교차로 - 교차로부근,승용,남,61세,상해없음,승용,남,65세,경상
2019082400100292,2019년 8월 24일 12시,토요일,경상남도 양산시 평산동,경상사고,0,0,1,0,차대차 - 측면충돌,안전운전불이행,건조,맑음,교차로 - 교차로안,승용,남,52세,상해없음,승용,남,67세,경상
2019082400100320,2019년 8월 24일 13시,토요일,경상남도 창원시 마산합포구 동성동,중상사고,0,1,0,0,차량단독 - 기타,기타,건조,맑음,단일로 - 기타,승용,남,61세,상해없음,,,,
2019082400100321,2019년 8월 24일 13시,토요일,경상남도 김해시 동상동,경상사고,0,0,1,0,차대차 - 측면충돌,교차로운행방법위반,건조,맑음,교차로 - 교차로부근,원동기,남,18세,상해없음,승용,여,34세,경상
2019082400100322,2019년 8월 24일 13시,토요일,경상남도 양산시 상북면,부상신고사고,0,0,0,1,차대차 - 추돌,안전거리미확보,건조,맑음,단일로 - 기타,화물,남,80세,부상신고,화물,남,34세,상해없음
2019082400100384,2019년 8월 24일 15시,토요일,경상남도 창원시 마산합포구 진동면,중상사고,0,1,0,0,차대사람 - 횡단중,신호위반,건조,맑음,단일로 - 기타,승용,남,47세,상해없음,보행자,여,90세 이상,중상
2019082400100385,2019년 8월 24일 15시,토요일,경상남도 함양군 함양읍,경상사고,0,0,1,0,차대차 - 측면충돌,교차로운행방법위반,건조,맑음,교차로 - 교차로안,원동기,여,67세,경상,승용,남,22세,상해없음
2019082400100386,2019년 8월 24일 15시,토요일,경상남도 거제시 사등면,중상사고,0,1,11,0,차대차 - 추돌,안전거리미확보,건조,맑음,단일로 - 기타,승합,남,51세,상해없음,승용,여,38세,경상
2019082400100387,2019년 8월 24일 15시,토요일,경상남도 남해군 이동면,중상사고,0,2,0,0,차량단독 - 도로외이탈 - 추락,안전운전불이행,건조,맑음,단일로 - 기타,승용,남,76세,중상,,,,
2019082400100388,2019년 8월 24일 15시,토요일,경상남도 산청군 시천면,사망사고,1,3,0,0,차대차 - 정면충돌,중앙선침범,건조,맑음,단일로 - 기타,화물,남,19세,중상,승용,여,67세,중상
2019082400100421,2019년 8월 24일 16시,토요일,경상남도 김해시 부곡동,경상사고,0,0,2,0,차대차 - 측면충돌,안전운전불이행,건조,맑음,교차로 - 교차로안,승용,여,25세,경상,승용,여,47세,경상
2019082400100465,2019년 8월 24일 17시,토요일,경상남도 진주시 강남동,경상사고,0,0,2,0,차대차 - 추돌,안전운전불이행,건조,맑음,단일로 - 교량,승용,남,54세,상해없음,승용,여,42세,경상
2019082400100466,2019년 8월 24일 17시,토요일,경상남도 사천시 벌리동,중상사고,0,1,0,0,차대차 - 기타,직진우회전진행방해,건조,맑음,교차로 - 교차로안,승용,남,45세,상해없음,이륜,남,33세,중상
2019082400100467,2019년 8월 24일 17시,토요일,경상남도 산청군 단성면,부상신고사고,0,0,0,1,차대차 - 정면충돌,중앙선침범,건조,맑음,단일로 - 기타,농기계,남,88세,부상신고,승용,남,28세,상해없음
2019082400100532,2019년 8월 24일 19시,토요일,경상남도 밀양시 내이동,중상사고,0,1,0,0,차대차 - 측면충돌,중앙선침범,건조,흐림,단일로 - 기타,승용,남,69세,상해없음,이륜,남,37세,중상
2019082400100533,2019년 8월 24일 19시,토요일,경상남도 김해시 대동면,중상사고,0,1,0,0,차량단독 - 전도전복 - 전도,안전운전불이행,건조,맑음,단일로 - 기타,자전거,남,64세,중상,,,,
2019082400100534,2019년 8월 24일 19시,토요일,경상남도 창원시 마산합포구 산호동,중상사고,0,2,0,0,차대차 - 측면충돌,안전운전불이행,건조,맑음,교차로 - 교차로부근,승용,남,41세,상해없음,승용,남,25세,중상
2019082400100535,2019년 8월 24일 19시,토요일,경상남도 진주시 가좌동,경상사고,0,0,1,0,차대차 - 측면충돌,안전운전불이행,건조,맑음,단일로 - 기타,승용,남,39세,경상,기타불명,기타불명,미분류,기타불명
2019082400100563,2019년 8월 24일 20시,토요일,경상남도 창원시 진해구 이동,경상사고,0,0,1,0,차대차 - 기타,안전운전불이행,젖음/습기,흐림,교차로 - 교차로부근,이륜,남,53세,경상,승용,남,49세,상해없음
2019082400100564,2019년 8월 24일 20시,토요일,경상남도 거창군 거창읍,경상사고,0,0,1,0,차대차 - 측면충돌,안전운전불이행,건조,맑음,교차로 - 교차로안,이륜,남,16세,경상,승용,남,24세,상해없음
2019082400100565,2019년 8월 24일 20시,토요일,경상남도 진주시 가좌동,부상신고사고,0,0,0,1,차대차 - 기타,안전운전불이행,건조,맑음,단일로 - 기타,기타불명,기타불명,미분류,기타불명,승용,여,53세,부상신고
2019082400100632,2019년 8월 24일 22시,토요일,경상남도 진주시 유곡동,중상사고,0,1,0,0,차대사람 - 횡단중,안전운전불이행,건조,맑음,단일로 - 기타,승용,남,46세,상해없음,보행자,남,45세,중상
2019082400100633,2019년 8월 24일 22시,토요일,경상남도 거제시 장평동,중상사고,0,1,0,0,차대차 - 후진중충돌,안전운전불이행,건조,맑음,단일로 - 기타,승용,남,44세,상해없음,승합,여,60세,중상
2019082500100021,2019년 8월 25일 00시,일요일,경상남도 김해시 외동,경상사고,0,0,1,0,차대차 - 측면충돌,안전운전불이행,건조,맑음,교차로 - 교차로안,승용,남,67세,상해없음,원동기,남,34세,경상
2019082500100022,2019년 8월 25일 00시,일요일,경상남도 거제시 장승포동,경상사고,0,0,1,0,차량단독 - 전도전복 - 전도,안전운전불이행,건조,맑음,단일로 - 기타,이륜,남,50세,경상,,,,
2019082500100036,2019년 8월 25일 01시,일요일,경상남도 통영시 동호동,경상사고,0,0,1,0,차대차 - 측면충돌,교차로운행방법위반,건조,맑음,교차로 - 교차로안,승용,여,32세,상해없음,승용,남,66세,경상
2019082500100037,2019년 8월 25일 01시,일요일,경상남도 창원시 성산구 상남동,경상사고,0,0,4,0,차대차 - 측면충돌,안전운전불이행,건조,맑음,단일로 - 기타,화물,남,31세,상해없음,승합,남,45세,경상
2019082500100048,2019년 8월 25일 02시,일요일,경상남도 김해시 어방동,경상사고,0,0,1,0,차대사람 - 횡단중,신호위반,건조,맑음,교차로 - 교차로횡단보도내,이륜,남,17세,상해없음,보행자,남,20세,경상
2019082500100057,2019년 8월 25일 03시,일요일,경상남도 창원시 진해구 용원동,중상사고,0,2,0,0,차대차 - 측면충돌,안전운전불이행,건조,맑음,교차로 - 교차로부근,승용,남,59세,상해없음,기타불명,기타불명,미분류,기타불명
2019082500100064,2019년 8월 25일 04시,일요일,경상남도 김해시 진례면,중상사고,0,1,0,0,차대차 - 추돌,안전운전불이행,건조,맑음,단일로 - 기타,승용,남,50세,상해없음,승용,남,23세,기타불명
2019082500100081,2019년 8월 25일 05시,일요일,경상남도 사천시 사남면,경상사고,0,0,1,0,차량단독 - 공작물충돌,안전운전불이행,건조,맑음,교차로 - 교차로안,승용,남,29세,경상,,,,
2019082500100097,2019년 8월 25일 07시,일요일,경상남도 사천시 벌리동,중상사고,0,1,0,0,차대사람 - 보도통행중,기타,건조,맑음,단일로 - 기타,승용,남,51세,상해없음,보행자,여,81세,중상
2019082500100098,2019년 8월 25일 07시,일요일,경상남도 김해시 삼계동,경상사고,0,0,1,0,차대차 - 추돌,안전운전불이행,건조,맑음,교차로 - 교차로부근,승용,남,29세,상해없음,승용,남,31세,경상
2019082500100104,2019년 8월 25일 08시,일요일,경상남도 하동군 하동읍,경상사고,0,0,1,0,차대사람 - 횡단중,안전운전불이행,건조,맑음,단일로 - 기타,승용,남,25세,상해없음,보행자,남,8세,경상
2019082500100105,2019년 8월 25일 08시,일요일,경상남도 산청군 생초면,사망사고,1,0,0,0,차대사람 - 기타,안전운전불이행,건조,맑음,단일로 - 기타,화물,남,58세,상해없음,보행자,여,84세,사망
2019082500100124,2019년 8월 25일 09시,일요일,경상남도 통영시 정량동,중상사고,0,1,1,0,차대차 - 측면충돌,직진우회전진행방해,건조,맑음,교차로 - 교차로안,특수,남,40세,상해없음,승용,여,35세,중상
2019082500100171,2019년 8월 25일 11시,일요일,경상남도 창원시 진해구 용원동,중상사고,0,1,0,0,차대차 - 측면충돌,안전운전불이행,건조,맑음,교차로 - 교차로부근,승용,남,67세,상해없음,이륜,남,45세,중상
2019082500100172,2019년 8월 25일 11시,일요일,경상남도 양산시 주진동,경상사고,0,0,1,0,차대차 - 측면충돌,안전운전불이행,건조,맑음,단일로 - 기타,승용,남,72세,상해없음,이륜,남,20세,경상
2019082500100271,2019년 8월 25일 14시,일요일,경상남도 하동군 하동읍,중상사고,0,1,0,0,차대차 - 측면충돌,교차로운행방법위반,건조,맑음,교차로 - 교차로안,승용,남,40세,상해없음,이륜,남,84세,중상
2019082500100306,2019년 8월 25일 15시,일요일,경상남도 남해군 삼동면,중상사고,0,1,0,0,차대사람 - 차도통행중,안전운전불이행,건조,맑음,단일로 - 기타,승용,남,64세,상해없음,보행자,남,62세,중상
2019082500100347,2019년 8월 25일 16시,일요일,경상남도 창녕군 남지읍,중상사고,0,1,0,0,차대차 - 기타,기타,건조,맑음,교차로 - 교차로부근,승용,남,65세,상해없음,자전거,여,54세,중상
2019082500100369,2019년 8월 25일 17시,일요일,경상남도 거창군 고제면,경상사고,0,0,1,0,차대차 - 측면충돌,안전운전불이행,건조,맑음,교차로 - 교차로부근,승용,남,38세,상해없음,승합,남,57세,경상
2019082500100405,2019년 8월 25일 18시,일요일,경상남도 거제시 양정동,부상신고사고,0,0,0,1,차대차 - 기타,안전운전불이행,건조,맑음,기타 - 기타,이륜,남,53세,상해없음,자전거,남,10세,부상신고
2019082500100442,2019년 8월 25일 19시,일요일,경상남도 고성군 회화면,중상사고,0,1,0,0,차대차 - 측면충돌,교차로운행방법위반,건조,맑음,교차로 - 교차로안,승용,남,75세,중상,승용,남,40세,상해없음
2019082500100478,2019년 8월 25일 20시,일요일,경상남도 사천시 벌리동,부상신고사고,0,0,0,1,차대사람 - 횡단중,안전운전불이행,건조,맑음,단일로 - 기타,승용,여,56세,상해없음,보행자,남,3세,부상신고
2019082500100479,2019년 8월 25일 20시,일요일,경상남도 김해시 대성동,경상사고,0,0,4,0,차대차 - 측면충돌,안전운전불이행,건조,맑음,교차로 - 교차로안,승용,남,23세,상해없음,승용,여,38세,경상
2019082500100502,2019년 8월 25일 21시,일요일,경상남도 통영시 무전동,경상사고,0,0,1,0,차대사람 - 차도통행중,안전운전불이행,건조,맑음,단일로 - 기타,승용,남,33세,상해없음,보행자,남,53세,경상
2019082500100503,2019년 8월 25일 21시,일요일,경상남도 김해시 외동,경상사고,0,0,1,0,차대차 - 기타,안전운전불이행,건조,맑음,단일로 - 기타,승용,남,56세,상해없음,승합,남,36세,상해없음
2019082600100049,2019년 8월 26일 02시,월요일,경상남도 김해시 구산동,부상신고사고,0,0,0,1,차량단독 - 공작물충돌,안전운전불이행,건조,맑음,단일로 - 기타,승용,남,50세,부상신고,,,,
2019082600100075,2019년 8월 26일 05시,월요일,경상남도 김해시 구산동,중상사고,0,1,0,0,차대차 - 추돌,안전운전불이행,젖음/습기,비,단일로 - 기타,승용,남,26세,상해없음,화물,남,60세,중상
2019082600100095,2019년 8월 26일 06시,월요일,경상남도 거창군 고제면,중상사고,0,1,0,0,차대사람 - 횡단중,안전운전불이행,건조,맑음,단일로 - 기타,화물,남,47세,상해없음,보행자,남,74세,중상
2019082600100096,2019년 8월 26일 06시,월요일,경상남도 거제시 장평동,중상사고,0,1,0,0,차대차 - 측면충돌,신호위반,건조,맑음,교차로 - 교차로부근,자전거,남,58세,중상,승합,남,46세,상해없음
2019082600100130,2019년 8월 26일 07시,월요일,경상남도 거제시 아주동,경상사고,0,0,1,0,차대차 - 측면충돌,안전운전불이행,건조,맑음,단일로 - 기타,승용,남,47세,상해없음,승용,여,36세,경상
2019082600100162,2019년 8월 26일 08시,월요일,경상남도 통영시 무전동,경상사고,0,0,1,0,차대차 - 추돌,안전거리미확보,건조,맑음,교차로 - 교차로부근,승용,여,32세,상해없음,승합,남,63세,경상
2019082600100163,2019년 8월 26일 08시,월요일,경상남도 밀양시 삼랑진읍,부상신고사고,0,0,0,1,차대차 - 추돌,안전운전불이행,건조,맑음,단일로 - 기타,자전거,남,29세,부상신고,승용,남,56세,상해없음
2019082600100164,2019년 8월 26일 08시,월요일,경상남도 산청군 단성면,중상사고,0,1,1,0,차대차 - 정면충돌,중앙선침범,건조,맑음,단일로 - 기타,승용,남,66세,상해없음,승용,남,30세,경상
2019082600100165,2019년 8월 26일 08시,월요일,경상남도 창원시 의창구 서상동,경상사고,0,0,1,0,차대차 - 후진중충돌,안전운전불이행,건조,맑음,교차로 - 교차로안,특수,남,44세,상해없음,승용,남,37세,경상
2019082600100205,2019년 8월 26일 09시,월요일,경상남도 창원시 마산합포구 남성동,경상사고,0,0,1,0,차량단독 - 기타,안전운전불이행,건조,맑음,단일로 - 기타,승합,남,54세,상해없음,,,,
2019082600100206,2019년 8월 26일 09시,월요일,경상남도 밀양시 내이동,경상사고,0,0,1,0,차대사람 - 보도통행중,보행자보호의무위반,건조,맑음,단일로 - 기타,승용,여,32세,상해없음,보행자,여,78세,경상
2019082600100207,2019년 8월 26일 09시,월요일,경상남도 거제시 옥포동,경상사고,0,0,1,0,차대차 - 측면충돌,안전운전불이행,건조,맑음,단일로 - 기타,승용,여,63세,상해없음,승용,여,66세,경상
2019082600100245,2019년 8월 26일 10시,월요일,경상남도 창원시 진해구 남문동,경상사고,0,0,4,0,차대차 - 측면충돌,교차로운행방법위반,건조,맑음,교차로 - 교차로안,승용,여,35세,경상,승용,남,36세,경상
2019082600100246,2019년 8월 26일 10시,월요일,경상남도 함양군 휴천면,경상사고,0,0,1,0,차량단독 - 전도전복 - 전도,안전운전불이행,건조,맑음,단일로 - 기타,건설기계,남,66세,경상,,,,
2019082600100288,2019년 8월 26일 11시,월요일,경상남도 통영시 용남면,중상사고,0,3,2,0,차대차 - 기타,안전거리미확보,건조,맑음,단일로 - 기타,승용,여,24세,상해없음,승용,남,44세,중상
2019082600100289,2019년 8월 26일 11시,월요일,경상남도 거창군 거창읍,부상신고사고,0,0,0,1,차대차 - 측면충돌,안전운전불이행,건조,맑음,교차로 - 교차로안,승용,여,44세,상해없음,이륜,남,85세,부상신고
2019082600100290,2019년 8월 26일 11시,월요일,경상남도 하동군 금성면,경상사고,0,0,2,0,차대차 - 측면충돌,직진우회전진행방해,건조,맑음,교차로 - 교차로안,승용,여,63세,경상,승용,남,61세,경상
2019082600100324,2019년 8월 26일 12시,월요일,경상남도 사천시 동금동,경상사고,0,0,1,0,차대사람 - 차도통행중,안전운전불이행,건조,맑음,단일로 - 기타,승용,여,52세,상해없음,보행자,남,70세,경상
2019082600100325,2019년 8월 26일 12시,월요일,경상남도 밀양시 하남읍,중상사고,0,1,0,0,차대차 - 측면충돌,안전운전불이행,건조,맑음,교차로 - 교차로안,화물,남,73세,상해없음,승용,여,61세,중상
2019082600100326,2019년 8월 26일 12시,월요일,경상남도 양산시 물금읍,경상사고,0,0,1,0,차대차 - 측면충돌,안전운전불이행,건조,맑음,주차장 - 주차장,승용,남,54세,상해없음,승용,여,27세,경상
2019082600100356,2019년 8월 26일 13시,월요일,경상남도 창원시 마산합포구 상남동,부상신고사고,0,0,0,1,차대사람 - 기타,안전운전불이행,건조,맑음,교차로 - 교차로횡단보도내,화물,남,49세,상해없음,보행자,남,61세,부상신고
2019082600100357,2019년 8월 26일 13시,월요일,경상남도 밀양시 하남읍,중상사고,0,1,1,0,차대차 - 측면충돌,안전운전불이행,건조,맑음,교차로 - 교차로안,이륜,남,68세,경상,자전거,여,72세,중상
2019082600100358,2019년 8월 26일 13시,월요일,경상남도 김해시 동상동,중상사고,0,1,0,0,차대차 - 기타,안전운전불이행,건조,맑음,교차로 - 교차로안,이륜,남,72세,상해없음,승용,여,60세,상해없음