사고번호,사고일시,요일,시군구,사고내용,사망자수,중상자수,경상자수,부상신고자수,사고유형,법규위반,노면상태,기상상태,도로형태,가해운전자 차종,가해운전자 성별,가해운전자 연령,가해운전자 상해정도,피해운전자 차종,피해운전자 성별,피해운전자 연령,피해운전자 상해정도
2019082600100392,2019년 8월 26일 14시,월요일,경상남도 밀양시 삼문동,경상사고,0,0,2,0,차대차 - 측면충돌,직진우회전진행방해,건조,맑음,교차로 - 교차로안,승용,남,59세,상해없음,승용,남,47세,경상
2019082600100393,2019년 8월 26일 14시,월요일,경상남도 남해군 남면,경상사고,0,0,3,0,차대차 - 측면충돌,안전운전불이행,건조,맑음,단일로 - 기타,승용,여,54세,상해없음,승용,남,29세,경상
2019082600100434,2019년 8월 26일 15시,월요일,경상남도 거창군 거창읍,경상사고,0,0,1,0,차대사람 - 기타,안전운전불이행,기타,맑음,기타 - 기타,승용,남,44세,상해없음,보행자,남,56세,경상
2019082600100435,2019년 8월 26일 15시,월요일,경상남도 함양군 함양읍,중상사고,0,1,0,0,차대차 - 측면충돌,교차로운행방법위반,건조,맑음,교차로 - 교차로안,승용,남,44세,상해없음,자전거,남,64세,중상
2019082600100436,2019년 8월 26일 15시,월요일,경상남도 고성군 고성읍,중상사고,0,1,1,0,차대차 - 기타,불법유턴,건조,맑음,단일로 - 기타,승용,남,59세,상해없음,화물,남,51세,경상
2019082600100485,2019년 8월 26일 16시,월요일,경상남도 사천시 사남면,중상사고,0,1,0,0,차대차 - 측면충돌,안전운전불이행,건조,맑음,교차로 - 교차로횡단보도내,승용,여,60세,상해없음,자전거,남,62세,중상
2019082600100486,2019년 8월 26일 16시,월요일,경상남도 하동군 진교면,부상신고사고,0,0,0,1,차대차 - 정면충돌,안전운전불이행,건조,맑음,단일로 - 기타,자전거,남,13세,부상신고,승용,여,39세,상해없음
2019082600100487,2019년 8월 26일 16시,월요일,경상남도 창원시 의창구 도계동,경상사고,0,0,1,0,차대사람 - 차도통행중,안전운전불이행,건조,맑음,단일로 - 기타,승용,남,24세,상해없음,보행자,남,47세,경상
2019082600100488,2019년 8월 26일 16시,월요일,경상남도 창원시 의창구 대산면,경상사고,0,0,1,0,차대차 - 측면충돌,안전운전불이행,건조,맑음,교차로 - 교차로안,승용,남,65세,상해없음,승용,여,60세,경상
2019082600100527,2019년 8월 26일 17시,월요일,경상남도 창원시 진해구 석동,경상사고,0,0,1,0,차대사람 - 기타,안전운전불이행,건조,맑음,교차로 - 교차로부근,승합,남,65세,상해없음,보행자,여,25세,경상
2019082600100528,2019년 8월 26일 17시,월요일,경상남도 통영시 도천동,경상사고,0,0,1,0,차대차 - 기타,신호위반,건조,맑음,교차로 - 교차로안,승용,남,74세,상해없음,승용,남,61세,경상
2019082600100529,2019년 8월 26일 17시,월요일,경상남도 김해시 삼계동,중상사고,0,1,0,0,차대사람 - 기타,안전운전불이행,기타,맑음,교차로 - 교차로안,승용,여,54세,상해없음,보행자,남,68세,중상
2019082600100530,2019년 8월 26일 17시,월요일,경상남도 창원시 의창구 도계동,경상사고,0,0,2,0,차대차 - 측면충돌,안전거리미확보,건조,맑음,단일로 - 기타,승용,남,60세,상해없음,승합,남,72세,상해없음
2019082600100531,2019년 8월 26일 17시,월요일,경상남도 창원시 의창구 팔용동,경상사고,0,0,1,0,차대차 - 추돌,안전운전불이행,건조,맑음,교차로 - 교차로부근,화물,남,65세,상해없음,승용,여,34세,경상
2019082600100532,2019년 8월 26일 17시,월요일,경상남도 김해시 흥동,경상사고,0,0,1,0,차대차 - 측면충돌,신호위반,건조,맑음,교차로 - 교차로안,이륜,남,32세,경상,승용,남,51세,상해없음
2019082600100568,2019년 8월 26일 18시,월요일,경상남도 창원시 마산합포구 진동면,중상사고,0,1,0,0,차대차 - 기타,직진우회전진행방해,건조,맑음,교차로 - 교차로안,이륜,남,23세,상해없음,승용,남,50세,중상
2019082600100569,2019년 8월 26일 18시,월요일,경상남도 함안군 가야읍,경상사고,0,0,1,0,차대차 - 기타,안전운전불이행,건조,맑음,교차로 - 교차로안,화물,남,63세,상해없음,승용,여,50세,경상
2019082600100606,2019년 8월 26일 19시,월요일,경상남도 창원시 마산합포구 남성동,중상사고,0,1,0,0,차대사람 - 횡단중,안전운전불이행,건조,맑음,교차로 - 교차로횡단보도내,화물,여,54세,상해없음,보행자,여,81세,중상
2019082600100607,2019년 8월 26일 19시,월요일,경상남도 양산시 물금읍,중상사고,0,1,0,0,차대차 - 측면충돌,안전운전불이행,건조,맑음,단일로 - 기타,승합,여,51세,기타불명,승용,남,32세,중상
2019082600100642,2019년 8월 26일 20시,월요일,경상남도 창원시 진해구 평안동,중상사고,0,1,0,0,차대사람 - 횡단중,보행자보호의무위반,건조,맑음,교차로 - 교차로횡단보도내,승용,남,23세,상해없음,보행자,남,44세,중상
2019082600100643,2019년 8월 26일 20시,월요일,경상남도 김해시 외동,중상사고,0,1,0,0,차대사람 - 길가장자리구역통행중,안전운전불이행,건조,맑음,교차로 - 교차로안,승용,여,59세,상해없음,보행자,남,41세,중상
2019082600100644,2019년 8월 26일 20시,월요일,경상남도 남해군 삼동면,경상사고,0,0,1,0,차대차 - 측면충돌,신호위반,건조,맑음,교차로 - 교차로안,승용,남,58세,상해없음,승용,여,32세,경상
2019082600100645,2019년 8월 26일 20시,월요일,경상남도 창원시 의창구 소답동,경상사고,0,0,1,0,차대사람 - 횡단중,보행자보호의무위반,건조,맑음,교차로 - 교차로횡단보도내,승용,남,60세,상해없음,보행자,남,11세,경상
2019082600100646,2019년 8월 26일 20시,월요일,경상남도 창원시 의창구 도계동,중상사고,0,1,0,0,차대사람 - 기타,안전운전불이행,건조,맑음,기타 - 기타,승용,남,42세,상해없음,보행자,남,49세,중상
2019082600100665,2019년 8월 26일 21시,월요일,경상남도 창원시 진해구 용원동,경상사고,0,0,1,0,차대차 - 기타,안전운전불이행,건조,맑음,단일로 - 기타,승용,남,54세,상해없음,개인형이동수단(PM),여,33세,경상
2019082600100666,2019년 8월 26일 21시,월요일,경상남도 고성군 고성읍,경상사고,0,0,1,0,차대차 - 기타,중앙선침범,건조,맑음,단일로 - 기타,승용,여,62세,상해없음,승용,남,50세,경상
2019082600100691,2019년 8월 26일 22시,월요일,경상남도 김해시 어방동,경상사고,0,0,2,0,차대차 - 측면충돌,신호위반,건조,맑음,교차로 - 교차로안,승용,남,57세,상해없음,승합,여,51세,경상
2019082600100692,2019년 8월 26일 22시,월요일,경상남도 양산시 북부동,경상사고,0,0,3,0,차대차 - 측면충돌,직진우회전진행방해,건조,맑음,교차로 - 교차로안,승용,남,38세,경상,승용,여,55세,경상
2019082700100039,2019년 8월 27일 00시,화요일,경상남도 양산시 중부동,중상사고,0,1,0,0,차대사람 - 기타,안전운전불이행,건조,맑음,단일로 - 기타,승용,남,41세,상해없음,보행자,여,50세,중상
2019082700100076,2019년 8월 27일 04시,화요일,경상남도 양산시 물금읍,중상사고,0,1,0,0,차대사람 - 기타,안전운전불이행,젖음/습기,흐림,단일로 - 기타,승용,남,42세,상해없음,보행자,남,45세,중상
2019082700100077,2019년 8월 27일 04시,화요일,경상남도 김해시 내덕동,중상사고,0,1,0,0,차대사람 - 차도통행중,안전운전불이행,건조,맑음,교차로 - 교차로부근,화물,남,45세,상해없음,보행자,여,76세,중상
2019082700100090,2019년 8월 27일 05시,화요일,경상남도 창원시 진해구 용원동,중상사고,0,1,1,0,차대차 - 기타,안전운전불이행,건조,맑음,단일로 - 기타,자전거,남,56세,중상,원동기,남,54세,경상
2019082700100091,2019년 8월 27일 05시,화요일,경상남도 양산시 동면,경상사고,0,0,2,0,차대차 - 추돌,안전거리미확보,건조,맑음,단일로 - 기타,승용,남,65세,상해없음,화물,남,69세,경상
2019082700100101,2019년 8월 27일 06시,화요일,경상남도 김해시 어방동,경상사고,0,0,1,0,차대차 - 기타,안전거리미확보,건조,맑음,교차로 - 교차로부근,승용,남,60세,상해없음,승용,남,50세,경상
2019082700100102,2019년 8월 27일 06시,화요일,경상남도 거창군 주상면,경상사고,0,0,1,0,차대차 - 기타,중앙선침범,기타,맑음,단일로 - 교량,승용,여,60세,경상,화물,남,54세,상해없음
2019082700100170,2019년 8월 27일 08시,화요일,경상남도 밀양시 부북면,경상사고,0,0,3,0,차대차 - 측면충돌,신호위반,건조,맑음,교차로 - 교차로안,승용,남,19세,상해없음,화물,남,69세,경상
2019082700100171,2019년 8월 27일 08시,화요일,경상남도 김해시 진영읍,중상사고,0,1,1,0,차대차 - 측면충돌,교차로운행방법위반,건조,맑음,교차로 - 교차로안,승용,여,55세,중상,승용,여,51세,경상
2019082700100211,2019년 8월 27일 09시,화요일,경상남도 양산시 물금읍,경상사고,0,0,1,0,차대차 - 추돌,안전운전불이행,건조,맑음,교차로 - 교차로부근,승용,여,50세,상해없음,승용,여,41세,경상
2019082700100212,2019년 8월 27일 09시,화요일,경상남도 김해시 진영읍,경상사고,0,0,1,0,차대차 - 추돌,안전운전불이행,건조,맑음,교차로 - 교차로부근,화물,남,38세,상해없음,승용,여,38세,경상
2019082700100242,2019년 8월 27일 10시,화요일,경상남도 거제시 양정동,경상사고,0,0,1,0,차대차 - 기타,교차로운행방법위반,젖음/습기,흐림,교차로 - 교차로안,승용,남,47세,경상,이륜,남,29세,상해없음
2019082700100243,2019년 8월 27일 10시,화요일,경상남도 산청군 산청읍,중상사고,0,1,0,0,차대사람 - 횡단중,보행자보호의무위반,젖음/습기,비,교차로 - 교차로부근,화물,남,62세,상해없음,보행자,여,83세,중상
2019082700100244,2019년 8월 27일 10시,화요일,경상남도 함안군 대산면,경상사고,0,0,1,0,차대차 - 추돌,안전운전불이행,젖음/습기,비,단일로 - 기타,승용,남,44세,경상,건설기계,남,51세,기타불명
2019082700100245,2019년 8월 27일 10시,화요일,경상남도 함안군 칠서면,경상사고,0,0,2,0,차대차 - 추돌,안전운전불이행,젖음/습기,비,단일로 - 기타,화물,남,30세,경상,화물,여,66세,경상
2019082700100271,2019년 8월 27일 11시,화요일,경상남도 김해시 내동,경상사고,0,0,1,0,차대차 - 기타,신호위반,젖음/습기,비,단일로 - 기타,승용,여,57세,상해없음,승용,여,43세,경상
2019082700100272,2019년 8월 27일 11시,화요일,경상남도 양산시 동면,경상사고,0,0,1,0,차량단독 - 공작물충돌,안전운전불이행,건조,맑음,단일로 - 기타,화물,남,61세,경상,,,,
2019082700100273,2019년 8월 27일 11시,화요일,경상남도 양산시 하북면,중상사고,0,3,3,0,차대차 - 측면충돌,중앙선침범,건조,맑음,단일로 - 기타,승용,여,61세,상해없음,승용,여,63세,중상
2019082700100288,2019년 8월 27일 12시,화요일,경상남도 김해시 주촌면,중상사고,0,1,0,0,차량단독 - 기타,안전운전불이행,젖음/습기,비,단일로 - 기타,승용,남,80세,상해없음,,,,
2019082700100301,2019년 8월 27일 12시,화요일,경상남도 양산시 물금읍,중상사고,0,1,0,0,차대차 - 측면충돌,중앙선침범,건조,맑음,단일로 - 기타,승용,여,48세,상해없음,화물,남,26세,중상
2019082700100302,2019년 8월 27일 12시,화요일,경상남도 하동군 하동읍,경상사고,0,0,1,0,차대사람 - 기타,안전운전불이행,젖음/습기,흐림,단일로 - 기타,이륜,남,48세,상해없음,보행자,여,82세,경상
2019082700100303,2019년 8월 27일 12시,화요일,경상남도 거제시 사등면,경상사고,0,0,1,0,차량단독 - 공작물충돌,안전운전불이행,기타,비,단일로 - 기타,승용,남,26세,상해없음,,,,
2019082700100326,2019년 8월 27일 13시,화요일,경상남도 창원시 진해구 장천동,중상사고,0,1,0,0,차대차 - 측면충돌,안전운전불이행,젖음/습기,비,교차로 - 교차로부근,건설기계,남,59세,상해없음,건설기계,남,49세,중상
2019082700100327,2019년 8월 27일 13시,화요일,경상남도 통영시 광도면,경상사고,0,0,2,0,차대차 - 측면충돌,신호위반,젖음/습기,비,교차로 - 교차로안,승용,남,62세,경상,화물,남,58세,경상
2019082700100328,2019년 8월 27일 13시,화요일,경상남도 김해시 어방동,중상사고,0,1,0,0,차대차 - 기타,차로위반,젖음/습기,비,단일로 - 기타,화물,남,56세,상해없음,승용,여,30세,중상
2019082700100363,2019년 8월 27일 14시,화요일,경상남도 창원시 마산합포구 신포동2가,부상신고사고,0,0,0,1,차대사람 - 기타,안전운전불이행,건조,맑음,단일로 - 기타,이륜,남,68세,상해없음,보행자,여,81세,부상신고
2019082700100409,2019년 8월 27일 15시,화요일,경상남도 진주시 상대동,부상신고사고,0,0,0,1,차대차 - 기타,안전운전불이행,젖음/습기,비,교차로 - 교차로안,자전거,남,76세,부상신고,승합,남,53세,상해없음
2019082700100410,2019년 8월 27일 15시,화요일,경상남도 김해시 삼정동,경상사고,0,0,1,0,차대차 - 측면충돌,안전운전불이행,건조,맑음,교차로 - 교차로안,자전거,여,24세,경상,승합,여,26세,상해없음
2019082700100436,2019년 8월 27일 16시,화요일,경상남도 통영시 무전동,경상사고,0,0,3,0,차대차 - 측면충돌,안전거리미확보,건조,맑음,단일로 - 기타,승용,여,41세,상해없음,승용,남,38세,경상
2019082700100437,2019년 8월 27일 16시,화요일,경상남도 사천시 서포면,경상사고,0,0,1,0,차대차 - 기타,기타,건조,맑음,단일로 - 터널,특수,남,51세,상해없음,승용,남,51세,경상
2019082700100438,2019년 8월 27일 16시,화요일,경상남도 함안군 칠원읍,경상사고,0,0,3,0,차대차 - 추돌,안전운전불이행,젖음/습기,흐림,단일로 - 기타,화물,남,22세,상해없음,승용,남,46세,경상
2019082700100482,2019년 8월 27일 17시,화요일,경상남도 창원시 진해구 용원동,경상사고,0,0,1,0,차대차 - 측면충돌,안전운전불이행,건조,맑음,교차로 - 교차로안,이륜,남,18세,상해없음,이륜,남,63세,경상
2019082700100483,2019년 8월 27일 17시,화요일,경상남도 김해시 율하동,경상사고,0,0,1,0,차대차 - 측면충돌,신호위반,젖음/습기,흐림,교차로 - 교차로안,이륜,남,22세,경상,승용,남,51세,상해없음
2019082700100484,2019년 8월 27일 17시,화요일,경상남도 김해시 진례면,경상사고,0,0,2,0,차대차 - 측면충돌,안전운전불이행,젖음/습기,흐림,교차로 - 교차로안,승용,남,30세,상해없음,화물,남,31세,경상
2019082700100522,2019년 8월 27일 18시,화요일,경상남도 창원시 진해구 자은동,중상사고,0,1,0,0,차대차 - 측면충돌,안전운전불이행,건조,맑음,단일로 - 기타,승용,여,43세,상해없음,이륜,남,42세,중상
2019082700100523,2019년 8월 27일 18시,화요일,경상남도 통영시 광도면,경상사고,0,0,1,0,차대차 - 측면충돌,교차로운행방법위반,건조,맑음,교차로 - 교차로안,승용,여,38세,경상,승용,남,21세,기타불명
2019082700100524,2019년 8월 27일 18시,화요일,경상남도 양산시 덕계동,경상사고,0,0,1,0,차대차 - 기타,안전운전불이행,젖음/습기,비,교차로 - 교차로안,승용,남,51세,상해없음,승용,여,60세,경상
2019082700100525,2019년 8월 27일 18시,화요일,경상남도 창원시 의창구 소답동,중상사고,0,1,0,0,차대사람 - 기타,안전운전불이행,건조,맑음,단일로 - 기타,화물,남,26세,상해없음,보행자,여,64세,중상
2019082700100559,2019년 8월 27일 19시,화요일,경상남도 통영시 항남동,중상사고,0,1,0,0,차대사람 - 횡단중,안전운전불이행,젖음/습기,비,단일로 - 기타,승용,여,58세,상해없음,보행자,남,61세,중상
2019082700100560,2019년 8월 27일 19시,화요일,경상남도 김해시 부원동,경상사고,0,0,1,0,차대차 - 추돌,안전운전불이행,젖음/습기,비,단일로 - 기타,이륜,남,19세,경상,승용,남,28세,상해없음
2019082700100561,2019년 8월 27일 19시,화요일,경상남도 거제시 동부면,중상사고,0,2,0,1,차대차 - 정면충돌,교차로운행방법위반,젖음/습기,비,교차로 - 교차로안,승용,남,33세,부상신고,승용,남,50세,중상
2019082700100562,2019년 8월 27일 19시,화요일,경상남도 창원시 성산구 사파동,중상사고,0,1,0,0,차대사람 - 보도통행중,안전운전불이행,건조,맑음,단일로 - 기타,승용,여,37세,상해없음,보행자,여,58세,중상
2019082700100563,2019년 8월 27일 19시,화요일,경상남도 김해시 신문동,중상사고,0,1,0,0,차대차 - 정면충돌,신호위반,젖음/습기,흐림,교차로 - 교차로안,승용,여,38세,상해없음,승용,여,57세,중상
2019082700100564,2019년 8월 27일 19시,화요일,경상남도 김해시 진례면,중상사고,0,1,0,0,차대차 - 정면충돌,중앙선침범,젖음/습기,비,교차로 - 교차로부근,화물,남,31세,상해없음,이륜,남,39세,중상
2019082700100602,2019년 8월 27일 20시,화요일,경상남도 김해시 삼방동,경상사고,0,0,1,0,차대사람 - 기타,안전운전불이행,젖음/습기,흐림,교차로 - 교차로부근,승용,남,54세,상해없음,보행자,남,16세,경상
2019082700100603,2019년 8월 27일 20시,화요일,경상남도 양산시 북정동,경상사고,0,0,1,0,차대차 - 기타,신호위반,건조,맑음,교차로 - 교차로안,승용,남,55세,상해없음,승용,남,67세,경상
2019082700100604,2019년 8월 27일 20시,화요일,경상남도 창원시 마산회원구 회성동,중상사고,0,1,0,0,차대사람 - 기타,안전운전불이행,젖음/습기,비,교차로 - 교차로부근,승용,여,61세,상해없음,보행자,남,57세,중상
2019082700100632,2019년 8월 27일 21시,화요일,경상남도 창원시 진해구 태백동,중상사고,0,1,0,0,차량단독 - 전도전복 - 전도,안전운전불이행,건조,맑음,단일로 - 기타,화물,남,48세,상해없음,,,,
2019082800100034,2019년 8월 28일 00시,수요일,경상남도 창원시 마산합포구 서성동,중상사고,0,1,2,0,차대차 - 측면충돌,신호위반,젖음/습기,비,교차로 - 교차로안,승용,남,22세,상해없음,승용,남,65세,중상
2019082800100105,2019년 8월 28일 07시,수요일,경상남도 산청군 신안면,경상사고,0,0,2,0,차대차 - 측면충돌,안전운전불이행,건조,맑음,단일로 - 기타,승용,여,38세,경상,화물,남,59세,경상
2019082800100149,2019년 8월 28일 08시,수요일,경상남도 김해시 봉황동,중상사고,0,1,1,0,차대차 - 측면충돌,교차로운행방법위반,건조,맑음,교차로 - 교차로안,이륜,남,74세,경상,승용,여,67세,상해없음
2019082800100150,2019년 8월 28일 08시,수요일,경상남도 고성군 마암면,중상사고,0,1,0,0,차대차 - 추돌,안전운전불이행,건조,맑음,교차로 - 교차로부근,승용,남,29세,상해없음,승용,여,53세,중상
2019082800100151,2019년 8월 28일 08시,수요일,경상남도 창원시 마산회원구 양덕동,경상사고,0,0,1,0,차대차 - 측면충돌,안전운전불이행,건조,흐림,단일로 - 기타,승용,남,50세,상해없음,승용,남,30세,경상
2019082800100186,2019년 8월 28일 09시,수요일,경상남도 사천시 송포동,경상사고,0,0,2,0,차대차 - 측면충돌,안전운전불이행,젖음/습기,흐림,교차로 - 교차로안,승용,여,45세,경상,승용,남,69세,경상
2019082800100187,2019년 8월 28일 09시,수요일,경상남도 창원시 성산구 반림동,경상사고,0,0,1,0,차대차 - 측면충돌,신호위반,젖음/습기,비,교차로 - 교차로안,승용,여,60세,상해없음,승용,남,29세,경상
2019082800100188,2019년 8월 28일 09시,수요일,경상남도 창원시 마산회원구 회성동,경상사고,0,0,2,0,차대차 - 추돌,안전운전불이행,젖음/습기,비,교차로 - 교차로부근,건설기계,남,27세,상해없음,승용,여,54세,경상
2019082800100220,2019년 8월 28일 10시,수요일,경상남도 창원시 진해구 장천동,중상사고,0,2,1,0,차대차 - 추돌,안전운전불이행,젖음/습기,비,단일로 - 기타,건설기계,남,61세,상해없음,화물,남,43세,경상
2019082800100249,2019년 8월 28일 11시,수요일,경상남도 김해시 내동,경상사고,0,0,1,0,차대차 - 기타,안전거리미확보,젖음/습기,비,교차로 - 교차로안,승용,남,61세,상해없음,화물,남,40세,경상
2019082800100250,2019년 8월 28일 11시,수요일,경상남도 거제시 옥포동,경상사고,0,0,1,0,차대차 - 측면충돌,안전운전불이행,건조,맑음,교차로 - 교차로안,이륜,남,60세,경상,화물,남,33세,상해없음
2019082800100251,2019년 8월 28일 11시,수요일,경상남도 김해시 율하동,경상사고,0,0,2,0,차대차 - 측면충돌,안전운전불이행,건조,맑음,교차로 - 교차로안,승용,여,46세,경상,승용,여,43세,경상
2019082800100277,2019년 8월 28일 12시,수요일,경상남도 김해시 어방동,중상사고,0,1,0,0,차대사람 - 횡단중,안전운전불이행,건조,맑음,교차로 - 교차로안,화물,남,56세,상해없음,보행자,남,53세,중상
2019082800100278,2019년 8월 28일 12시,수요일,경상남도 창원시 마산회원구 구암동,경상사고,0,0,2,0,차대차 - 기타,안전운전불이행,건조,맑음,교차로 - 교차로부근,승용,남,73세,상해없음,승용,남,53세,경상
2019082800100307,2019년 8월 28일 13시,수요일,경상남도 사천시 사천읍,부상신고사고,0,0,0,1,차대차 - 측면충돌,안전거리미확보,건조,맑음,교차로 - 교차로안,자전거,남,71세,부상신고,화물,남,50세,상해없음
2019082800100308,2019년 8월 28일 13시,수요일,경상남도 김해시 부원동,중상사고,0,1,0,0,차대차 - 기타,안전운전불이행,건조,맑음,교차로 - 교차로안,승용,여,60세,상해없음,이륜,여,70세,중상
2019082800100342,2019년 8월 28일 14시,수요일,경상남도 사천시 송포동,중상사고,0,1,2,0,차대차 - 추돌,안전운전불이행,건조,맑음,교차로 - 교차로부근,화물,남,30세,상해없음,승용,남,39세,경상
2019082800100378,2019년 8월 28일 15시,수요일,경상남도 통영시 무전동,중상사고,0,1,0,0,차대차 - 기타,교차로운행방법위반,건조,맑음,교차로 - 교차로안,승용,여,32세,상해없음,이륜,남,68세,중상
2019082800100414,2019년 8월 28일 16시,수요일,경상남도 진주시 평거동,중상사고,0,1,0,0,차대사람 - 차도통행중,안전운전불이행,건조,흐림,단일로 - 기타,화물,남,67세,상해없음,보행자,여,54세,중상
2019082800100415,2019년 8월 28일 16시,수요일,경상남도 창원시 진해구 풍호동,경상사고,0,0,1,0,차대차 - 측면충돌,신호위반,건조,맑음,교차로 - 교차로안,승용,여,53세,상해없음,이륜,남,42세,경상
2019082800100416,2019년 8월 28일 16시,수요일,경상남도 창원시 진해구 경화동,중상사고,0,1,0,0,차대사람 - 기타,안전운전불이행,건조,맑음,단일로 - 기타,승합,남,51세,상해없음,보행자,여,67세,중상
2019082800100450,2019년 8월 28일 17시,수요일,경상남도 거제시 수월동,경상사고,0,0,1,0,차대차 - 측면충돌,교차로운행방법위반,건조,맑음,교차로 - 교차로안,승용,여,45세,상해없음,승용,여,36세,경상
2019082800100497,2019년 8월 28일 18시,수요일,경상남도 창원시 마산합포구 중앙동3가,경상사고,0,0,1,0,차대차 - 기타,안전거리미확보,젖음/습기,흐림,교차로 - 교차로부근,승용,남,25세,상해없음,이륜,남,30세,경상
2019082800100498,2019년 8월 28일 18시,수요일,경상남도 양산시 북부동,경상사고,0,0,1,0,차대차 - 측면충돌,불법유턴,젖음/습기,흐림,교차로 - 교차로부근,승용,남,51세,상해없음,승합,남,64세,경상
2019082800100499,2019년 8월 28일 18시,수요일,경상남도 남해군 상주면,중상사고,0,1,0,1,차대차 - 측면충돌,중앙선침범,젖음/습기,비,단일로 - 기타,화물,남,73세,부상신고,승용,남,56세,중상
2019082800100500,2019년 8월 28일 18시,수요일,경상남도 창원시 성산구 상남동,경상사고,0,0,2,0,차대사람 - 횡단중,보행자보호의무위반,건조,맑음,단일로 - 기타,승용,여,22세,상해없음,보행자,여,31세,경상
2019082800100501,2019년 8월 28일 18시,수요일,경상남도 김해시 무계동,중상사고,0,1,1,0,차대차 - 측면충돌,안전운전불이행,건조,맑음,교차로 - 교차로안,이륜,남,70세,중상,화물,남,27세,경상
2019082800100553,2019년 8월 28일 19시,수요일,경상남도 남해군 창선면,경상사고,0,0,1,0,차대차 - 측면충돌,안전운전불이행,젖음/습기,맑음,단일로 - 기타,화물,남,59세,상해없음,이륜,남,67세,경상
2019082800100599,2019년 8월 28일 21시,수요일,경상남도 김해시 내동,중상사고,0,1,2,0,차대차 - 추돌,안전운전불이행,건조,맑음,교차로 - 교차로안,승용,남,47세,상해없음,승용,남,47세,중상
2019082800100623,2019년 8월 28일 22시,수요일,경상남도 창원시 진해구 석동,경상사고,0,0,1,0,차대차 - 측면충돌,교차로운행방법위반,건조,맑음,교차로 - 교차로안,승용,여,39세,상해없음,승용,남,30세,경상
2019082800100624,2019년 8월 28일 22시,수요일,경상남도 통영시 광도면,중상사고,0,1,2,0,차대차 - 측면충돌,교차로운행방법위반,건조,맑음,교차로 - 교차로안,승용,여,21세,상해없음,승용,남,53세,중상
2019082800100650,2019년 8월 28일 23시,수요일,경상남도 김해시 삼정동,중상사고,0,1,0,0,차대차 - 측면충돌,기타,건조,맑음,교차로 - 교차로안,이륜,남,37세,중상,승용,남,47세,상해없음
2019082800100651,2019년 8월 28일 23시,수요일,경상남도 김해시 지내동,경상사고,0,0,1,0,차대차 - 측면충돌,신호위반,젖음/습기,맑음,교차로 - 교차로안,승용,남,53세,상해없음,승용,남,30세,경상
2019082800100652,2019년 8월 28일 23시,수요일,경상남도 창원시 마산회원구 합성동,중상사고,0,1,0,0,차대사람 - 횡단중,안전운전불이행,건조,맑음,단일로 - 기타,승용,남,26세,상해없음,보행자,남,53세,중상
2019082900100034,2019년 8월 29일 00시,목요일,경상남도 거제시 옥포동,중상사고,0,1,0,0,차대사람 - 횡단중,안전운전불이행,건조,맑음,교차로 - 교차로안,승용,남,34세,상해없음,보행자,여,27세,중상
2019082900100053,2019년 8월 29일 02시,목요일,경상남도 거제시 장승포동,경상사고,0,0,1,0,차대차 - 측면충돌,안전운전불이행,건조,맑음,교차로 - 교차로안,이륜,남,46세,경상,화물,여,53세,기타불명
2019082900100061,2019년 8월 29일 04시,목요일,경상남도 통영시 북신동,중상사고,0,1,0,0,차대사람 - 횡단중,보행자보호의무위반,젖음/습기,맑음,교차로 - 교차로부근,승용,남,63세,상해없음,보행자,여,75세,중상
2019082900100069,2019년 8월 29일 05시,목요일,경상남도 김해시 구산동,경상사고,0,0,1,0,차대차 - 추돌,안전운전불이행,건조,맑음,단일로 - 기타,화물,남,29세,상해없음,승용,여,63세,경상
2019082900100070,2019년 8월 29일 05시,목요일,경상남도 양산시 동면,경상사고,0,0,2,0,차대차 - 정면충돌,신호위반,건조,맑음,교차로 - 교차로안,화물,남,76세,상해없음,화물,남,59세,경상
2019082900100088,2019년 8월 29일 07시,목요일,경상남도 사천시 서동,중상사고,0,1,0,0,차대사람 - 기타,안전운전불이행,젖음/습기,비,교차로 - 교차로부근,승합,남,47세,상해없음,보행자,여,81세,중상
2019082900100123,2019년 8월 29일 08시,목요일,경상남도 진주시 정촌면,경상사고,0,0,1,0,차대차 - 추돌,안전거리미확보,건조,맑음,단일로 - 기타,승용,여,43세,상해없음,승용,남,27세,경상
2019082900100124,2019년 8월 29일 08시,목요일,경상남도 창원시 진해구 자은동,경상사고,0,0,1,0,차대차 - 측면충돌,안전운전불이행,젖음/습기,비,교차로 - 교차로안,승용,남,44세,상해없음,이륜,남,72세,경상
2019082900100125,2019년 8월 29일 08시,목요일,경상남도 양산시 신기동,경상사고,0,0,1,0,차대차 - 기타,교차로운행방법위반,젖음/습기,비,교차로 - 교차로안,승용,여,42세,상해없음,승용,여,44세,경상
2019082900100161,2019년 8월 29일 09시,목요일,경상남도 창원시 마산합포구 중앙동3가,경상사고,0,0,1,0,차대사람 - 기타,보행자보호의무위반,젖음/습기,비,교차로 - 교차로횡단보도내,승용,남,69세,상해없음,보행자,남,62세,경상
2019082900100162,2019년 8월 29일 09시,목요일,경상남도 김해시 서상동,중상사고,0,1,0,0,차대사람 - 차도통행중,안전운전불이행,젖음/습기,비,단일로 - 기타,승용,여,71세,상해없음,보행자,여,60세,중상