사고번호,사고일시,요일,시군구,사고내용,사망자수,중상자수,경상자수,부상신고자수,사고유형,법규위반,노면상태,기상상태,도로형태,가해운전자 차종,가해운전자 성별,가해운전자 연령,가해운전자 상해정도,피해운전자 차종,피해운전자 성별,피해운전자 연령,피해운전자 상해정도
2019082900100163,2019년 8월 29일 09시,목요일,경상남도 함안군 법수면,중상사고,0,2,1,0,차대차 - 측면충돌,안전운전불이행,건조,맑음,단일로 - 기타,화물,남,58세,상해없음,승용,남,59세,중상
2019082900100185,2019년 8월 29일 10시,목요일,경상남도 고성군 고성읍,중상사고,0,1,0,0,차대차 - 기타,안전거리미확보,건조,맑음,교차로 - 교차로안,승용,남,56세,상해없음,승용,남,76세,중상
2019082900100186,2019년 8월 29일 10시,목요일,경상남도 산청군 삼장면,중상사고,0,3,0,0,차대차 - 정면충돌,중앙선침범,건조,맑음,단일로 - 기타,승용,여,46세,중상,화물,남,69세,중상
2019082900100213,2019년 8월 29일 11시,목요일,경상남도 거제시 사등면,사망사고,1,0,0,0,차량단독 - 공작물충돌,안전운전불이행,젖음/습기,흐림,단일로 - 기타,승용,남,56세,사망,,,,
2019082900100246,2019년 8월 29일 12시,목요일,경상남도 창원시 진해구 여좌동,중상사고,0,1,0,0,차량단독 - 기타,안전운전불이행,젖음/습기,비,단일로 - 기타,이륜,남,59세,중상,,,,
2019082900100247,2019년 8월 29일 12시,목요일,경상남도 양산시 평산동,부상신고사고,0,0,0,1,차대차 - 기타,중앙선침범,젖음/습기,비,단일로 - 기타,자전거,남,72세,부상신고,승용,여,30세,상해없음
2019082900100283,2019년 8월 29일 13시,목요일,경상남도 양산시 삼호동,경상사고,0,0,1,0,차대차 - 측면충돌,안전운전불이행,건조,맑음,교차로 - 교차로안,화물,남,79세,상해없음,원동기,남,66세,경상
2019082900100306,2019년 8월 29일 14시,목요일,경상남도 김해시 외동,경상사고,0,0,1,0,차대차 - 측면충돌,안전운전불이행,젖음/습기,비,교차로 - 교차로부근,화물,남,67세,상해없음,승합,남,55세,경상
2019082900100307,2019년 8월 29일 14시,목요일,경상남도 고성군 마암면,경상사고,0,0,3,0,차대차 - 기타,안전운전불이행,건조,맑음,단일로 - 기타,승용,남,38세,상해없음,승용,남,29세,경상
2019082900100341,2019년 8월 29일 15시,목요일,경상남도 진주시 봉곡동,중상사고,0,1,0,0,차대차 - 측면충돌,교차로운행방법위반,건조,맑음,교차로 - 교차로안,승용,여,51세,상해없음,이륜,남,19세,중상
2019082900100386,2019년 8월 29일 16시,목요일,경상남도 함양군 함양읍,경상사고,0,0,1,0,차대사람 - 횡단중,보행자보호의무위반,건조,맑음,교차로 - 교차로횡단보도내,승용,남,52세,상해없음,보행자,남,8세,경상
2019082900100387,2019년 8월 29일 16시,목요일,경상남도 양산시 상북면,부상신고사고,0,0,0,1,차대차 - 추돌,안전운전불이행,젖음/습기,비,교차로 - 교차로부근,화물,남,55세,상해없음,승용,남,48세,부상신고
2019082900100426,2019년 8월 29일 17시,목요일,경상남도 사천시 벌리동,중상사고,0,1,0,0,차량단독 - 도로외이탈 - 기타,안전운전불이행,건조,맑음,단일로 - 기타,승용,남,70세,상해없음,,,,
2019082900100427,2019년 8월 29일 17시,목요일,경상남도 김해시 어방동,경상사고,0,0,1,0,차대차 - 추돌,안전거리미확보,건조,맑음,교차로 - 교차로안,이륜,남,45세,경상,승용,남,71세,상해없음
2019082900100479,2019년 8월 29일 18시,목요일,경상남도 창원시 진해구 자은동,경상사고,0,0,1,0,차대차 - 측면충돌,안전운전불이행,건조,맑음,교차로 - 교차로부근,승용,남,61세,경상,승용,남,34세,상해없음
2019082900100480,2019년 8월 29일 18시,목요일,경상남도 창원시 의창구 북면,중상사고,0,1,2,0,차대차 - 추돌,안전운전불이행,건조,맑음,단일로 - 기타,승용,남,60세,상해없음,승용,남,28세,경상
2019082900100481,2019년 8월 29일 18시,목요일,경상남도 김해시 주촌면,경상사고,0,0,1,0,차대차 - 기타,안전운전불이행,건조,기타,교차로 - 교차로부근,승용,여,60세,상해없음,승용,남,29세,경상
2019082900100539,2019년 8월 29일 19시,목요일,경상남도 김해시 구산동,중상사고,0,1,0,0,차대차 - 기타,안전운전불이행,건조,맑음,단일로 - 기타,승용,남,38세,상해없음,이륜,남,19세,중상
2019082900100540,2019년 8월 29일 19시,목요일,경상남도 양산시 상북면,경상사고,0,0,5,0,차대차 - 기타,안전운전불이행,건조,맑음,교차로 - 교차로부근,화물,남,45세,상해없음,승용,남,34세,경상
2019082900100541,2019년 8월 29일 19시,목요일,경상남도 거제시 사등면,사망사고,1,0,4,0,차대차 - 정면충돌,중앙선침범,젖음/습기,맑음,단일로 - 기타,화물,남,73세,사망,승용,남,37세,경상
2019082900100542,2019년 8월 29일 19시,목요일,경상남도 창원시 마산회원구 봉암동,경상사고,0,0,1,0,차대차 - 추돌,안전운전불이행,건조,맑음,단일로 - 기타,승용,남,19세,상해없음,승용,남,54세,경상
2019082900100543,2019년 8월 29일 19시,목요일,경상남도 김해시 관동동,경상사고,0,0,1,0,차대사람 - 차도통행중,안전운전불이행,젖음/습기,기타,교차로 - 교차로안,승용,남,47세,상해없음,보행자,남,56세,경상
2019082900100588,2019년 8월 29일 20시,목요일,경상남도 밀양시 삼문동,부상신고사고,0,0,0,3,차대차 - 측면충돌,교차로운행방법위반,건조,맑음,교차로 - 교차로안,승용,남,50세,상해없음,승용,남,44세,부상신고
2019082900100622,2019년 8월 29일 21시,목요일,경상남도 창원시 마산합포구 동성동,중상사고,0,1,1,0,차대차 - 측면충돌,신호위반,건조,흐림,교차로 - 교차로안,승용,남,61세,상해없음,승용,남,65세,중상
2019082900100623,2019년 8월 29일 21시,목요일,경상남도 통영시 미수동,경상사고,0,0,1,0,차대차 - 측면충돌,직진우회전진행방해,젖음/습기,흐림,교차로 - 교차로안,승용,남,33세,상해없음,이륜,남,25세,경상
2019082900100660,2019년 8월 29일 22시,목요일,경상남도 진주시 평거동,중상사고,0,1,0,0,차대사람 - 횡단중,보행자보호의무위반,건조,맑음,단일로 - 기타,승용,여,47세,상해없음,보행자,여,48세,중상
2019082900100672,2019년 8월 29일 23시,목요일,경상남도 김해시 불암동,중상사고,0,1,2,0,차대차 - 추돌,안전운전불이행,젖음/습기,흐림,단일로 - 기타,승용,남,37세,상해없음,승용,남,59세,경상
2019082900100682,2019년 8월 29일 23시,목요일,경상남도 창원시 의창구 도계동,중상사고,0,1,0,0,차대차 - 측면충돌,안전운전불이행,건조,맑음,교차로 - 교차로안,승용,남,28세,상해없음,이륜,남,19세,중상
2019083000100047,2019년 8월 30일 01시,금요일,경상남도 창녕군 창녕읍,부상신고사고,0,0,0,1,차량단독 - 기타,안전운전불이행,건조,맑음,교차로 - 교차로부근,승용,남,25세,부상신고,,,,
2019083000100073,2019년 8월 30일 05시,금요일,경상남도 밀양시 내이동,경상사고,0,0,1,0,차대차 - 측면충돌,안전운전불이행,건조,맑음,교차로 - 교차로안,승용,남,49세,상해없음,화물,남,56세,경상
2019083000100074,2019년 8월 30일 05시,금요일,경상남도 김해시 삼정동,중상사고,0,1,0,0,차대사람 - 횡단중,안전운전불이행,건조,맑음,교차로 - 교차로안,승용,여,51세,상해없음,보행자,여,73세,중상
2019083000100114,2019년 8월 30일 07시,금요일,경상남도 창원시 진해구 경화동,중상사고,0,1,0,0,차대차 - 측면충돌,신호위반,건조,맑음,교차로 - 교차로부근,승용,남,57세,상해없음,승합,남,43세,중상
2019083000100115,2019년 8월 30일 07시,금요일,경상남도 양산시 북부동,중상사고,0,1,0,0,차대차 - 기타,안전운전불이행,건조,맑음,단일로 - 기타,승용,남,53세,상해없음,자전거,남,71세,중상
2019083000100153,2019년 8월 30일 08시,금요일,경상남도 김해시 구산동,경상사고,0,0,1,0,차대차 - 추돌,안전운전불이행,건조,맑음,교차로 - 교차로부근,승용,남,65세,상해없음,승용,여,23세,경상
2019083000100154,2019년 8월 30일 08시,금요일,경상남도 거제시 연초면,중상사고,0,2,1,0,차대차 - 기타,신호위반,건조,맑음,교차로 - 교차로안,승용,여,56세,상해없음,승용,남,60세,경상
2019083000100155,2019년 8월 30일 08시,금요일,경상남도 거제시 연초면,경상사고,0,0,1,0,차대차 - 기타,안전운전불이행,건조,맑음,교차로 - 교차로안,이륜,남,75세,경상,화물,남,61세,상해없음
2019083000100156,2019년 8월 30일 08시,금요일,경상남도 창원시 의창구 대산면,경상사고,0,0,1,0,차대차 - 측면충돌,안전운전불이행,건조,맑음,교차로 - 교차로안,화물,남,63세,상해없음,승용,여,61세,경상
2019083000100192,2019년 8월 30일 09시,금요일,경상남도 함양군 함양읍,중상사고,0,2,0,0,차대차 - 측면충돌,신호위반,건조,맑음,교차로 - 교차로안,승용,여,44세,중상,승용,남,65세,중상
2019083000100193,2019년 8월 30일 09시,금요일,경상남도 창원시 성산구 웅남동,중상사고,0,1,0,0,차대차 - 추돌,안전운전불이행,건조,맑음,교차로 - 교차로부근,특수,남,62세,상해없음,승용,남,29세,중상
2019083000100229,2019년 8월 30일 10시,금요일,경상남도 진주시 대안동,경상사고,0,0,1,0,차대차 - 측면충돌,안전운전불이행,건조,맑음,단일로 - 기타,승용,남,49세,상해없음,자전거,남,76세,경상
2019083000100230,2019년 8월 30일 10시,금요일,경상남도 통영시 동호동,경상사고,0,0,2,0,차대차 - 추돌,안전거리미확보,건조,맑음,단일로 - 기타,이륜,남,69세,상해없음,승용,남,31세,경상
2019083000100231,2019년 8월 30일 10시,금요일,경상남도 창녕군 남지읍,경상사고,0,0,1,0,차대차 - 기타,안전운전불이행,건조,맑음,교차로 - 교차로부근,승용,남,58세,상해없음,자전거,남,49세,경상
2019083000100272,2019년 8월 30일 11시,금요일,경상남도 진주시 명석면,중상사고,0,2,0,0,차량단독 - 기타,안전운전불이행,건조,맑음,단일로 - 기타,화물,남,62세,상해없음,,,,
2019083000100273,2019년 8월 30일 11시,금요일,경상남도 양산시 중부동,경상사고,0,0,1,0,차대사람 - 횡단중,안전운전불이행,건조,맑음,단일로 - 기타,승용,남,30세,상해없음,보행자,여,19세,경상
2019083000100303,2019년 8월 30일 12시,금요일,경상남도 밀양시 상남면,중상사고,0,1,0,0,차대차 - 측면충돌,안전운전불이행,건조,맑음,단일로 - 기타,화물,남,30세,상해없음,이륜,남,62세,상해없음
2019083000100338,2019년 8월 30일 13시,금요일,경상남도 밀양시 삼문동,중상사고,0,1,0,0,차대차 - 측면충돌,안전운전불이행,건조,맑음,교차로 - 교차로안,승용,여,48세,상해없음,승용,여,64세,중상
2019083000100339,2019년 8월 30일 13시,금요일,경상남도 김해시 내동,경상사고,0,0,3,0,차대차 - 기타,안전운전불이행,건조,맑음,교차로 - 교차로안,승용,남,23세,경상,화물,남,24세,경상
2019083000100340,2019년 8월 30일 13시,금요일,경상남도 창녕군 이방면,중상사고,0,1,0,0,차대차 - 기타,안전운전불이행,건조,맑음,교차로 - 교차로안,승합,남,61세,상해없음,자전거,여,84세,중상
2019083000100341,2019년 8월 30일 13시,금요일,경상남도 양산시 동면,중상사고,0,1,0,0,차량단독 - 전도전복 - 전도,안전운전불이행,젖음/습기,맑음,단일로 - 기타,이륜,남,24세,중상,,,,
2019083000100342,2019년 8월 30일 13시,금요일,경상남도 창원시 성산구 신촌동,경상사고,0,0,3,0,차대차 - 측면충돌,신호위반,건조,맑음,교차로 - 교차로안,승용,남,83세,상해없음,승용,여,59세,경상
2019083000100390,2019년 8월 30일 14시,금요일,경상남도 통영시 항남동,경상사고,0,0,1,0,차대차 - 추돌,안전거리미확보,건조,맑음,교차로 - 교차로안,이륜,남,37세,상해없음,승용,남,30세,경상
2019083000100391,2019년 8월 30일 14시,금요일,경상남도 사천시 용강동,중상사고,0,2,0,0,차대차 - 측면충돌,직진우회전진행방해,건조,맑음,교차로 - 교차로안,승용,남,43세,상해없음,이륜,남,79세,중상
2019083000100392,2019년 8월 30일 14시,금요일,경상남도 거제시 상동동,경상사고,0,0,1,0,차대차 - 기타,직진우회전진행방해,건조,맑음,교차로 - 교차로안,승용,여,32세,상해없음,이륜,남,46세,경상
2019083000100438,2019년 8월 30일 15시,금요일,경상남도 밀양시 상남면,경상사고,0,0,1,0,차대차 - 측면충돌,안전운전불이행,건조,맑음,단일로 - 지하차도(도로)내,화물,남,58세,상해없음,화물,남,55세,경상
2019083000100485,2019년 8월 30일 16시,금요일,경상남도 진주시 유곡동,중상사고,0,1,0,0,차대사람 - 차도통행중,안전운전불이행,건조,맑음,단일로 - 기타,승용,남,28세,상해없음,보행자,여,72세,중상
2019083000100486,2019년 8월 30일 16시,금요일,경상남도 창원시 진해구 용원동,중상사고,0,1,0,0,차대사람 - 기타,안전운전불이행,건조,맑음,교차로 - 교차로안,승용,남,37세,상해없음,보행자,남,36세,중상
2019083000100487,2019년 8월 30일 16시,금요일,경상남도 창원시 진해구 용원동,경상사고,0,0,1,0,차대차 - 추돌,안전거리미확보,건조,맑음,교차로 - 교차로부근,화물,남,48세,상해없음,화물,남,38세,경상
2019083000100488,2019년 8월 30일 16시,금요일,경상남도 김해시 내동,중상사고,0,1,0,0,차대차 - 기타,신호위반,건조,맑음,교차로 - 교차로안,승용,남,50세,상해없음,원동기,남,27세,중상
2019083000100489,2019년 8월 30일 16시,금요일,경상남도 거창군 웅양면,경상사고,0,0,1,0,차대차 - 정면충돌,안전운전불이행,기타,맑음,교차로 - 교차로안,화물,남,58세,상해없음,승용,남,69세,경상
2019083000100490,2019년 8월 30일 16시,금요일,경상남도 산청군 산청읍,경상사고,0,0,1,0,차대사람 - 보도통행중,안전운전불이행,건조,맑음,교차로 - 교차로부근,승용,여,62세,상해없음,보행자,여,58세,경상
2019083000100491,2019년 8월 30일 16시,금요일,경상남도 창원시 마산회원구 합성동,중상사고,0,1,0,0,차대차 - 측면충돌,안전운전불이행,건조,맑음,단일로 - 지하차도(도로)내,승용,남,21세,상해없음,이륜,남,25세,중상
2019083000100545,2019년 8월 30일 17시,금요일,경상남도 사천시 정동면,경상사고,0,0,5,2,차대차 - 추돌,안전운전불이행,건조,맑음,교차로 - 교차로부근,승용,남,40세,상해없음,승용,여,31세,경상
2019083000100546,2019년 8월 30일 17시,금요일,경상남도 남해군 남면,중상사고,0,1,0,0,차량단독 - 도로외이탈 - 추락,안전운전불이행,건조,맑음,단일로 - 기타,농기계,남,48세,중상,,,,
2019083000100547,2019년 8월 30일 17시,금요일,경상남도 창원시 마산회원구 합성동,중상사고,0,2,1,0,차대차 - 기타,안전거리미확보,건조,맑음,단일로 - 기타,승용,남,64세,기타불명,승용,남,60세,중상
2019083000100604,2019년 8월 30일 18시,금요일,경상남도 통영시 북신동,경상사고,0,0,1,0,차대사람 - 길가장자리구역통행중,안전운전불이행,건조,맑음,단일로 - 기타,이륜,남,56세,상해없음,보행자,여,27세,경상
2019083000100605,2019년 8월 30일 18시,금요일,경상남도 사천시 곤양면,경상사고,0,0,1,0,차량단독 - 공작물충돌,안전운전불이행,건조,맑음,단일로 - 기타,승용,남,62세,경상,,,,
2019083000100606,2019년 8월 30일 18시,금요일,경상남도 김해시 대동면,경상사고,0,0,1,1,차대차 - 추돌,안전운전불이행,건조,맑음,교차로 - 교차로안,승용,남,42세,상해없음,화물,남,43세,경상
2019083000100607,2019년 8월 30일 18시,금요일,경상남도 고성군 마암면,경상사고,0,0,4,0,차대차 - 추돌,안전운전불이행,건조,맑음,단일로 - 기타,승용,남,63세,상해없음,승용,남,33세,경상
2019083000100608,2019년 8월 30일 18시,금요일,경상남도 거제시 아주동,경상사고,0,0,1,0,차대차 - 기타,교차로운행방법위반,건조,맑음,교차로 - 교차로안,승용,여,41세,상해없음,이륜,남,31세,경상
2019083000100609,2019년 8월 30일 18시,금요일,경상남도 창원시 의창구 대원동,경상사고,0,0,1,0,차대차 - 추돌,안전운전불이행,건조,맑음,단일로 - 지하차도(도로)내,승용,남,54세,상해없음,승용,여,26세,경상
2019083000100610,2019년 8월 30일 18시,금요일,경상남도 창원시 마산회원구 양덕동,경상사고,0,0,1,0,차대사람 - 차도통행중,안전운전불이행,건조,맑음,단일로 - 지하차도(도로)내,이륜,남,56세,상해없음,보행자,남,3세,경상
2019083000100611,2019년 8월 30일 18시,금요일,경상남도 김해시 대청동,경상사고,0,0,1,0,차대차 - 측면충돌,안전운전불이행,건조,흐림,단일로 - 기타,승용,여,45세,상해없음,이륜,남,30세,경상
2019083000100676,2019년 8월 30일 19시,금요일,경상남도 사천시 동금동,경상사고,0,0,1,0,차대차 - 기타,신호위반,건조,맑음,교차로 - 교차로안,화물,남,37세,상해없음,승합,남,59세,경상
2019083000100677,2019년 8월 30일 19시,금요일,경상남도 김해시 주촌면,중상사고,0,2,2,0,차대차 - 측면충돌,기타,건조,맑음,단일로 - 기타,화물,남,59세,상해없음,승용,남,36세,경상
2019083000100678,2019년 8월 30일 19시,금요일,경상남도 김해시 신문동,경상사고,0,0,1,0,차대차 - 측면충돌,안전운전불이행,젖음/습기,비,단일로 - 기타,승용,남,30세,상해없음,승용,남,40세,경상
2019083000100713,2019년 8월 30일 20시,금요일,경상남도 창원시 진해구 태평동,경상사고,0,0,1,0,차대사람 - 횡단중,보행자보호의무위반,젖음/습기,흐림,교차로 - 교차로횡단보도내,승용,남,61세,상해없음,보행자,여,23세,경상
2019083000100714,2019년 8월 30일 20시,금요일,경상남도 창녕군 남지읍,중상사고,0,1,0,0,차대차 - 기타,중앙선침범,건조,맑음,단일로 - 기타,화물,남,64세,상해없음,자전거,여,56세,중상
2019083000100715,2019년 8월 30일 20시,금요일,경상남도 함양군 함양읍,경상사고,0,0,1,0,차대차 - 측면충돌,교차로운행방법위반,건조,맑음,교차로 - 교차로안,승용,남,59세,상해없음,이륜,남,28세,경상
2019083000100716,2019년 8월 30일 20시,금요일,경상남도 김해시 부곡동,경상사고,0,0,2,0,차대차 - 측면충돌,안전운전불이행,건조,흐림,교차로 - 교차로안,승용,여,46세,상해없음,승용,남,43세,경상
2019083000100783,2019년 8월 30일 22시,금요일,경상남도 창원시 마산합포구 신포동2가,중상사고,0,1,0,0,차대차 - 측면충돌,안전운전불이행,건조,맑음,교차로 - 교차로안,승용,남,55세,상해없음,승용,남,21세,중상
2019083000100784,2019년 8월 30일 22시,금요일,경상남도 통영시 서호동,경상사고,0,0,1,0,차대차 - 기타,기타,건조,맑음,단일로 - 기타,승용,남,60세,상해없음,자전거,남,47세,경상
2019083000100785,2019년 8월 30일 22시,금요일,경상남도 사천시 동금동,중상사고,0,1,3,0,차대차 - 측면충돌,신호위반,건조,맑음,교차로 - 교차로안,승용,남,53세,경상,승용,남,31세,경상
2019083000100786,2019년 8월 30일 22시,금요일,경상남도 김해시 흥동,중상사고,0,1,0,0,차대차 - 추돌,안전운전불이행,건조,맑음,교차로 - 교차로안,승용,여,26세,상해없음,자전거,남,52세,중상
2019083100100040,2019년 8월 31일 00시,토요일,경상남도 창원시 마산합포구 월남동4가,경상사고,0,0,1,0,차대사람 - 길가장자리구역통행중,안전운전불이행,건조,맑음,단일로 - 기타,기타불명,기타불명,미분류,기타불명,보행자,남,38세,경상
2019083100100041,2019년 8월 31일 00시,토요일,경상남도 창원시 의창구 봉곡동,중상사고,0,1,2,0,차대차 - 추돌,안전운전불이행,건조,맑음,교차로 - 교차로부근,승용,남,48세,상해없음,승용,남,52세,상해없음
2019083100100067,2019년 8월 31일 01시,토요일,경상남도 사천시 벌리동,경상사고,0,0,2,0,차대차 - 측면충돌,신호위반,건조,맑음,교차로 - 교차로안,승용,여,57세,경상,화물,남,65세,경상
2019083100100068,2019년 8월 31일 01시,토요일,경상남도 의령군 대의면,중상사고,0,1,0,0,차대차 - 측면충돌,안전운전불이행,건조,맑음,단일로 - 기타,특수,남,58세,상해없음,승용,여,23세,중상
2019083100100086,2019년 8월 31일 02시,토요일,경상남도 밀양시 산내면,중상사고,0,1,0,0,차대차 - 추돌,안전운전불이행,건조,흐림,교차로 - 교차로안,화물,남,67세,상해없음,화물,남,47세,중상
2019083100100111,2019년 8월 31일 04시,토요일,경상남도 거제시 고현동,중상사고,0,1,0,0,차대차 - 기타,안전운전불이행,건조,맑음,교차로 - 교차로안,승용,남,23세,중상,승용,남,58세,상해없음
2019083100100149,2019년 8월 31일 06시,토요일,경상남도 김해시 부원동,경상사고,0,0,1,0,차대차 - 기타,중앙선침범,건조,맑음,교차로 - 교차로안,승용,여,28세,경상,승용,남,65세,상해없음
2019083100100150,2019년 8월 31일 06시,토요일,경상남도 양산시 중부동,중상사고,0,1,0,0,차량단독 - 공작물충돌,안전운전불이행,건조,맑음,단일로 - 기타,원동기,남,35세,중상,,,,
2019083100100151,2019년 8월 31일 06시,토요일,경상남도 김해시 진영읍,경상사고,0,0,1,1,차대차 - 측면충돌,신호위반,건조,맑음,교차로 - 교차로안,승용,남,51세,부상신고,승용,남,60세,경상
2019083100100175,2019년 8월 31일 07시,토요일,경상남도 의령군 부림면,중상사고,0,1,0,0,차대차 - 측면충돌,교차로운행방법위반,건조,맑음,교차로 - 교차로부근,화물,남,63세,상해없음,승용,남,54세,중상
2019083100100176,2019년 8월 31일 07시,토요일,경상남도 창원시 의창구 봉곡동,경상사고,0,0,2,0,차대차 - 정면충돌,안전운전불이행,건조,맑음,교차로 - 교차로안,승용,여,30세,상해없음,화물,남,48세,경상
2019083100100177,2019년 8월 31일 07시,토요일,경상남도 김해시 무계동,중상사고,0,2,0,0,차대차 - 추돌,안전운전불이행,건조,맑음,교차로 - 교차로부근,승용,여,52세,상해없음,승용,남,36세,중상
2019083100100196,2019년 8월 31일 08시,토요일,경상남도 창원시 진해구 남문동,경상사고,0,0,1,0,차량단독 - 공작물충돌,안전운전불이행,건조,맑음,기타 - 기타,승용,여,67세,경상,,,,
2019083100100197,2019년 8월 31일 08시,토요일,경상남도 통영시 광도면,경상사고,0,0,1,1,차대차 - 측면충돌,안전거리미확보,건조,맑음,단일로 - 기타,승용,여,45세,상해없음,승용,남,40세,경상
2019083100100275,2019년 8월 31일 10시,토요일,경상남도 김해시 상동면,경상사고,0,0,1,0,차량단독 - 기타,안전운전불이행,건조,맑음,교차로 - 교차로안,이륜,남,65세,경상,,,,
2019083100100340,2019년 8월 31일 12시,토요일,경상남도 통영시 무전동,경상사고,0,0,1,0,차량단독 - 기타,안전운전불이행,건조,맑음,교차로 - 교차로안,승합,남,51세,상해없음,,,,
2019083100100341,2019년 8월 31일 12시,토요일,경상남도 남해군 남면,경상사고,0,0,4,0,차대차 - 측면충돌,신호위반,건조,맑음,교차로 - 교차로안,승용,여,50세,경상,승용,남,27세,경상
2019083100100391,2019년 8월 31일 13시,토요일,경상남도 창원시 진해구 남양동,중상사고,0,1,5,0,차대차 - 추돌,안전운전불이행,건조,맑음,교차로 - 교차로안,건설기계,남,67세,경상,승용,남,38세,중상
2019083100100392,2019년 8월 31일 13시,토요일,경상남도 양산시 물금읍,경상사고,0,0,3,0,차대차 - 측면충돌,안전운전불이행,건조,맑음,교차로 - 교차로안,승용,남,72세,상해없음,승용,남,42세,경상
2019083100100393,2019년 8월 31일 13시,토요일,경상남도 거제시 장승포동,경상사고,0,0,1,0,차대차 - 측면충돌,교차로운행방법위반,건조,맑음,교차로 - 교차로안,승용,여,45세,상해없음,이륜,남,25세,경상
2019083100100394,2019년 8월 31일 13시,토요일,경상남도 창원시 성산구 남양동,경상사고,0,0,1,0,차대차 - 측면충돌,신호위반,건조,맑음,단일로 - 기타,승용,여,27세,상해없음,개인형이동수단(PM),남,79세,경상
2019083100100431,2019년 8월 31일 14시,토요일,경상남도 밀양시 삼문동,중상사고,0,3,0,0,차대차 - 측면충돌,안전운전불이행,건조,맑음,단일로 - 기타,승용,남,38세,상해없음,화물,남,76세,중상
2019083100100432,2019년 8월 31일 14시,토요일,경상남도 거창군 거창읍,경상사고,0,0,4,0,차대차 - 측면충돌,안전운전불이행,건조,맑음,교차로 - 교차로안,승용,여,75세,경상,승용,남,48세,경상
2019083100100433,2019년 8월 31일 14시,토요일,경상남도 거제시 연초면,중상사고,0,1,1,0,차대차 - 측면충돌,중앙선침범,건조,맑음,단일로 - 기타,승용,남,67세,상해없음,승용,남,68세,경상
2019083100100434,2019년 8월 31일 14시,토요일,경상남도 창원시 성산구 신촌동,경상사고,0,0,2,0,차대차 - 측면충돌,안전운전불이행,건조,맑음,교차로 - 교차로안,승용,남,63세,상해없음,승용,남,58세,경상
2019083100100435,2019년 8월 31일 14시,토요일,경상남도 창원시 마산회원구 회원동,경상사고,0,0,1,0,차대차 - 측면충돌,안전운전불이행,건조,맑음,단일로 - 기타,이륜,남,81세,경상,승용,남,19세,상해없음
2019083100100469,2019년 8월 31일 15시,토요일,경상남도 김해시 부원동,경상사고,0,0,2,0,차대차 - 측면충돌,안전운전불이행,건조,맑음,단일로 - 기타,승용,남,66세,상해없음,승용,남,30세,경상
2019083100100470,2019년 8월 31일 15시,토요일,경상남도 거제시 사등면,중상사고,0,2,0,0,차대차 - 측면충돌,기타,건조,맑음,단일로 - 기타,승용,남,53세,상해없음,승용,남,72세,중상
2019083100100471,2019년 8월 31일 15시,토요일,경상남도 창원시 마산합포구 산호동,중상사고,0,1,0,0,차대사람 - 횡단중,안전운전불이행,건조,맑음,단일로 - 기타,원동기,남,51세,상해없음,보행자,여,73세,중상
2019083100100510,2019년 8월 31일 16시,토요일,경상남도 사천시 사천읍,경상사고,0,0,2,0,차대차 - 측면충돌,안전운전불이행,건조,맑음,교차로 - 교차로안,이륜,남,21세,경상,승용,여,21세,경상
2019083100100533,2019년 8월 31일 17시,토요일,경상남도 김해시 안동,경상사고,0,0,2,0,차대차 - 기타,안전거리미확보,건조,맑음,단일로 - 기타,기타불명,기타불명,미분류,기타불명,승용,여,47세,경상
2019083100100592,2019년 8월 31일 18시,토요일,경상남도 창원시 마산합포구 완월동,중상사고,0,1,0,0,차대차 - 기타,직진우회전진행방해,건조,맑음,교차로 - 교차로안,화물,남,65세,상해없음,승용,남,74세,상해없음
2019083100100640,2019년 8월 31일 19시,토요일,경상남도 함양군 함양읍,경상사고,0,0,2,0,차대차 - 측면충돌,안전운전불이행,건조,맑음,단일로 - 기타,승용,남,41세,상해없음,승용,여,51세,경상
2019083100100710,2019년 8월 31일 21시,토요일,경상남도 창원시 의창구 용호동,경상사고,0,0,2,0,차대차 - 측면충돌,안전운전불이행,건조,맑음,교차로 - 교차로안,화물,남,59세,상해없음,승용,남,25세,경상
2019083100100711,2019년 8월 31일 21시,토요일,경상남도 창원시 마산회원구 합성동,중상사고,0,1,0,0,차대사람 - 차도통행중,안전운전불이행,건조,맑음,단일로 - 기타,승용,남,69세,상해없음,보행자,여,23세,중상
2019083100100725,2019년 8월 31일 22시,토요일,경상남도 진주시 하대동,경상사고,0,0,1,0,차대사람 - 길가장자리구역통행중,안전운전불이행,건조,맑음,단일로 - 기타,승용,여,52세,상해없음,보행자,남,60세,경상
2019083100100746,2019년 8월 31일 23시,토요일,경상남도 사천시 용현면,경상사고,0,0,3,0,차대차 - 추돌,안전운전불이행,건조,맑음,교차로 - 교차로부근,승용,남,46세,상해없음,승용,남,51세,경상
2019083100100747,2019년 8월 31일 23시,토요일,경상남도 거창군 위천면,부상신고사고,0,0,0,1,차량단독 - 도로외이탈 - 추락,안전운전불이행,건조,맑음,단일로 - 기타,화물,남,57세,부상신고,,,,
2019090100100024,2019년 9월 1일 00시,일요일,경상남도 창원시 진해구 경화동,경상사고,0,0,1,0,차대차 - 후진중충돌,안전운전불이행,건조,맑음,단일로 - 기타,승용,여,40세,상해없음,승용,남,36세,기타불명