사고번호,사고일시,요일,시군구,사고내용,사망자수,중상자수,경상자수,부상신고자수,사고유형,법규위반,노면상태,기상상태,도로형태,가해운전자 차종,가해운전자 성별,가해운전자 연령,가해운전자 상해정도,피해운전자 차종,피해운전자 성별,피해운전자 연령,피해운전자 상해정도
2019090400100076,2019년 9월 4일 06시,수요일,경상남도 양산시 평산동,경상사고,0,0,1,0,차대사람 - 횡단중,안전운전불이행,젖음/습기,흐림,교차로 - 교차로부근,승용,남,67세,상해없음,보행자,여,78세,경상
2019090400100084,2019년 9월 4일 07시,수요일,경상남도 양산시 동면,경상사고,0,0,1,0,차대차 - 측면충돌,안전운전불이행,건조,맑음,단일로 - 기타,화물,여,60세,상해없음,화물,남,34세,경상
2019090400100100,2019년 9월 4일 07시,수요일,경상남도 함안군 산인면,경상사고,0,0,1,0,차대차 - 추돌,안전운전불이행,건조,맑음,교차로 - 교차로부근,승용,남,35세,상해없음,승용,여,54세,경상
2019090400100141,2019년 9월 4일 08시,수요일,경상남도 거제시 옥포동,중상사고,0,1,0,0,차대차 - 기타,신호위반,건조,기타,교차로 - 교차로안,승용,여,39세,상해없음,승합,여,33세,중상
2019090400100177,2019년 9월 4일 09시,수요일,경상남도 창원시 마산합포구 상남동,부상신고사고,0,0,0,1,차대차 - 기타,안전운전불이행,건조,맑음,교차로 - 교차로부근,이륜,남,84세,부상신고,승용,남,32세,상해없음
2019090400100178,2019년 9월 4일 09시,수요일,경상남도 고성군 회화면,중상사고,0,1,0,0,차대사람 - 차도통행중,안전운전불이행,건조,맑음,단일로 - 기타,승용,여,82세,상해없음,보행자,여,58세,중상
2019090400100216,2019년 9월 4일 10시,수요일,경상남도 김해시 삼계동,부상신고사고,0,0,0,1,차대차 - 기타,안전운전불이행,젖음/습기,흐림,교차로 - 교차로안,승용,여,52세,부상신고,승용,남,32세,상해없음
2019090400100251,2019년 9월 4일 11시,수요일,경상남도 창원시 진해구 장천동,경상사고,0,0,1,0,차대차 - 측면충돌,안전운전불이행,건조,맑음,교차로 - 교차로안,승용,남,65세,상해없음,화물,남,28세,경상
2019090400100252,2019년 9월 4일 11시,수요일,경상남도 양산시 신기동,중상사고,0,1,0,0,차대차 - 측면충돌,신호위반,건조,맑음,교차로 - 교차로안,승용,남,54세,상해없음,승용,남,54세,중상
2019090400100253,2019년 9월 4일 11시,수요일,경상남도 양산시 산막동,중상사고,0,1,0,0,차대사람 - 기타,안전운전불이행,건조,맑음,단일로 - 기타,화물,남,22세,상해없음,보행자,남,55세,중상
2019090400100254,2019년 9월 4일 11시,수요일,경상남도 남해군 상주면,중상사고,0,1,1,0,차량단독 - 공작물충돌,안전운전불이행,젖음/습기,비,단일로 - 기타,승용,남,56세,경상,,,,
2019090400100287,2019년 9월 4일 12시,수요일,경상남도 양산시 중부동,경상사고,0,0,1,0,차대차 - 측면충돌,직진우회전진행방해,건조,맑음,교차로 - 교차로안,자전거,남,78세,경상,승용,남,48세,상해없음
2019090400100313,2019년 9월 4일 13시,수요일,경상남도 밀양시 하남읍,중상사고,0,1,0,0,차대차 - 측면충돌,교차로운행방법위반,건조,맑음,교차로 - 교차로안,화물,남,52세,상해없음,자전거,여,57세,중상
2019090400100314,2019년 9월 4일 13시,수요일,경상남도 창원시 마산회원구 합성동,경상사고,0,0,3,2,차대차 - 기타,안전운전불이행,건조,맑음,단일로 - 기타,승용,남,65세,상해없음,승합,남,49세,경상
2019090400100329,2019년 9월 4일 14시,수요일,경상남도 창원시 의창구 도계동,중상사고,0,1,0,0,차대사람 - 기타,보행자보호의무위반,젖음/습기,흐림,단일로 - 기타,승용,여,24세,상해없음,보행자,여,47세,중상
2019090400100330,2019년 9월 4일 14시,수요일,경상남도 창원시 의창구 봉곡동,중상사고,0,1,0,0,차대차 - 기타,신호위반,젖음/습기,흐림,교차로 - 교차로안,승용,남,52세,상해없음,이륜,남,38세,중상
2019090400100366,2019년 9월 4일 15시,수요일,경상남도 창원시 진해구 용원동,중상사고,0,1,0,0,차대차 - 기타,차로위반,건조,맑음,단일로 - 기타,승합,남,42세,상해없음,이륜,남,50세,중상
2019090400100367,2019년 9월 4일 15시,수요일,경상남도 김해시 봉황동,경상사고,0,0,1,0,차대차 - 기타,안전운전불이행,젖음/습기,비,단일로 - 기타,승용,남,67세,상해없음,자전거,남,49세,경상
2019090400100368,2019년 9월 4일 15시,수요일,경상남도 김해시 삼정동,경상사고,0,0,1,0,차대차 - 기타,안전운전불이행,건조,맑음,교차로 - 교차로안,자전거,남,14세,경상,승합,남,62세,상해없음
2019090400100369,2019년 9월 4일 15시,수요일,경상남도 함양군 휴천면,부상신고사고,0,0,0,1,차량단독 - 도로외이탈 - 추락,안전운전불이행,건조,맑음,단일로 - 기타,승용,여,60세,부상신고,,,,
2019090400100401,2019년 9월 4일 16시,수요일,경상남도 진주시 평거동,경상사고,0,0,1,0,차대사람 - 기타,안전운전불이행,건조,맑음,교차로 - 교차로안,승용,여,55세,상해없음,보행자,남,15세,경상
2019090400100402,2019년 9월 4일 16시,수요일,경상남도 사천시 대방동,중상사고,0,2,1,0,차대차 - 측면충돌,안전운전불이행,젖음/습기,비,교차로 - 교차로안,화물,남,28세,상해없음,승용,남,42세,중상
2019090400100403,2019년 9월 4일 16시,수요일,경상남도 밀양시 내이동,경상사고,0,0,1,0,차대차 - 후진중충돌,안전운전불이행,건조,맑음,단일로 - 기타,화물,남,58세,상해없음,승용,남,23세,경상
2019090400100404,2019년 9월 4일 16시,수요일,경상남도 양산시 삼호동,경상사고,0,0,1,0,차대차 - 측면충돌,신호위반,건조,맑음,교차로 - 교차로안,승용,남,57세,상해없음,승용,여,40세,경상
2019090400100445,2019년 9월 4일 17시,수요일,경상남도 함양군 함양읍,중상사고,0,1,0,0,차대차 - 측면충돌,안전운전불이행,건조,맑음,단일로 - 기타,승용,남,62세,상해없음,이륜,여,71세,중상
2019090400100446,2019년 9월 4일 17시,수요일,경상남도 거제시 일운면,경상사고,0,0,2,0,차대차 - 측면충돌,안전운전불이행,건조,맑음,교차로 - 교차로안,승용,여,50세,경상,승용,여,36세,경상
2019090400100447,2019년 9월 4일 17시,수요일,경상남도 거제시 고현동,중상사고,0,1,2,0,차대차 - 측면충돌,신호위반,건조,맑음,교차로 - 교차로안,승용,남,57세,상해없음,승용,여,45세,중상
2019090400100498,2019년 9월 4일 18시,수요일,경상남도 김해시 내동,경상사고,0,0,1,0,차대차 - 측면충돌,신호위반,건조,맑음,단일로 - 기타,이륜,남,34세,경상,승용,여,44세,상해없음
2019090400100499,2019년 9월 4일 18시,수요일,경상남도 거제시 장평동,중상사고,0,1,0,0,차대차 - 기타,안전운전불이행,건조,맑음,단일로 - 기타,승용,남,27세,상해없음,이륜,남,40세,중상
2019090400100541,2019년 9월 4일 19시,수요일,경상남도 진주시 상봉동,중상사고,0,1,0,0,차대사람 - 횡단중,보행자보호의무위반,젖음/습기,비,교차로 - 교차로횡단보도내,원동기,남,62세,상해없음,보행자,여,11세,중상
2019090400100542,2019년 9월 4일 19시,수요일,경상남도 김해시 내동,경상사고,0,0,1,0,차대사람 - 횡단중,보행자보호의무위반,건조,맑음,교차로 - 교차로안,승용,남,52세,상해없음,보행자,여,83세,경상
2019090400100543,2019년 9월 4일 19시,수요일,경상남도 창원시 성산구 상남동,중상사고,0,1,0,0,차대사람 - 기타,안전운전불이행,건조,맑음,교차로 - 교차로부근,승용,남,22세,상해없음,보행자,여,56세,중상
2019090400100595,2019년 9월 4일 20시,수요일,경상남도 김해시 삼계동,경상사고,0,0,1,0,차대차 - 측면충돌,불법유턴,건조,맑음,교차로 - 교차로안,승용,남,53세,상해없음,승용,여,37세,경상
2019090400100678,2019년 9월 4일 23시,수요일,경상남도 양산시 명동,사망사고,1,0,0,1,차대차 - 측면충돌,신호위반,건조,맑음,교차로 - 교차로안,승용,남,49세,사망,승합,남,51세,상해없음
2019090400100679,2019년 9월 4일 23시,수요일,경상남도 창녕군 계성면,중상사고,0,2,1,0,차대차 - 추돌,안전거리미확보,건조,맑음,단일로 - 기타,화물,남,50세,상해없음,승용,여,44세,중상
2019090500100035,2019년 9월 5일 00시,목요일,경상남도 사천시 좌룡동,경상사고,0,0,4,0,차대차 - 측면충돌,안전운전불이행,건조,흐림,교차로 - 교차로부근,승용,남,59세,상해없음,승용,남,27세,경상
2019090500100036,2019년 9월 5일 00시,목요일,경상남도 김해시 외동,사망사고,1,0,0,0,차대사람 - 횡단중,보행자보호의무위반,건조,맑음,교차로 - 교차로안,승용,남,56세,상해없음,보행자,남,47세,사망
2019090500100106,2019년 9월 5일 06시,목요일,경상남도 밀양시 내이동,경상사고,0,0,1,0,차대차 - 측면충돌,신호위반,건조,맑음,교차로 - 교차로안,화물,남,53세,상해없음,승용,남,60세,경상
2019090500100173,2019년 9월 5일 08시,목요일,경상남도 창원시 마산합포구 해운동,경상사고,0,0,1,0,차대차 - 추돌,안전거리미확보,건조,맑음,교차로 - 교차로안,승용,여,49세,상해없음,화물,남,72세,경상
2019090500100174,2019년 9월 5일 08시,목요일,경상남도 창원시 진해구 두동,중상사고,0,1,0,0,차대차 - 측면충돌,안전운전불이행,건조,맑음,교차로 - 교차로안,승용,남,43세,상해없음,승용,남,54세,중상
2019090500100175,2019년 9월 5일 08시,목요일,경상남도 사천시 사천읍,경상사고,0,0,1,0,차대차 - 측면충돌,중앙선침범,건조,맑음,교차로 - 교차로안,농기계,남,81세,경상,승용,남,47세,상해없음
2019090500100176,2019년 9월 5일 08시,목요일,경상남도 김해시 전하동,경상사고,0,0,2,0,차대차 - 측면충돌,안전운전불이행,건조,맑음,교차로 - 교차로안,승용,남,53세,상해없음,승용,여,37세,경상
2019090500100177,2019년 9월 5일 08시,목요일,경상남도 창원시 성산구 웅남동,중상사고,0,1,0,0,차대차 - 측면충돌,안전운전불이행,건조,맑음,교차로 - 교차로안,승용,남,24세,상해없음,승용,여,38세,중상
2019090500100216,2019년 9월 5일 09시,목요일,경상남도 창원시 마산합포구 오동동,중상사고,0,1,0,0,차대차 - 기타,직진우회전진행방해,건조,맑음,교차로 - 교차로안,승용,남,68세,상해없음,원동기,남,39세,중상
2019090500100217,2019년 9월 5일 09시,목요일,경상남도 사천시 용강동,경상사고,0,0,1,0,차대차 - 측면충돌,불법유턴,건조,맑음,교차로 - 교차로안,자전거,남,74세,경상,화물,남,31세,기타불명
2019090500100218,2019년 9월 5일 09시,목요일,경상남도 거제시 일운면,중상사고,0,1,3,0,차대차 - 측면충돌,교차로운행방법위반,건조,맑음,교차로 - 교차로부근,승용,남,27세,경상,승용,남,48세,경상
2019090500100247,2019년 9월 5일 10시,목요일,경상남도 사천시 사천읍,중상사고,0,1,0,0,차대차 - 추돌,안전운전불이행,건조,맑음,교차로 - 교차로부근,승용,남,47세,상해없음,승용,여,62세,중상
2019090500100275,2019년 9월 5일 11시,목요일,경상남도 창원시 마산합포구 동성동,중상사고,0,1,0,0,차대사람 - 기타,안전운전불이행,건조,맑음,교차로 - 교차로부근,승용,남,77세,상해없음,보행자,여,84세,중상
2019090500100276,2019년 9월 5일 11시,목요일,경상남도 김해시 어방동,중상사고,0,2,2,0,차대차 - 측면충돌,신호위반,건조,맑음,교차로 - 교차로횡단보도내,승용,여,27세,중상,화물,남,51세,경상
2019090500100301,2019년 9월 5일 12시,목요일,경상남도 김해시 진영읍,경상사고,0,0,1,0,차대차 - 추돌,안전운전불이행,건조,맑음,단일로 - 기타,승용,여,48세,상해없음,자전거,남,80세,경상
2019090500100330,2019년 9월 5일 13시,목요일,경상남도 함양군 함양읍,경상사고,0,0,1,1,차대차 - 추돌,안전운전불이행,건조,맑음,단일로 - 기타,승용,남,28세,상해없음,승용,여,52세,경상
2019090500100413,2019년 9월 5일 15시,목요일,경상남도 양산시 물금읍,경상사고,0,0,1,0,차대사람 - 길가장자리구역통행중,안전운전불이행,건조,맑음,단일로 - 기타,승용,여,50세,상해없음,보행자,여,55세,경상
2019090500100453,2019년 9월 5일 16시,목요일,경상남도 창원시 마산합포구 진동면,경상사고,0,0,2,0,차대차 - 측면충돌,안전운전불이행,건조,맑음,교차로 - 교차로안,화물,남,60세,상해없음,승용,남,45세,경상
2019090500100454,2019년 9월 5일 16시,목요일,경상남도 창원시 진해구 수송동,경상사고,0,0,1,0,차대차 - 측면충돌,안전운전불이행,건조,맑음,교차로 - 교차로안,승용,여,43세,상해없음,승용,남,39세,경상
2019090500100455,2019년 9월 5일 16시,목요일,경상남도 양산시 동면,경상사고,0,0,1,0,차대차 - 기타,안전운전불이행,건조,맑음,단일로 - 기타,화물,남,41세,상해없음,이륜,남,30세,경상
2019090500100456,2019년 9월 5일 16시,목요일,경상남도 거제시 일운면,경상사고,0,0,2,0,차대차 - 측면충돌,안전운전불이행,건조,맑음,단일로 - 기타,승용,남,36세,상해없음,승용,남,43세,경상
2019090500100457,2019년 9월 5일 16시,목요일,경상남도 창원시 마산회원구 합성동,경상사고,0,0,1,0,차대사람 - 횡단중,안전운전불이행,건조,맑음,단일로 - 기타,승용,남,63세,상해없음,보행자,남,12세,경상
2019090500100492,2019년 9월 5일 17시,목요일,경상남도 사천시 사천읍,경상사고,0,0,1,0,차대차 - 측면충돌,직진우회전진행방해,건조,맑음,교차로 - 교차로안,승용,여,58세,상해없음,승용,남,39세,경상
2019090500100493,2019년 9월 5일 17시,목요일,경상남도 밀양시 내일동,경상사고,0,0,1,0,차대사람 - 보도통행중,보행자보호의무위반,건조,맑음,교차로 - 교차로횡단보도내,승용,여,66세,상해없음,보행자,여,68세,경상
2019090500100494,2019년 9월 5일 17시,목요일,경상남도 창원시 의창구 명서동,경상사고,0,0,1,0,차대차 - 측면충돌,신호위반,건조,맑음,교차로 - 교차로안,기타불명,기타불명,미분류,기타불명,승용,여,40세,경상
2019090500100543,2019년 9월 5일 18시,목요일,경상남도 진주시 호탄동,중상사고,0,2,0,0,차대사람 - 보도통행중,신호위반,건조,맑음,교차로 - 교차로횡단보도내,이륜,남,65세,중상,보행자,남,69세,중상
2019090500100544,2019년 9월 5일 18시,목요일,경상남도 양산시 물금읍,경상사고,0,0,1,0,차대차 - 기타,교차로운행방법위반,건조,맑음,교차로 - 교차로안,화물,남,31세,상해없음,이륜,남,17세,경상
2019090500100545,2019년 9월 5일 18시,목요일,경상남도 창원시 성산구 가음동,중상사고,0,1,0,0,차대사람 - 횡단중,보행자보호의무위반,건조,맑음,교차로 - 교차로횡단보도내,승용,남,49세,상해없음,보행자,남,3세,중상
2019090500100587,2019년 9월 5일 19시,목요일,경상남도 함양군 함양읍,경상사고,0,0,1,0,차대차 - 추돌,안전운전불이행,건조,맑음,단일로 - 기타,승용,남,41세,상해없음,기타불명,여,54세,경상
2019090500100588,2019년 9월 5일 19시,목요일,경상남도 창원시 성산구 내동,경상사고,0,0,1,0,차대차 - 측면충돌,신호위반,건조,맑음,교차로 - 교차로안,건설기계,남,60세,상해없음,승용,남,34세,경상
2019090500100629,2019년 9월 5일 20시,목요일,경상남도 진주시 본성동,중상사고,0,1,0,0,차대차 - 측면충돌,안전거리미확보,건조,맑음,단일로 - 기타,승용,남,64세,상해없음,이륜,남,20세,중상
2019090500100657,2019년 9월 5일 21시,목요일,경상남도 창원시 성산구 상남동,경상사고,0,0,1,0,차대차 - 추돌,안전운전불이행,건조,맑음,교차로 - 교차로부근,승용,남,56세,상해없음,승용,여,36세,경상
2019090500100683,2019년 9월 5일 22시,목요일,경상남도 진주시 칠암동,사망사고,1,0,0,0,차대차 - 측면충돌,중앙선침범,건조,맑음,단일로 - 기타,자전거,남,78세,사망,승용,여,48세,상해없음
2019090600100032,2019년 9월 6일 00시,금요일,경상남도 고성군 고성읍,사망사고,1,0,0,0,차대사람 - 차도통행중,안전운전불이행,건조,맑음,단일로 - 기타,승용,남,47세,상해없음,보행자,남,23세,사망
2019090600100033,2019년 9월 6일 00시,금요일,경상남도 창원시 의창구 사화동,부상신고사고,0,0,0,1,차대차 - 추돌,차로위반,건조,맑음,단일로 - 고가도로위,승용,남,21세,상해없음,승용,여,38세,부상신고
2019090600100071,2019년 9월 6일 05시,금요일,경상남도 양산시 하북면,경상사고,0,0,1,0,차대차 - 기타,신호위반,젖음/습기,흐림,교차로 - 교차로안,화물,남,59세,상해없음,승용,여,53세,경상
2019090600100072,2019년 9월 6일 05시,금요일,경상남도 창원시 마산회원구 내서읍,중상사고,0,1,3,0,차대차 - 정면충돌,신호위반,건조,맑음,교차로 - 교차로안,승합,남,59세,상해없음,화물,남,57세,경상
2019090600100094,2019년 9월 6일 07시,금요일,경상남도 고성군 하이면,중상사고,0,1,0,0,차대차 - 추돌,직진우회전진행방해,건조,맑음,교차로 - 교차로안,승용,남,82세,상해없음,이륜,남,62세,중상
2019090600100095,2019년 9월 6일 07시,금요일,경상남도 창원시 성산구 남산동,경상사고,0,0,1,0,차대차 - 측면충돌,안전운전불이행,건조,맑음,교차로 - 교차로부근,승용,남,47세,상해없음,승용,남,31세,경상
2019090600100124,2019년 9월 6일 08시,금요일,경상남도 통영시 도천동,중상사고,0,1,0,0,차대사람 - 기타,안전운전불이행,건조,맑음,단일로 - 기타,승용,여,54세,상해없음,보행자,남,71세,중상
2019090600100125,2019년 9월 6일 08시,금요일,경상남도 함안군 칠원읍,중상사고,0,1,0,0,차량단독 - 공작물충돌,안전운전불이행,건조,맑음,단일로 - 기타,승용,여,52세,중상,,,,
2019090600100153,2019년 9월 6일 09시,금요일,경상남도 창원시 진해구 남문동,중상사고,0,1,0,0,차대차 - 측면충돌,직진우회전진행방해,건조,맑음,교차로 - 교차로안,승용,여,38세,상해없음,승용,남,37세,중상
2019090600100154,2019년 9월 6일 09시,금요일,경상남도 거창군 거창읍,부상신고사고,0,0,0,1,차량단독 - 전도전복 - 전도,안전운전불이행,건조,맑음,단일로 - 기타,이륜,남,74세,부상신고,,,,
2019090600100183,2019년 9월 6일 10시,금요일,경상남도 양산시 동면,중상사고,0,1,0,0,차대차 - 기타,신호위반,건조,맑음,교차로 - 교차로안,승용,남,60세,상해없음,승용,여,29세,중상
2019090600100184,2019년 9월 6일 10시,금요일,경상남도 거제시 덕포동,경상사고,0,0,1,0,차대차 - 측면충돌,직진우회전진행방해,건조,맑음,교차로 - 교차로안,승용,여,63세,상해없음,승용,남,29세,경상
2019090600100213,2019년 9월 6일 11시,금요일,경상남도 창원시 성산구 성산동,경상사고,0,0,1,0,차대사람 - 차도통행중,안전운전불이행,건조,맑음,단일로 - 기타,특수,남,36세,상해없음,보행자,남,44세,경상
2019090600100255,2019년 9월 6일 13시,금요일,경상남도 김해시 대동면,중상사고,0,1,0,0,차대차 - 측면충돌,안전거리미확보,건조,맑음,단일로 - 기타,화물,남,56세,상해없음,승용,여,57세,중상
2019090600100275,2019년 9월 6일 13시,금요일,경상남도 사천시 벌리동,경상사고,0,0,1,0,차대차 - 측면충돌,안전운전불이행,건조,맑음,교차로 - 교차로안,승용,여,38세,상해없음,이륜,남,71세,상해없음
2019090600100276,2019년 9월 6일 13시,금요일,경상남도 창녕군 창녕읍,중상사고,0,1,0,0,차대차 - 측면충돌,신호위반,건조,맑음,교차로 - 교차로안,화물,남,72세,상해없음,승용,여,24세,중상
2019090600100277,2019년 9월 6일 13시,금요일,경상남도 창원시 의창구 팔용동,경상사고,0,0,1,0,차대차 - 측면충돌,안전운전불이행,건조,맑음,교차로 - 교차로안,화물,남,43세,상해없음,이륜,남,36세,경상
2019090600100312,2019년 9월 6일 14시,금요일,경상남도 창원시 마산합포구 신포동2가,경상사고,0,0,1,0,차대사람 - 횡단중,보행자보호의무위반,건조,맑음,교차로 - 교차로안,승용,남,19세,상해없음,보행자,여,62세,경상
2019090600100313,2019년 9월 6일 14시,금요일,경상남도 통영시 무전동,경상사고,0,0,1,0,차대차 - 추돌,안전거리미확보,건조,맑음,단일로 - 기타,승용,여,25세,상해없음,승용,남,49세,경상
2019090600100350,2019년 9월 6일 15시,금요일,경상남도 창원시 진해구 청안동,중상사고,0,1,0,0,차대차 - 기타,안전운전불이행,건조,맑음,교차로 - 교차로부근,건설기계,남,59세,상해없음,화물,남,62세,중상
2019090600100351,2019년 9월 6일 15시,금요일,경상남도 통영시 미수동,경상사고,0,0,1,0,차대차 - 정면충돌,직진우회전진행방해,건조,맑음,교차로 - 교차로안,승용,남,59세,상해없음,승용,여,34세,경상
2019090600100404,2019년 9월 6일 16시,금요일,경상남도 사천시 정동면,경상사고,0,0,1,0,차량단독 - 전도전복 - 전도,안전운전불이행,건조,맑음,단일로 - 기타,이륜,여,59세,경상,,,,
2019090600100453,2019년 9월 6일 17시,금요일,경상남도 사천시 사남면,경상사고,0,0,3,0,차대차 - 추돌,안전운전불이행,건조,맑음,단일로 - 기타,승용,남,49세,상해없음,승용,남,34세,경상
2019090600100454,2019년 9월 6일 17시,금요일,경상남도 창원시 마산회원구 석전동,경상사고,0,0,1,0,차대차 - 측면충돌,안전운전불이행,젖음/습기,비,단일로 - 지하차도(도로)내,화물,남,53세,상해없음,승용,남,37세,경상
2019090600100455,2019년 9월 6일 17시,금요일,경상남도 창원시 의창구 북면,경상사고,0,0,3,0,차대차 - 측면충돌,안전운전불이행,건조,맑음,교차로 - 교차로부근,화물,남,47세,상해없음,승용,남,61세,경상
2019090600100502,2019년 9월 6일 18시,금요일,경상남도 함양군 함양읍,경상사고,0,0,1,0,차대사람 - 횡단중,보행자보호의무위반,젖음/습기,비,교차로 - 교차로횡단보도내,승용,남,47세,기타불명,보행자,여,15세,경상
2019090600100503,2019년 9월 6일 18시,금요일,경상남도 창원시 성산구 상남동,중상사고,0,1,0,0,차대사람 - 기타,기타,건조,맑음,기타 - 기타,자전거,여,27세,상해없음,보행자,여,60세,중상
2019090600100524,2019년 9월 6일 19시,금요일,경상남도 김해시 대동면,경상사고,0,0,1,0,차대차 - 기타,안전운전불이행,건조,맑음,단일로 - 기타,화물,남,66세,상해없음,승용,남,54세,경상
2019090600100556,2019년 9월 6일 19시,금요일,경상남도 사천시 정동면,중상사고,0,1,0,0,차대차 - 측면충돌,중앙선침범,건조,맑음,단일로 - 기타,승용,여,51세,상해없음,이륜,남,18세,중상
2019090600100557,2019년 9월 6일 19시,금요일,경상남도 밀양시 산내면,중상사고,0,2,0,0,차대차 - 측면충돌,중앙선침범,건조,맑음,단일로 - 기타,승용,남,67세,중상,승용,여,50세,중상
2019090600100558,2019년 9월 6일 19시,금요일,경상남도 양산시 남부동,경상사고,0,0,1,0,차대차 - 기타,안전운전불이행,건조,맑음,교차로 - 교차로안,승용,여,60세,상해없음,승용,남,47세,경상
2019090600100559,2019년 9월 6일 19시,금요일,경상남도 창원시 의창구 동읍,경상사고,0,0,1,0,차대차 - 기타,안전거리미확보,건조,맑음,단일로 - 기타,특수,남,72세,상해없음,승용,남,36세,경상
2019090600100604,2019년 9월 6일 20시,금요일,경상남도 밀양시 내이동,경상사고,0,0,1,0,차대차 - 측면충돌,안전운전불이행,건조,맑음,단일로 - 기타,승용,여,56세,상해없음,승용,남,51세,경상
2019090600100605,2019년 9월 6일 20시,금요일,경상남도 거제시 상동동,경상사고,0,0,1,0,차대차 - 측면충돌,교차로운행방법위반,건조,맑음,교차로 - 교차로안,승용,남,29세,상해없음,승용,남,22세,경상
2019090600100606,2019년 9월 6일 20시,금요일,경상남도 창원시 의창구 두대동,경상사고,0,0,1,0,차대차 - 추돌,안전운전불이행,건조,맑음,교차로 - 교차로부근,이륜,남,31세,상해없음,승용,남,26세,경상
2019090600100647,2019년 9월 6일 21시,금요일,경상남도 남해군 남해읍,경상사고,0,0,1,0,차량단독 - 도로외이탈 - 추락,안전운전불이행,젖음/습기,비,단일로 - 기타,승용,여,58세,경상,,,,
2019090600100648,2019년 9월 6일 21시,금요일,경상남도 함안군 가야읍,중상사고,0,1,0,0,차량단독 - 공작물충돌,안전운전불이행,건조,맑음,교차로 - 교차로안,화물,남,48세,중상,,,,
2019090600100687,2019년 9월 6일 22시,금요일,경상남도 사천시 사남면,경상사고,0,0,1,0,차대차 - 기타,직진우회전진행방해,젖음/습기,비,교차로 - 교차로안,승용,여,24세,상해없음,이륜,남,17세,경상
2019090600100688,2019년 9월 6일 22시,금요일,경상남도 김해시 삼정동,경상사고,0,0,1,0,차대차 - 측면충돌,교차로운행방법위반,건조,흐림,교차로 - 교차로안,승용,여,36세,상해없음,이륜,남,45세,경상
2019090600100717,2019년 9월 6일 23시,금요일,경상남도 고성군 고성읍,경상사고,0,0,1,0,차대차 - 기타,신호위반,건조,맑음,교차로 - 교차로안,승용,여,40세,상해없음,화물,남,59세,경상
2019090700100043,2019년 9월 7일 00시,토요일,경상남도 창원시 성산구 사파동,경상사고,0,0,3,0,차대차 - 측면충돌,신호위반,젖음/습기,비,교차로 - 교차로부근,승용,남,18세,상해없음,승용,여,35세,경상
2019090700100066,2019년 9월 7일 01시,토요일,경상남도 창원시 마산합포구 창동,경상사고,0,0,1,0,차대사람 - 횡단중,안전운전불이행,젖음/습기,비,교차로 - 교차로횡단보도내,승용,남,47세,상해없음,보행자,여,61세,경상
2019090700100080,2019년 9월 7일 02시,토요일,경상남도 거제시 옥포동,경상사고,0,0,1,0,차대사람 - 기타,안전운전불이행,젖음/습기,비,단일로 - 기타,승용,남,33세,상해없음,보행자,남,56세,경상
2019090700100081,2019년 9월 7일 02시,토요일,경상남도 창원시 의창구 신월동,부상신고사고,0,0,0,2,차대차 - 측면충돌,안전운전불이행,젖음/습기,비,단일로 - 기타,승용,남,56세,상해없음,승용,남,65세,상해없음
2019090700100082,2019년 9월 7일 02시,토요일,경상남도 창원시 마산회원구 양덕동,중상사고,0,1,0,0,차대사람 - 횡단중,보행자보호의무위반,젖음/습기,비,단일로 - 지하차도(도로)내,승합,남,22세,상해없음,보행자,남,49세,중상
2019090700100110,2019년 9월 7일 04시,토요일,경상남도 창원시 성산구 중앙동,경상사고,0,0,1,0,차대사람 - 차도통행중,안전운전불이행,건조,맑음,교차로 - 교차로부근,승용,남,56세,상해없음,보행자,남,36세,경상
2019090700100138,2019년 9월 7일 07시,토요일,경상남도 밀양시 삼랑진읍,경상사고,0,0,1,0,차량단독 - 전도전복 - 전도,안전운전불이행,젖음/습기,비,단일로 - 기타,이륜,남,51세,경상,,,,
2019090700100139,2019년 9월 7일 07시,토요일,경상남도 김해시 부원동,중상사고,0,1,0,0,차대차 - 기타,신호위반,젖음/습기,흐림,기타 - 기타,승용,남,41세,상해없음,자전거,남,51세,중상
2019090700100152,2019년 9월 7일 08시,토요일,경상남도 산청군 단성면,경상사고,0,0,1,0,차대차 - 측면충돌,안전운전불이행,젖음/습기,비,단일로 - 기타,승용,여,58세,상해없음,이륜,남,72세,경상
2019090700100178,2019년 9월 7일 09시,토요일,경상남도 양산시 삼호동,경상사고,0,0,1,0,차대차 - 기타,안전운전불이행,젖음/습기,비,단일로 - 기타,승용,남,35세,상해없음,승용,남,58세,경상
2019090700100179,2019년 9월 7일 09시,토요일,경상남도 창원시 의창구 서상동,경상사고,0,0,2,0,차대차 - 추돌,안전운전불이행,젖음/습기,비,교차로 - 교차로부근,승용,여,42세,상해없음,승용,남,65세,경상
2019090700100200,2019년 9월 7일 10시,토요일,경상남도 밀양시 내이동,경상사고,0,0,1,0,차대차 - 측면충돌,신호위반,젖음/습기,비,교차로 - 교차로부근,화물,남,51세,상해없음,승용,여,52세,경상
2019090700100201,2019년 9월 7일 10시,토요일,경상남도 양산시 삼호동,경상사고,0,0,1,0,차량단독 - 공작물충돌,안전운전불이행,젖음/습기,비,단일로 - 기타,화물,남,42세,경상,,,,
2019090700100234,2019년 9월 7일 11시,토요일,경상남도 김해시 삼계동,경상사고,0,0,1,1,차대차 - 측면충돌,안전운전불이행,젖음/습기,비,교차로 - 교차로안,화물,남,58세,부상신고,승합,남,40세,경상
2019090700100235,2019년 9월 7일 11시,토요일,경상남도 의령군 의령읍,중상사고,0,2,0,0,차대차 - 측면충돌,안전운전불이행,젖음/습기,흐림,단일로 - 기타,이륜,남,88세,중상,승용,여,46세,상해없음