사고번호,사고일시,요일,시군구,사고내용,사망자수,중상자수,경상자수,부상신고자수,사고유형,법규위반,노면상태,기상상태,도로형태,가해운전자 차종,가해운전자 성별,가해운전자 연령,가해운전자 상해정도,피해운전자 차종,피해운전자 성별,피해운전자 연령,피해운전자 상해정도
2019091300100044,2019년 9월 13일 02시,금요일,경상남도 김해시 동상동,경상사고,0,0,3,0,차대차 - 기타,안전운전불이행,건조,맑음,단일로 - 기타,승용,남,35세,상해없음,승용,남,59세,경상
2019091300100045,2019년 9월 13일 02시,금요일,경상남도 창녕군 창녕읍,중상사고,0,1,2,0,차량단독 - 공작물충돌,안전운전불이행,건조,맑음,단일로 - 기타,승용,남,51세,경상,,,,
2019091300100064,2019년 9월 13일 06시,금요일,경상남도 양산시 동면,경상사고,0,0,1,0,차대차 - 기타,기타,건조,맑음,단일로 - 기타,승용,여,36세,경상,승용,남,25세,상해없음
2019091300100067,2019년 9월 13일 06시,금요일,경상남도 양산시 동면,경상사고,0,0,1,0,차대차 - 추돌,안전운전불이행,건조,맑음,교차로 - 교차로부근,승용,남,65세,상해없음,승용,남,32세,경상
2019091300100086,2019년 9월 13일 08시,금요일,경상남도 함안군 군북면,중상사고,0,2,0,0,차대차 - 측면충돌,신호위반,건조,맑음,교차로 - 교차로안,승용,남,71세,상해없음,승용,여,26세,중상
2019091300100098,2019년 9월 13일 09시,금요일,경상남도 양산시 어곡동,경상사고,0,0,3,0,차대차 - 측면충돌,안전운전불이행,건조,맑음,단일로 - 기타,승용,남,40세,상해없음,승용,남,50세,경상
2019091300100149,2019년 9월 13일 11시,금요일,경상남도 양산시 상북면,중상사고,0,1,0,0,차대사람 - 기타,안전운전불이행,건조,맑음,단일로 - 기타,화물,남,48세,상해없음,보행자,남,58세,중상
2019091300100150,2019년 9월 13일 11시,금요일,경상남도 고성군 고성읍,부상신고사고,0,0,0,1,차대사람 - 횡단중,안전운전불이행,건조,맑음,단일로 - 기타,승합,남,66세,상해없음,보행자,남,26세,부상신고
2019091300100166,2019년 9월 13일 12시,금요일,경상남도 김해시 대동면,경상사고,0,0,1,1,차대차 - 추돌,안전운전불이행,건조,맑음,단일로 - 기타,승용,남,25세,상해없음,승용,여,25세,경상
2019091300100180,2019년 9월 13일 12시,금요일,경상남도 창원시 진해구 서중동,경상사고,0,0,4,0,차대차 - 기타,안전거리미확보,건조,맑음,단일로 - 기타,승용,남,39세,경상,승용,남,51세,경상
2019091300100181,2019년 9월 13일 12시,금요일,경상남도 김해시 삼방동,중상사고,0,1,0,0,차대차 - 기타,안전운전불이행,건조,맑음,단일로 - 기타,원동기,남,59세,중상,승용,남,25세,상해없음
2019091300100182,2019년 9월 13일 12시,금요일,경상남도 양산시 물금읍,경상사고,0,0,1,0,차대차 - 측면충돌,교차로운행방법위반,건조,맑음,교차로 - 교차로안,승용,남,58세,상해없음,이륜,남,25세,경상
2019091300100183,2019년 9월 13일 12시,금요일,경상남도 산청군 단성면,중상사고,0,1,4,1,차대차 - 추돌,안전운전불이행,건조,맑음,단일로 - 기타,승용,남,45세,상해없음,승용,남,29세,경상
2019091300100216,2019년 9월 13일 13시,금요일,경상남도 창원시 마산합포구 구산면,경상사고,0,0,1,1,차량단독 - 기타,안전운전불이행,건조,맑음,단일로 - 기타,승용,남,71세,부상신고,,,,
2019091300100217,2019년 9월 13일 13시,금요일,경상남도 통영시 도남동,부상신고사고,0,0,0,1,차대차 - 기타,교차로운행방법위반,건조,맑음,단일로 - 기타,승용,여,36세,상해없음,승합,남,60세,상해없음
2019091300100218,2019년 9월 13일 13시,금요일,경상남도 양산시 하북면,경상사고,0,0,2,0,차대차 - 측면충돌,교차로운행방법위반,건조,맑음,교차로 - 교차로안,승용,여,63세,상해없음,승용,남,30세,경상
2019091300100219,2019년 9월 13일 13시,금요일,경상남도 거제시 동부면,중상사고,0,2,0,0,차대차 - 정면충돌,중앙선침범,건조,맑음,단일로 - 기타,승용,남,33세,상해없음,승용,남,31세,중상
2019091300100234,2019년 9월 13일 14시,금요일,경상남도 양산시 다방동,경상사고,0,0,2,0,차대차 - 추돌,안전거리미확보,건조,맑음,단일로 - 기타,승용,남,27세,상해없음,승용,남,25세,경상
2019091300100257,2019년 9월 13일 14시,금요일,경상남도 사천시 서동,부상신고사고,0,0,0,1,차대차 - 측면충돌,안전운전불이행,건조,맑음,교차로 - 교차로부근,승용,여,52세,상해없음,승용,남,35세,부상신고
2019091300100258,2019년 9월 13일 14시,금요일,경상남도 의령군 의령읍,경상사고,0,0,2,0,차대차 - 측면충돌,직진우회전진행방해,건조,맑음,교차로 - 교차로안,승용,남,65세,상해없음,승용,남,43세,상해없음
2019091300100259,2019년 9월 13일 14시,금요일,경상남도 의령군 유곡면,중상사고,0,1,0,0,차대사람 - 횡단중,안전운전불이행,건조,맑음,단일로 - 기타,승용,여,30세,상해없음,보행자,여,75세,중상
2019091300100290,2019년 9월 13일 15시,금요일,경상남도 김해시 진영읍,경상사고,0,0,4,0,차대차 - 추돌,안전운전불이행,건조,맑음,단일로 - 기타,승용,남,49세,상해없음,승용,여,37세,경상
2019091300100313,2019년 9월 13일 16시,금요일,경상남도 창원시 의창구 소답동,중상사고,0,1,2,0,차대차 - 기타,기타,건조,맑음,단일로 - 기타,승용,남,62세,상해없음,승용,남,46세,중상
2019091300100345,2019년 9월 13일 17시,금요일,경상남도 사천시 서포면,경상사고,0,0,1,0,차대차 - 측면충돌,안전운전불이행,건조,맑음,교차로 - 교차로안,승용,남,42세,상해없음,화물,남,60세,경상
2019091300100346,2019년 9월 13일 17시,금요일,경상남도 양산시 남부동,중상사고,0,1,0,0,차대차 - 측면충돌,신호위반,건조,맑음,교차로 - 교차로안,승용,남,43세,상해없음,자전거,남,54세,중상
2019091300100347,2019년 9월 13일 17시,금요일,경상남도 고성군 고성읍,중상사고,0,2,0,0,차대차 - 측면충돌,신호위반,건조,맑음,교차로 - 교차로안,승용,여,45세,상해없음,승용,남,72세,중상
2019091300100375,2019년 9월 13일 18시,금요일,경상남도 창원시 마산합포구 예곡동,경상사고,0,0,1,0,차대차 - 추돌,안전거리미확보,건조,맑음,단일로 - 기타,승용,남,49세,상해없음,승용,여,49세,경상
2019091300100376,2019년 9월 13일 18시,금요일,경상남도 하동군 진교면,경상사고,0,0,1,0,차대차 - 측면충돌,교차로운행방법위반,건조,맑음,교차로 - 교차로안,원동기,남,65세,경상,승용,남,69세,상해없음
2019091300100403,2019년 9월 13일 20시,금요일,경상남도 창원시 의창구 명서동,경상사고,0,0,2,0,차대차 - 측면충돌,차로위반,건조,맑음,단일로 - 기타,승용,여,42세,상해없음,승용,여,44세,경상
2019091300100423,2019년 9월 13일 21시,금요일,경상남도 김해시 대동면,중상사고,0,1,0,0,차대사람 - 기타,보행자보호의무위반,건조,맑음,교차로 - 교차로안,화물,남,71세,상해없음,보행자,여,7세,중상
2019091300100446,2019년 9월 13일 23시,금요일,경상남도 창원시 마산합포구 산호동,경상사고,0,0,1,0,차대사람 - 차도통행중,안전운전불이행,건조,맑음,단일로 - 기타,승용,여,50세,상해없음,보행자,남,46세,경상
2019091400100019,2019년 9월 14일 00시,토요일,경상남도 통영시 미수동,중상사고,0,1,0,0,차대사람 - 기타,안전운전불이행,건조,맑음,단일로 - 기타,승용,남,21세,상해없음,보행자,여,47세,중상
2019091400100036,2019년 9월 14일 01시,토요일,경상남도 통영시 태평동,경상사고,0,0,1,0,차대차 - 추돌,안전거리미확보,건조,맑음,단일로 - 기타,승용,여,62세,상해없음,승용,남,39세,경상
2019091400100064,2019년 9월 14일 05시,토요일,경상남도 밀양시 삼문동,중상사고,0,1,0,0,차대사람 - 기타,안전운전불이행,건조,맑음,단일로 - 기타,원동기,남,23세,상해없음,보행자,여,79세,중상
2019091400100065,2019년 9월 14일 05시,토요일,경상남도 창원시 성산구 상남동,경상사고,0,0,1,0,차대사람 - 기타,안전운전불이행,건조,맑음,단일로 - 기타,승용,남,46세,상해없음,보행자,남,29세,경상
2019091400100083,2019년 9월 14일 09시,토요일,경상남도 진주시 상대동,중상사고,0,1,0,0,차대차 - 기타,신호위반,건조,맑음,교차로 - 교차로안,승용,남,35세,상해없음,이륜,남,41세,중상
2019091400100084,2019년 9월 14일 09시,토요일,경상남도 함안군 대산면,경상사고,0,0,1,0,차대차 - 추돌,안전운전불이행,건조,맑음,교차로 - 교차로부근,화물,여,59세,상해없음,승용,여,55세,경상
2019091400100116,2019년 9월 14일 11시,토요일,경상남도 창원시 진해구 경화동,중상사고,0,2,0,0,차대차 - 추돌,안전거리미확보,건조,맑음,교차로 - 교차로부근,승용,여,42세,기타불명,승용,남,71세,중상
2019091400100142,2019년 9월 14일 12시,토요일,경상남도 창원시 마산합포구 진동면,부상신고사고,0,0,0,1,차량단독 - 전도전복 - 전도,안전운전불이행,건조,맑음,단일로 - 기타,이륜,남,34세,부상신고,,,,
2019091400100143,2019년 9월 14일 12시,토요일,경상남도 밀양시 단장면,경상사고,0,0,1,0,차대차 - 추돌,안전운전불이행,건조,맑음,단일로 - 기타,화물,남,57세,상해없음,이륜,남,47세,경상
2019091400100144,2019년 9월 14일 12시,토요일,경상남도 김해시 삼방동,중상사고,0,4,0,0,차대차 - 정면충돌,안전거리미확보,건조,맑음,단일로 - 기타,승용,남,48세,상해없음,승용,남,47세,중상
2019091400100145,2019년 9월 14일 12시,토요일,경상남도 양산시 원동면,중상사고,0,1,0,0,차대차 - 기타,안전운전불이행,건조,맑음,기타 - 기타,자전거,기타불명,미분류,기타불명,자전거,남,31세,중상
2019091400100146,2019년 9월 14일 12시,토요일,경상남도 고성군 마암면,경상사고,0,0,3,0,차대차 - 추돌,안전거리미확보,건조,맑음,단일로 - 기타,승용,남,31세,상해없음,승용,남,50세,경상
2019091400100147,2019년 9월 14일 12시,토요일,경상남도 남해군 삼동면,부상신고사고,0,0,0,2,차량단독 - 공작물충돌,안전운전불이행,건조,맑음,단일로 - 기타,승용,남,70세,부상신고,,,,
2019091400100177,2019년 9월 14일 13시,토요일,경상남도 창원시 진해구 경화동,중상사고,0,1,0,0,차대사람 - 횡단중,안전운전불이행,건조,맑음,단일로 - 기타,승용,여,28세,상해없음,보행자,여,14세,중상
2019091400100178,2019년 9월 14일 13시,토요일,경상남도 밀양시 삼문동,경상사고,0,0,2,0,차대차 - 측면충돌,신호위반,건조,맑음,교차로 - 교차로안,승용,남,38세,상해없음,승용,남,26세,경상
2019091400100179,2019년 9월 14일 13시,토요일,경상남도 고성군 고성읍,경상사고,0,0,1,0,차대차 - 기타,직진우회전진행방해,건조,맑음,교차로 - 교차로안,원동기,남,59세,상해없음,승용,여,46세,경상
2019091400100180,2019년 9월 14일 13시,토요일,경상남도 창원시 마산회원구 봉암동,중상사고,0,1,0,0,차대차 - 정면충돌,안전운전불이행,건조,맑음,교차로 - 교차로부근,승용,남,67세,상해없음,이륜,남,53세,중상
2019091400100208,2019년 9월 14일 14시,토요일,경상남도 창원시 마산합포구 진북면,경상사고,0,0,2,0,차대차 - 추돌,안전거리미확보,건조,맑음,단일로 - 기타,승용,여,59세,상해없음,승용,여,48세,경상
2019091400100209,2019년 9월 14일 14시,토요일,경상남도 양산시 원동면,경상사고,0,0,1,0,차대차 - 기타,안전운전불이행,건조,맑음,단일로 - 기타,화물,남,63세,상해없음,자전거,여,46세,경상
2019091400100238,2019년 9월 14일 15시,토요일,경상남도 밀양시 상남면,경상사고,0,0,1,0,차대차 - 측면충돌,교차로운행방법위반,건조,맑음,교차로 - 교차로안,승용,남,23세,경상,승용,남,65세,상해없음
2019091400100239,2019년 9월 14일 15시,토요일,경상남도 함안군 가야읍,경상사고,0,0,4,0,차대차 - 추돌,안전운전불이행,건조,맑음,교차로 - 교차로부근,승용,남,50세,상해없음,승용,남,28세,경상
2019091400100264,2019년 9월 14일 16시,토요일,경상남도 창원시 마산회원구 구암동,경상사고,0,0,2,0,차대차 - 추돌,안전운전불이행,건조,맑음,교차로 - 교차로안,승용,여,45세,상해없음,승용,여,37세,경상
2019091400100265,2019년 9월 14일 16시,토요일,경상남도 창원시 의창구 대산면,경상사고,0,0,4,0,차대차 - 측면충돌,신호위반,건조,맑음,교차로 - 교차로안,화물,남,61세,상해없음,승용,남,52세,경상
2019091400100275,2019년 9월 14일 17시,토요일,경상남도 김해시 상동면,중상사고,0,1,3,0,차대차 - 추돌,안전거리미확보,건조,맑음,단일로 - 기타,승용,남,22세,상해없음,승용,남,62세,경상
2019091400100290,2019년 9월 14일 17시,토요일,경상남도 거창군 거창읍,경상사고,0,0,1,0,차대차 - 측면충돌,안전운전불이행,건조,맑음,교차로 - 교차로안,승용,여,55세,상해없음,승용,남,56세,상해없음
2019091400100291,2019년 9월 14일 17시,토요일,경상남도 창녕군 대합면,경상사고,0,0,1,0,차대차 - 측면충돌,신호위반,건조,맑음,교차로 - 교차로안,승용,여,58세,상해없음,승용,여,29세,경상
2019091400100292,2019년 9월 14일 17시,토요일,경상남도 거제시 삼거동,경상사고,0,0,2,0,차대차 - 정면충돌,중앙선침범,건조,맑음,단일로 - 기타,승용,남,29세,상해없음,승용,남,47세,경상
2019091400100318,2019년 9월 14일 18시,토요일,경상남도 양산시 물금읍,경상사고,0,0,1,0,차대차 - 추돌,안전거리미확보,건조,맑음,교차로 - 교차로안,승용,남,25세,상해없음,승용,남,53세,상해없음
2019091400100319,2019년 9월 14일 18시,토요일,경상남도 창원시 성산구 반지동,경상사고,0,0,1,0,차대사람 - 차도통행중,안전운전불이행,건조,맑음,교차로 - 교차로부근,승용,남,71세,상해없음,보행자,여,73세,경상
2019091400100347,2019년 9월 14일 19시,토요일,경상남도 사천시 좌룡동,경상사고,0,0,1,0,차대사람 - 길가장자리구역통행중,안전운전불이행,건조,맑음,교차로 - 교차로부근,승용,여,64세,상해없음,보행자,남,15세,경상
2019091400100348,2019년 9월 14일 19시,토요일,경상남도 밀양시 가곡동,부상신고사고,0,0,0,1,차대사람 - 횡단중,안전운전불이행,건조,맑음,단일로 - 기타,승용,남,24세,상해없음,보행자,여,12세,부상신고
2019091400100368,2019년 9월 14일 20시,토요일,경상남도 고성군 회화면,경상사고,0,0,2,0,차대차 - 기타,안전거리미확보,건조,맑음,단일로 - 기타,승합,남,70세,상해없음,승용,남,23세,경상
2019091400100391,2019년 9월 14일 21시,토요일,경상남도 창원시 의창구 북면,경상사고,0,0,1,0,차대차 - 추돌,안전운전불이행,건조,맑음,기타 - 기타,승용,남,45세,상해없음,승용,남,31세,경상
2019091400100413,2019년 9월 14일 22시,토요일,경상남도 창원시 진해구 용원동,경상사고,0,0,1,0,차대사람 - 기타,안전운전불이행,건조,맑음,교차로 - 교차로부근,승용,남,15세,상해없음,보행자,남,16세,경상
2019091400100428,2019년 9월 14일 23시,토요일,경상남도 진주시 상대동,중상사고,0,1,0,0,차대사람 - 기타,안전운전불이행,건조,맑음,단일로 - 기타,승용,남,30세,상해없음,보행자,여,25세,중상
2019091500100027,2019년 9월 15일 00시,일요일,경상남도 창녕군 대지면,중상사고,0,1,1,1,차대차 - 기타,안전운전불이행,건조,맑음,단일로 - 기타,승용,여,69세,부상신고,승용,남,28세,중상
2019091500100125,2019년 9월 15일 10시,일요일,경상남도 산청군 신안면,경상사고,0,0,1,0,차대차 - 추돌,안전운전불이행,건조,맑음,단일로 - 교량,화물,남,25세,상해없음,승용,여,38세,상해없음
2019091500100148,2019년 9월 15일 11시,일요일,경상남도 함양군 함양읍,중상사고,0,1,2,2,차대차 - 측면충돌,교차로운행방법위반,건조,맑음,교차로 - 교차로안,승용,남,41세,부상신고,승용,남,69세,중상
2019091500100169,2019년 9월 15일 12시,일요일,경상남도 양산시 동면,경상사고,0,0,3,0,차대차 - 추돌,안전거리미확보,건조,맑음,단일로 - 기타,승용,남,66세,상해없음,승용,남,52세,경상
2019091500100195,2019년 9월 15일 13시,일요일,경상남도 거창군 가조면,중상사고,0,2,1,0,차대차 - 측면충돌,안전운전불이행,건조,맑음,교차로 - 교차로안,승용,남,59세,상해없음,승용,남,58세,중상
2019091500100196,2019년 9월 15일 13시,일요일,경상남도 창원시 의창구 북면,중상사고,0,1,1,0,차대차 - 측면충돌,신호위반,건조,맑음,교차로 - 교차로안,승용,남,60세,상해없음,이륜,남,76세,경상
2019091500100226,2019년 9월 15일 14시,일요일,경상남도 창원시 진해구 청안동,경상사고,0,0,1,0,차대차 - 측면충돌,교차로운행방법위반,건조,맑음,교차로 - 교차로부근,승용,남,64세,상해없음,승용,여,59세,경상
2019091500100227,2019년 9월 15일 14시,일요일,경상남도 창원시 진해구 풍호동,경상사고,0,0,1,0,차량단독 - 기타,안전운전불이행,건조,맑음,기타 - 기타,자전거,남,45세,경상,,,,
2019091500100228,2019년 9월 15일 14시,일요일,경상남도 김해시 삼정동,경상사고,0,0,1,0,차량단독 - 공작물충돌,안전운전불이행,건조,맑음,단일로 - 기타,승용,여,22세,경상,,,,
2019091500100229,2019년 9월 15일 14시,일요일,경상남도 함양군 함양읍,경상사고,0,0,1,1,차대차 - 측면충돌,교차로운행방법위반,건조,맑음,교차로 - 교차로안,승용,여,21세,부상신고,승용,여,44세,경상
2019091500100230,2019년 9월 15일 14시,일요일,경상남도 거제시 상동동,경상사고,0,0,1,0,차대차 - 기타,안전거리미확보,건조,맑음,단일로 - 기타,승용,남,34세,상해없음,이륜,남,28세,경상
2019091500100258,2019년 9월 15일 15시,일요일,경상남도 거제시 아주동,경상사고,0,0,1,0,차대차 - 기타,안전거리미확보,건조,맑음,단일로 - 터널,승용,남,47세,상해없음,화물,남,36세,상해없음
2019091500100348,2019년 9월 15일 18시,일요일,경상남도 창원시 진해구 북부동,중상사고,0,1,0,0,차대차 - 기타,안전운전불이행,건조,맑음,교차로 - 교차로부근,승용,남,63세,상해없음,원동기,남,36세,중상
2019091500100349,2019년 9월 15일 18시,일요일,경상남도 밀양시 상남면,중상사고,0,1,0,0,차대차 - 측면충돌,안전운전불이행,건조,맑음,단일로 - 기타,이륜,남,78세,상해없음,승용,남,28세,중상
2019091500100350,2019년 9월 15일 18시,일요일,경상남도 남해군 남면,경상사고,0,0,1,0,차대차 - 측면충돌,안전운전불이행,건조,맑음,단일로 - 기타,승용,남,28세,상해없음,승용,여,61세,경상
2019091500100351,2019년 9월 15일 18시,일요일,경상남도 창원시 성산구 내동,경상사고,0,0,3,0,차대차 - 측면충돌,신호위반,건조,맑음,교차로 - 교차로안,승용,여,36세,상해없음,승용,남,52세,경상
2019091500100384,2019년 9월 15일 19시,일요일,경상남도 양산시 물금읍,경상사고,0,0,1,0,차대차 - 기타,안전운전불이행,건조,맑음,교차로 - 교차로부근,이륜,남,18세,상해없음,승용,여,44세,경상
2019091500100385,2019년 9월 15일 19시,일요일,경상남도 고성군 고성읍,중상사고,0,2,0,0,차대차 - 정면충돌,직진우회전진행방해,건조,맑음,교차로 - 교차로안,승용,남,32세,상해없음,승용,남,44세,중상
2019091500100386,2019년 9월 15일 19시,일요일,경상남도 김해시 율하동,부상신고사고,0,0,0,1,차대차 - 기타,안전운전불이행,건조,맑음,단일로 - 기타,자전거,남,28세,부상신고,자전거,남,9세,상해없음
2019091500100436,2019년 9월 15일 21시,일요일,경상남도 통영시 태평동,경상사고,0,0,3,0,차대차 - 추돌,안전운전불이행,건조,맑음,단일로 - 기타,승용,남,54세,상해없음,승용,남,42세,경상
2019091600100046,2019년 9월 16일 01시,월요일,경상남도 김해시 내동,중상사고,0,1,0,0,차대차 - 정면충돌,안전운전불이행,건조,맑음,교차로 - 교차로부근,이륜,남,37세,중상,승용,남,36세,상해없음
2019091600100063,2019년 9월 16일 04시,월요일,경상남도 통영시 북신동,경상사고,0,0,1,0,차량단독 - 기타,안전운전불이행,건조,맑음,교차로 - 교차로안,승합,남,50세,상해없음,,,,
2019091600100071,2019년 9월 16일 05시,월요일,경상남도 김해시 어방동,중상사고,0,1,2,0,차대차 - 측면충돌,안전운전불이행,건조,맑음,교차로 - 교차로안,승용,남,48세,경상,승용,남,42세,경상
2019091600100086,2019년 9월 16일 06시,월요일,경상남도 진주시 금산면,중상사고,0,1,0,0,차대차 - 측면충돌,안전운전불이행,건조,맑음,단일로 - 기타,화물,남,51세,상해없음,이륜,남,84세,중상
2019091600100087,2019년 9월 16일 06시,월요일,경상남도 양산시 동면,경상사고,0,0,1,0,차대차 - 정면충돌,안전운전불이행,건조,맑음,단일로 - 기타,승용,여,36세,경상,승합,남,57세,상해없음
2019091600100088,2019년 9월 16일 06시,월요일,경상남도 김해시 흥동,중상사고,0,1,1,0,차대차 - 측면충돌,신호위반,건조,맑음,교차로 - 교차로안,승용,남,56세,경상,승용,남,38세,중상
2019091600100105,2019년 9월 16일 07시,월요일,경상남도 거제시 거제면,중상사고,0,1,1,0,차대차 - 추돌,안전운전불이행,건조,맑음,단일로 - 기타,승용,여,58세,경상,기타불명,남,45세,중상
2019091600100150,2019년 9월 16일 08시,월요일,경상남도 진주시 동성동,경상사고,0,0,1,0,차대사람 - 횡단중,안전운전불이행,건조,맑음,교차로 - 교차로안,화물,남,66세,상해없음,보행자,남,54세,경상
2019091600100151,2019년 9월 16일 08시,월요일,경상남도 사천시 벌리동,중상사고,0,1,0,0,차대사람 - 횡단중,보행자보호의무위반,건조,맑음,교차로 - 교차로안,이륜,남,73세,상해없음,보행자,여,21세,중상
2019091600100152,2019년 9월 16일 08시,월요일,경상남도 양산시 용당동,경상사고,0,0,1,0,차량단독 - 도로외이탈 - 추락,안전운전불이행,건조,맑음,교차로 - 교차로안,승용,남,65세,경상,,,,
2019091600100153,2019년 9월 16일 08시,월요일,경상남도 고성군 고성읍,중상사고,0,1,1,0,차대차 - 측면충돌,안전운전불이행,건조,맑음,교차로 - 교차로안,화물,남,58세,상해없음,이륜,남,71세,경상
2019091600100154,2019년 9월 16일 08시,월요일,경상남도 하동군 금남면,사망사고,1,0,0,0,차대차 - 기타,신호위반,건조,맑음,교차로 - 교차로안,농기계,남,76세,사망,화물,남,57세,상해없음
2019091600100197,2019년 9월 16일 09시,월요일,경상남도 창원시 마산합포구 월영동,경상사고,0,0,1,0,차대차 - 측면충돌,안전거리미확보,건조,맑음,교차로 - 교차로안,승용,남,62세,상해없음,승용,남,47세,경상
2019091600100198,2019년 9월 16일 09시,월요일,경상남도 진주시 상대동,부상신고사고,0,0,0,1,차대차 - 추돌,안전거리미확보,건조,맑음,교차로 - 교차로부근,원동기,여,66세,부상신고,승용,남,64세,상해없음
2019091600100199,2019년 9월 16일 09시,월요일,경상남도 사천시 벌리동,중상사고,0,1,0,0,차대차 - 측면충돌,직진우회전진행방해,건조,맑음,교차로 - 교차로안,승용,여,51세,상해없음,승용,여,49세,중상
2019091600100200,2019년 9월 16일 09시,월요일,경상남도 함안군 가야읍,중상사고,0,1,0,0,차대차 - 추돌,안전운전불이행,건조,맑음,교차로 - 교차로안,이륜,남,67세,중상,화물,남,69세,상해없음
2019091600100234,2019년 9월 16일 10시,월요일,경상남도 양산시 물금읍,경상사고,0,0,1,0,차대차 - 측면충돌,안전거리미확보,건조,맑음,교차로 - 교차로부근,승용,남,49세,기타불명,승용,여,58세,경상
2019091600100235,2019년 9월 16일 10시,월요일,경상남도 양산시 북부동,경상사고,0,0,2,0,차대차 - 추돌,안전거리미확보,건조,맑음,교차로 - 교차로안,승용,남,69세,상해없음,승용,남,36세,경상
2019091600100236,2019년 9월 16일 10시,월요일,경상남도 거제시 옥포동,중상사고,0,1,0,0,차대사람 - 차도통행중,안전운전불이행,건조,맑음,교차로 - 교차로부근,승용,여,53세,상해없음,보행자,여,83세,중상
2019091600100288,2019년 9월 16일 12시,월요일,경상남도 양산시 평산동,경상사고,0,0,1,0,차대사람 - 보도통행중,보행자보호의무위반,건조,맑음,교차로 - 교차로횡단보도내,승용,남,53세,상해없음,보행자,여,47세,경상
2019091600100289,2019년 9월 16일 12시,월요일,경상남도 창원시 마산회원구 구암동,경상사고,0,0,1,0,차대차 - 측면충돌,안전운전불이행,건조,흐림,교차로 - 교차로안,화물,남,61세,상해없음,승용,남,24세,경상
2019091600100330,2019년 9월 16일 13시,월요일,경상남도 통영시 당동,중상사고,0,1,0,0,차대차 - 기타,안전운전불이행,건조,맑음,단일로 - 기타,승용,남,61세,상해없음,승용,남,48세,상해없음
2019091600100366,2019년 9월 16일 14시,월요일,경상남도 창원시 성산구 남산동,경상사고,0,0,2,0,차대차 - 측면충돌,안전운전불이행,건조,맑음,단일로 - 기타,승용,남,29세,경상,승용,남,43세,경상
2019091600100403,2019년 9월 16일 15시,월요일,경상남도 창원시 진해구 용원동,중상사고,0,1,0,0,차대사람 - 횡단중,안전운전불이행,건조,맑음,단일로 - 기타,승용,남,20세,상해없음,보행자,남,7세,중상
2019091600100404,2019년 9월 16일 15시,월요일,경상남도 사천시 사남면,경상사고,0,0,1,0,차대차 - 측면충돌,안전운전불이행,건조,맑음,교차로 - 교차로안,승용,여,62세,상해없음,자전거,남,49세,경상
2019091600100405,2019년 9월 16일 15시,월요일,경상남도 창녕군 창녕읍,중상사고,0,1,0,0,차대사람 - 기타,안전운전불이행,건조,맑음,단일로 - 기타,화물,남,53세,상해없음,보행자,여,79세,중상
2019091600100447,2019년 9월 16일 16시,월요일,경상남도 밀양시 교동,중상사고,0,1,0,0,차대차 - 측면충돌,안전운전불이행,건조,맑음,교차로 - 교차로안,승용,남,38세,상해없음,승용,남,57세,중상
2019091600100448,2019년 9월 16일 16시,월요일,경상남도 김해시 동상동,경상사고,0,0,1,1,차대차 - 측면충돌,신호위반,건조,맑음,교차로 - 교차로안,이륜,남,29세,부상신고,이륜,남,76세,경상
2019091600100449,2019년 9월 16일 16시,월요일,경상남도 김해시 삼계동,중상사고,0,2,1,0,차대차 - 측면충돌,교차로운행방법위반,건조,맑음,교차로 - 교차로안,승용,남,54세,상해없음,승용,여,32세,중상
2019091600100491,2019년 9월 16일 17시,월요일,경상남도 진주시 금산면,중상사고,0,1,0,0,차대사람 - 횡단중,안전운전불이행,건조,맑음,교차로 - 교차로안,승용,여,45세,상해없음,보행자,여,72세,중상
2019091600100492,2019년 9월 16일 17시,월요일,경상남도 창원시 진해구 용원동,경상사고,0,0,1,0,차량단독 - 기타,안전운전불이행,건조,맑음,기타 - 기타,승합,남,39세,상해없음,,,,
2019091600100493,2019년 9월 16일 17시,월요일,경상남도 밀양시 하남읍,경상사고,0,0,1,0,차대차 - 측면충돌,안전운전불이행,건조,맑음,교차로 - 교차로안,화물,남,62세,상해없음,자전거,남,62세,경상
2019091600100494,2019년 9월 16일 17시,월요일,경상남도 함양군 함양읍,중상사고,0,1,0,0,차대사람 - 차도통행중,안전운전불이행,건조,맑음,교차로 - 교차로안,승용,여,37세,상해없음,보행자,남,82세,중상
2019091600100495,2019년 9월 16일 17시,월요일,경상남도 창원시 의창구 봉곡동,중상사고,0,1,0,0,차대사람 - 차도통행중,안전운전불이행,건조,맑음,단일로 - 기타,기타불명,기타불명,미분류,기타불명,보행자,여,64세,중상
2019091600100496,2019년 9월 16일 17시,월요일,경상남도 김해시 내덕동,경상사고,0,0,1,0,차대차 - 기타,신호위반,건조,기타,교차로 - 교차로안,이륜,남,18세,상해없음,이륜,남,50세,경상
2019091600100541,2019년 9월 16일 18시,월요일,경상남도 창원시 마산합포구 진동면,경상사고,0,0,3,0,차대차 - 기타,안전거리미확보,건조,맑음,단일로 - 기타,승용,남,65세,상해없음,승용,남,74세,경상
2019091600100542,2019년 9월 16일 18시,월요일,경상남도 창원시 마산합포구 완월동,중상사고,0,1,0,0,차대차 - 측면충돌,중앙선침범,건조,맑음,단일로 - 기타,승용,여,38세,기타불명,승용,남,42세,중상