사고번호,사고일시,요일,시군구,사고내용,사망자수,중상자수,경상자수,부상신고자수,사고유형,법규위반,노면상태,기상상태,도로형태,가해운전자 차종,가해운전자 성별,가해운전자 연령,가해운전자 상해정도,피해운전자 차종,피해운전자 성별,피해운전자 연령,피해운전자 상해정도
2019091600100543,2019년 9월 16일 18시,월요일,경상남도 양산시 평산동,중상사고,0,1,0,0,차대차 - 측면충돌,기타,건조,맑음,교차로 - 교차로안,화물,남,33세,상해없음,자전거,남,10세,중상
2019091600100544,2019년 9월 16일 18시,월요일,경상남도 창원시 성산구 가음동,경상사고,0,0,1,0,차대차 - 측면충돌,신호위반,건조,맑음,교차로 - 교차로안,승합,남,63세,상해없음,승용,여,40세,경상
2019091600100613,2019년 9월 16일 20시,월요일,경상남도 김해시 흥동,경상사고,0,0,1,0,차대차 - 측면충돌,안전운전불이행,건조,기타,교차로 - 교차로부근,승용,여,48세,상해없음,자전거,남,65세,경상
2019091600100637,2019년 9월 16일 21시,월요일,경상남도 창원시 진해구 용원동,사망사고,1,0,0,0,차대사람 - 기타,안전운전불이행,건조,맑음,단일로 - 기타,승용,남,39세,상해없음,보행자,남,41세,사망
2019091600100638,2019년 9월 16일 21시,월요일,경상남도 김해시 진영읍,경상사고,0,0,1,0,차대사람 - 기타,안전운전불이행,건조,맑음,단일로 - 기타,승용,남,43세,상해없음,보행자,남,55세,경상
2019091700100042,2019년 9월 17일 01시,화요일,경상남도 통영시 도남동,부상신고사고,0,0,0,1,차대차 - 측면충돌,안전운전불이행,건조,맑음,교차로 - 교차로안,이륜,남,45세,부상신고,승용,남,64세,기타불명
2019091700100048,2019년 9월 17일 02시,화요일,경상남도 진주시 봉곡동,중상사고,0,1,0,0,차대사람 - 횡단중,보행자보호의무위반,건조,맑음,교차로 - 교차로횡단보도내,승용,남,30세,상해없음,보행자,남,53세,중상
2019091700100054,2019년 9월 17일 04시,화요일,경상남도 진주시 상대동,부상신고사고,0,0,0,1,차량단독 - 전도전복 - 전도,안전운전불이행,건조,맑음,단일로 - 기타,원동기,남,24세,부상신고,,,,
2019091700100062,2019년 9월 17일 05시,화요일,경상남도 김해시 진영읍,중상사고,0,1,2,0,차대차 - 추돌,안전운전불이행,건조,맑음,단일로 - 기타,화물,남,65세,중상,화물,남,50세,경상
2019091700100074,2019년 9월 17일 06시,화요일,경상남도 남해군 서면,중상사고,0,1,0,0,차대차 - 기타,안전운전불이행,건조,맑음,교차로 - 교차로안,화물,남,72세,상해없음,승합,남,46세,상해없음
2019091700100101,2019년 9월 17일 07시,화요일,경상남도 김해시 동상동,경상사고,0,0,1,0,차대차 - 추돌,안전운전불이행,건조,맑음,교차로 - 교차로부근,승합,남,66세,상해없음,승용,남,51세,경상
2019091700100151,2019년 9월 17일 08시,화요일,경상남도 진주시 평거동,경상사고,0,0,1,0,차대사람 - 횡단중,신호위반,건조,맑음,교차로 - 교차로횡단보도내,승용,여,42세,상해없음,보행자,여,7세,경상
2019091700100152,2019년 9월 17일 08시,화요일,경상남도 진주시 평안동,경상사고,0,0,1,0,차대차 - 기타,안전운전불이행,건조,맑음,교차로 - 교차로부근,자전거,남,75세,경상,승용,여,59세,상해없음
2019091700100153,2019년 9월 17일 08시,화요일,경상남도 김해시 외동,경상사고,0,0,1,0,차대차 - 측면충돌,안전운전불이행,건조,맑음,교차로 - 교차로안,승용,남,49세,상해없음,이륜,여,31세,경상
2019091700100154,2019년 9월 17일 08시,화요일,경상남도 양산시 물금읍,경상사고,0,0,1,0,차대차 - 측면충돌,교차로운행방법위반,건조,맑음,교차로 - 교차로안,승용,남,39세,기타불명,승용,여,52세,경상
2019091700100210,2019년 9월 17일 09시,화요일,경상남도 김해시 삼계동,경상사고,0,0,3,0,차대차 - 추돌,안전운전불이행,건조,맑음,교차로 - 교차로부근,승합,남,27세,경상,화물,남,52세,경상
2019091700100211,2019년 9월 17일 09시,화요일,경상남도 거제시 옥포동,경상사고,0,0,1,0,차대사람 - 기타,안전운전불이행,건조,맑음,단일로 - 기타,기타불명,기타불명,미분류,기타불명,보행자,남,39세,경상
2019091700100212,2019년 9월 17일 09시,화요일,경상남도 거제시 동부면,경상사고,0,0,2,0,차대차 - 측면충돌,교차로운행방법위반,건조,맑음,교차로 - 교차로안,승용,여,43세,경상,화물,남,65세,경상
2019091700100246,2019년 9월 17일 10시,화요일,경상남도 통영시 도천동,부상신고사고,0,0,0,1,차대사람 - 횡단중,안전운전불이행,건조,맑음,단일로 - 기타,원동기,남,55세,상해없음,보행자,남,66세,부상신고
2019091700100247,2019년 9월 17일 10시,화요일,경상남도 창원시 마산회원구 양덕동,경상사고,0,0,1,0,차대차 - 기타,안전운전불이행,건조,맑음,기타 - 기타,승용,남,64세,상해없음,자전거,남,63세,경상
2019091700100278,2019년 9월 17일 11시,화요일,경상남도 진주시 호탄동,중상사고,0,1,0,0,차대사람 - 기타,안전운전불이행,건조,맑음,단일로 - 기타,자전거,남,52세,상해없음,보행자,여,75세,중상
2019091700100279,2019년 9월 17일 11시,화요일,경상남도 김해시 구산동,경상사고,0,0,1,0,차대차 - 측면충돌,신호위반,건조,맑음,교차로 - 교차로안,이륜,남,48세,경상,화물,남,59세,상해없음
2019091700100280,2019년 9월 17일 11시,화요일,경상남도 김해시 진영읍,중상사고,0,1,0,0,차대차 - 측면충돌,신호위반,건조,맑음,교차로 - 교차로안,건설기계,남,47세,상해없음,승용,남,47세,중상
2019091700100318,2019년 9월 17일 12시,화요일,경상남도 창녕군 남지읍,경상사고,0,0,1,0,차대차 - 기타,안전운전불이행,건조,맑음,교차로 - 교차로안,자전거,여,77세,경상,승용,남,40세,상해없음
2019091700100380,2019년 9월 17일 14시,화요일,경상남도 창원시 마산회원구 내서읍,경상사고,0,0,1,0,차대차 - 측면충돌,안전운전불이행,건조,맑음,교차로 - 교차로부근,승용,여,53세,상해없음,원동기,남,32세,경상
2019091700100416,2019년 9월 17일 15시,화요일,경상남도 창녕군 도천면,중상사고,0,1,0,0,차대차 - 기타,중앙선침범,건조,맑음,단일로 - 기타,화물,남,73세,상해없음,승용,여,43세,중상
2019091700100417,2019년 9월 17일 15시,화요일,경상남도 양산시 물금읍,경상사고,0,0,3,0,차대차 - 정면충돌,중앙선침범,건조,맑음,단일로 - 기타,원동기,남,77세,경상,승용,여,55세,경상
2019091700100418,2019년 9월 17일 15시,화요일,경상남도 산청군 산청읍,중상사고,0,1,1,0,차대차 - 후진중충돌,안전운전불이행,건조,맑음,단일로 - 기타,승용,남,81세,상해없음,승용,여,49세,경상
2019091700100419,2019년 9월 17일 15시,화요일,경상남도 의령군 의령읍,경상사고,0,0,1,0,차대차 - 측면충돌,신호위반,건조,맑음,교차로 - 교차로안,승용,남,74세,상해없음,승용,남,58세,경상
2019091700100455,2019년 9월 17일 16시,화요일,경상남도 통영시 북신동,경상사고,0,0,1,0,차대사람 - 횡단중,보행자보호의무위반,건조,맑음,교차로 - 교차로횡단보도내,승용,여,51세,상해없음,보행자,남,12세,경상
2019091700100456,2019년 9월 17일 16시,화요일,경상남도 밀양시 하남읍,경상사고,0,0,1,0,차대차 - 측면충돌,안전운전불이행,건조,맑음,단일로 - 기타,화물,남,65세,상해없음,농기계,남,74세,경상
2019091700100457,2019년 9월 17일 16시,화요일,경상남도 양산시 동면,경상사고,0,0,1,0,차량단독 - 전도전복 - 전도,안전운전불이행,건조,맑음,단일로 - 기타,자전거,남,45세,경상,,,,
2019091700100458,2019년 9월 17일 16시,화요일,경상남도 창원시 성산구 성주동,경상사고,0,0,1,0,차대사람 - 횡단중,보행자보호의무위반,건조,맑음,교차로 - 교차로횡단보도내,승용,남,49세,상해없음,보행자,여,13세,경상
2019091700100459,2019년 9월 17일 16시,화요일,경상남도 김해시 관동동,경상사고,0,0,2,0,차대차 - 기타,안전운전불이행,건조,맑음,단일로 - 기타,승용,남,74세,상해없음,건설기계,남,27세,경상
2019091700100501,2019년 9월 17일 17시,화요일,경상남도 창원시 성산구 외동,경상사고,0,0,1,0,차대차 - 추돌,안전운전불이행,건조,맑음,교차로 - 교차로부근,승용,남,33세,상해없음,승용,여,29세,경상
2019091700100502,2019년 9월 17일 17시,화요일,경상남도 김해시 무계동,경상사고,0,0,1,0,차대차 - 측면충돌,안전운전불이행,건조,맑음,교차로 - 교차로안,승용,남,65세,상해없음,승용,남,29세,경상
2019091700100547,2019년 9월 17일 18시,화요일,경상남도 진주시 가좌동,경상사고,0,0,1,0,차대차 - 추돌,안전운전불이행,건조,맑음,단일로 - 기타,승용,여,43세,상해없음,이륜,남,42세,경상
2019091700100548,2019년 9월 17일 18시,화요일,경상남도 창녕군 창녕읍,중상사고,0,1,1,0,차대차 - 측면충돌,직진우회전진행방해,건조,맑음,교차로 - 교차로안,화물,여,56세,경상,승용,남,65세,중상
2019091700100549,2019년 9월 17일 18시,화요일,경상남도 양산시 물금읍,중상사고,0,1,0,0,차대사람 - 횡단중,보행자보호의무위반,건조,맑음,단일로 - 기타,승합,여,40세,상해없음,보행자,여,11세,중상
2019091700100550,2019년 9월 17일 18시,화요일,경상남도 창원시 마산회원구 합성동,경상사고,0,0,2,0,차대차 - 기타,안전운전불이행,건조,맑음,단일로 - 기타,화물,남,48세,상해없음,승합,남,40세,경상
2019091700100603,2019년 9월 17일 19시,화요일,경상남도 창원시 진해구 용원동,경상사고,0,0,1,0,차대차 - 측면충돌,신호위반,건조,맑음,교차로 - 교차로횡단보도내,승합,남,58세,상해없음,자전거,남,29세,경상
2019091700100604,2019년 9월 17일 19시,화요일,경상남도 김해시 외동,경상사고,0,0,1,0,차대사람 - 차도통행중,안전운전불이행,건조,맑음,단일로 - 기타,승용,여,48세,상해없음,보행자,여,9세,경상
2019091700100621,2019년 9월 17일 20시,화요일,경상남도 김해시 대동면,경상사고,0,0,1,0,차대차 - 추돌,안전운전불이행,건조,맑음,단일로 - 기타,승용,남,30세,상해없음,승용,남,30세,경상
2019091700100653,2019년 9월 17일 21시,화요일,경상남도 진주시 하대동,중상사고,0,1,0,0,차대차 - 측면충돌,안전운전불이행,건조,맑음,교차로 - 교차로안,이륜,남,24세,상해없음,이륜,남,30세,중상
2019091700100654,2019년 9월 17일 21시,화요일,경상남도 진주시 평거동,경상사고,0,0,2,0,차대차 - 측면충돌,안전운전불이행,건조,맑음,단일로 - 기타,승용,남,37세,상해없음,승용,남,26세,경상
2019091700100655,2019년 9월 17일 21시,화요일,경상남도 고성군 마암면,중상사고,0,1,0,0,차대차 - 측면충돌,신호위반,건조,맑음,교차로 - 교차로안,승용,남,48세,상해없음,승용,여,45세,중상
2019091700100676,2019년 9월 17일 22시,화요일,경상남도 고성군 상리면,경상사고,0,0,2,0,차대차 - 추돌,안전운전불이행,건조,맑음,교차로 - 교차로부근,승용,남,33세,경상,승용,남,33세,경상
2019091700100677,2019년 9월 17일 22시,화요일,경상남도 거제시 연초면,경상사고,0,0,2,0,차대차 - 추돌,안전운전불이행,건조,맑음,교차로 - 교차로부근,승용,남,64세,상해없음,승용,여,39세,경상
2019091800100040,2019년 9월 18일 01시,수요일,경상남도 창녕군 대합면,경상사고,0,0,1,0,차대차 - 측면충돌,신호위반,건조,맑음,교차로 - 교차로부근,화물,남,55세,상해없음,이륜,남,67세,상해없음
2019091800100052,2019년 9월 18일 02시,수요일,경상남도 창원시 성산구 상남동,중상사고,0,1,0,0,차대사람 - 횡단중,신호위반,건조,맑음,교차로 - 교차로횡단보도내,승용,남,62세,상해없음,보행자,남,64세,중상
2019091800100079,2019년 9월 18일 06시,수요일,경상남도 김해시 어방동,경상사고,0,0,2,0,차대차 - 측면충돌,교차로운행방법위반,건조,맑음,교차로 - 교차로안,승용,남,22세,상해없음,승용,여,41세,경상
2019091800100102,2019년 9월 18일 07시,수요일,경상남도 양산시 물금읍,경상사고,0,0,3,0,차대차 - 정면충돌,중앙선침범,건조,맑음,단일로 - 기타,승용,남,45세,경상,승용,여,21세,경상
2019091800100103,2019년 9월 18일 07시,수요일,경상남도 산청군 단성면,중상사고,0,1,0,0,차대차 - 측면충돌,교차로운행방법위반,건조,맑음,교차로 - 교차로안,화물,남,23세,상해없음,이륜,남,82세,중상
2019091800100104,2019년 9월 18일 07시,수요일,경상남도 함안군 칠원읍,경상사고,0,0,2,0,차대차 - 측면충돌,안전운전불이행,건조,맑음,교차로 - 교차로안,승용,여,42세,경상,승용,여,64세,경상
2019091800100105,2019년 9월 18일 07시,수요일,경상남도 창원시 마산회원구 석전동,중상사고,0,1,0,0,차대차 - 측면충돌,안전운전불이행,건조,맑음,교차로 - 교차로안,특수,남,45세,상해없음,승용,여,46세,중상
2019091800100176,2019년 9월 18일 09시,수요일,경상남도 함양군 함양읍,부상신고사고,0,0,0,1,차대사람 - 보도통행중,안전운전불이행,건조,맑음,단일로 - 기타,승합,남,54세,상해없음,보행자,남,60세,부상신고
2019091800100197,2019년 9월 18일 10시,수요일,경상남도 창원시 마산회원구 봉암동,경상사고,0,0,2,0,차대차 - 기타,안전운전불이행,건조,맑음,단일로 - 기타,승용,남,70세,상해없음,승용,남,34세,경상
2019091800100198,2019년 9월 18일 10시,수요일,경상남도 김해시 부곡동,경상사고,0,0,1,0,차대차 - 후진중충돌,안전운전불이행,건조,맑음,단일로 - 기타,화물,남,40세,상해없음,승용,여,67세,경상
2019091800100259,2019년 9월 18일 12시,수요일,경상남도 김해시 불암동,중상사고,0,2,2,0,차대차 - 추돌,안전운전불이행,건조,맑음,단일로 - 기타,승용,여,71세,경상,승용,여,53세,중상
2019091800100297,2019년 9월 18일 13시,수요일,경상남도 진주시 봉곡동,사망사고,1,0,0,0,차대차 - 기타,중앙선침범,건조,맑음,단일로 - 기타,자전거,남,84세,사망,화물,남,70세,상해없음
2019091800100298,2019년 9월 18일 13시,수요일,경상남도 김해시 봉황동,경상사고,0,0,1,0,차대차 - 기타,직진우회전진행방해,건조,맑음,교차로 - 교차로안,원동기,남,23세,경상,승용,남,59세,상해없음
2019091800100299,2019년 9월 18일 13시,수요일,경상남도 거창군 거창읍,경상사고,0,0,1,0,차대차 - 측면충돌,안전운전불이행,건조,맑음,단일로 - 기타,이륜,여,57세,경상,승용,남,50세,상해없음
2019091800100340,2019년 9월 18일 14시,수요일,경상남도 양산시 용당동,경상사고,0,0,1,0,차대차 - 측면충돌,기타,건조,맑음,교차로 - 교차로안,승용,남,71세,상해없음,승용,여,48세,경상
2019091800100377,2019년 9월 18일 15시,수요일,경상남도 창원시 진해구 석동,경상사고,0,0,1,0,차대차 - 추돌,안전운전불이행,건조,맑음,단일로 - 기타,화물,남,58세,상해없음,승용,여,45세,경상
2019091800100378,2019년 9월 18일 15시,수요일,경상남도 양산시 중부동,중상사고,0,1,0,0,차대차 - 측면충돌,신호위반,건조,맑음,교차로 - 교차로안,승용,남,36세,상해없음,승용,여,43세,중상
2019091800100379,2019년 9월 18일 15시,수요일,경상남도 거제시 고현동,중상사고,0,1,0,0,차대차 - 측면충돌,안전거리미확보,건조,맑음,단일로 - 기타,자전거,남,65세,중상,승용,여,46세,상해없음
2019091800100380,2019년 9월 18일 15시,수요일,경상남도 김해시 진영읍,경상사고,0,0,1,0,차대차 - 측면충돌,교차로운행방법위반,건조,맑음,교차로 - 교차로안,이륜,남,59세,경상,승용,여,43세,상해없음
2019091800100424,2019년 9월 18일 16시,수요일,경상남도 창원시 진해구 경화동,중상사고,0,1,0,0,차대사람 - 보도통행중,교차로운행방법위반,건조,맑음,교차로 - 교차로안,승용,남,54세,상해없음,보행자,남,49세,중상
2019091800100425,2019년 9월 18일 16시,수요일,경상남도 밀양시 부북면,경상사고,0,0,1,0,차대차 - 측면충돌,안전운전불이행,건조,맑음,교차로 - 교차로안,승용,남,61세,상해없음,승용,여,61세,경상
2019091800100426,2019년 9월 18일 16시,수요일,경상남도 김해시 구산동,중상사고,0,1,1,0,차대차 - 기타,안전운전불이행,건조,맑음,교차로 - 교차로안,승용,여,36세,상해없음,원동기,여,62세,중상
2019091800100427,2019년 9월 18일 16시,수요일,경상남도 양산시 명동,경상사고,0,0,3,0,차대차 - 측면충돌,직진우회전진행방해,건조,맑음,교차로 - 교차로안,승용,여,60세,상해없음,화물,남,74세,경상
2019091800100481,2019년 9월 18일 17시,수요일,경상남도 창원시 마산합포구 진동면,경상사고,0,0,1,0,차대차 - 추돌,안전운전불이행,건조,맑음,기타 - 기타,승용,남,68세,상해없음,이륜,남,30세,경상
2019091800100482,2019년 9월 18일 17시,수요일,경상남도 합천군 쌍백면,중상사고,0,1,0,0,차대사람 - 길가장자리구역통행중,안전운전불이행,건조,맑음,단일로 - 기타,승용,남,64세,상해없음,보행자,여,64세,중상
2019091800100483,2019년 9월 18일 17시,수요일,경상남도 창원시 성산구 성산동,중상사고,0,1,1,0,차대차 - 기타,안전운전불이행,건조,맑음,교차로 - 교차로안,승용,여,60세,상해없음,승용,남,46세,경상
2019091800100484,2019년 9월 18일 17시,수요일,경상남도 김해시 진례면,경상사고,0,0,1,0,차대차 - 측면충돌,교차로운행방법위반,건조,맑음,교차로 - 교차로부근,특수,남,36세,상해없음,승용,남,37세,경상
2019091800100540,2019년 9월 18일 18시,수요일,경상남도 진주시 상대동,경상사고,0,0,1,0,차대차 - 기타,신호위반,건조,맑음,교차로 - 교차로안,승용,남,54세,상해없음,승용,남,49세,경상
2019091800100541,2019년 9월 18일 18시,수요일,경상남도 함안군 가야읍,경상사고,0,0,1,0,차대차 - 측면충돌,안전운전불이행,건조,맑음,교차로 - 교차로안,이륜,남,47세,경상,화물,남,61세,상해없음
2019091800100542,2019년 9월 18일 18시,수요일,경상남도 창원시 의창구 사림동,경상사고,0,0,1,0,차대차 - 측면충돌,안전운전불이행,건조,맑음,교차로 - 교차로안,승용,여,53세,기타불명,승용,남,35세,경상
2019091800100543,2019년 9월 18일 18시,수요일,경상남도 김해시 흥동,경상사고,0,0,2,0,차대차 - 추돌,안전운전불이행,건조,맑음,단일로 - 기타,화물,남,57세,경상,승용,남,54세,경상
2019091800100606,2019년 9월 18일 19시,수요일,경상남도 창원시 마산합포구 동성동,경상사고,0,0,1,0,차대차 - 정면충돌,안전운전불이행,건조,맑음,교차로 - 교차로부근,승용,남,57세,상해없음,자전거,남,70세,경상
2019091800100607,2019년 9월 18일 19시,수요일,경상남도 진주시 일반성면,중상사고,0,1,0,0,차량단독 - 공작물충돌,안전운전불이행,건조,맑음,단일로 - 기타,이륜,남,60세,중상,,,,
2019091800100608,2019년 9월 18일 19시,수요일,경상남도 거제시 상동동,중상사고,0,1,0,0,차대사람 - 차도통행중,안전운전불이행,건조,맑음,주차장 - 주차장,화물,남,36세,상해없음,보행자,여,62세,중상
2019091800100647,2019년 9월 18일 20시,수요일,경상남도 창원시 마산회원구 양덕동,중상사고,0,1,0,0,차대차 - 측면충돌,안전운전불이행,건조,맑음,교차로 - 교차로부근,승용,여,41세,상해없음,이륜,남,53세,중상
2019091800100682,2019년 9월 18일 21시,수요일,경상남도 양산시 중부동,경상사고,0,0,1,0,차대차 - 측면충돌,안전운전불이행,건조,맑음,단일로 - 기타,승용,남,61세,상해없음,이륜,남,18세,경상
2019091800100696,2019년 9월 18일 22시,수요일,경상남도 양산시 물금읍,경상사고,0,0,1,0,차대사람 - 기타,안전운전불이행,건조,맑음,교차로 - 교차로안,승용,남,30세,상해없음,보행자,여,4세,경상
2019091900100038,2019년 9월 19일 00시,목요일,경상남도 창원시 마산합포구 산호동,경상사고,0,0,1,0,차대차 - 측면충돌,중앙선침범,건조,맑음,단일로 - 기타,승용,남,63세,상해없음,이륜,남,46세,경상
2019091900100092,2019년 9월 19일 06시,목요일,경상남도 김해시 외동,중상사고,0,1,0,0,차대사람 - 기타,안전운전불이행,건조,맑음,교차로 - 교차로안,승용,남,51세,상해없음,보행자,여,71세,중상
2019091900100111,2019년 9월 19일 07시,목요일,경상남도 함안군 가야읍,중상사고,0,1,0,0,차대차 - 측면충돌,안전운전불이행,건조,맑음,교차로 - 교차로안,승용,남,27세,상해없음,자전거,남,69세,중상
2019091900100112,2019년 9월 19일 07시,목요일,경상남도 창원시 의창구 동정동,경상사고,0,0,1,0,차대차 - 기타,안전운전불이행,건조,맑음,기타 - 기타,승용,남,59세,상해없음,승합,남,50세,상해없음
2019091900100215,2019년 9월 19일 09시,목요일,경상남도 밀양시 삼랑진읍,사망사고,1,1,0,0,차대차 - 측면충돌,신호위반,건조,맑음,교차로 - 교차로안,화물,남,72세,상해없음,승용,남,44세,사망
2019091900100216,2019년 9월 19일 09시,목요일,경상남도 김해시 삼방동,경상사고,0,0,1,0,차대차 - 측면충돌,중앙선침범,건조,맑음,단일로 - 기타,승용,남,52세,상해없음,이륜,남,71세,경상
2019091900100242,2019년 9월 19일 10시,목요일,경상남도 창원시 의창구 북면,중상사고,0,1,0,0,차대차 - 측면충돌,중앙선침범,건조,맑음,단일로 - 기타,승용,여,48세,상해없음,이륜,남,75세,중상
2019091900100243,2019년 9월 19일 10시,목요일,경상남도 김해시 진례면,경상사고,0,0,1,0,차대차 - 측면충돌,안전운전불이행,건조,맑음,교차로 - 교차로부근,화물,남,54세,상해없음,승용,여,51세,경상
2019091900100244,2019년 9월 19일 10시,목요일,경상남도 창원시 의창구 동읍,경상사고,0,0,1,0,차대차 - 기타,안전운전불이행,건조,맑음,단일로 - 기타,특수,남,56세,상해없음,승용,남,31세,경상
2019091900100301,2019년 9월 19일 12시,목요일,경상남도 통영시 용남면,경상사고,0,0,1,0,차대차 - 기타,안전거리미확보,건조,맑음,단일로 - 기타,승용,남,38세,상해없음,이륜,남,41세,경상
2019091900100302,2019년 9월 19일 12시,목요일,경상남도 양산시 중부동,부상신고사고,0,0,0,1,차대차 - 정면충돌,안전운전불이행,건조,맑음,교차로 - 교차로안,자전거,여,59세,부상신고,승용,여,40세,상해없음
2019091900100303,2019년 9월 19일 12시,목요일,경상남도 함양군 수동면,중상사고,0,2,0,0,차량단독 - 기타,안전운전불이행,건조,맑음,단일로 - 기타,승용,여,74세,중상,,,,
2019091900100329,2019년 9월 19일 13시,목요일,경상남도 고성군 고성읍,중상사고,0,1,0,0,차대차 - 추돌,안전운전불이행,건조,맑음,교차로 - 교차로안,화물,남,53세,상해없음,자전거,남,62세,중상
2019091900100364,2019년 9월 19일 14시,목요일,경상남도 사천시 벌리동,중상사고,0,1,0,0,차대사람 - 보도통행중,안전운전불이행,건조,맑음,교차로 - 교차로안,승용,남,35세,상해없음,보행자,여,59세,중상
2019091900100402,2019년 9월 19일 15시,목요일,경상남도 창원시 마산회원구 내서읍,경상사고,0,0,1,0,차대사람 - 횡단중,보행자보호의무위반,건조,맑음,교차로 - 교차로횡단보도내,승용,여,54세,상해없음,보행자,여,20세,경상
2019091900100403,2019년 9월 19일 15시,목요일,경상남도 창원시 의창구 봉림동,경상사고,0,0,1,0,차대차 - 측면충돌,안전운전불이행,건조,맑음,교차로 - 교차로부근,승용,남,72세,상해없음,화물,남,25세,경상
2019091900100449,2019년 9월 19일 16시,목요일,경상남도 김해시 봉황동,경상사고,0,0,2,0,차대차 - 측면충돌,교차로운행방법위반,건조,맑음,교차로 - 교차로안,화물,남,44세,경상,승용,남,28세,경상
2019091900100450,2019년 9월 19일 16시,목요일,경상남도 양산시 유산동,중상사고,0,1,0,0,차대차 - 측면충돌,신호위반,건조,맑음,교차로 - 교차로안,승용,남,37세,상해없음,승용,남,28세,중상
2019091900100451,2019년 9월 19일 16시,목요일,경상남도 창원시 성산구 상남동,중상사고,0,1,0,0,차대사람 - 횡단중,안전운전불이행,건조,맑음,단일로 - 기타,승용,여,50세,상해없음,보행자,남,9세,중상
2019091900100485,2019년 9월 19일 17시,목요일,경상남도 진주시 망경동,중상사고,0,1,0,0,차대사람 - 차도통행중,보행자보호의무위반,건조,맑음,단일로 - 기타,승용,남,63세,상해없음,보행자,여,83세,중상
2019091900100486,2019년 9월 19일 17시,목요일,경상남도 사천시 향촌동,경상사고,0,0,3,0,차대차 - 측면충돌,안전운전불이행,건조,맑음,단일로 - 기타,승용,남,31세,경상,승용,남,43세,경상
2019091900100500,2019년 9월 19일 18시,목요일,경상남도 김해시 대동면,경상사고,0,0,2,0,차대차 - 추돌,안전거리미확보,건조,맑음,단일로 - 교량,승용,여,30세,상해없음,승용,남,35세,경상
2019091900100524,2019년 9월 19일 18시,목요일,경상남도 통영시 무전동,중상사고,0,1,0,0,차대사람 - 횡단중,신호위반,건조,맑음,교차로 - 교차로횡단보도내,원동기,남,54세,상해없음,보행자,남,74세,중상
2019091900100525,2019년 9월 19일 18시,목요일,경상남도 양산시 북부동,부상신고사고,0,0,0,1,차대차 - 기타,기타,건조,맑음,교차로 - 교차로안,승용,남,64세,상해없음,이륜,남,44세,부상신고
2019091900100526,2019년 9월 19일 18시,목요일,경상남도 창원시 마산회원구 합성동,경상사고,0,0,1,0,차대차 - 추돌,안전운전불이행,건조,맑음,단일로 - 기타,승용,남,54세,상해없음,승용,여,48세,경상
2019091900100566,2019년 9월 19일 19시,목요일,경상남도 창녕군 영산면,경상사고,0,0,1,0,차대차 - 기타,안전운전불이행,건조,맑음,단일로 - 기타,이륜,남,66세,경상,승용,여,65세,상해없음
2019091900100567,2019년 9월 19일 19시,목요일,경상남도 양산시 남부동,경상사고,0,0,2,0,차대차 - 측면충돌,교차로운행방법위반,건조,맑음,교차로 - 교차로안,승용,남,60세,상해없음,승용,남,28세,경상
2019091900100595,2019년 9월 19일 20시,목요일,경상남도 양산시 하북면,경상사고,0,0,1,0,차대차 - 정면충돌,중앙선침범,건조,맑음,단일로 - 기타,승용,여,40세,상해없음,승용,남,64세,경상
2019091900100626,2019년 9월 19일 21시,목요일,경상남도 창녕군 계성면,중상사고,0,1,3,0,차대차 - 기타,신호위반,건조,맑음,교차로 - 교차로안,승용,남,40세,경상,승합,남,30세,상해없음
2019091900100653,2019년 9월 19일 22시,목요일,경상남도 양산시 물금읍,부상신고사고,0,0,0,1,차대사람 - 길가장자리구역통행중,안전운전불이행,건조,맑음,교차로 - 교차로부근,화물,남,69세,상해없음,보행자,남,56세,부상신고
2019091900100654,2019년 9월 19일 22시,목요일,경상남도 거제시 옥포동,중상사고,0,1,0,0,차대사람 - 기타,안전운전불이행,건조,맑음,교차로 - 교차로안,승용,여,50세,상해없음,보행자,남,36세,중상
2019091900100655,2019년 9월 19일 22시,목요일,경상남도 거제시 사등면,중상사고,0,1,0,0,차대사람 - 기타,안전운전불이행,건조,맑음,단일로 - 기타,이륜,남,38세,상해없음,보행자,남,25세,중상
2019091900100678,2019년 9월 19일 23시,목요일,경상남도 거창군 거창읍,경상사고,0,0,2,0,차대사람 - 횡단중,안전운전불이행,건조,맑음,단일로 - 기타,이륜,남,30세,경상,보행자,여,43세,경상
2019092000100027,2019년 9월 20일 00시,금요일,경상남도 창원시 진해구 마천동,중상사고,0,1,0,0,차대차 - 기타,안전운전불이행,건조,맑음,단일로 - 기타,원동기,남,17세,상해없음,원동기,남,17세,상해없음
2019092000100075,2019년 9월 20일 05시,금요일,경상남도 통영시 무전동,중상사고,0,2,0,0,차량단독 - 전도전복 - 전도,안전운전불이행,건조,맑음,단일로 - 기타,이륜,남,18세,중상,,,,
2019092000100076,2019년 9월 20일 05시,금요일,경상남도 김해시 진영읍,경상사고,0,0,1,0,차량단독 - 전도전복 - 전도,안전운전불이행,건조,맑음,단일로 - 기타,원동기,남,25세,경상,,,,
2019092000100097,2019년 9월 20일 06시,금요일,경상남도 창원시 의창구 북면,중상사고,0,1,0,0,차대차 - 측면충돌,안전거리미확보,건조,맑음,단일로 - 기타,승용,남,49세,상해없음,승용,여,46세,중상