사고번호,사고일시,요일,시군구,사고내용,사망자수,중상자수,경상자수,부상신고자수,사고유형,법규위반,노면상태,기상상태,도로형태,가해운전자 차종,가해운전자 성별,가해운전자 연령,가해운전자 상해정도,피해운전자 차종,피해운전자 성별,피해운전자 연령,피해운전자 상해정도
2019092000100117,2019년 9월 20일 07시,금요일,경상남도 밀양시 교동,경상사고,0,0,1,0,차대차 - 측면충돌,안전운전불이행,건조,맑음,단일로 - 기타,승용,남,32세,상해없음,승용,여,29세,경상
2019092000100163,2019년 9월 20일 08시,금요일,경상남도 창원시 마산합포구 월남동5가,경상사고,0,0,3,0,차대차 - 측면충돌,안전운전불이행,건조,맑음,교차로 - 교차로부근,승용,남,69세,경상,화물,남,39세,경상
2019092000100164,2019년 9월 20일 08시,금요일,경상남도 양산시 남부동,중상사고,0,1,0,0,차대차 - 측면충돌,신호위반,건조,맑음,교차로 - 교차로안,승용,남,59세,상해없음,승용,여,41세,중상
2019092000100165,2019년 9월 20일 08시,금요일,경상남도 거제시 일운면,경상사고,0,0,1,0,차대사람 - 횡단중,보행자보호의무위반,건조,맑음,교차로 - 교차로횡단보도내,화물,남,49세,상해없음,보행자,남,77세,경상
2019092000100203,2019년 9월 20일 09시,금요일,경상남도 사천시 곤양면,경상사고,0,0,1,0,차대차 - 기타,안전운전불이행,건조,맑음,교차로 - 교차로안,이륜,남,77세,경상,화물,남,69세,상해없음
2019092000100204,2019년 9월 20일 09시,금요일,경상남도 양산시 북부동,부상신고사고,0,0,0,1,차대차 - 기타,안전운전불이행,건조,맑음,교차로 - 교차로부근,승용,남,19세,상해없음,이륜,남,33세,부상신고
2019092000100205,2019년 9월 20일 09시,금요일,경상남도 거제시 연초면,중상사고,0,1,5,0,차대차 - 추돌,안전운전불이행,건조,맑음,단일로 - 기타,승합,남,55세,상해없음,승용,남,35세,경상
2019092000100243,2019년 9월 20일 10시,금요일,경상남도 창원시 마산회원구 양덕동,경상사고,0,0,2,0,차대차 - 기타,안전운전불이행,건조,맑음,교차로 - 교차로부근,승용,여,50세,상해없음,승용,여,38세,경상
2019092000100279,2019년 9월 20일 11시,금요일,경상남도 합천군 용주면,경상사고,0,0,1,0,차량단독 - 도로외이탈 - 추락,안전운전불이행,건조,맑음,단일로 - 기타,화물,남,69세,경상,,,,
2019092000100280,2019년 9월 20일 11시,금요일,경상남도 창원시 마산합포구 산호동,경상사고,0,0,1,0,차대사람 - 기타,안전운전불이행,건조,맑음,단일로 - 기타,승용,남,58세,상해없음,보행자,여,51세,경상
2019092000100320,2019년 9월 20일 12시,금요일,경상남도 밀양시 산외면,경상사고,0,0,2,0,차대차 - 측면충돌,교차로운행방법위반,건조,맑음,교차로 - 교차로안,화물,남,62세,경상,화물,남,62세,경상
2019092000100321,2019년 9월 20일 12시,금요일,경상남도 진주시 정촌면,경상사고,0,0,1,0,차대차 - 기타,안전거리미확보,건조,맑음,단일로 - 기타,승용,여,53세,상해없음,화물,남,34세,상해없음
2019092000100345,2019년 9월 20일 13시,금요일,경상남도 거창군 거창읍,중상사고,0,1,0,0,차대차 - 측면충돌,안전운전불이행,건조,맑음,교차로 - 교차로안,화물,남,70세,상해없음,이륜,여,77세,중상
2019092000100368,2019년 9월 20일 14시,금요일,경상남도 남해군 남해읍,경상사고,0,0,2,0,차대차 - 측면충돌,안전운전불이행,건조,맑음,교차로 - 교차로안,승용,여,50세,경상,승용,남,31세,경상
2019092000100396,2019년 9월 20일 15시,금요일,경상남도 통영시 광도면,경상사고,0,0,1,0,차대차 - 측면충돌,안전거리미확보,건조,맑음,단일로 - 기타,승용,남,39세,상해없음,승합,남,55세,경상
2019092000100397,2019년 9월 20일 15시,금요일,경상남도 김해시 삼정동,경상사고,0,0,1,0,차대차 - 측면충돌,직진우회전진행방해,건조,맑음,교차로 - 교차로안,이륜,남,46세,경상,승용,여,54세,상해없음
2019092000100435,2019년 9월 20일 16시,금요일,경상남도 진주시 상봉동,중상사고,0,1,0,0,차대사람 - 횡단중,안전운전불이행,건조,맑음,단일로 - 기타,승용,여,65세,상해없음,보행자,남,77세,중상
2019092000100489,2019년 9월 20일 17시,금요일,경상남도 창원시 진해구 여좌동,중상사고,0,1,0,0,차대차 - 추돌,안전운전불이행,건조,맑음,기타 - 기타,자전거,여,18세,중상,승용,남,47세,상해없음
2019092000100490,2019년 9월 20일 17시,금요일,경상남도 창원시 성산구 성주동,경상사고,0,0,1,0,차대차 - 기타,안전운전불이행,건조,맑음,단일로 - 기타,화물,남,51세,기타불명,승용,여,38세,경상
2019092000100530,2019년 9월 20일 18시,금요일,경상남도 통영시 광도면,경상사고,0,0,1,0,차대차 - 정면충돌,신호위반,건조,맑음,단일로 - 기타,승용,여,57세,상해없음,이륜,남,26세,경상
2019092000100531,2019년 9월 20일 18시,금요일,경상남도 사천시 사천읍,경상사고,0,0,1,0,차대차 - 측면충돌,신호위반,건조,맑음,교차로 - 교차로안,화물,남,30세,상해없음,승용,남,44세,경상
2019092000100532,2019년 9월 20일 18시,금요일,경상남도 김해시 외동,경상사고,0,0,1,0,차대차 - 측면충돌,신호위반,건조,맑음,교차로 - 교차로안,승용,남,33세,상해없음,승용,남,26세,상해없음
2019092000100533,2019년 9월 20일 18시,금요일,경상남도 양산시 주진동,중상사고,0,1,0,0,차대차 - 기타,안전운전불이행,건조,맑음,단일로 - 기타,승용,여,21세,상해없음,자전거,남,48세,중상
2019092000100534,2019년 9월 20일 18시,금요일,경상남도 하동군 하동읍,중상사고,0,2,3,2,차대차 - 기타,안전운전불이행,건조,맑음,기타 - 기타,승용,남,63세,상해없음,승합,남,44세,경상
2019092000100581,2019년 9월 20일 19시,금요일,경상남도 진주시 하대동,경상사고,0,0,2,0,차대차 - 측면충돌,교차로운행방법위반,건조,맑음,교차로 - 교차로안,화물,남,70세,상해없음,승용,여,50세,경상
2019092000100582,2019년 9월 20일 19시,금요일,경상남도 진주시 평거동,중상사고,0,1,0,0,차대차 - 측면충돌,신호위반,건조,맑음,교차로 - 교차로안,승용,여,34세,상해없음,자전거,여,21세,중상
2019092000100583,2019년 9월 20일 19시,금요일,경상남도 김해시 삼계동,중상사고,0,1,1,0,차대사람 - 횡단중,신호위반,건조,맑음,교차로 - 교차로횡단보도내,이륜,남,35세,경상,보행자,여,46세,중상
2019092000100623,2019년 9월 20일 20시,금요일,경상남도 창원시 진해구 이동,중상사고,0,1,1,0,차대차 - 기타,안전운전불이행,건조,맑음,교차로 - 교차로부근,이륜,남,42세,중상,승용,남,30세,경상
2019092000100624,2019년 9월 20일 20시,금요일,경상남도 합천군 합천읍,중상사고,0,1,0,0,차대사람 - 횡단중,보행자보호의무위반,건조,맑음,단일로 - 기타,승용,여,38세,상해없음,보행자,남,53세,중상
2019092000100625,2019년 9월 20일 20시,금요일,경상남도 함안군 칠서면,중상사고,0,1,0,0,차량단독 - 전도전복 - 전도,안전운전불이행,건조,맑음,단일로 - 기타,화물,남,64세,중상,,,,
2019092000100648,2019년 9월 20일 21시,금요일,경상남도 거제시 연초면,중상사고,0,1,3,0,차대차 - 측면충돌,신호위반,건조,맑음,교차로 - 교차로안,승용,남,60세,상해없음,승용,남,54세,경상
2019092000100689,2019년 9월 20일 22시,금요일,경상남도 창원시 진해구 경화동,경상사고,0,0,1,0,차대차 - 기타,안전운전불이행,건조,맑음,교차로 - 교차로안,승용,여,39세,상해없음,자전거,남,52세,경상
2019092000100690,2019년 9월 20일 22시,금요일,경상남도 양산시 신기동,경상사고,0,0,3,0,차대차 - 측면충돌,안전운전불이행,건조,맑음,교차로 - 교차로부근,승용,남,50세,경상,승용,남,28세,경상
2019092100100043,2019년 9월 21일 00시,토요일,경상남도 거제시 아주동,경상사고,0,0,1,0,차대사람 - 차도통행중,안전운전불이행,건조,맑음,교차로 - 교차로안,승용,여,56세,상해없음,보행자,남,56세,경상
2019092100100061,2019년 9월 21일 01시,토요일,경상남도 함안군 칠북면,경상사고,0,0,1,0,차대사람 - 기타,중앙선침범,건조,맑음,교차로 - 교차로안,화물,남,51세,상해없음,보행자,남,54세,경상
2019092100100102,2019년 9월 21일 04시,토요일,경상남도 창원시 의창구 팔용동,사망사고,1,0,1,0,차대차 - 기타,과속,젖음/습기,비,단일로 - 기타,승용,남,43세,상해없음,화물,남,54세,경상
2019092100100103,2019년 9월 21일 04시,토요일,경상남도 김해시 한림면,중상사고,0,1,0,0,차량단독 - 도로외이탈 - 추락,안전운전불이행,젖음/습기,비,단일로 - 기타,승용,남,65세,상해없음,,,,
2019092100100133,2019년 9월 21일 06시,토요일,경상남도 김해시 외동,경상사고,0,0,2,0,차대차 - 측면충돌,신호위반,젖음/습기,비,교차로 - 교차로안,승용,남,20세,경상,승용,여,39세,경상
2019092100100165,2019년 9월 21일 08시,토요일,경상남도 창원시 마산합포구 신창동,경상사고,0,0,1,0,차대차 - 기타,직진우회전진행방해,젖음/습기,맑음,교차로 - 교차로안,승용,여,33세,상해없음,승용,남,58세,경상
2019092100100190,2019년 9월 21일 09시,토요일,경상남도 창원시 마산합포구 신포동1가,경상사고,0,0,2,0,차대차 - 측면충돌,신호위반,젖음/습기,비,교차로 - 교차로안,승용,남,50세,상해없음,승용,남,60세,경상
2019092100100191,2019년 9월 21일 09시,토요일,경상남도 통영시 광도면,경상사고,0,0,3,0,차대차 - 추돌,안전거리미확보,젖음/습기,흐림,단일로 - 기타,화물,남,73세,상해없음,화물,남,27세,경상
2019092100100192,2019년 9월 21일 09시,토요일,경상남도 창원시 마산회원구 합성동,경상사고,0,0,1,0,차대차 - 기타,안전운전불이행,젖음/습기,비,단일로 - 기타,승용,남,76세,상해없음,승용,남,46세,경상
2019092100100215,2019년 9월 21일 10시,토요일,경상남도 거창군 거창읍,경상사고,0,0,2,0,차대차 - 측면충돌,과속,젖음/습기,비,교차로 - 교차로안,승용,남,65세,경상,승용,여,61세,경상
2019092100100251,2019년 9월 21일 11시,토요일,경상남도 고성군 회화면,중상사고,0,1,4,0,차대차 - 추돌,안전운전불이행,젖음/습기,비,교차로 - 교차로부근,화물,남,41세,상해없음,승용,남,51세,중상
2019092100100293,2019년 9월 21일 12시,토요일,경상남도 사천시 사천읍,경상사고,0,0,2,0,차대차 - 측면충돌,안전운전불이행,젖음/습기,비,교차로 - 교차로안,승용,남,22세,상해없음,승용,여,50세,경상
2019092100100294,2019년 9월 21일 12시,토요일,경상남도 밀양시 삼문동,경상사고,0,0,1,0,차대차 - 추돌,안전운전불이행,젖음/습기,비,단일로 - 기타,건설기계,남,49세,상해없음,승합,남,68세,경상
2019092100100295,2019년 9월 21일 12시,토요일,경상남도 창원시 의창구 신월동,경상사고,0,0,1,0,차대차 - 추돌,안전운전불이행,젖음/습기,비,단일로 - 기타,승용,남,27세,기타불명,승용,남,57세,경상
2019092100100323,2019년 9월 21일 13시,토요일,경상남도 거제시 사등면,경상사고,0,0,1,0,차대차 - 측면충돌,안전거리미확보,건조,맑음,단일로 - 기타,특수,남,38세,상해없음,승용,남,74세,상해없음
2019092100100364,2019년 9월 21일 14시,토요일,경상남도 창원시 마산합포구 월영동,경상사고,0,0,1,0,차대차 - 기타,안전운전불이행,젖음/습기,비,단일로 - 기타,화물,남,54세,상해없음,승용,남,73세,경상
2019092100100365,2019년 9월 21일 14시,토요일,경상남도 진주시 정촌면,중상사고,0,3,2,0,차대차 - 추돌,안전운전불이행,젖음/습기,비,단일로 - 기타,승용,남,65세,경상,승용,남,58세,경상
2019092100100366,2019년 9월 21일 14시,토요일,경상남도 양산시 물금읍,부상신고사고,0,0,0,1,차대사람 - 기타,안전운전불이행,젖음/습기,비,단일로 - 기타,화물,남,44세,상해없음,보행자,여,20세,부상신고
2019092100100367,2019년 9월 21일 14시,토요일,경상남도 거제시 고현동,경상사고,0,0,1,0,차대사람 - 횡단중,보행자보호의무위반,젖음/습기,비,교차로 - 교차로부근,승용,여,38세,상해없음,보행자,여,12세,경상
2019092100100396,2019년 9월 21일 15시,토요일,경상남도 고성군 회화면,중상사고,0,1,0,0,차대차 - 측면충돌,안전운전불이행,젖음/습기,비,단일로 - 기타,승용,남,19세,상해없음,승용,남,55세,중상
2019092100100397,2019년 9월 21일 15시,토요일,경상남도 사천시 곤양면,경상사고,0,0,2,1,차대차 - 추돌,안전운전불이행,젖음/습기,비,단일로 - 기타,승용,남,31세,상해없음,승용,남,64세,상해없음
2019092100100436,2019년 9월 21일 16시,토요일,경상남도 김해시 관동동,경상사고,0,0,1,0,차량단독 - 전도전복 - 전도,안전운전불이행,젖음/습기,비,교차로 - 교차로안,이륜,남,54세,경상,,,,
2019092100100471,2019년 9월 21일 17시,토요일,경상남도 거창군 거창읍,경상사고,0,0,1,0,차대차 - 추돌,안전운전불이행,젖음/습기,비,교차로 - 교차로안,승용,남,55세,상해없음,승용,남,32세,경상
2019092100100472,2019년 9월 21일 17시,토요일,경상남도 양산시 삼호동,중상사고,0,1,1,0,차대차 - 기타,안전운전불이행,젖음/습기,비,교차로 - 교차로부근,기타불명,기타불명,미분류,기타불명,승합,남,35세,상해없음
2019092100100473,2019년 9월 21일 17시,토요일,경상남도 거제시 고현동,중상사고,0,1,0,0,차대사람 - 횡단중,보행자보호의무위반,젖음/습기,비,교차로 - 교차로안,승용,남,38세,상해없음,보행자,여,80세,중상
2019092100100474,2019년 9월 21일 17시,토요일,경상남도 의령군 유곡면,경상사고,0,0,2,0,차대차 - 측면충돌,안전운전불이행,젖음/습기,흐림,단일로 - 기타,승용,여,56세,경상,승용,여,52세,경상
2019092100100524,2019년 9월 21일 18시,토요일,경상남도 창원시 진해구 이동,경상사고,0,0,1,0,차대차 - 측면충돌,직진우회전진행방해,젖음/습기,비,교차로 - 교차로안,승용,남,52세,상해없음,승용,여,55세,경상
2019092100100525,2019년 9월 21일 18시,토요일,경상남도 통영시 미수동,경상사고,0,0,1,0,차대차 - 추돌,안전운전불이행,건조,맑음,교차로 - 교차로부근,승용,남,64세,상해없음,화물,남,60세,경상
2019092100100526,2019년 9월 21일 18시,토요일,경상남도 김해시 외동,중상사고,0,1,0,0,차대차 - 기타,안전운전불이행,젖음/습기,비,교차로 - 교차로안,승용,여,56세,상해없음,이륜,남,32세,중상
2019092100100527,2019년 9월 21일 18시,토요일,경상남도 양산시 소주동,경상사고,0,0,1,0,차대차 - 측면충돌,신호위반,젖음/습기,비,교차로 - 교차로안,이륜,남,23세,경상,승용,남,55세,상해없음
2019092100100583,2019년 9월 21일 19시,토요일,경상남도 진주시 충무공동,중상사고,0,1,0,0,차대사람 - 보도통행중,기타,젖음/습기,비,단일로 - 기타,이륜,남,35세,상해없음,보행자,여,28세,중상
2019092100100584,2019년 9월 21일 19시,토요일,경상남도 김해시 삼계동,경상사고,0,0,2,0,차대차 - 기타,안전거리미확보,젖음/습기,비,단일로 - 기타,승용,남,25세,상해없음,승용,남,82세,경상
2019092100100585,2019년 9월 21일 19시,토요일,경상남도 의령군 칠곡면,중상사고,0,2,2,0,차대차 - 측면충돌,안전운전불이행,젖음/습기,비,단일로 - 기타,화물,남,67세,상해없음,화물,남,54세,경상
2019092100100631,2019년 9월 21일 20시,토요일,경상남도 김해시 동상동,중상사고,0,1,0,0,차대사람 - 기타,안전운전불이행,건조,맑음,교차로 - 교차로안,승용,남,57세,상해없음,보행자,남,51세,중상
2019092100100715,2019년 9월 21일 22시,토요일,경상남도 김해시 구산동,경상사고,0,0,1,0,차대차 - 추돌,안전운전불이행,젖음/습기,비,교차로 - 교차로안,승용,남,49세,상해없음,승용,남,31세,경상
2019092100100716,2019년 9월 21일 22시,토요일,경상남도 양산시 산막동,사망사고,1,0,0,0,차량단독 - 공작물충돌,안전운전불이행,젖음/습기,비,단일로 - 기타,이륜,남,18세,사망,,,,
2019092200100035,2019년 9월 22일 00시,일요일,경상남도 창원시 의창구 용호동,중상사고,0,1,0,0,차대사람 - 횡단중,안전운전불이행,침수,비,단일로 - 기타,승용,남,53세,상해없음,보행자,남,53세,중상
2019092200100052,2019년 9월 22일 01시,일요일,경상남도 통영시 무전동,경상사고,0,0,1,0,차대차 - 기타,안전운전불이행,건조,맑음,단일로 - 기타,승용,남,48세,상해없음,승용,여,42세,경상
2019092200100088,2019년 9월 22일 03시,일요일,경상남도 김해시 어방동,중상사고,0,1,0,0,차대차 - 측면충돌,신호위반,젖음/습기,비,교차로 - 교차로안,승용,남,27세,상해없음,승용,남,66세,상해없음
2019092200100089,2019년 9월 22일 03시,일요일,경상남도 김해시 어방동,중상사고,0,2,1,0,차대차 - 측면충돌,신호위반,젖음/습기,비,교차로 - 교차로안,승용,남,65세,상해없음,승용,남,37세,중상
2019092200100125,2019년 9월 22일 07시,일요일,경상남도 창원시 마산회원구 합성동,경상사고,0,0,1,0,차대사람 - 차도통행중,안전운전불이행,젖음/습기,비,단일로 - 지하차도(도로)내,승용,남,61세,상해없음,보행자,남,22세,경상
2019092200100133,2019년 9월 22일 08시,일요일,경상남도 김해시 진례면,사망사고,1,1,1,0,차대차 - 측면충돌,과속,젖음/습기,비,단일로 - 기타,승용,여,55세,경상,화물,남,49세,사망
2019092200100140,2019년 9월 22일 08시,일요일,경상남도 창원시 진해구 원포동,경상사고,0,0,1,0,차량단독 - 기타,안전운전불이행,젖음/습기,비,단일로 - 기타,승용,남,63세,경상,,,,
2019092200100141,2019년 9월 22일 08시,일요일,경상남도 함안군 칠원읍,경상사고,0,0,1,0,차대차 - 추돌,안전운전불이행,젖음/습기,비,교차로 - 교차로부근,승용,남,29세,상해없음,이륜,남,21세,경상
2019092200100169,2019년 9월 22일 10시,일요일,경상남도 김해시 전하동,경상사고,0,0,1,0,차대차 - 기타,안전운전불이행,젖음/습기,비,단일로 - 기타,화물,여,59세,경상,승용,남,40세,상해없음
2019092200100183,2019년 9월 22일 11시,일요일,경상남도 밀양시 하남읍,경상사고,0,0,1,0,차대차 - 측면충돌,안전운전불이행,젖음/습기,비,교차로 - 교차로안,승용,남,36세,상해없음,화물,남,75세,경상
2019092200100234,2019년 9월 22일 13시,일요일,경상남도 김해시 대청동,중상사고,0,1,1,0,차대차 - 측면충돌,안전운전불이행,젖음/습기,비,주차장 - 주차장,승용,남,64세,경상,승용,여,56세,상해없음
2019092200100263,2019년 9월 22일 14시,일요일,경상남도 합천군 대양면,중상사고,0,1,0,0,차량단독 - 공작물충돌,안전운전불이행,젖음/습기,비,단일로 - 기타,화물,남,54세,중상,,,,
2019092200100287,2019년 9월 22일 15시,일요일,경상남도 창원시 마산합포구 월영동,경상사고,0,0,2,0,차대차 - 추돌,안전거리미확보,젖음/습기,비,단일로 - 기타,화물,남,43세,상해없음,승용,남,75세,경상
2019092200100368,2019년 9월 22일 18시,일요일,경상남도 김해시 관동동,중상사고,0,3,0,0,차대차 - 정면충돌,안전운전불이행,젖음/습기,비,교차로 - 교차로안,승용,남,60세,상해없음,승용,남,49세,중상
2019092200100369,2019년 9월 22일 18시,일요일,경상남도 산청군 금서면,경상사고,0,0,1,2,차대차 - 기타,안전운전불이행,젖음/습기,비,단일로 - 기타,승용,남,41세,상해없음,승합,남,47세,상해없음
2019092200100403,2019년 9월 22일 19시,일요일,경상남도 창원시 진해구 석동,중상사고,0,1,0,0,차대차 - 추돌,안전운전불이행,젖음/습기,비,단일로 - 기타,승용,남,46세,상해없음,승용,여,52세,중상
2019092200100404,2019년 9월 22일 19시,일요일,경상남도 창원시 의창구 명서동,경상사고,0,0,2,0,차대차 - 추돌,안전운전불이행,건조,맑음,단일로 - 기타,승용,남,60세,상해없음,승용,여,35세,경상
2019092200100442,2019년 9월 22일 20시,일요일,경상남도 함양군 휴천면,경상사고,0,0,1,1,차량단독 - 공작물충돌,안전운전불이행,젖음/습기,비,단일로 - 기타,승용,남,61세,부상신고,,,,
2019092200100443,2019년 9월 22일 20시,일요일,경상남도 양산시 주남동,중상사고,0,1,0,0,차대사람 - 기타,안전운전불이행,젖음/습기,비,단일로 - 기타,이륜,남,45세,상해없음,보행자,여,19세,중상
2019092200100490,2019년 9월 22일 22시,일요일,경상남도 김해시 외동,경상사고,0,0,4,0,차대차 - 측면충돌,교차로운행방법위반,젖음/습기,비,교차로 - 교차로안,승용,남,46세,경상,승용,남,28세,경상
2019092200100491,2019년 9월 22일 22시,일요일,경상남도 창원시 마산회원구 회원동,경상사고,0,0,1,0,차대차 - 추돌,과속,젖음/습기,비,교차로 - 교차로안,승용,남,27세,상해없음,승용,남,25세,경상
2019092300100033,2019년 9월 23일 00시,월요일,경상남도 창원시 의창구 팔용동,경상사고,0,0,1,0,차대사람 - 보도통행중,기타,건조,맑음,기타 - 기타,자전거,남,20세,상해없음,보행자,남,25세,경상
2019092300100034,2019년 9월 23일 00시,월요일,경상남도 창원시 의창구 동읍,중상사고,0,2,0,0,차량단독 - 기타,안전운전불이행,건조,맑음,단일로 - 기타,승용,남,45세,상해없음,,,,
2019092300100101,2019년 9월 23일 07시,월요일,경상남도 창원시 마산합포구 중성동,경상사고,0,0,1,0,차대차 - 측면충돌,안전운전불이행,젖음/습기,흐림,교차로 - 교차로안,승용,남,76세,상해없음,승용,여,49세,경상
2019092300100102,2019년 9월 23일 07시,월요일,경상남도 사천시 정동면,중상사고,0,1,0,0,차량단독 - 공작물충돌,안전운전불이행,젖음/습기,흐림,교차로 - 교차로안,승용,남,33세,중상,,,,
2019092300100103,2019년 9월 23일 07시,월요일,경상남도 김해시 삼정동,중상사고,0,1,0,0,차대사람 - 기타,안전운전불이행,건조,맑음,단일로 - 기타,승용,남,44세,상해없음,보행자,남,49세,중상
2019092300100185,2019년 9월 23일 09시,월요일,경상남도 창원시 마산합포구 신포동2가,중상사고,0,1,0,0,차대차 - 기타,안전운전불이행,건조,맑음,교차로 - 교차로부근,자전거,남,79세,중상,화물,남,59세,상해없음
2019092300100186,2019년 9월 23일 09시,월요일,경상남도 사천시 벌리동,경상사고,0,0,2,0,차대차 - 측면충돌,직진우회전진행방해,젖음/습기,흐림,교차로 - 교차로안,승용,남,64세,경상,화물,남,73세,상해없음
2019092300100281,2019년 9월 23일 12시,월요일,경상남도 창원시 진해구 이동,중상사고,0,1,0,0,차대사람 - 기타,안전운전불이행,건조,맑음,교차로 - 교차로안,승용,여,62세,상해없음,보행자,여,80세,중상
2019092300100282,2019년 9월 23일 12시,월요일,경상남도 사천시 축동면,경상사고,0,0,1,0,차대차 - 추돌,안전운전불이행,건조,맑음,교차로 - 교차로부근,승용,남,47세,상해없음,승용,남,45세,경상
2019092300100283,2019년 9월 23일 12시,월요일,경상남도 김해시 내동,경상사고,0,0,1,0,차대차 - 기타,안전거리미확보,건조,맑음,교차로 - 교차로안,승용,여,41세,상해없음,승용,남,56세,경상
2019092300100284,2019년 9월 23일 12시,월요일,경상남도 창원시 성산구 외동,경상사고,0,0,2,0,차대차 - 측면충돌,안전운전불이행,건조,맑음,교차로 - 교차로부근,승용,남,75세,상해없음,승용,여,33세,경상
2019092300100317,2019년 9월 23일 13시,월요일,경상남도 창원시 마산합포구 해운동,중상사고,0,1,0,0,차대사람 - 기타,안전운전불이행,젖음/습기,비,단일로 - 기타,이륜,남,19세,상해없음,보행자,여,22세,중상
2019092300100318,2019년 9월 23일 13시,월요일,경상남도 창녕군 계성면,중상사고,0,1,2,0,차대차 - 추돌,안전운전불이행,건조,맑음,단일로 - 기타,승용,남,46세,상해없음,화물,남,47세,경상
2019092300100319,2019년 9월 23일 13시,월요일,경상남도 함양군 함양읍,사망사고,1,0,0,0,차대사람 - 차도통행중,안전운전불이행,건조,맑음,단일로 - 기타,화물,남,59세,상해없음,보행자,여,80세,사망
2019092300100353,2019년 9월 23일 14시,월요일,경상남도 양산시 물금읍,중상사고,0,1,0,0,차대차 - 측면충돌,기타,건조,맑음,단일로 - 기타,화물,남,59세,상해없음,자전거,남,74세,중상
2019092300100354,2019년 9월 23일 14시,월요일,경상남도 거제시 고현동,경상사고,0,0,1,0,차대차 - 기타,안전운전불이행,젖음/습기,비,단일로 - 기타,승용,남,48세,상해없음,승용,여,44세,경상
2019092300100355,2019년 9월 23일 14시,월요일,경상남도 남해군 남해읍,경상사고,0,0,1,0,차대사람 - 횡단중,보행자보호의무위반,건조,맑음,교차로 - 교차로횡단보도내,승용,여,51세,상해없음,보행자,남,9세,경상
2019092300100389,2019년 9월 23일 15시,월요일,경상남도 창원시 성산구 상남동,중상사고,0,1,0,0,차대차 - 측면충돌,안전운전불이행,건조,맑음,교차로 - 교차로부근,원동기,여,63세,상해없음,자전거,남,72세,중상
2019092300100420,2019년 9월 23일 16시,월요일,경상남도 하동군 진교면,중상사고,0,1,0,0,차대차 - 측면충돌,안전운전불이행,건조,맑음,단일로 - 기타,화물,남,61세,상해없음,이륜,남,77세,중상
2019092300100462,2019년 9월 23일 17시,월요일,경상남도 양산시 물금읍,경상사고,0,0,1,0,차대차 - 측면충돌,교차로운행방법위반,젖음/습기,비,교차로 - 교차로안,승합,여,58세,상해없음,승용,여,51세,경상
2019092300100463,2019년 9월 23일 17시,월요일,경상남도 양산시 물금읍,경상사고,0,0,1,0,차대차 - 기타,안전거리미확보,건조,맑음,단일로 - 기타,승용,여,58세,상해없음,승합,남,44세,경상
2019092300100464,2019년 9월 23일 17시,월요일,경상남도 창원시 의창구 동읍,경상사고,0,0,1,0,차대차 - 측면충돌,안전거리미확보,건조,맑음,단일로 - 기타,승합,남,62세,상해없음,승용,여,57세,경상
2019092300100512,2019년 9월 23일 18시,월요일,경상남도 김해시 생림면,경상사고,0,0,1,0,차대차 - 추돌,안전거리미확보,젖음/습기,흐림,단일로 - 기타,승용,남,34세,상해없음,승용,여,46세,경상
2019092300100513,2019년 9월 23일 18시,월요일,경상남도 거제시 양정동,중상사고,0,1,1,0,차대차 - 측면충돌,차로위반,건조,맑음,단일로 - 기타,승용,여,40세,중상,승용,남,36세,경상
2019092300100514,2019년 9월 23일 18시,월요일,경상남도 김해시 관동동,중상사고,0,2,0,0,차대차 - 측면충돌,안전운전불이행,젖음/습기,비,교차로 - 교차로안,승용,여,38세,중상,승용,여,51세,중상
2019092300100554,2019년 9월 23일 19시,월요일,경상남도 김해시 어방동,중상사고,0,2,0,0,차대차 - 추돌,안전거리미확보,젖음/습기,비,단일로 - 기타,승용,남,23세,상해없음,승용,여,44세,중상
2019092300100598,2019년 9월 23일 20시,월요일,경상남도 창원시 마산합포구 창포동3가,경상사고,0,0,1,0,차대차 - 측면충돌,안전운전불이행,건조,흐림,교차로 - 교차로안,이륜,남,17세,경상,승용,여,23세,상해없음
2019092300100599,2019년 9월 23일 20시,월요일,경상남도 양산시 물금읍,중상사고,0,1,0,0,차대차 - 측면충돌,안전운전불이행,건조,맑음,단일로 - 기타,승용,여,49세,상해없음,승용,남,45세,중상
2019092300100626,2019년 9월 23일 21시,월요일,경상남도 진주시 금곡면,중상사고,0,1,0,0,차대사람 - 차도통행중,안전운전불이행,건조,흐림,단일로 - 기타,승용,남,45세,상해없음,보행자,여,53세,중상
2019092300100627,2019년 9월 23일 21시,월요일,경상남도 진주시 호탄동,중상사고,0,1,0,0,차대사람 - 기타,안전운전불이행,건조,맑음,단일로 - 기타,기타불명,기타불명,미분류,기타불명,보행자,남,53세,중상
2019092300100647,2019년 9월 23일 22시,월요일,경상남도 통영시 정량동,경상사고,0,0,1,0,차대차 - 측면충돌,직진우회전진행방해,건조,맑음,교차로 - 교차로안,승용,여,39세,상해없음,화물,남,72세,경상
2019092300100648,2019년 9월 23일 22시,월요일,경상남도 밀양시 무안면,경상사고,0,0,1,0,차량단독 - 공작물충돌,안전운전불이행,건조,흐림,단일로 - 기타,화물,남,64세,경상,,,,