사고번호,사고일시,요일,시군구,사고내용,사망자수,중상자수,경상자수,부상신고자수,사고유형,법규위반,노면상태,기상상태,도로형태,가해운전자 차종,가해운전자 성별,가해운전자 연령,가해운전자 상해정도,피해운전자 차종,피해운전자 성별,피해운전자 연령,피해운전자 상해정도
2019092600100621,2019년 9월 26일 21시,목요일,경상남도 김해시 봉황동,중상사고,0,1,1,0,차대차 - 측면충돌,신호위반,건조,맑음,교차로 - 교차로안,승용,여,49세,상해없음,승용,남,31세,경상
2019092600100642,2019년 9월 26일 22시,목요일,경상남도 창원시 성산구 반지동,경상사고,0,0,2,0,차대차 - 측면충돌,안전운전불이행,건조,맑음,교차로 - 교차로안,승용,여,24세,상해없음,승용,남,56세,경상
2019092700100041,2019년 9월 27일 00시,금요일,경상남도 양산시 주남동,중상사고,0,1,0,0,차대사람 - 기타,안전운전불이행,건조,맑음,단일로 - 기타,승용,남,20세,상해없음,보행자,여,21세,중상
2019092700100074,2019년 9월 27일 04시,금요일,경상남도 김해시 생림면,경상사고,0,0,1,0,차량단독 - 도로외이탈 - 추락,안전운전불이행,건조,맑음,단일로 - 기타,승용,여,55세,경상,,,,
2019092700100086,2019년 9월 27일 05시,금요일,경상남도 김해시 한림면,중상사고,0,1,0,0,차대사람 - 횡단중,안전운전불이행,건조,맑음,교차로 - 교차로횡단보도내,승용,여,53세,상해없음,보행자,여,71세,중상
2019092700100106,2019년 9월 27일 06시,금요일,경상남도 양산시 물금읍,경상사고,0,0,1,0,차대사람 - 보도통행중,신호위반,건조,맑음,교차로 - 교차로안,승용,남,40세,상해없음,보행자,남,54세,경상
2019092700100130,2019년 9월 27일 07시,금요일,경상남도 창원시 진해구 용원동,경상사고,0,0,1,0,차대차 - 측면충돌,안전운전불이행,젖음/습기,흐림,단일로 - 기타,화물,여,59세,상해없음,이륜,남,38세,경상
2019092700100131,2019년 9월 27일 07시,금요일,경상남도 양산시 물금읍,중상사고,0,1,0,0,차대차 - 측면충돌,안전운전불이행,건조,맑음,단일로 - 기타,자전거,남,17세,중상,승용,남,64세,상해없음
2019092700100170,2019년 9월 27일 08시,금요일,경상남도 사천시 동금동,경상사고,0,0,1,1,차대차 - 측면충돌,직진우회전진행방해,건조,맑음,교차로 - 교차로안,화물,남,68세,상해없음,승용,남,58세,경상
2019092700100171,2019년 9월 27일 08시,금요일,경상남도 김해시 어방동,경상사고,0,0,1,0,차대차 - 기타,안전운전불이행,건조,맑음,교차로 - 교차로안,승용,남,58세,상해없음,승용,남,60세,경상
2019092700100216,2019년 9월 27일 09시,금요일,경상남도 진주시 신안동,중상사고,0,1,0,0,차대차 - 측면충돌,신호위반,건조,맑음,교차로 - 교차로안,승용,여,54세,상해없음,승용,남,70세,중상
2019092700100287,2019년 9월 27일 11시,금요일,경상남도 거제시 아주동,경상사고,0,0,1,0,차대차 - 기타,기타,건조,맑음,단일로 - 기타,승용,여,63세,상해없음,승용,여,64세,경상
2019092700100325,2019년 9월 27일 12시,금요일,경상남도 진주시 하대동,경상사고,0,0,1,0,차대차 - 측면충돌,안전운전불이행,건조,맑음,단일로 - 기타,승용,남,68세,상해없음,화물,남,57세,경상
2019092700100358,2019년 9월 27일 13시,금요일,경상남도 진주시 상대동,경상사고,0,0,1,0,차대차 - 측면충돌,안전운전불이행,건조,맑음,단일로 - 기타,자전거,여,73세,경상,승용,여,50세,상해없음
2019092700100359,2019년 9월 27일 13시,금요일,경상남도 김해시 부원동,경상사고,0,0,1,0,차대차 - 추돌,안전거리미확보,건조,맑음,교차로 - 교차로부근,화물,남,52세,상해없음,승용,여,33세,경상
2019092700100360,2019년 9월 27일 13시,금요일,경상남도 거제시 장목면,경상사고,0,0,4,0,차대차 - 기타,과속,건조,맑음,단일로 - 기타,승용,남,39세,경상,승용,여,39세,경상
2019092700100398,2019년 9월 27일 14시,금요일,경상남도 사천시 선구동,중상사고,0,1,0,0,차대사람 - 차도통행중,안전운전불이행,건조,맑음,단일로 - 기타,승용,남,33세,상해없음,보행자,남,65세,중상
2019092700100399,2019년 9월 27일 14시,금요일,경상남도 거창군 거창읍,경상사고,0,0,1,0,차대차 - 기타,안전거리미확보,건조,맑음,기타 - 기타,승용,여,65세,상해없음,승용,남,39세,경상
2019092700100435,2019년 9월 27일 15시,금요일,경상남도 창원시 마산합포구 교방동,사망사고,1,0,0,0,차대차 - 측면충돌,신호위반,건조,맑음,교차로 - 교차로안,이륜,남,82세,사망,승용,여,34세,상해없음
2019092700100477,2019년 9월 27일 16시,금요일,경상남도 사천시 사천읍,경상사고,0,0,1,0,차대차 - 측면충돌,안전운전불이행,건조,맑음,교차로 - 교차로횡단보도내,승용,여,45세,상해없음,자전거,남,21세,경상
2019092700100478,2019년 9월 27일 16시,금요일,경상남도 김해시 어방동,경상사고,0,0,1,0,차대사람 - 횡단중,안전운전불이행,건조,맑음,단일로 - 기타,승용,남,44세,상해없음,보행자,남,62세,경상
2019092700100479,2019년 9월 27일 16시,금요일,경상남도 함안군 군북면,경상사고,0,0,1,0,차대차 - 측면충돌,직진우회전진행방해,건조,맑음,교차로 - 교차로안,승용,여,48세,상해없음,승용,여,58세,경상
2019092700100520,2019년 9월 27일 17시,금요일,경상남도 창원시 진해구 석동,경상사고,0,0,1,0,차대차 - 추돌,안전운전불이행,건조,맑음,교차로 - 교차로부근,승용,여,59세,상해없음,승용,여,35세,경상
2019092700100521,2019년 9월 27일 17시,금요일,경상남도 거제시 아주동,중상사고,0,1,0,0,차대차 - 기타,안전거리미확보,젖음/습기,맑음,단일로 - 기타,승용,남,44세,상해없음,특수,남,47세,상해없음
2019092700100522,2019년 9월 27일 17시,금요일,경상남도 창원시 의창구 용호동,경상사고,0,0,1,0,차대차 - 추돌,안전운전불이행,젖음/습기,비,교차로 - 교차로부근,승용,남,46세,상해없음,승용,여,52세,경상
2019092700100523,2019년 9월 27일 17시,금요일,경상남도 창원시 의창구 동읍,경상사고,0,0,1,0,차대차 - 추돌,안전거리미확보,젖음/습기,비,교차로 - 교차로안,화물,남,26세,상해없음,승용,여,55세,경상
2019092700100524,2019년 9월 27일 17시,금요일,경상남도 김해시 대청동,경상사고,0,0,5,0,차대차 - 추돌,안전운전불이행,젖음/습기,비,단일로 - 기타,승합,남,52세,기타불명,승용,남,40세,경상
2019092700100579,2019년 9월 27일 18시,금요일,경상남도 양산시 물금읍,경상사고,0,0,1,0,차대차 - 측면충돌,직진우회전진행방해,젖음/습기,흐림,교차로 - 교차로안,승용,남,77세,기타불명,승용,여,56세,경상
2019092700100580,2019년 9월 27일 18시,금요일,경상남도 의령군 의령읍,중상사고,0,1,0,0,차대사람 - 횡단중,교차로운행방법위반,젖음/습기,비,교차로 - 교차로안,승용,남,52세,상해없음,보행자,여,73세,중상
2019092700100581,2019년 9월 27일 18시,금요일,경상남도 창원시 성산구 사파동,경상사고,0,0,4,0,차대차 - 추돌,기타,건조,맑음,단일로 - 지하차도(도로)내,승용,남,53세,상해없음,승용,남,23세,경상
2019092700100582,2019년 9월 27일 18시,금요일,경상남도 김해시 율하동,경상사고,0,0,1,0,차대차 - 추돌,안전운전불이행,젖음/습기,비,교차로 - 교차로부근,승용,남,58세,상해없음,승용,여,39세,경상
2019092700100624,2019년 9월 27일 19시,금요일,경상남도 진주시 상대동,경상사고,0,0,3,0,차대차 - 추돌,안전운전불이행,건조,맑음,단일로 - 기타,화물,남,29세,상해없음,승용,남,34세,경상
2019092700100625,2019년 9월 27일 19시,금요일,경상남도 김해시 어방동,경상사고,0,0,1,0,차대차 - 기타,안전운전불이행,젖음/습기,흐림,단일로 - 기타,승용,여,49세,상해없음,이륜,남,21세,경상
2019092700100626,2019년 9월 27일 19시,금요일,경상남도 거창군 남상면,경상사고,0,0,1,0,차량단독 - 전도전복 - 전도,안전운전불이행,건조,맑음,기타 - 기타,화물,남,68세,경상,,,,
2019092700100627,2019년 9월 27일 19시,금요일,경상남도 김해시 진영읍,중상사고,0,1,0,0,차대차 - 측면충돌,안전운전불이행,건조,맑음,교차로 - 교차로안,승용,여,38세,상해없음,화물,여,52세,중상
2019092700100668,2019년 9월 27일 20시,금요일,경상남도 사천시 서포면,경상사고,0,0,1,0,차대사람 - 차도통행중,안전운전불이행,젖음/습기,비,단일로 - 기타,자전거,여,76세,상해없음,보행자,남,63세,경상
2019092700100669,2019년 9월 27일 20시,금요일,경상남도 밀양시 상동면,경상사고,0,0,2,0,차대차 - 측면충돌,안전운전불이행,건조,맑음,단일로 - 기타,승용,남,57세,상해없음,승용,여,46세,경상
2019092700100670,2019년 9월 27일 20시,금요일,경상남도 밀양시 산외면,경상사고,0,0,1,0,차대차 - 측면충돌,안전운전불이행,건조,맑음,단일로 - 기타,화물,남,74세,상해없음,승용,남,62세,경상
2019092700100671,2019년 9월 27일 20시,금요일,경상남도 김해시 부원동,경상사고,0,0,1,0,차대차 - 기타,안전운전불이행,젖음/습기,흐림,단일로 - 기타,승용,여,51세,상해없음,이륜,남,18세,경상
2019092700100672,2019년 9월 27일 20시,금요일,경상남도 창원시 의창구 대원동,경상사고,0,0,1,0,차대차 - 측면충돌,안전운전불이행,젖음/습기,비,단일로 - 기타,승용,남,62세,상해없음,승용,여,47세,경상
2019092700100707,2019년 9월 27일 21시,금요일,경상남도 사천시 사천읍,경상사고,0,0,2,0,차대차 - 측면충돌,신호위반,젖음/습기,흐림,교차로 - 교차로안,승용,남,52세,상해없음,승용,여,47세,경상
2019092700100736,2019년 9월 27일 22시,금요일,경상남도 창원시 성산구 반지동,중상사고,0,1,0,0,차대사람 - 횡단중,안전운전불이행,건조,맑음,교차로 - 교차로안,이륜,남,29세,상해없음,보행자,남,31세,중상
2019092700100737,2019년 9월 27일 22시,금요일,경상남도 창원시 성산구 상남동,중상사고,0,1,0,0,차대사람 - 횡단중,보행자보호의무위반,젖음/습기,흐림,단일로 - 기타,이륜,남,42세,상해없음,보행자,여,55세,중상
2019092700100763,2019년 9월 27일 23시,금요일,경상남도 통영시 도천동,부상신고사고,0,0,0,1,차량단독 - 기타,교차로운행방법위반,젖음/습기,흐림,교차로 - 교차로안,승용,남,74세,상해없음,,,,
2019092800100051,2019년 9월 28일 00시,토요일,경상남도 김해시 관동동,경상사고,0,0,1,0,차대사람 - 차도통행중,안전운전불이행,젖음/습기,흐림,단일로 - 기타,승용,남,55세,상해없음,보행자,남,17세,경상
2019092800100072,2019년 9월 28일 01시,토요일,경상남도 김해시 삼계동,경상사고,0,0,2,0,차대차 - 측면충돌,직진우회전진행방해,건조,맑음,교차로 - 교차로안,승용,남,24세,상해없음,승용,남,22세,경상
2019092800100073,2019년 9월 28일 01시,토요일,경상남도 창원시 성산구 상남동,경상사고,0,0,2,0,차대차 - 측면충돌,안전운전불이행,젖음/습기,비,단일로 - 기타,승용,남,40세,상해없음,승용,여,28세,경상
2019092800100155,2019년 9월 28일 07시,토요일,경상남도 거제시 고현동,경상사고,0,0,1,0,차대차 - 측면충돌,안전운전불이행,건조,맑음,주차장 - 주차장,승용,여,52세,상해없음,승용,남,41세,상해없음
2019092800100205,2019년 9월 28일 09시,토요일,경상남도 진주시 대곡면,중상사고,0,1,0,0,차대사람 - 기타,안전운전불이행,건조,맑음,단일로 - 기타,화물,남,48세,상해없음,보행자,남,58세,중상
2019092800100243,2019년 9월 28일 10시,토요일,경상남도 의령군 의령읍,경상사고,0,0,1,0,차대사람 - 횡단중,안전운전불이행,건조,맑음,교차로 - 교차로부근,화물,남,61세,상해없음,보행자,남,65세,경상
2019092800100321,2019년 9월 28일 12시,토요일,경상남도 창원시 진해구 장천동,경상사고,0,0,1,0,차대차 - 측면충돌,안전거리미확보,건조,맑음,단일로 - 기타,이륜,남,59세,경상,승용,여,27세,상해없음
2019092800100322,2019년 9월 28일 12시,토요일,경상남도 통영시 정량동,경상사고,0,0,1,0,차대차 - 측면충돌,안전운전불이행,건조,맑음,단일로 - 기타,이륜,남,63세,경상,승용,여,60세,상해없음
2019092800100323,2019년 9월 28일 12시,토요일,경상남도 양산시 북정동,경상사고,0,0,1,0,차대차 - 기타,안전운전불이행,건조,맑음,교차로 - 교차로안,승용,여,37세,상해없음,승합,남,40세,상해없음
2019092800100324,2019년 9월 28일 12시,토요일,경상남도 거제시 둔덕면,중상사고,0,1,0,0,차대사람 - 보도통행중,기타,건조,맑음,단일로 - 기타,화물,남,47세,상해없음,보행자,여,79세,중상
2019092800100370,2019년 9월 28일 13시,토요일,경상남도 창원시 마산합포구 산호동,경상사고,0,0,1,0,차대사람 - 횡단중,안전운전불이행,건조,맑음,단일로 - 기타,승용,남,63세,상해없음,보행자,남,13세,경상
2019092800100426,2019년 9월 28일 14시,토요일,경상남도 거창군 남상면,경상사고,0,0,1,0,차대차 - 측면충돌,안전운전불이행,건조,맑음,단일로 - 기타,승용,남,61세,상해없음,사륜오토바이(ATV),여,61세,경상
2019092800100427,2019년 9월 28일 14시,토요일,경상남도 거제시 장평동,중상사고,0,1,0,0,차대차 - 정면충돌,안전운전불이행,젖음/습기,비,교차로 - 교차로안,자전거,남,39세,중상,승용,남,51세,상해없음
2019092800100475,2019년 9월 28일 15시,토요일,경상남도 고성군 고성읍,중상사고,0,1,0,0,차대차 - 후진중충돌,불법유턴,건조,맑음,단일로 - 기타,승용,남,61세,상해없음,승용,남,40세,중상
2019092800100517,2019년 9월 28일 16시,토요일,경상남도 고성군 고성읍,경상사고,0,0,1,0,차대차 - 측면충돌,신호위반,건조,맑음,교차로 - 교차로안,화물,남,61세,상해없음,승용,남,57세,경상
2019092800100518,2019년 9월 28일 16시,토요일,경상남도 거제시 하청면,중상사고,0,1,0,0,차대사람 - 차도통행중,안전운전불이행,젖음/습기,비,교차로 - 교차로부근,화물,남,57세,상해없음,보행자,남,10세,중상
2019092800100550,2019년 9월 28일 17시,토요일,경상남도 창원시 마산합포구 산호동,중상사고,0,1,0,0,차대차 - 측면충돌,안전운전불이행,건조,맑음,단일로 - 기타,화물,남,57세,상해없음,이륜,남,38세,중상
2019092800100588,2019년 9월 28일 18시,토요일,경상남도 사천시 선구동,경상사고,0,0,1,0,차대차 - 기타,기타,건조,맑음,단일로 - 기타,승용,여,54세,상해없음,승용,남,25세,경상
2019092800100589,2019년 9월 28일 18시,토요일,경상남도 거제시 아주동,중상사고,0,1,0,0,차대차 - 측면충돌,신호위반,건조,맑음,교차로 - 교차로안,승용,남,31세,상해없음,승용,여,56세,중상
2019092800100650,2019년 9월 28일 19시,토요일,경상남도 창원시 마산합포구 신포동2가,경상사고,0,0,1,0,차대사람 - 횡단중,안전운전불이행,건조,맑음,교차로 - 교차로부근,화물,여,67세,상해없음,보행자,남,66세,경상
2019092800100651,2019년 9월 28일 19시,토요일,경상남도 창원시 진해구 두동,경상사고,0,0,1,0,차대차 - 추돌,안전운전불이행,건조,맑음,단일로 - 기타,승합,남,64세,상해없음,승용,남,52세,경상
2019092800100652,2019년 9월 28일 19시,토요일,경상남도 김해시 생림면,경상사고,0,0,2,0,차대차 - 기타,안전운전불이행,건조,맑음,단일로 - 기타,승용,여,56세,상해없음,승용,남,65세,경상
2019092800100653,2019년 9월 28일 19시,토요일,경상남도 거제시 고현동,경상사고,0,0,2,0,차대차 - 측면충돌,신호위반,건조,맑음,교차로 - 교차로안,승용,여,63세,상해없음,승용,남,49세,경상
2019092800100654,2019년 9월 28일 19시,토요일,경상남도 김해시 대청동,경상사고,0,0,1,0,차대차 - 측면충돌,안전운전불이행,건조,기타,단일로 - 기타,승용,남,50세,상해없음,자전거,남,13세,경상
2019092800100655,2019년 9월 28일 19시,토요일,경상남도 김해시 무계동,경상사고,0,0,3,0,차대차 - 측면충돌,안전운전불이행,건조,기타,교차로 - 교차로안,승용,남,41세,상해없음,승용,남,39세,경상
2019092800100685,2019년 9월 28일 20시,토요일,경상남도 거창군 웅양면,경상사고,0,0,1,0,차대차 - 정면충돌,중앙선침범,건조,맑음,단일로 - 기타,승용,남,56세,상해없음,승용,여,54세,경상
2019092800100686,2019년 9월 28일 20시,토요일,경상남도 창원시 의창구 팔용동,경상사고,0,0,1,0,차대사람 - 기타,안전운전불이행,건조,맑음,단일로 - 기타,기타불명,기타불명,미분류,기타불명,보행자,남,49세,경상
2019092800100715,2019년 9월 28일 21시,토요일,경상남도 거창군 가조면,중상사고,0,1,0,0,차대사람 - 차도통행중,안전운전불이행,건조,맑음,단일로 - 기타,승용,남,30세,상해없음,보행자,남,54세,중상
2019092800100751,2019년 9월 28일 22시,토요일,경상남도 통영시 정량동,경상사고,0,0,1,0,차대차 - 기타,기타,젖음/습기,흐림,단일로 - 기타,승용,남,49세,상해없음,이륜,남,45세,경상
2019092800100752,2019년 9월 28일 22시,토요일,경상남도 거제시 장평동,경상사고,0,0,2,0,차대차 - 추돌,안전운전불이행,건조,맑음,단일로 - 기타,승용,남,43세,상해없음,승용,남,22세,경상
2019092800100774,2019년 9월 28일 23시,토요일,경상남도 창원시 마산합포구 상남동,경상사고,0,0,3,0,차대차 - 추돌,안전거리미확보,건조,맑음,단일로 - 기타,승용,남,52세,상해없음,승용,남,34세,경상
2019092900100034,2019년 9월 29일 00시,일요일,경상남도 밀양시 초동면,중상사고,0,1,0,0,차량단독 - 기타,안전운전불이행,건조,흐림,단일로 - 기타,승용,여,51세,중상,,,,
2019092900100056,2019년 9월 29일 02시,일요일,경상남도 진주시 정촌면,중상사고,0,1,1,0,차대차 - 추돌,안전운전불이행,건조,맑음,교차로 - 교차로부근,화물,남,39세,상해없음,승용,남,33세,중상
2019092900100125,2019년 9월 29일 08시,일요일,경상남도 함안군 칠서면,경상사고,0,0,1,0,차대차 - 측면충돌,교차로운행방법위반,건조,맑음,교차로 - 교차로안,농기계,남,66세,상해없음,승용,남,28세,경상
2019092900100167,2019년 9월 29일 10시,일요일,경상남도 창원시 마산합포구 신포동1가,경상사고,0,0,1,0,차대차 - 추돌,안전거리미확보,건조,맑음,교차로 - 교차로부근,승용,여,68세,상해없음,승용,남,60세,경상
2019092900100168,2019년 9월 29일 10시,일요일,경상남도 김해시 구산동,경상사고,0,0,1,0,차대차 - 측면충돌,신호위반,건조,맑음,교차로 - 교차로안,이륜,남,36세,경상,승용,남,54세,상해없음
2019092900100169,2019년 9월 29일 10시,일요일,경상남도 창원시 마산합포구 산호동,중상사고,0,1,0,0,차대차 - 기타,안전운전불이행,건조,맑음,교차로 - 교차로안,승용,여,60세,상해없음,자전거,남,50세,중상
2019092900100202,2019년 9월 29일 11시,일요일,경상남도 진주시 상평동,경상사고,0,0,2,0,차대차 - 측면충돌,교차로운행방법위반,건조,맑음,교차로 - 교차로안,승용,남,57세,경상,승용,여,33세,경상
2019092900100203,2019년 9월 29일 11시,일요일,경상남도 김해시 무계동,중상사고,0,1,0,0,차대차 - 측면충돌,안전운전불이행,건조,맑음,교차로 - 교차로안,승용,남,51세,상해없음,승용,남,49세,중상
2019092900100227,2019년 9월 29일 12시,일요일,경상남도 밀양시 삼랑진읍,부상신고사고,0,0,0,1,차량단독 - 기타,안전운전불이행,건조,맑음,단일로 - 기타,이륜,남,33세,상해없음,,,,
2019092900100253,2019년 9월 29일 13시,일요일,경상남도 김해시 어방동,중상사고,0,3,1,0,차대차 - 측면충돌,차로위반,건조,맑음,단일로 - 기타,승용,여,47세,상해없음,승용,여,46세,중상
2019092900100282,2019년 9월 29일 14시,일요일,경상남도 창원시 진해구 용원동,중상사고,0,1,3,0,차대차 - 측면충돌,중앙선침범,건조,맑음,단일로 - 기타,화물,남,62세,상해없음,화물,남,55세,중상
2019092900100320,2019년 9월 29일 15시,일요일,경상남도 통영시 광도면,경상사고,0,0,1,0,차대차 - 측면충돌,교차로운행방법위반,건조,맑음,교차로 - 교차로안,승용,여,41세,상해없음,이륜,남,38세,경상
2019092900100321,2019년 9월 29일 15시,일요일,경상남도 김해시 어방동,경상사고,0,0,1,0,차대차 - 측면충돌,차로위반,건조,맑음,단일로 - 기타,승용,여,43세,상해없음,이륜,남,22세,경상
2019092900100322,2019년 9월 29일 15시,일요일,경상남도 창원시 성산구 상복동,경상사고,0,0,1,0,차대차 - 측면충돌,안전운전불이행,건조,맑음,단일로 - 교량,승용,남,54세,상해없음,승용,남,37세,경상
2019092900100366,2019년 9월 29일 16시,일요일,경상남도 창원시 마산합포구 가포동,중상사고,0,1,0,0,차대차 - 기타,신호위반,건조,맑음,교차로 - 교차로안,승용,여,62세,상해없음,승합,여,51세,중상
2019092900100367,2019년 9월 29일 16시,일요일,경상남도 거제시 옥포동,경상사고,0,0,1,0,차대사람 - 차도통행중,안전운전불이행,건조,맑음,교차로 - 교차로부근,승용,여,54세,상해없음,보행자,여,52세,경상
2019092900100399,2019년 9월 29일 17시,일요일,경상남도 양산시 물금읍,중상사고,0,1,0,0,차대차 - 기타,기타,건조,맑음,단일로 - 기타,승용,남,50세,상해없음,이륜,남,35세,중상
2019092900100400,2019년 9월 29일 17시,일요일,경상남도 함안군 가야읍,경상사고,0,0,3,0,차대차 - 추돌,안전운전불이행,건조,맑음,교차로 - 교차로부근,승용,남,68세,상해없음,승용,남,48세,경상
2019092900100401,2019년 9월 29일 17시,일요일,경상남도 김해시 한림면,중상사고,0,1,0,0,차대차 - 측면충돌,중앙선침범,건조,맑음,단일로 - 기타,화물,남,56세,상해없음,이륜,남,31세,중상
2019092900100441,2019년 9월 29일 18시,일요일,경상남도 양산시 명동,중상사고,0,1,0,0,차대차 - 측면충돌,교차로운행방법위반,건조,맑음,교차로 - 교차로안,승용,남,41세,상해없음,이륜,남,31세,중상
2019092900100442,2019년 9월 29일 18시,일요일,경상남도 양산시 삼호동,경상사고,0,0,1,0,차대사람 - 횡단중,보행자보호의무위반,건조,맑음,교차로 - 교차로횡단보도내,승용,여,30세,상해없음,보행자,여,55세,경상
2019092900100443,2019년 9월 29일 18시,일요일,경상남도 산청군 금서면,중상사고,0,1,0,0,차대사람 - 차도통행중,중앙선침범,건조,맑음,단일로 - 기타,승용,남,24세,상해없음,보행자,여,81세,중상
2019092900100486,2019년 9월 29일 19시,일요일,경상남도 의령군 의령읍,경상사고,0,0,1,0,차대차 - 측면충돌,교차로운행방법위반,건조,맑음,교차로 - 교차로안,승용,여,32세,상해없음,승용,남,59세,경상
2019092900100487,2019년 9월 29일 19시,일요일,경상남도 창원시 의창구 봉곡동,중상사고,0,1,0,0,차대사람 - 기타,안전운전불이행,건조,맑음,단일로 - 기타,기타불명,기타불명,미분류,기타불명,보행자,남,68세,중상
2019092900100547,2019년 9월 29일 21시,일요일,경상남도 함양군 함양읍,중상사고,0,1,2,0,차대차 - 측면충돌,교차로운행방법위반,건조,맑음,교차로 - 교차로안,원동기,여,58세,중상,승용,남,25세,상해없음
2019092900100548,2019년 9월 29일 21시,일요일,경상남도 양산시 소주동,중상사고,0,2,0,0,차대차 - 기타,교차로운행방법위반,건조,맑음,교차로 - 교차로안,승용,남,64세,상해없음,승용,남,28세,중상
2019092900100573,2019년 9월 29일 22시,일요일,경상남도 진주시 강남동,경상사고,0,0,1,0,차대차 - 측면충돌,신호위반,건조,맑음,교차로 - 교차로안,화물,남,31세,상해없음,승용,남,63세,상해없음
2019092900100574,2019년 9월 29일 22시,일요일,경상남도 양산시 북부동,경상사고,0,0,2,0,차대차 - 측면충돌,중앙선침범,건조,맑음,교차로 - 교차로부근,승용,남,60세,상해없음,승용,여,26세,경상
2019092900100587,2019년 9월 29일 23시,일요일,경상남도 양산시 물금읍,경상사고,0,0,3,0,차대차 - 측면충돌,안전운전불이행,건조,맑음,단일로 - 기타,승용,남,49세,상해없음,승용,남,24세,경상
2019093000100026,2019년 9월 30일 00시,월요일,경상남도 창원시 의창구 팔용동,중상사고,0,1,1,0,차대차 - 추돌,안전운전불이행,건조,맑음,교차로 - 교차로부근,승용,남,48세,상해없음,승용,남,57세,경상
2019093000100034,2019년 9월 30일 01시,월요일,경상남도 거제시 고현동,경상사고,0,0,3,0,차대차 - 측면충돌,신호위반,건조,맑음,교차로 - 교차로안,승용,여,36세,경상,승합,남,41세,경상
2019093000100042,2019년 9월 30일 02시,월요일,경상남도 김해시 삼방동,중상사고,0,1,0,0,차대사람 - 길가장자리구역통행중,안전운전불이행,건조,맑음,단일로 - 기타,승용,남,23세,상해없음,보행자,남,51세,중상
2019093000100055,2019년 9월 30일 04시,월요일,경상남도 창원시 진해구 용원동,경상사고,0,0,2,0,차대차 - 측면충돌,신호위반,건조,맑음,교차로 - 교차로안,승용,여,58세,경상,화물,남,50세,경상
2019093000100153,2019년 9월 30일 08시,월요일,경상남도 창원시 진해구 용원동,경상사고,0,0,1,0,차대차 - 측면충돌,안전운전불이행,건조,맑음,단일로 - 터널,승용,남,48세,상해없음,승용,남,44세,경상
2019093000100154,2019년 9월 30일 08시,월요일,경상남도 거창군 거창읍,중상사고,0,1,0,0,차대차 - 기타,중앙선침범,건조,맑음,교차로 - 교차로부근,승용,남,57세,상해없음,자전거,남,20세,중상
2019093000100155,2019년 9월 30일 08시,월요일,경상남도 양산시 평산동,경상사고,0,0,2,0,차대차 - 추돌,안전거리미확보,건조,맑음,단일로 - 기타,승합,남,27세,상해없음,승용,남,51세,경상
2019093000100156,2019년 9월 30일 08시,월요일,경상남도 창원시 성산구 사파동,경상사고,0,0,1,0,차대사람 - 기타,안전운전불이행,건조,맑음,단일로 - 기타,승용,남,53세,상해없음,보행자,남,18세,경상
2019093000100194,2019년 9월 30일 09시,월요일,경상남도 밀양시 상남면,중상사고,0,1,0,0,차대차 - 측면충돌,안전운전불이행,건조,맑음,단일로 - 기타,승합,여,64세,상해없음,자전거,여,70세,중상
2019093000100225,2019년 9월 30일 10시,월요일,경상남도 진주시 상평동,중상사고,0,1,1,0,차대차 - 추돌,안전운전불이행,건조,맑음,단일로 - 기타,승용,남,29세,상해없음,승용,여,41세,중상
2019093000100253,2019년 9월 30일 11시,월요일,경상남도 사천시 사천읍,경상사고,0,0,1,0,차대차 - 기타,안전운전불이행,건조,맑음,교차로 - 교차로부근,이륜,남,70세,경상,승용,남,63세,상해없음
2019093000100254,2019년 9월 30일 11시,월요일,경상남도 합천군 대양면,경상사고,0,0,1,0,차량단독 - 전도전복 - 전도,안전운전불이행,기타,맑음,단일로 - 기타,이륜,남,51세,경상,,,,
2019093000100255,2019년 9월 30일 11시,월요일,경상남도 창원시 성산구 상남동,경상사고,0,0,1,0,차대사람 - 차도통행중,안전운전불이행,건조,맑음,단일로 - 기타,자전거,여,34세,상해없음,보행자,여,69세,경상
2019093000100296,2019년 9월 30일 12시,월요일,경상남도 창원시 진해구 석동,경상사고,0,0,1,0,차대차 - 측면충돌,신호위반,건조,맑음,교차로 - 교차로안,승용,남,41세,상해없음,승용,남,30세,경상
2019093000100297,2019년 9월 30일 12시,월요일,경상남도 사천시 사천읍,경상사고,0,0,1,0,차대차 - 추돌,안전운전불이행,건조,맑음,교차로 - 교차로부근,화물,남,61세,상해없음,승용,여,49세,경상
2019093000100298,2019년 9월 30일 12시,월요일,경상남도 거제시 연초면,중상사고,0,1,0,0,차량단독 - 전도전복 - 전도,안전운전불이행,건조,맑음,단일로 - 기타,이륜,남,44세,중상,,,,
2019093000100299,2019년 9월 30일 12시,월요일,경상남도 창원시 마산회원구 석전동,중상사고,0,1,0,0,차대사람 - 길가장자리구역통행중,안전운전불이행,건조,맑음,단일로 - 지하차도(도로)내,승용,남,40세,상해없음,보행자,여,70세,중상
2019093000100337,2019년 9월 30일 13시,월요일,경상남도 창원시 진해구 죽곡동,경상사고,0,0,2,1,차대차 - 측면충돌,신호위반,건조,맑음,교차로 - 교차로안,승용,여,40세,부상신고,승용,남,52세,경상