사고번호,사고일시,요일,시군구,사고내용,사망자수,중상자수,경상자수,부상신고자수,사고유형,법규위반,노면상태,기상상태,도로형태,가해운전자 차종,가해운전자 성별,가해운전자 연령,가해운전자 상해정도,피해운전자 차종,피해운전자 성별,피해운전자 연령,피해운전자 상해정도
2019093000100338,2019년 9월 30일 13시,월요일,경상남도 거제시 상동동,경상사고,0,0,2,0,차대차 - 측면충돌,중앙선침범,건조,맑음,단일로 - 기타,승용,남,67세,상해없음,이륜,남,70세,경상
2019093000100373,2019년 9월 30일 14시,월요일,경상남도 양산시 상북면,중상사고,0,2,0,0,차대차 - 추돌,안전운전불이행,건조,맑음,교차로 - 교차로부근,화물,남,53세,상해없음,승용,여,57세,중상
2019093000100374,2019년 9월 30일 14시,월요일,경상남도 창녕군 남지읍,중상사고,0,1,2,0,차대차 - 추돌,안전운전불이행,건조,맑음,단일로 - 교량,화물,남,57세,상해없음,승용,남,35세,경상
2019093000100419,2019년 9월 30일 15시,월요일,경상남도 창원시 마산합포구 현동,경상사고,0,0,1,0,차대차 - 측면충돌,안전운전불이행,건조,맑음,단일로 - 기타,승용,여,38세,상해없음,이륜,남,70세,경상
2019093000100465,2019년 9월 30일 16시,월요일,경상남도 김해시 삼계동,경상사고,0,0,1,0,차대차 - 측면충돌,직진우회전진행방해,건조,맑음,교차로 - 교차로안,승용,여,37세,상해없음,이륜,남,19세,경상
2019093000100466,2019년 9월 30일 16시,월요일,경상남도 함양군 함양읍,경상사고,0,0,1,0,차대사람 - 횡단중,안전운전불이행,건조,맑음,단일로 - 기타,승용,남,61세,상해없음,보행자,여,58세,경상
2019093000100467,2019년 9월 30일 16시,월요일,경상남도 거제시 고현동,중상사고,0,1,0,0,차대사람 - 횡단중,안전운전불이행,건조,맑음,기타 - 기타,승합,남,64세,상해없음,보행자,남,13세,중상
2019093000100468,2019년 9월 30일 16시,월요일,경상남도 창원시 성산구 중앙동,경상사고,0,0,1,0,차대차 - 측면충돌,안전운전불이행,건조,맑음,교차로 - 교차로안,이륜,남,51세,상해없음,승용,여,33세,경상
2019093000100469,2019년 9월 30일 16시,월요일,경상남도 김해시 부곡동,중상사고,0,1,0,0,차대차 - 측면충돌,교차로운행방법위반,건조,맑음,교차로 - 교차로부근,승용,남,49세,상해없음,승용,여,52세,중상
2019093000100470,2019년 9월 30일 16시,월요일,경상남도 함안군 칠원읍,중상사고,0,1,1,0,차대차 - 추돌,안전운전불이행,건조,맑음,단일로 - 터널,승용,남,55세,상해없음,승용,남,46세,경상
2019093000100512,2019년 9월 30일 17시,월요일,경상남도 진주시 내동면,중상사고,0,1,1,0,차대차 - 추돌,안전운전불이행,건조,맑음,교차로 - 교차로부근,승용,남,46세,상해없음,승용,여,58세,중상
2019093000100513,2019년 9월 30일 17시,월요일,경상남도 사천시 정동면,경상사고,0,0,1,0,차대차 - 측면충돌,안전운전불이행,건조,맑음,교차로 - 교차로안,승용,여,52세,상해없음,승용,여,59세,경상
2019093000100514,2019년 9월 30일 17시,월요일,경상남도 합천군 야로면,경상사고,0,0,1,0,차대차 - 측면충돌,안전운전불이행,건조,맑음,단일로 - 기타,승용,여,61세,상해없음,승용,여,64세,경상
2019093000100515,2019년 9월 30일 17시,월요일,경상남도 양산시 하북면,경상사고,0,0,1,0,차대사람 - 차도통행중,안전운전불이행,건조,맑음,교차로 - 교차로안,승용,여,39세,상해없음,보행자,남,82세,경상
2019093000100516,2019년 9월 30일 17시,월요일,경상남도 양산시 동면,중상사고,0,1,0,0,차대차 - 측면충돌,안전운전불이행,건조,맑음,교차로 - 교차로안,화물,남,62세,상해없음,이륜,남,75세,중상
2019093000100517,2019년 9월 30일 17시,월요일,경상남도 김해시 한림면,중상사고,0,1,0,0,차대사람 - 기타,안전운전불이행,건조,맑음,단일로 - 기타,화물,남,63세,상해없음,보행자,남,42세,중상
2019093000100569,2019년 9월 30일 18시,월요일,경상남도 진주시 금산면,중상사고,0,1,0,0,차대사람 - 횡단중,안전운전불이행,건조,맑음,교차로 - 교차로안,승용,남,24세,상해없음,보행자,여,79세,중상
2019093000100570,2019년 9월 30일 18시,월요일,경상남도 창녕군 창녕읍,경상사고,0,0,1,0,차대차 - 측면충돌,중앙선침범,건조,맑음,단일로 - 기타,화물,남,47세,상해없음,승용,남,36세,경상
2019093000100571,2019년 9월 30일 18시,월요일,경상남도 고성군 고성읍,중상사고,0,1,0,0,차대차 - 기타,중앙선침범,건조,맑음,단일로 - 기타,화물,여,49세,상해없음,승용,남,40세,중상
2019093000100572,2019년 9월 30일 18시,월요일,경상남도 창원시 성산구 성주동,중상사고,0,1,0,0,차대차 - 추돌,안전운전불이행,건조,맑음,교차로 - 교차로부근,승용,남,66세,상해없음,승용,여,40세,중상
2019093000100573,2019년 9월 30일 18시,월요일,경상남도 창원시 의창구 소답동,경상사고,0,0,1,0,차대차 - 추돌,안전운전불이행,건조,맑음,단일로 - 기타,승용,남,58세,상해없음,승용,남,40세,경상
2019093000100632,2019년 9월 30일 19시,월요일,경상남도 의령군 정곡면,중상사고,0,1,1,0,차대차 - 추돌,안전운전불이행,건조,흐림,단일로 - 기타,화물,남,72세,경상,건설기계,남,65세,상해없음
2019093000100657,2019년 9월 30일 20시,월요일,경상남도 창원시 진해구 자은동,경상사고,0,0,1,0,차대차 - 정면충돌,안전운전불이행,건조,맑음,교차로 - 교차로안,승용,남,25세,상해없음,승용,남,77세,경상
2019093000100658,2019년 9월 30일 20시,월요일,경상남도 창원시 의창구 팔용동,경상사고,0,0,1,0,차대차 - 측면충돌,안전운전불이행,건조,맑음,단일로 - 기타,승용,남,57세,상해없음,승용,남,39세,경상
2019093000100689,2019년 9월 30일 21시,월요일,경상남도 거제시 상동동,경상사고,0,0,2,0,차대차 - 측면충돌,안전거리미확보,건조,맑음,단일로 - 기타,승용,남,44세,상해없음,승용,여,50세,경상
2019093000100734,2019년 9월 30일 23시,월요일,경상남도 양산시 물금읍,경상사고,0,0,2,0,차대차 - 기타,안전운전불이행,건조,맑음,단일로 - 기타,승용,남,23세,상해없음,승용,남,31세,상해없음
2019100100100036,2019년 10월 1일 00시,화요일,경상남도 진주시 상평동,중상사고,0,1,1,0,차대차 - 추돌,안전운전불이행,건조,맑음,교차로 - 교차로부근,승용,남,39세,경상,승용,남,29세,중상
2019100100100047,2019년 10월 1일 01시,화요일,경상남도 사천시 사남면,경상사고,0,0,1,0,차대차 - 추돌,안전운전불이행,건조,흐림,교차로 - 교차로부근,승용,남,32세,상해없음,승용,남,26세,경상
2019100100100048,2019년 10월 1일 01시,화요일,경상남도 밀양시 내이동,중상사고,0,1,0,0,차대사람 - 횡단중,보행자보호의무위반,건조,맑음,단일로 - 기타,화물,남,45세,상해없음,보행자,여,78세,중상
2019100100100049,2019년 10월 1일 01시,화요일,경상남도 양산시 물금읍,경상사고,0,0,2,0,차량단독 - 공작물충돌,안전운전불이행,건조,맑음,단일로 - 기타,승용,남,44세,상해없음,,,,
2019100100100087,2019년 10월 1일 06시,화요일,경상남도 통영시 무전동,중상사고,0,1,0,0,차대차 - 기타,신호위반,젖음/습기,비,교차로 - 교차로안,화물,남,58세,상해없음,승용,남,50세,중상
2019100100100088,2019년 10월 1일 06시,화요일,경상남도 밀양시 무안면,중상사고,0,1,0,0,차대사람 - 보도통행중,보행자보호의무위반,건조,맑음,단일로 - 기타,이륜,남,57세,상해없음,보행자,여,83세,중상
2019100100100113,2019년 10월 1일 07시,화요일,경상남도 함안군 군북면,경상사고,0,0,1,0,차대사람 - 기타,안전운전불이행,건조,맑음,단일로 - 기타,승용,남,76세,상해없음,보행자,남,49세,경상
2019100100100114,2019년 10월 1일 07시,화요일,경상남도 창원시 성산구 신촌동,경상사고,0,0,1,0,차대차 - 측면충돌,안전운전불이행,건조,맑음,교차로 - 교차로부근,승용,남,47세,상해없음,승용,여,43세,경상
2019100100100152,2019년 10월 1일 08시,화요일,경상남도 통영시 북신동,경상사고,0,0,1,0,차대사람 - 기타,안전운전불이행,건조,맑음,단일로 - 기타,승용,남,66세,상해없음,보행자,남,71세,경상
2019100100100153,2019년 10월 1일 08시,화요일,경상남도 김해시 삼정동,중상사고,0,1,0,0,차대사람 - 기타,안전운전불이행,건조,맑음,단일로 - 기타,승합,남,55세,상해없음,보행자,여,51세,중상
2019100100100154,2019년 10월 1일 08시,화요일,경상남도 함양군 백전면,경상사고,0,0,1,0,차량단독 - 도로외이탈 - 기타,안전운전불이행,건조,맑음,교차로 - 교차로부근,농기계,남,82세,경상,,,,
2019100100100155,2019년 10월 1일 08시,화요일,경상남도 양산시 물금읍,경상사고,0,0,1,0,차대차 - 측면충돌,직진우회전진행방해,건조,맑음,교차로 - 교차로안,화물,여,49세,상해없음,이륜,남,22세,경상
2019100100100187,2019년 10월 1일 09시,화요일,경상남도 거제시 상동동,중상사고,0,1,0,0,차량단독 - 기타,안전운전불이행,젖음/습기,비,단일로 - 기타,승용,여,50세,중상,,,,
2019100100100188,2019년 10월 1일 09시,화요일,경상남도 창원시 성산구 성주동,경상사고,0,0,1,0,차대차 - 측면충돌,중앙선침범,젖음/습기,흐림,단일로 - 기타,화물,남,33세,상해없음,승용,남,65세,경상
2019100100100227,2019년 10월 1일 10시,화요일,경상남도 사천시 서포면,중상사고,0,1,3,0,차대차 - 정면충돌,중앙선침범,젖음/습기,비,단일로 - 기타,승용,여,52세,중상,승용,남,36세,경상
2019100100100228,2019년 10월 1일 10시,화요일,경상남도 김해시 상동면,경상사고,0,0,1,0,차량단독 - 공작물충돌,안전운전불이행,젖음/습기,비,단일로 - 기타,승용,남,23세,경상,,,,
2019100100100229,2019년 10월 1일 10시,화요일,경상남도 거제시 사등면,중상사고,0,1,0,0,차량단독 - 기타,안전운전불이행,기타,비,단일로 - 기타,승용,남,52세,중상,,,,
2019100100100265,2019년 10월 1일 11시,화요일,경상남도 거제시 일운면,중상사고,0,1,1,0,차대차 - 기타,교차로운행방법위반,젖음/습기,흐림,교차로 - 교차로안,승용,남,31세,상해없음,승용,여,46세,경상
2019100100100266,2019년 10월 1일 11시,화요일,경상남도 남해군 상주면,중상사고,0,1,1,0,차량단독 - 공작물충돌,안전운전불이행,젖음/습기,비,단일로 - 기타,승용,남,69세,경상,,,,
2019100100100267,2019년 10월 1일 11시,화요일,경상남도 창원시 성산구 성주동,중상사고,0,1,0,0,차대차 - 측면충돌,중앙선침범,젖음/습기,비,단일로 - 기타,화물,남,52세,상해없음,승용,여,53세,중상
2019100100100293,2019년 10월 1일 12시,화요일,경상남도 창원시 진해구 경화동,경상사고,0,0,1,0,차대차 - 기타,안전운전불이행,건조,맑음,교차로 - 교차로안,승용,여,50세,상해없음,이륜,남,43세,경상
2019100100100294,2019년 10월 1일 12시,화요일,경상남도 양산시 물금읍,경상사고,0,0,2,0,차대차 - 측면충돌,신호위반,젖음/습기,비,교차로 - 교차로안,승용,여,62세,경상,승용,남,36세,경상
2019100100100314,2019년 10월 1일 13시,화요일,경상남도 진주시 상대동,부상신고사고,0,0,0,1,차대차 - 기타,중앙선침범,건조,맑음,교차로 - 교차로안,자전거,남,59세,부상신고,승용,여,47세,상해없음
2019100100100315,2019년 10월 1일 13시,화요일,경상남도 창원시 진해구 남문동,경상사고,0,0,1,0,차대차 - 측면충돌,안전운전불이행,건조,맑음,단일로 - 기타,화물,남,66세,경상,특수,남,68세,상해없음
2019100100100316,2019년 10월 1일 13시,화요일,경상남도 통영시 용남면,경상사고,0,0,2,0,차대차 - 추돌,안전거리미확보,젖음/습기,비,단일로 - 기타,승용,남,47세,상해없음,승용,남,28세,경상
2019100100100396,2019년 10월 1일 15시,화요일,경상남도 창원시 의창구 북면,사망사고,1,0,0,0,차량단독 - 공작물충돌,안전운전불이행,젖음/습기,비,단일로 - 기타,화물,남,64세,사망,,,,
2019100100100430,2019년 10월 1일 16시,화요일,경상남도 창원시 진해구 광화동,중상사고,0,1,4,0,차대차 - 측면충돌,교차로운행방법위반,젖음/습기,비,교차로 - 교차로안,승용,남,26세,경상,승용,남,58세,경상
2019100100100481,2019년 10월 1일 17시,화요일,경상남도 김해시 안동,경상사고,0,0,1,0,차대사람 - 기타,안전운전불이행,젖음/습기,흐림,단일로 - 기타,승용,남,61세,상해없음,보행자,여,61세,경상
2019100100100537,2019년 10월 1일 18시,화요일,경상남도 통영시 서호동,부상신고사고,0,0,0,1,차대사람 - 기타,안전운전불이행,젖음/습기,비,단일로 - 기타,승합,남,61세,상해없음,보행자,여,73세,부상신고
2019100100100538,2019년 10월 1일 18시,화요일,경상남도 김해시 외동,중상사고,0,1,3,0,차대차 - 추돌,안전운전불이행,젖음/습기,비,교차로 - 교차로안,화물,남,48세,경상,승용,남,53세,경상
2019100100100539,2019년 10월 1일 18시,화요일,경상남도 고성군 마암면,경상사고,0,0,2,0,차대차 - 추돌,안전거리미확보,젖음/습기,비,단일로 - 기타,승용,남,46세,경상,승용,여,59세,상해없음
2019100100100540,2019년 10월 1일 18시,화요일,경상남도 창원시 성산구 상남동,경상사고,0,0,1,0,차대차 - 측면충돌,안전운전불이행,건조,맑음,교차로 - 교차로안,승용,여,41세,상해없음,승용,여,37세,경상
2019100100100541,2019년 10월 1일 18시,화요일,경상남도 창원시 의창구 북면,중상사고,0,1,0,0,차대사람 - 기타,안전운전불이행,건조,맑음,교차로 - 교차로부근,승용,남,49세,기타불명,보행자,남,8세,중상
2019100100100590,2019년 10월 1일 19시,화요일,경상남도 창원시 진해구 용원동,경상사고,0,0,1,0,차대차 - 기타,직진우회전진행방해,젖음/습기,비,교차로 - 교차로안,승용,남,38세,상해없음,자전거,남,47세,경상
2019100100100591,2019년 10월 1일 19시,화요일,경상남도 통영시 용남면,중상사고,0,2,0,0,차대차 - 측면충돌,안전운전불이행,건조,맑음,단일로 - 기타,승용,남,47세,기타불명,승합,남,63세,중상
2019100100100592,2019년 10월 1일 19시,화요일,경상남도 거창군 가조면,경상사고,0,0,1,0,차대차 - 추돌,안전거리미확보,건조,맑음,단일로 - 기타,승합,남,65세,상해없음,승용,여,48세,경상
2019100100100593,2019년 10월 1일 19시,화요일,경상남도 거제시 고현동,경상사고,0,0,1,0,차대차 - 측면충돌,교차로운행방법위반,건조,맑음,교차로 - 교차로안,승용,남,59세,상해없음,승용,여,40세,상해없음
2019100100100594,2019년 10월 1일 19시,화요일,경상남도 김해시 무계동,부상신고사고,0,0,0,1,차대차 - 측면충돌,안전운전불이행,건조,맑음,교차로 - 교차로안,승용,남,35세,부상신고,승용,남,55세,상해없음
2019100100100638,2019년 10월 1일 20시,화요일,경상남도 진주시 이현동,중상사고,0,1,0,0,차대사람 - 횡단중,신호위반,젖음/습기,비,교차로 - 교차로안,승용,여,28세,상해없음,보행자,남,62세,중상
2019100100100662,2019년 10월 1일 21시,화요일,경상남도 진주시 인사동,경상사고,0,0,2,0,차대사람 - 횡단중,보행자보호의무위반,젖음/습기,비,교차로 - 교차로부근,이륜,남,16세,경상,보행자,여,38세,경상
2019100100100663,2019년 10월 1일 21시,화요일,경상남도 양산시 신기동,중상사고,0,1,0,0,차대차 - 측면충돌,교차로운행방법위반,젖음/습기,비,교차로 - 교차로안,이륜,남,16세,중상,승용,남,42세,상해없음
2019100100100664,2019년 10월 1일 21시,화요일,경상남도 김해시 진영읍,경상사고,0,0,1,0,차대차 - 측면충돌,안전운전불이행,건조,맑음,단일로 - 기타,승용,남,37세,상해없음,화물,남,68세,상해없음
2019100100100694,2019년 10월 1일 22시,화요일,경상남도 김해시 외동,경상사고,0,0,1,0,차대차 - 기타,신호위반,젖음/습기,비,단일로 - 기타,이륜,여,52세,경상,승용,여,32세,상해없음
2019100200100047,2019년 10월 2일 01시,수요일,경상남도 진주시 장대동,중상사고,0,1,0,0,차량단독 - 기타,안전운전불이행,건조,맑음,교차로 - 교차로부근,승용,남,68세,상해없음,,,,
2019100200100048,2019년 10월 2일 01시,수요일,경상남도 밀양시 내이동,중상사고,0,2,0,0,차대차 - 측면충돌,안전운전불이행,건조,맑음,교차로 - 교차로안,승용,남,23세,상해없음,승용,남,50세,중상
2019100200100069,2019년 10월 2일 04시,수요일,경상남도 진주시 상대동,경상사고,0,0,2,0,차대차 - 측면충돌,신호위반,젖음/습기,비,단일로 - 기타,승용,남,27세,상해없음,승용,남,55세,경상
2019100200100095,2019년 10월 2일 06시,수요일,경상남도 통영시 항남동,경상사고,0,0,1,0,차대차 - 기타,중앙선침범,젖음/습기,비,교차로 - 교차로안,화물,남,66세,상해없음,이륜,남,60세,경상
2019100200100114,2019년 10월 2일 07시,수요일,경상남도 창원시 성산구 중앙동,경상사고,0,0,1,0,차대차 - 측면충돌,안전운전불이행,건조,맑음,단일로 - 기타,승합,남,69세,상해없음,승용,여,26세,경상
2019100200100115,2019년 10월 2일 07시,수요일,경상남도 김해시 진영읍,부상신고사고,0,0,0,1,차량단독 - 공작물충돌,안전운전불이행,젖음/습기,비,단일로 - 기타,특수,남,36세,부상신고,,,,
2019100200100157,2019년 10월 2일 08시,수요일,경상남도 창원시 진해구 경화동,경상사고,0,0,1,0,차대차 - 추돌,안전운전불이행,건조,맑음,교차로 - 교차로부근,승용,남,74세,상해없음,승용,여,24세,경상
2019100200100158,2019년 10월 2일 08시,수요일,경상남도 창녕군 부곡면,경상사고,0,0,1,0,차대차 - 추돌,안전운전불이행,젖음/습기,비,단일로 - 기타,원동기,남,67세,경상,승용,여,31세,상해없음
2019100200100159,2019년 10월 2일 08시,수요일,경상남도 거제시 상동동,경상사고,0,0,1,0,차대차 - 기타,안전운전불이행,젖음/습기,비,단일로 - 기타,승용,남,50세,상해없음,승용,남,52세,상해없음
2019100200100235,2019년 10월 2일 10시,수요일,경상남도 창원시 성산구 성주동,경상사고,0,0,1,0,차대차 - 측면충돌,안전운전불이행,젖음/습기,비,교차로 - 교차로안,승용,남,64세,상해없음,승용,여,40세,경상
2019100200100386,2019년 10월 2일 14시,수요일,경상남도 창원시 마산합포구 신포동1가,중상사고,0,1,2,0,차대차 - 측면충돌,신호위반,건조,맑음,교차로 - 교차로안,승용,여,40세,상해없음,승합,남,29세,경상
2019100200100387,2019년 10월 2일 14시,수요일,경상남도 창원시 마산회원구 회원동,중상사고,0,2,0,0,차대사람 - 보도통행중,기타,젖음/습기,비,단일로 - 기타,승용,여,34세,상해없음,보행자,여,74세,중상
2019100200100436,2019년 10월 2일 15시,수요일,경상남도 김해시 동상동,경상사고,0,0,2,0,차대차 - 기타,안전운전불이행,젖음/습기,비,단일로 - 기타,화물,남,29세,상해없음,승용,남,50세,경상
2019100200100437,2019년 10월 2일 15시,수요일,경상남도 양산시 북정동,경상사고,0,0,1,0,차대차 - 기타,안전거리미확보,젖음/습기,흐림,단일로 - 기타,승용,남,67세,기타불명,승용,여,41세,경상
2019100200100519,2019년 10월 2일 17시,수요일,경상남도 사천시 벌리동,경상사고,0,0,1,0,차대사람 - 차도통행중,중앙선침범,젖음/습기,비,교차로 - 교차로부근,승용,여,49세,상해없음,보행자,여,83세,경상
2019100200100520,2019년 10월 2일 17시,수요일,경상남도 김해시 부원동,경상사고,0,0,1,0,차대차 - 기타,안전운전불이행,젖음/습기,비,교차로 - 교차로안,화물,남,55세,상해없음,승합,남,46세,경상
2019100200100521,2019년 10월 2일 17시,수요일,경상남도 양산시 물금읍,경상사고,0,0,1,0,차대차 - 측면충돌,안전운전불이행,젖음/습기,비,단일로 - 기타,기타불명,기타불명,미분류,기타불명,승용,여,64세,경상
2019100200100603,2019년 10월 2일 18시,수요일,경상남도 김해시 구산동,중상사고,0,1,0,0,차대사람 - 횡단중,보행자보호의무위반,젖음/습기,비,교차로 - 교차로횡단보도내,승합,남,32세,상해없음,보행자,남,56세,중상
2019100200100604,2019년 10월 2일 18시,수요일,경상남도 창원시 성산구 사파동,경상사고,0,0,2,0,차대차 - 추돌,안전운전불이행,젖음/습기,비,단일로 - 기타,승용,여,30세,상해없음,승용,여,31세,경상
2019100200100605,2019년 10월 2일 18시,수요일,경상남도 창원시 성산구 남산동,중상사고,0,1,0,0,차대차 - 측면충돌,신호위반,젖음/습기,비,교차로 - 교차로안,승용,여,48세,상해없음,승용,여,32세,중상
2019100200100606,2019년 10월 2일 18시,수요일,경상남도 창원시 의창구 서상동,중상사고,0,1,0,0,차대사람 - 기타,안전운전불이행,젖음/습기,비,교차로 - 교차로횡단보도내,승용,남,34세,상해없음,보행자,여,57세,중상
2019100200100607,2019년 10월 2일 18시,수요일,경상남도 김해시 진영읍,경상사고,0,0,1,0,차대차 - 추돌,안전운전불이행,젖음/습기,비,교차로 - 교차로부근,승용,남,63세,상해없음,승용,여,40세,경상
2019100200100690,2019년 10월 2일 19시,수요일,경상남도 창원시 마산회원구 양덕동,경상사고,0,0,1,0,차대차 - 추돌,안전운전불이행,젖음/습기,비,단일로 - 기타,승용,여,53세,상해없음,승용,남,25세,경상
2019100200100771,2019년 10월 2일 20시,수요일,경상남도 창원시 진해구 용원동,경상사고,0,0,1,0,차대차 - 측면충돌,안전운전불이행,젖음/습기,비,단일로 - 기타,승용,남,46세,상해없음,원동기,남,68세,경상
2019100200100772,2019년 10월 2일 20시,수요일,경상남도 양산시 물금읍,경상사고,0,0,1,0,차대차 - 측면충돌,안전거리미확보,젖음/습기,비,단일로 - 기타,승용,여,44세,상해없음,승합,남,60세,경상
2019100200100773,2019년 10월 2일 20시,수요일,경상남도 거제시 사등면,경상사고,0,0,1,0,차대차 - 기타,안전운전불이행,젖음/습기,비,기타 - 기타,승용,여,46세,상해없음,승용,여,37세,경상
2019100200100774,2019년 10월 2일 20시,수요일,경상남도 거제시 장평동,중상사고,0,1,0,0,차대사람 - 차도통행중,신호위반,젖음/습기,비,단일로 - 기타,승용,남,49세,상해없음,보행자,남,53세,중상
2019100200100775,2019년 10월 2일 20시,수요일,경상남도 김해시 대청동,경상사고,0,0,1,0,차대차 - 측면충돌,안전거리미확보,젖음/습기,비,단일로 - 기타,승합,남,58세,상해없음,승용,남,44세,경상
2019100200100821,2019년 10월 2일 21시,수요일,경상남도 진주시 봉곡동,중상사고,0,1,0,0,차대사람 - 횡단중,보행자보호의무위반,젖음/습기,비,단일로 - 기타,승용,남,28세,상해없음,보행자,남,41세,중상
2019100200100822,2019년 10월 2일 21시,수요일,경상남도 진주시 평거동,중상사고,0,2,1,0,차대차 - 기타,신호위반,젖음/습기,비,교차로 - 교차로안,승용,여,48세,상해없음,승용,남,59세,경상
2019100200100823,2019년 10월 2일 21시,수요일,경상남도 김해시 외동,부상신고사고,0,0,0,1,차대차 - 기타,안전운전불이행,젖음/습기,비,단일로 - 기타,승용,남,65세,상해없음,승용,남,37세,부상신고
2019100200100824,2019년 10월 2일 21시,수요일,경상남도 창원시 의창구 소답동,경상사고,0,0,1,0,차대차 - 추돌,안전운전불이행,젖음/습기,비,단일로 - 기타,승용,남,60세,상해없음,승용,남,58세,경상
2019100200100877,2019년 10월 2일 22시,수요일,경상남도 창원시 성산구 가음정동,경상사고,0,0,1,0,차대차 - 측면충돌,안전운전불이행,젖음/습기,비,교차로 - 교차로부근,승용,남,42세,기타불명,이륜,남,38세,경상
2019100200100925,2019년 10월 2일 23시,수요일,경상남도 창원시 성산구 성주동,경상사고,0,0,2,0,차대차 - 측면충돌,신호위반,젖음/습기,비,교차로 - 교차로안,승용,남,62세,상해없음,승용,남,52세,경상
2019100300100050,2019년 10월 3일 00시,목요일,경상남도 양산시 북정동,경상사고,0,0,2,0,차대차 - 측면충돌,교차로운행방법위반,젖음/습기,비,교차로 - 교차로안,승용,남,34세,경상,승용,남,50세,경상
2019100300100084,2019년 10월 3일 01시,목요일,경상남도 창원시 성산구 삼정자동,경상사고,0,0,1,0,차대차 - 측면충돌,안전운전불이행,젖음/습기,비,단일로 - 기타,승용,남,26세,기타불명,화물,남,40세,경상
2019100300100116,2019년 10월 3일 02시,목요일,경상남도 거제시 고현동,경상사고,0,0,1,0,차량단독 - 기타,안전운전불이행,젖음/습기,비,단일로 - 기타,이륜,남,58세,경상,,,,
2019100300100149,2019년 10월 3일 04시,목요일,경상남도 김해시 부곡동,경상사고,0,0,1,0,차량단독 - 공작물충돌,안전운전불이행,젖음/습기,비,교차로 - 교차로부근,승용,남,36세,경상,,,,
2019100300100178,2019년 10월 3일 06시,목요일,경상남도 통영시 봉평동,경상사고,0,0,1,0,차대차 - 기타,신호위반,건조,맑음,교차로 - 교차로안,화물,남,74세,상해없음,승용,남,70세,경상
2019100300100179,2019년 10월 3일 06시,목요일,경상남도 밀양시 부북면,중상사고,0,1,0,0,차대차 - 측면충돌,교차로운행방법위반,젖음/습기,비,교차로 - 교차로안,화물,남,58세,상해없음,자전거,여,51세,중상
2019100300100189,2019년 10월 3일 07시,목요일,경상남도 창원시 진해구 안골동,중상사고,0,1,0,0,차대차 - 추돌,안전운전불이행,건조,맑음,단일로 - 교량,특수,남,38세,상해없음,승용,남,46세,중상
2019100300100206,2019년 10월 3일 08시,목요일,경상남도 창원시 진해구 석동,경상사고,0,0,1,0,차대차 - 추돌,안전거리미확보,건조,맑음,교차로 - 교차로부근,화물,남,49세,상해없음,승용,남,68세,경상
2019100300100207,2019년 10월 3일 08시,목요일,경상남도 양산시 동면,경상사고,0,0,1,0,차대차 - 측면충돌,안전운전불이행,젖음/습기,비,단일로 - 기타,승용,남,47세,상해없음,승합,남,72세,경상
2019100300100229,2019년 10월 3일 09시,목요일,경상남도 거제시 거제면,경상사고,0,0,1,0,차대차 - 측면충돌,교차로운행방법위반,건조,맑음,교차로 - 교차로안,이륜,남,62세,상해없음,승용,여,47세,경상
2019100300100291,2019년 10월 3일 12시,목요일,경상남도 진주시 충무공동,경상사고,0,0,1,0,차대차 - 측면충돌,안전운전불이행,건조,맑음,교차로 - 교차로횡단보도내,승용,남,55세,상해없음,자전거,남,8세,경상
2019100300100292,2019년 10월 3일 12시,목요일,경상남도 통영시 북신동,중상사고,0,1,0,0,차대사람 - 횡단중,신호위반,건조,맑음,교차로 - 교차로횡단보도내,승용,남,55세,상해없음,보행자,여,86세,중상
2019100300100315,2019년 10월 3일 13시,목요일,경상남도 통영시 용남면,경상사고,0,0,4,0,차대차 - 추돌,교차로운행방법위반,건조,맑음,교차로 - 교차로안,승용,여,58세,상해없음,승용,여,39세,경상
2019100300100316,2019년 10월 3일 13시,목요일,경상남도 사천시 선구동,중상사고,0,1,1,0,차대사람 - 보도통행중,기타,건조,맑음,단일로 - 기타,이륜,남,74세,경상,보행자,여,81세,중상
2019100300100317,2019년 10월 3일 13시,목요일,경상남도 거제시 장평동,경상사고,0,0,1,0,차대차 - 측면충돌,안전거리미확보,건조,맑음,단일로 - 기타,승용,남,67세,상해없음,화물,남,34세,경상
2019100300100318,2019년 10월 3일 13시,목요일,경상남도 거제시 고현동,경상사고,0,0,1,0,차대차 - 측면충돌,안전거리미확보,건조,맑음,기타 - 기타,승용,여,57세,상해없음,승용,남,69세,경상
2019100300100351,2019년 10월 3일 14시,목요일,경상남도 창원시 진해구 장천동,경상사고,0,0,1,0,차대차 - 기타,안전운전불이행,건조,맑음,단일로 - 기타,승용,여,47세,상해없음,승용,남,61세,경상
2019100300100352,2019년 10월 3일 14시,목요일,경상남도 통영시 북신동,중상사고,0,1,1,0,차대차 - 측면충돌,차로위반,건조,맑음,단일로 - 기타,승용,남,67세,상해없음,승용,여,36세,상해없음
2019100300100353,2019년 10월 3일 14시,목요일,경상남도 거제시 동부면,경상사고,0,0,3,0,차대차 - 기타,기타,건조,맑음,단일로 - 기타,화물,남,60세,상해없음,승용,여,36세,경상