사고번호,사고일시,요일,시군구,사고내용,사망자수,중상자수,경상자수,부상신고자수,사고유형,법규위반,노면상태,기상상태,도로형태,가해운전자 차종,가해운전자 성별,가해운전자 연령,가해운전자 상해정도,피해운전자 차종,피해운전자 성별,피해운전자 연령,피해운전자 상해정도
2019100300100393,2019년 10월 3일 15시,목요일,경상남도 김해시 내동,사망사고,1,0,0,0,차대차 - 측면충돌,신호위반,건조,맑음,교차로 - 교차로안,승용,남,48세,상해없음,이륜,남,55세,사망
2019100300100394,2019년 10월 3일 15시,목요일,경상남도 김해시 무계동,중상사고,0,1,0,0,차대차 - 기타,안전운전불이행,건조,맑음,단일로 - 기타,이륜,남,21세,중상,화물,남,44세,기타불명
2019100300100426,2019년 10월 3일 16시,목요일,경상남도 함안군 칠서면,중상사고,0,1,0,0,차량단독 - 공작물충돌,안전운전불이행,건조,맑음,단일로 - 기타,승용,여,33세,중상,,,,
2019100300100427,2019년 10월 3일 16시,목요일,경상남도 의령군 화정면,사망사고,1,0,0,0,차량단독 - 공작물충돌,안전운전불이행,건조,맑음,단일로 - 기타,화물,남,56세,사망,,,,
2019100300100459,2019년 10월 3일 17시,목요일,경상남도 사천시 사천읍,중상사고,0,1,0,0,차대차 - 측면충돌,안전운전불이행,건조,맑음,교차로 - 교차로안,승용,남,27세,상해없음,자전거,남,65세,중상
2019100300100460,2019년 10월 3일 17시,목요일,경상남도 창원시 의창구 대산면,중상사고,0,1,0,0,차대차 - 정면충돌,중앙선침범,건조,맑음,교차로 - 교차로부근,승용,남,28세,상해없음,승용,남,48세,중상
2019100300100488,2019년 10월 3일 18시,목요일,경상남도 거창군 거창읍,중상사고,0,1,0,0,차대사람 - 횡단중,신호위반,건조,맑음,교차로 - 교차로안,이륜,남,25세,상해없음,보행자,여,86세,중상
2019100300100489,2019년 10월 3일 18시,목요일,경상남도 고성군 거류면,중상사고,0,1,0,0,차대차 - 측면충돌,안전운전불이행,건조,맑음,단일로 - 기타,화물,남,49세,상해없음,자전거,남,55세,중상
2019100300100568,2019년 10월 3일 21시,목요일,경상남도 진주시 칠암동,경상사고,0,0,1,0,차대사람 - 차도통행중,안전운전불이행,건조,맑음,단일로 - 기타,자전거,남,64세,경상,보행자,여,59세,상해없음
2019100300100589,2019년 10월 3일 22시,목요일,경상남도 창원시 의창구 도계동,경상사고,0,0,1,0,차량단독 - 기타,안전운전불이행,건조,맑음,단일로 - 기타,승합,남,43세,상해없음,,,,
2019100400100046,2019년 10월 4일 02시,금요일,경상남도 김해시 흥동,경상사고,0,0,1,0,차대차 - 측면충돌,직진우회전진행방해,건조,맑음,교차로 - 교차로안,승용,남,32세,상해없음,승용,남,24세,경상
2019100400100060,2019년 10월 4일 04시,금요일,경상남도 거창군 거창읍,경상사고,0,0,1,1,차대차 - 측면충돌,신호위반,건조,맑음,교차로 - 교차로안,승용,여,49세,부상신고,화물,남,66세,경상
2019100400100070,2019년 10월 4일 05시,금요일,경상남도 진주시 강남동,중상사고,0,4,0,0,차대차 - 추돌,안전운전불이행,건조,맑음,교차로 - 교차로안,승용,남,21세,상해없음,승용,남,45세,중상
2019100400100088,2019년 10월 4일 06시,금요일,경상남도 창원시 성산구 성산동,중상사고,0,1,1,0,차대차 - 측면충돌,안전운전불이행,건조,맑음,교차로 - 교차로안,승용,남,54세,상해없음,이륜,남,38세,중상
2019100400100089,2019년 10월 4일 06시,금요일,경상남도 창원시 성산구 성주동,경상사고,0,0,1,0,차대차 - 기타,안전운전불이행,건조,맑음,단일로 - 기타,승용,남,58세,상해없음,승용,남,65세,경상
2019100400100110,2019년 10월 4일 07시,금요일,경상남도 창원시 마산합포구 현동,경상사고,0,0,1,0,차대차 - 후진중충돌,안전운전불이행,건조,맑음,단일로 - 기타,건설기계,남,53세,상해없음,승용,남,37세,경상
2019100400100111,2019년 10월 4일 07시,금요일,경상남도 창원시 마산합포구 진동면,중상사고,0,2,1,0,차대차 - 추돌,안전거리미확보,건조,맑음,단일로 - 기타,승용,남,27세,상해없음,승용,남,84세,경상
2019100400100112,2019년 10월 4일 07시,금요일,경상남도 통영시 도천동,경상사고,0,0,1,0,차대차 - 측면충돌,중앙선침범,건조,맑음,단일로 - 기타,화물,남,46세,상해없음,승용,남,40세,경상
2019100400100113,2019년 10월 4일 07시,금요일,경상남도 김해시 부곡동,경상사고,0,0,1,0,차대차 - 측면충돌,안전운전불이행,건조,맑음,교차로 - 교차로안,자전거,여,41세,경상,승용,남,48세,상해없음
2019100400100156,2019년 10월 4일 08시,금요일,경상남도 김해시 부원동,경상사고,0,0,2,0,차대차 - 측면충돌,안전운전불이행,건조,맑음,단일로 - 기타,승용,남,71세,경상,승용,여,48세,경상
2019100400100157,2019년 10월 4일 08시,금요일,경상남도 김해시 부원동,중상사고,0,1,0,0,차대사람 - 횡단중,안전운전불이행,건조,맑음,교차로 - 교차로부근,승용,남,48세,상해없음,보행자,여,72세,중상
2019100400100158,2019년 10월 4일 08시,금요일,경상남도 양산시 상북면,경상사고,0,0,1,0,차대차 - 측면충돌,안전운전불이행,건조,맑음,교차로 - 교차로안,화물,남,75세,상해없음,승용,남,73세,경상
2019100400100159,2019년 10월 4일 08시,금요일,경상남도 의령군 부림면,중상사고,0,1,1,0,차대차 - 측면충돌,중앙선침범,젖음/습기,안개,단일로 - 기타,화물,남,66세,경상,승용,남,49세,중상
2019100400100190,2019년 10월 4일 09시,금요일,경상남도 김해시 생림면,중상사고,0,1,0,0,차대차 - 측면충돌,안전운전불이행,건조,맑음,교차로 - 교차로안,승용,여,58세,상해없음,이륜,남,84세,중상
2019100400100191,2019년 10월 4일 09시,금요일,경상남도 양산시 중부동,경상사고,0,0,1,0,차량단독 - 기타,안전운전불이행,건조,맑음,단일로 - 기타,승합,남,48세,상해없음,,,,
2019100400100255,2019년 10월 4일 11시,금요일,경상남도 창원시 진해구 용원동,중상사고,0,1,0,0,차대사람 - 기타,안전운전불이행,건조,맑음,교차로 - 교차로안,승용,여,49세,상해없음,보행자,남,58세,중상
2019100400100256,2019년 10월 4일 11시,금요일,경상남도 양산시 북정동,경상사고,0,0,1,0,차대사람 - 기타,안전운전불이행,건조,맑음,교차로 - 교차로부근,화물,남,51세,상해없음,보행자,남,42세,경상
2019100400100257,2019년 10월 4일 11시,금요일,경상남도 거제시 하청면,경상사고,0,0,1,0,차대차 - 측면충돌,안전운전불이행,건조,맑음,교차로 - 교차로안,승용,남,37세,상해없음,자전거,남,41세,경상
2019100400100258,2019년 10월 4일 11시,금요일,경상남도 남해군 남해읍,중상사고,0,1,0,0,차대사람 - 횡단중,안전운전불이행,건조,맑음,교차로 - 교차로부근,승용,여,50세,상해없음,보행자,여,77세,중상
2019100400100303,2019년 10월 4일 12시,금요일,경상남도 통영시 도산면,중상사고,0,1,1,0,차대차 - 추돌,안전운전불이행,건조,맑음,교차로 - 교차로부근,화물,남,48세,상해없음,승용,남,26세,경상
2019100400100304,2019년 10월 4일 12시,금요일,경상남도 통영시 무전동,중상사고,0,1,0,0,차대차 - 기타,안전거리미확보,건조,맑음,단일로 - 기타,승용,여,50세,상해없음,이륜,남,87세,중상
2019100400100305,2019년 10월 4일 12시,금요일,경상남도 통영시 무전동,경상사고,0,0,1,0,차대차 - 측면충돌,안전운전불이행,건조,맑음,교차로 - 교차로안,승용,여,35세,상해없음,승용,여,26세,경상
2019100400100306,2019년 10월 4일 12시,금요일,경상남도 밀양시 삼문동,경상사고,0,0,1,0,차대사람 - 횡단중,보행자보호의무위반,건조,맑음,단일로 - 기타,화물,남,66세,상해없음,보행자,남,58세,경상
2019100400100307,2019년 10월 4일 12시,금요일,경상남도 거창군 북상면,사망사고,1,1,0,0,차대차 - 정면충돌,안전운전불이행,건조,맑음,단일로 - 기타,화물,남,69세,상해없음,이륜,남,78세,사망
2019100400100308,2019년 10월 4일 12시,금요일,경상남도 창녕군 대합면,중상사고,0,3,1,0,차대차 - 측면충돌,신호위반,건조,맑음,교차로 - 교차로안,승용,남,40세,중상,승용,여,40세,중상
2019100400100309,2019년 10월 4일 12시,금요일,경상남도 거제시 사등면,경상사고,0,0,1,0,차대차 - 추돌,안전운전불이행,건조,맑음,단일로 - 기타,승용,남,58세,상해없음,승용,여,30세,경상
2019100400100354,2019년 10월 4일 13시,금요일,경상남도 양산시 물금읍,경상사고,0,0,1,0,차대차 - 측면충돌,교차로운행방법위반,건조,맑음,교차로 - 교차로부근,승용,여,38세,상해없음,승용,여,33세,경상
2019100400100355,2019년 10월 4일 13시,금요일,경상남도 거제시 고현동,경상사고,0,0,1,0,차대차 - 측면충돌,중앙선침범,건조,맑음,단일로 - 기타,승용,여,46세,상해없음,이륜,남,22세,경상
2019100400100404,2019년 10월 4일 14시,금요일,경상남도 창원시 마산합포구 구산면,중상사고,0,1,2,0,차대차 - 측면충돌,안전운전불이행,건조,맑음,교차로 - 교차로안,승용,남,54세,경상,승용,여,57세,경상
2019100400100405,2019년 10월 4일 14시,금요일,경상남도 진주시 강남동,중상사고,0,1,0,0,차대사람 - 기타,안전운전불이행,건조,맑음,단일로 - 기타,승용,남,70세,기타불명,보행자,여,77세,중상
2019100400100406,2019년 10월 4일 14시,금요일,경상남도 김해시 외동,중상사고,0,1,0,0,차대차 - 측면충돌,신호위반,건조,맑음,단일로 - 기타,승용,여,37세,상해없음,이륜,남,44세,중상
2019100400100407,2019년 10월 4일 14시,금요일,경상남도 김해시 진례면,중상사고,0,1,1,0,차대차 - 측면충돌,안전운전불이행,건조,맑음,교차로 - 교차로부근,승용,남,71세,상해없음,화물,여,58세,중상
2019100400100446,2019년 10월 4일 15시,금요일,경상남도 통영시 도산면,경상사고,0,0,1,0,차대차 - 측면충돌,신호위반,건조,맑음,교차로 - 교차로안,이륜,남,61세,상해없음,승용,여,58세,경상
2019100400100447,2019년 10월 4일 15시,금요일,경상남도 통영시 광도면,중상사고,0,1,0,0,차대사람 - 횡단중,안전운전불이행,건조,맑음,교차로 - 교차로부근,승용,남,62세,상해없음,보행자,남,89세,중상
2019100400100448,2019년 10월 4일 15시,금요일,경상남도 양산시 상북면,경상사고,0,0,4,0,차대차 - 추돌,안전거리미확보,건조,맑음,단일로 - 터널,화물,남,31세,상해없음,승용,여,61세,경상
2019100400100488,2019년 10월 4일 16시,금요일,경상남도 창녕군 고암면,중상사고,0,1,0,0,차대차 - 추돌,안전운전불이행,건조,맑음,교차로 - 교차로안,승용,남,70세,상해없음,승용,남,57세,중상
2019100400100489,2019년 10월 4일 16시,금요일,경상남도 김해시 대청동,중상사고,0,1,1,0,차대차 - 측면충돌,안전운전불이행,건조,맑음,교차로 - 교차로안,승용,여,47세,상해없음,이륜,남,51세,중상
2019100400100523,2019년 10월 4일 17시,금요일,경상남도 창원시 진해구 자은동,경상사고,0,0,1,0,차대사람 - 차도통행중,안전운전불이행,건조,맑음,단일로 - 기타,승용,남,45세,상해없음,보행자,남,23세,경상
2019100400100524,2019년 10월 4일 17시,금요일,경상남도 창원시 진해구 제황산동,경상사고,0,0,2,0,차대차 - 측면충돌,직진우회전진행방해,건조,맑음,교차로 - 교차로안,승용,여,58세,상해없음,승용,남,33세,경상
2019100400100525,2019년 10월 4일 17시,금요일,경상남도 양산시 물금읍,경상사고,0,0,1,1,차대차 - 측면충돌,신호위반,건조,맑음,교차로 - 교차로안,승용,여,62세,상해없음,승용,남,25세,경상
2019100400100526,2019년 10월 4일 17시,금요일,경상남도 거제시 연초면,경상사고,0,0,2,0,차대차 - 추돌,안전운전불이행,건조,맑음,단일로 - 기타,화물,남,25세,상해없음,승용,여,48세,경상
2019100400100527,2019년 10월 4일 17시,금요일,경상남도 거제시 연초면,경상사고,0,0,2,0,차대차 - 추돌,안전운전불이행,건조,맑음,단일로 - 기타,화물,남,61세,상해없음,승용,남,73세,경상
2019100400100528,2019년 10월 4일 17시,금요일,경상남도 김해시 진영읍,경상사고,0,0,1,0,차대차 - 측면충돌,안전운전불이행,건조,맑음,단일로 - 기타,승용,여,62세,경상,승용,여,58세,상해없음
2019100400100581,2019년 10월 4일 18시,금요일,경상남도 창원시 진해구 충무동,경상사고,0,0,1,0,차대차 - 추돌,안전운전불이행,건조,맑음,단일로 - 기타,이륜,남,17세,상해없음,승용,남,40세,상해없음
2019100400100582,2019년 10월 4일 18시,금요일,경상남도 창원시 진해구 자은동,중상사고,0,1,1,0,차대차 - 측면충돌,안전거리미확보,건조,맑음,단일로 - 기타,승용,남,49세,상해없음,이륜,남,20세,중상
2019100400100583,2019년 10월 4일 18시,금요일,경상남도 김해시 불암동,사망사고,1,0,0,0,차대사람 - 기타,안전운전불이행,건조,맑음,단일로 - 기타,승용,남,51세,상해없음,보행자,여,35세,사망
2019100400100584,2019년 10월 4일 18시,금요일,경상남도 양산시 주진동,경상사고,0,0,1,0,차대차 - 측면충돌,신호위반,건조,맑음,교차로 - 교차로부근,승용,여,23세,상해없음,승용,여,43세,경상
2019100400100647,2019년 10월 4일 19시,금요일,경상남도 의령군 화정면,중상사고,0,1,0,0,차대사람 - 횡단중,안전운전불이행,건조,맑음,단일로 - 기타,승용,여,58세,상해없음,보행자,여,78세,중상
2019100400100648,2019년 10월 4일 19시,금요일,경상남도 창원시 의창구 북면,경상사고,0,0,1,0,차대차 - 추돌,안전운전불이행,건조,맑음,기타 - 기타,승용,여,33세,상해없음,승용,여,59세,경상
2019100400100649,2019년 10월 4일 19시,금요일,경상남도 김해시 무계동,경상사고,0,0,2,0,차대차 - 측면충돌,안전운전불이행,건조,기타,교차로 - 교차로안,승용,여,46세,상해없음,승용,남,64세,경상
2019100400100688,2019년 10월 4일 20시,금요일,경상남도 합천군 쌍백면,경상사고,0,0,1,0,차대차 - 후진중충돌,안전운전불이행,건조,맑음,단일로 - 기타,화물,남,58세,상해없음,승용,여,48세,경상
2019100400100689,2019년 10월 4일 20시,금요일,경상남도 함안군 가야읍,중상사고,0,1,0,0,차대차 - 추돌,안전운전불이행,건조,맑음,교차로 - 교차로안,승용,남,27세,상해없음,이륜,여,67세,중상
2019100400100690,2019년 10월 4일 20시,금요일,경상남도 창원시 마산회원구 석전동,경상사고,0,0,1,0,차대사람 - 차도통행중,안전운전불이행,건조,맑음,교차로 - 교차로부근,이륜,남,26세,상해없음,보행자,여,8세,경상
2019100400100762,2019년 10월 4일 23시,금요일,경상남도 통영시 무전동,경상사고,0,0,1,0,차대사람 - 길가장자리구역통행중,안전운전불이행,건조,맑음,단일로 - 기타,승용,남,33세,상해없음,보행자,남,45세,경상
2019100400100763,2019년 10월 4일 23시,금요일,경상남도 김해시 어방동,경상사고,0,0,1,0,차대사람 - 길가장자리구역통행중,안전운전불이행,건조,맑음,단일로 - 기타,승용,남,55세,기타불명,보행자,남,39세,경상
2019100500100077,2019년 10월 5일 05시,토요일,경상남도 양산시 동면,중상사고,0,1,0,0,차대차 - 기타,안전운전불이행,건조,맑음,단일로 - 기타,승용,남,79세,상해없음,자전거,남,61세,중상
2019100500100100,2019년 10월 5일 07시,토요일,경상남도 진주시 상평동,중상사고,0,1,0,0,차대사람 - 기타,안전운전불이행,건조,맑음,교차로 - 교차로안,승용,남,22세,상해없음,보행자,남,72세,중상
2019100500100101,2019년 10월 5일 07시,토요일,경상남도 김해시 어방동,경상사고,0,0,1,0,차대차 - 측면충돌,안전운전불이행,건조,맑음,단일로 - 기타,승용,남,27세,상해없음,승용,남,39세,경상
2019100500100102,2019년 10월 5일 07시,토요일,경상남도 합천군 가야면,중상사고,0,1,0,0,차대차 - 측면충돌,교차로운행방법위반,건조,맑음,교차로 - 교차로안,승용,남,25세,상해없음,승용,여,57세,중상
2019100500100103,2019년 10월 5일 07시,토요일,경상남도 거제시 고현동,경상사고,0,0,2,0,차대차 - 측면충돌,신호위반,건조,맑음,교차로 - 교차로안,승용,남,64세,경상,화물,남,33세,경상
2019100500100121,2019년 10월 5일 08시,토요일,경상남도 진주시 상봉동,중상사고,0,1,0,0,차대사람 - 기타,안전운전불이행,건조,맑음,단일로 - 기타,승합,남,57세,상해없음,보행자,여,75세,중상
2019100500100122,2019년 10월 5일 08시,토요일,경상남도 사천시 사천읍,중상사고,0,1,0,0,차대차 - 측면충돌,직진우회전진행방해,건조,맑음,교차로 - 교차로안,승용,남,45세,상해없음,승용,여,53세,중상
2019100500100159,2019년 10월 5일 09시,토요일,경상남도 김해시 대청동,중상사고,0,1,0,0,차대사람 - 횡단중,안전운전불이행,건조,맑음,기타 - 기타,승용,여,26세,상해없음,보행자,여,37세,중상
2019100500100186,2019년 10월 5일 10시,토요일,경상남도 거창군 위천면,사망사고,1,0,0,0,차량단독 - 도로외이탈 - 추락,안전운전불이행,건조,맑음,기타 - 기타,이륜,남,56세,사망,,,,
2019100500100247,2019년 10월 5일 12시,토요일,경상남도 김해시 대성동,경상사고,0,0,1,0,차대차 - 측면충돌,안전운전불이행,건조,맑음,교차로 - 교차로안,이륜,남,29세,경상,승용,남,48세,상해없음
2019100500100248,2019년 10월 5일 12시,토요일,경상남도 창원시 의창구 신월동,경상사고,0,0,3,0,차대차 - 추돌,안전운전불이행,건조,맑음,교차로 - 교차로부근,승용,남,29세,상해없음,승용,남,24세,경상
2019100500100292,2019년 10월 5일 13시,토요일,경상남도 고성군 고성읍,경상사고,0,0,1,0,차대사람 - 차도통행중,안전운전불이행,건조,맑음,단일로 - 기타,승용,여,43세,상해없음,보행자,여,48세,경상
2019100500100331,2019년 10월 5일 14시,토요일,경상남도 사천시 사천읍,중상사고,0,1,1,3,차대차 - 측면충돌,안전운전불이행,건조,맑음,단일로 - 기타,화물,남,73세,경상,승용,여,29세,부상신고
2019100500100332,2019년 10월 5일 14시,토요일,경상남도 창원시 의창구 명서동,중상사고,0,1,0,0,차대차 - 측면충돌,교차로운행방법위반,건조,맑음,교차로 - 교차로안,승용,남,37세,상해없음,자전거,남,74세,중상
2019100500100358,2019년 10월 5일 15시,토요일,경상남도 하동군 금남면,경상사고,0,0,7,0,차대차 - 추돌,안전거리미확보,건조,맑음,단일로 - 기타,승용,남,30세,경상,화물,남,55세,경상
2019100500100391,2019년 10월 5일 16시,토요일,경상남도 거창군 거창읍,경상사고,0,0,1,0,차대차 - 정면충돌,안전운전불이행,건조,맑음,기타 - 기타,자전거,남,20세,경상,승용,남,28세,상해없음
2019100500100392,2019년 10월 5일 16시,토요일,경상남도 창원시 의창구 도계동,중상사고,0,1,1,0,차대차 - 측면충돌,신호위반,건조,맑음,교차로 - 교차로안,이륜,남,25세,중상,승용,남,73세,경상
2019100500100421,2019년 10월 5일 17시,토요일,경상남도 거제시 고현동,부상신고사고,0,0,0,1,차대차 - 기타,중앙선침범,건조,맑음,교차로 - 교차로안,자전거,남,29세,부상신고,승용,남,31세,상해없음
2019100500100422,2019년 10월 5일 17시,토요일,경상남도 김해시 진영읍,경상사고,0,0,1,0,차대차 - 측면충돌,안전운전불이행,건조,맑음,교차로 - 교차로안,승용,남,19세,상해없음,승용,남,35세,경상
2019100500100453,2019년 10월 5일 18시,토요일,경상남도 창녕군 창녕읍,중상사고,0,1,0,0,차대사람 - 기타,안전운전불이행,건조,맑음,단일로 - 기타,승용,남,57세,상해없음,보행자,여,77세,중상
2019100500100454,2019년 10월 5일 18시,토요일,경상남도 양산시 중부동,경상사고,0,0,6,0,차대차 - 추돌,안전거리미확보,젖음/습기,비,단일로 - 교량,승용,남,35세,상해없음,승용,여,34세,경상
2019100500100455,2019년 10월 5일 18시,토요일,경상남도 창원시 의창구 북면,경상사고,0,0,1,0,차대차 - 측면충돌,신호위반,건조,맑음,교차로 - 교차로안,화물,남,48세,상해없음,이륜,남,45세,경상
2019100500100502,2019년 10월 5일 19시,토요일,경상남도 창원시 의창구 팔용동,중상사고,0,1,0,0,차대사람 - 보도통행중,보행자보호의무위반,건조,맑음,단일로 - 기타,승용,여,62세,상해없음,보행자,남,62세,중상
2019100500100558,2019년 10월 5일 21시,토요일,경상남도 거창군 거창읍,중상사고,0,1,0,0,차대사람 - 횡단중,보행자보호의무위반,건조,맑음,교차로 - 교차로횡단보도내,승합,남,57세,기타불명,보행자,남,37세,중상
2019100600100031,2019년 10월 6일 00시,일요일,경상남도 양산시 물금읍,중상사고,0,1,0,0,차대차 - 기타,안전운전불이행,건조,맑음,교차로 - 교차로안,승용,남,25세,상해없음,승용,여,48세,중상
2019100600100041,2019년 10월 6일 01시,일요일,경상남도 사천시 용현면,경상사고,0,0,2,0,차대차 - 추돌,안전운전불이행,건조,맑음,교차로 - 교차로부근,승용,남,31세,상해없음,화물,남,47세,경상
2019100600100042,2019년 10월 6일 01시,일요일,경상남도 거제시 상동동,경상사고,0,0,1,0,차대차 - 기타,안전운전불이행,건조,맑음,교차로 - 교차로부근,승용,남,46세,상해없음,승용,남,62세,상해없음
2019100600100043,2019년 10월 6일 01시,일요일,경상남도 창원시 의창구 북면,경상사고,0,0,3,0,차대차 - 추돌,안전거리미확보,건조,맑음,교차로 - 교차로부근,승용,남,34세,상해없음,승용,남,40세,경상
2019100600100054,2019년 10월 6일 02시,일요일,경상남도 양산시 물금읍,사망사고,1,0,0,0,차대사람 - 기타,안전운전불이행,건조,맑음,교차로 - 교차로횡단보도내,승용,남,63세,상해없음,보행자,남,53세,사망
2019100600100075,2019년 10월 6일 04시,일요일,경상남도 김해시 어방동,경상사고,0,0,1,0,차대사람 - 차도통행중,안전운전불이행,건조,맑음,단일로 - 기타,승용,남,61세,상해없음,보행자,남,24세,경상
2019100600100089,2019년 10월 6일 05시,일요일,경상남도 김해시 외동,중상사고,0,1,0,0,차대사람 - 횡단중,안전운전불이행,건조,맑음,단일로 - 기타,승용,남,62세,상해없음,보행자,여,79세,중상
2019100600100090,2019년 10월 6일 05시,일요일,경상남도 산청군 생비량면,중상사고,0,2,0,0,차대차 - 기타,안전운전불이행,건조,맑음,단일로 - 기타,화물,남,27세,중상,승용,남,41세,상해없음
2019100600100105,2019년 10월 6일 06시,일요일,경상남도 산청군 생비량면,경상사고,0,0,1,0,차대사람 - 기타,안전운전불이행,건조,맑음,단일로 - 기타,승합,남,70세,상해없음,보행자,남,44세,경상
2019100600100112,2019년 10월 6일 07시,일요일,경상남도 양산시 북부동,중상사고,0,1,0,0,차대사람 - 횡단중,보행자보호의무위반,건조,맑음,교차로 - 교차로부근,이륜,남,19세,상해없음,보행자,남,78세,중상
2019100600100113,2019년 10월 6일 07시,일요일,경상남도 양산시 물금읍,중상사고,0,1,0,0,차대차 - 추돌,안전운전불이행,건조,맑음,단일로 - 기타,화물,남,68세,상해없음,이륜,남,59세,중상
2019100600100125,2019년 10월 6일 08시,일요일,경상남도 통영시 용남면,경상사고,0,0,2,0,차량단독 - 공작물충돌,안전운전불이행,건조,맑음,단일로 - 기타,승용,여,39세,경상,,,,
2019100600100126,2019년 10월 6일 08시,일요일,경상남도 김해시 삼정동,경상사고,0,0,2,0,차대차 - 측면충돌,신호위반,건조,맑음,교차로 - 교차로안,화물,남,56세,경상,화물,남,54세,경상
2019100600100127,2019년 10월 6일 08시,일요일,경상남도 함안군 칠서면,중상사고,0,2,0,0,차대차 - 추돌,안전운전불이행,건조,맑음,단일로 - 기타,승합,남,59세,상해없음,화물,남,60세,중상
2019100600100167,2019년 10월 6일 10시,일요일,경상남도 거제시 거제면,경상사고,0,0,1,0,차대차 - 후진중충돌,안전운전불이행,건조,맑음,단일로 - 기타,화물,남,67세,상해없음,승용,여,61세,경상
2019100600100184,2019년 10월 6일 11시,일요일,경상남도 통영시 무전동,중상사고,0,1,0,0,차대차 - 측면충돌,기타,건조,맑음,교차로 - 교차로안,승용,남,42세,상해없음,이륜,남,53세,중상
2019100600100185,2019년 10월 6일 11시,일요일,경상남도 고성군 고성읍,중상사고,0,1,0,0,차대차 - 측면충돌,교차로운행방법위반,건조,맑음,교차로 - 교차로안,화물,남,62세,상해없음,이륜,여,72세,중상
2019100600100246,2019년 10월 6일 13시,일요일,경상남도 밀양시 무안면,부상신고사고,0,0,0,1,차대차 - 측면충돌,안전운전불이행,건조,맑음,단일로 - 기타,원동기,남,80세,부상신고,승용,남,46세,상해없음
2019100600100247,2019년 10월 6일 13시,일요일,경상남도 창녕군 영산면,경상사고,0,0,1,0,차대차 - 측면충돌,신호위반,건조,맑음,교차로 - 교차로안,승용,남,33세,상해없음,화물,남,26세,경상
2019100600100248,2019년 10월 6일 13시,일요일,경상남도 양산시 원동면,중상사고,0,1,0,0,차대차 - 측면충돌,직진우회전진행방해,건조,맑음,교차로 - 교차로안,승용,여,46세,상해없음,자전거,남,21세,중상
2019100600100310,2019년 10월 6일 15시,일요일,경상남도 진주시 장대동,경상사고,0,0,1,1,차대차 - 기타,신호위반,건조,맑음,교차로 - 교차로안,승용,여,66세,상해없음,승용,남,28세,경상
2019100600100311,2019년 10월 6일 15시,일요일,경상남도 창녕군 창녕읍,중상사고,0,1,0,0,차대차 - 기타,안전운전불이행,건조,맑음,기타 - 기타,승용,남,82세,상해없음,승용,여,58세,상해없음
2019100600100345,2019년 10월 6일 16시,일요일,경상남도 밀양시 삼문동,중상사고,0,1,0,0,차대차 - 측면충돌,신호위반,건조,맑음,교차로 - 교차로안,승용,여,28세,상해없음,승용,남,65세,중상
2019100600100346,2019년 10월 6일 16시,일요일,경상남도 양산시 물금읍,중상사고,0,2,0,0,차대사람 - 횡단중,신호위반,건조,맑음,단일로 - 기타,원동기,남,30세,중상,보행자,여,62세,중상
2019100600100412,2019년 10월 6일 18시,일요일,경상남도 창원시 마산합포구 남성동,경상사고,0,0,2,0,차대사람 - 기타,안전운전불이행,건조,맑음,단일로 - 기타,승용,남,70세,상해없음,보행자,여,66세,경상
2019100600100413,2019년 10월 6일 18시,일요일,경상남도 김해시 삼정동,경상사고,0,0,1,0,차량단독 - 전도전복 - 전도,안전운전불이행,건조,맑음,단일로 - 기타,자전거,남,10세,경상,,,,
2019100600100414,2019년 10월 6일 18시,일요일,경상남도 산청군 금서면,경상사고,0,0,1,1,차대차 - 추돌,안전운전불이행,건조,맑음,단일로 - 기타,화물,여,41세,상해없음,승용,여,32세,부상신고
2019100600100444,2019년 10월 6일 19시,일요일,경상남도 김해시 대청동,중상사고,0,1,0,0,차대차 - 측면충돌,안전운전불이행,건조,맑음,교차로 - 교차로안,승용,남,43세,상해없음,이륜,남,48세,중상
2019100600100518,2019년 10월 6일 22시,일요일,경상남도 거창군 거창읍,중상사고,0,1,0,0,차량단독 - 공작물충돌,안전운전불이행,건조,맑음,단일로 - 기타,이륜,남,47세,중상,,,,
2019100600100519,2019년 10월 6일 22시,일요일,경상남도 창원시 마산회원구 합성동,경상사고,0,0,1,0,차대사람 - 길가장자리구역통행중,안전운전불이행,건조,맑음,단일로 - 기타,승용,여,33세,상해없음,보행자,남,33세,경상
2019100700100095,2019년 10월 7일 06시,월요일,경상남도 창원시 성산구 가음정동,중상사고,0,1,0,0,차대차 - 측면충돌,안전운전불이행,건조,맑음,단일로 - 기타,승용,남,57세,상해없음,이륜,남,39세,중상
2019100700100122,2019년 10월 7일 07시,월요일,경상남도 거제시 고현동,중상사고,0,1,0,0,차대차 - 기타,직진우회전진행방해,건조,맑음,교차로 - 교차로안,이륜,남,26세,중상,승용,남,58세,상해없음
2019100700100123,2019년 10월 7일 07시,월요일,경상남도 창원시 마산회원구 구암동,경상사고,0,0,1,0,차대차 - 측면충돌,신호위반,건조,맑음,교차로 - 교차로안,승용,여,40세,상해없음,승용,남,39세,경상
2019100700100177,2019년 10월 7일 08시,월요일,경상남도 김해시 대동면,경상사고,0,0,1,0,차대차 - 측면충돌,안전운전불이행,건조,맑음,단일로 - 기타,승용,여,40세,상해없음,이륜,남,67세,경상