사고번호,사고일시,요일,시군구,사고내용,사망자수,중상자수,경상자수,부상신고자수,사고유형,법규위반,노면상태,기상상태,도로형태,가해운전자 차종,가해운전자 성별,가해운전자 연령,가해운전자 상해정도,피해운전자 차종,피해운전자 성별,피해운전자 연령,피해운전자 상해정도
2019101000100371,2019년 10월 10일 14시,목요일,경상남도 함양군 함양읍,경상사고,0,0,1,0,차대차 - 후진중충돌,안전운전불이행,건조,맑음,교차로 - 교차로부근,화물,남,49세,상해없음,승용,여,49세,경상
2019101000100372,2019년 10월 10일 14시,목요일,경상남도 거제시 장평동,중상사고,0,1,0,0,차대차 - 기타,신호위반,건조,맑음,교차로 - 교차로안,승용,남,68세,상해없음,승용,여,55세,중상
2019101000100373,2019년 10월 10일 14시,목요일,경상남도 거제시 고현동,경상사고,0,0,1,0,차대차 - 측면충돌,직진우회전진행방해,건조,맑음,교차로 - 교차로안,승용,여,46세,상해없음,이륜,남,41세,경상
2019101000100374,2019년 10월 10일 14시,목요일,경상남도 의령군 의령읍,중상사고,0,2,0,0,차대차 - 측면충돌,교차로운행방법위반,건조,맑음,교차로 - 교차로부근,승합,남,43세,중상,승용,남,37세,중상
2019101000100375,2019년 10월 10일 14시,목요일,경상남도 김해시 진영읍,경상사고,0,0,1,0,차대차 - 측면충돌,안전운전불이행,건조,맑음,교차로 - 교차로안,승용,남,52세,상해없음,개인형이동수단(PM),남,37세,경상
2019101000100412,2019년 10월 10일 15시,목요일,경상남도 진주시 신안동,부상신고사고,0,0,0,1,차대사람 - 횡단중,보행자보호의무위반,건조,맑음,교차로 - 교차로횡단보도내,화물,남,50세,상해없음,보행자,남,6세,부상신고
2019101000100413,2019년 10월 10일 15시,목요일,경상남도 거제시 고현동,경상사고,0,0,1,0,차대차 - 측면충돌,안전운전불이행,젖음/습기,흐림,단일로 - 기타,승용,여,26세,상해없음,승용,남,62세,경상
2019101000100414,2019년 10월 10일 15시,목요일,경상남도 창원시 의창구 중동,경상사고,0,0,1,0,차대차 - 추돌,신호위반,건조,맑음,교차로 - 교차로안,승용,남,55세,상해없음,승용,남,56세,경상
2019101000100464,2019년 10월 10일 16시,목요일,경상남도 창녕군 부곡면,중상사고,0,1,0,0,차대차 - 측면충돌,직진우회전진행방해,건조,맑음,교차로 - 교차로안,승합,남,58세,상해없음,승용,여,56세,중상
2019101000100560,2019년 10월 10일 18시,목요일,경상남도 함양군 함양읍,경상사고,0,0,1,0,차대차 - 측면충돌,교차로운행방법위반,건조,맑음,교차로 - 교차로안,승용,남,49세,상해없음,이륜,남,16세,경상
2019101000100607,2019년 10월 10일 19시,목요일,경상남도 창원시 진해구 용원동,중상사고,0,1,0,0,차대사람 - 기타,안전운전불이행,건조,맑음,단일로 - 기타,이륜,남,18세,상해없음,보행자,남,58세,중상
2019101000100608,2019년 10월 10일 19시,목요일,경상남도 김해시 지내동,중상사고,0,1,0,0,차대차 - 정면충돌,안전운전불이행,건조,맑음,교차로 - 교차로부근,자전거,남,60세,중상,승용,남,34세,상해없음
2019101000100609,2019년 10월 10일 19시,목요일,경상남도 고성군 고성읍,중상사고,0,1,0,0,차대차 - 측면충돌,직진우회전진행방해,건조,맑음,교차로 - 교차로안,승용,남,41세,상해없음,이륜,여,40세,중상
2019101000100610,2019년 10월 10일 19시,목요일,경상남도 창원시 의창구 서상동,경상사고,0,0,1,0,차대차 - 기타,직진우회전진행방해,건조,맑음,교차로 - 교차로안,승용,남,65세,상해없음,승용,남,45세,경상
2019101000100737,2019년 10월 10일 23시,목요일,경상남도 진주시 상대동,중상사고,0,1,0,0,차대사람 - 횡단중,보행자보호의무위반,건조,맑음,교차로 - 교차로횡단보도내,승용,남,54세,상해없음,보행자,여,28세,중상
2019101000100738,2019년 10월 10일 23시,목요일,경상남도 고성군 동해면,사망사고,1,1,0,0,차량단독 - 공작물충돌,안전운전불이행,건조,맑음,단일로 - 기타,이륜,남,37세,중상,,,,
2019101100100044,2019년 10월 11일 00시,금요일,경상남도 창원시 성산구 남양동,중상사고,0,1,0,0,차대차 - 측면충돌,신호위반,건조,맑음,교차로 - 교차로안,승용,남,31세,상해없음,승용,남,60세,중상
2019101100100045,2019년 10월 11일 00시,금요일,경상남도 창원시 의창구 팔용동,경상사고,0,0,2,0,차대차 - 추돌,안전운전불이행,건조,맑음,교차로 - 교차로부근,승용,여,52세,상해없음,승용,여,30세,경상
2019101100100098,2019년 10월 11일 06시,금요일,경상남도 창원시 진해구 풍호동,경상사고,0,0,2,0,차대차 - 추돌,안전거리미확보,건조,맑음,단일로 - 고가도로위,승용,남,31세,상해없음,이륜,여,60세,경상
2019101100100099,2019년 10월 11일 06시,금요일,경상남도 김해시 삼정동,경상사고,0,0,2,0,차대차 - 측면충돌,신호위반,건조,맑음,교차로 - 교차로안,승용,여,46세,경상,화물,남,48세,상해없음
2019101100100119,2019년 10월 11일 07시,금요일,경상남도 창녕군 고암면,경상사고,0,0,1,0,차대차 - 측면충돌,안전운전불이행,건조,맑음,교차로 - 교차로안,승용,여,62세,경상,승합,여,51세,상해없음
2019101100100120,2019년 10월 11일 07시,금요일,경상남도 창녕군 남지읍,경상사고,0,0,1,0,차대차 - 측면충돌,안전운전불이행,건조,맑음,교차로 - 교차로안,개인형이동수단(PM),남,20세,경상,승용,여,25세,상해없음
2019101100100121,2019년 10월 11일 07시,금요일,경상남도 김해시 율하동,중상사고,0,1,0,0,차대사람 - 횡단중,안전운전불이행,건조,맑음,단일로 - 기타,승용,남,39세,상해없음,보행자,남,74세,중상
2019101100100166,2019년 10월 11일 08시,금요일,경상남도 밀양시 삼문동,경상사고,0,0,4,0,차대차 - 측면충돌,신호위반,건조,맑음,교차로 - 교차로안,승용,여,45세,경상,승용,여,47세,경상
2019101100100167,2019년 10월 11일 08시,금요일,경상남도 양산시 상북면,경상사고,0,0,1,0,차대차 - 측면충돌,교차로운행방법위반,건조,맑음,교차로 - 교차로안,승합,남,51세,상해없음,화물,남,34세,경상
2019101100100208,2019년 10월 11일 09시,금요일,경상남도 창원시 성산구 상남동,경상사고,0,0,1,0,차대사람 - 기타,안전운전불이행,건조,맑음,단일로 - 기타,특수,남,64세,상해없음,보행자,남,41세,경상
2019101100100209,2019년 10월 11일 09시,금요일,경상남도 창원시 의창구 소계동,경상사고,0,0,1,0,차대차 - 추돌,안전운전불이행,건조,맑음,교차로 - 교차로부근,승용,남,57세,상해없음,승용,남,45세,경상
2019101100100242,2019년 10월 11일 10시,금요일,경상남도 창원시 마산합포구 창동,중상사고,0,1,0,0,차대사람 - 차도통행중,안전운전불이행,건조,맑음,단일로 - 기타,화물,남,52세,상해없음,보행자,남,58세,중상
2019101100100243,2019년 10월 11일 10시,금요일,경상남도 함양군 유림면,부상신고사고,0,0,0,1,차대차 - 기타,안전운전불이행,건조,맑음,단일로 - 기타,자전거,남,38세,부상신고,화물,남,77세,상해없음
2019101100100244,2019년 10월 11일 10시,금요일,경상남도 거제시 수월동,경상사고,0,0,1,0,차대차 - 기타,안전운전불이행,건조,맑음,교차로 - 교차로안,승용,여,27세,경상,승용,남,65세,상해없음
2019101100100279,2019년 10월 11일 11시,금요일,경상남도 창녕군 이방면,경상사고,0,0,3,0,차대차 - 기타,신호위반,건조,맑음,교차로 - 교차로안,승용,남,56세,상해없음,승용,남,39세,경상
2019101100100280,2019년 10월 11일 11시,금요일,경상남도 함안군 칠북면,중상사고,0,1,0,0,차대사람 - 기타,안전운전불이행,건조,맑음,교차로 - 교차로부근,화물,남,55세,상해없음,보행자,남,49세,중상
2019101100100281,2019년 10월 11일 11시,금요일,경상남도 김해시 진례면,경상사고,0,0,1,0,차대차 - 측면충돌,안전운전불이행,건조,맑음,교차로 - 교차로안,승용,남,46세,경상,화물,남,35세,상해없음
2019101100100309,2019년 10월 11일 12시,금요일,경상남도 통영시 정량동,경상사고,0,0,1,0,차대사람 - 기타,안전운전불이행,건조,맑음,교차로 - 교차로안,승용,남,57세,상해없음,보행자,남,38세,경상
2019101100100310,2019년 10월 11일 12시,금요일,경상남도 함양군 안의면,경상사고,0,0,2,0,차대차 - 측면충돌,교차로운행방법위반,건조,맑음,교차로 - 교차로안,승용,여,69세,경상,승용,남,49세,상해없음
2019101100100311,2019년 10월 11일 12시,금요일,경상남도 창원시 의창구 동읍,경상사고,0,0,1,0,차대차 - 측면충돌,안전거리미확보,건조,맑음,단일로 - 기타,승용,여,64세,상해없음,승용,남,28세,경상
2019101100100344,2019년 10월 11일 13시,금요일,경상남도 통영시 무전동,경상사고,0,0,2,0,차대차 - 측면충돌,안전운전불이행,건조,맑음,교차로 - 교차로안,승용,남,70세,상해없음,화물,남,25세,경상
2019101100100345,2019년 10월 11일 13시,금요일,경상남도 함안군 산인면,경상사고,0,0,1,0,차대차 - 측면충돌,안전운전불이행,건조,맑음,단일로 - 기타,화물,남,61세,상해없음,승용,남,32세,경상
2019101100100368,2019년 10월 11일 14시,금요일,경상남도 창원시 진해구 충무동,경상사고,0,0,1,0,차대차 - 정면충돌,안전운전불이행,건조,맑음,교차로 - 교차로안,승용,남,38세,상해없음,이륜,남,32세,경상
2019101100100369,2019년 10월 11일 14시,금요일,경상남도 합천군 율곡면,경상사고,0,0,1,0,차대차 - 측면충돌,안전거리미확보,건조,맑음,단일로 - 기타,화물,남,46세,상해없음,승용,여,60세,상해없음
2019101100100370,2019년 10월 11일 14시,금요일,경상남도 고성군 고성읍,중상사고,0,1,0,0,차대차 - 측면충돌,중앙선침범,건조,맑음,단일로 - 기타,승용,여,62세,상해없음,이륜,여,69세,중상
2019101100100371,2019년 10월 11일 14시,금요일,경상남도 남해군 설천면,중상사고,0,1,0,0,차대차 - 기타,안전운전불이행,건조,맑음,교차로 - 교차로안,사륜오토바이(ATV),여,76세,중상,이륜,남,71세,상해없음
2019101100100414,2019년 10월 11일 15시,금요일,경상남도 김해시 삼계동,경상사고,0,0,1,0,차대차 - 추돌,안전운전불이행,건조,맑음,단일로 - 기타,승용,남,53세,상해없음,자전거,남,62세,경상
2019101100100474,2019년 10월 11일 16시,금요일,경상남도 양산시 덕계동,경상사고,0,0,1,0,차대차 - 측면충돌,안전운전불이행,건조,맑음,주차장 - 주차장,승용,남,67세,상해없음,승용,여,53세,경상
2019101100100528,2019년 10월 11일 17시,금요일,경상남도 진주시 가좌동,경상사고,0,0,2,0,차대사람 - 횡단중,신호위반,건조,맑음,단일로 - 기타,이륜,남,76세,경상,보행자,여,66세,경상
2019101100100529,2019년 10월 11일 17시,금요일,경상남도 창원시 진해구 용원동,경상사고,0,0,1,0,차대차 - 기타,안전거리미확보,건조,맑음,단일로 - 기타,승용,여,50세,상해없음,원동기,남,59세,경상
2019101100100530,2019년 10월 11일 17시,금요일,경상남도 김해시 생림면,중상사고,0,3,1,0,차대사람 - 기타,안전운전불이행,건조,맑음,단일로 - 기타,화물,남,51세,상해없음,보행자,여,58세,경상
2019101100100531,2019년 10월 11일 17시,금요일,경상남도 거창군 거창읍,중상사고,0,1,0,0,차대차 - 측면충돌,안전운전불이행,건조,맑음,교차로 - 교차로안,승용,여,55세,상해없음,이륜,남,72세,중상
2019101100100532,2019년 10월 11일 17시,금요일,경상남도 양산시 북부동,부상신고사고,0,0,0,1,차대사람 - 기타,안전운전불이행,건조,맑음,교차로 - 교차로안,승용,남,26세,상해없음,보행자,여,55세,부상신고
2019101100100533,2019년 10월 11일 17시,금요일,경상남도 함안군 칠원읍,경상사고,0,0,1,0,차대차 - 측면충돌,중앙선침범,건조,맑음,단일로 - 기타,승용,여,58세,상해없음,승용,남,28세,경상
2019101100100588,2019년 10월 11일 18시,금요일,경상남도 진주시 신안동,경상사고,0,0,1,0,차대사람 - 횡단중,안전운전불이행,건조,맑음,단일로 - 기타,승용,여,45세,상해없음,보행자,여,16세,경상
2019101100100589,2019년 10월 11일 18시,금요일,경상남도 통영시 서호동,중상사고,0,1,1,0,차대사람 - 기타,안전운전불이행,건조,맑음,단일로 - 기타,승용,남,61세,상해없음,보행자,여,59세,중상
2019101100100590,2019년 10월 11일 18시,금요일,경상남도 밀양시 상남면,중상사고,0,1,2,0,차대차 - 추돌,안전운전불이행,건조,흐림,단일로 - 기타,승용,남,26세,상해없음,승용,남,54세,경상
2019101100100658,2019년 10월 11일 19시,금요일,경상남도 창원시 마산합포구 진동면,경상사고,0,0,1,0,차대차 - 측면충돌,안전운전불이행,건조,맑음,단일로 - 기타,화물,남,56세,상해없음,승용,남,41세,경상
2019101100100659,2019년 10월 11일 19시,금요일,경상남도 김해시 삼정동,중상사고,0,1,0,0,차대차 - 측면충돌,신호위반,건조,맑음,교차로 - 교차로안,승용,남,56세,상해없음,승용,남,69세,중상
2019101100100660,2019년 10월 11일 19시,금요일,경상남도 창원시 성산구 외동,경상사고,0,0,2,0,차대차 - 측면충돌,신호위반,건조,맑음,교차로 - 교차로안,이륜,남,36세,상해없음,승용,남,22세,경상
2019101100100661,2019년 10월 11일 19시,금요일,경상남도 김해시 흥동,경상사고,0,0,1,0,차대차 - 측면충돌,신호위반,건조,맑음,교차로 - 교차로안,승용,남,43세,상해없음,승용,남,40세,경상
2019101100100706,2019년 10월 11일 20시,금요일,경상남도 김해시 부원동,경상사고,0,0,1,0,차대차 - 측면충돌,신호위반,건조,맑음,교차로 - 교차로안,이륜,남,19세,경상,승용,남,51세,상해없음
2019101100100771,2019년 10월 11일 22시,금요일,경상남도 김해시 외동,경상사고,0,0,1,0,차대차 - 측면충돌,신호위반,건조,맑음,교차로 - 교차로안,승용,남,51세,상해없음,승용,남,19세,상해없음
2019101100100772,2019년 10월 11일 22시,금요일,경상남도 거제시 상동동,경상사고,0,0,1,0,차대차 - 기타,안전거리미확보,건조,맑음,단일로 - 기타,승용,남,52세,상해없음,이륜,남,33세,경상
2019101100100773,2019년 10월 11일 22시,금요일,경상남도 남해군 창선면,중상사고,0,1,0,0,차량단독 - 공작물충돌,안전운전불이행,건조,흐림,교차로 - 교차로안,승용,남,52세,중상,,,,
2019101100100799,2019년 10월 11일 23시,금요일,경상남도 통영시 도남동,경상사고,0,0,1,0,차대차 - 측면충돌,교차로운행방법위반,건조,맑음,교차로 - 교차로안,승용,남,63세,상해없음,승용,여,27세,경상
2019101100100800,2019년 10월 11일 23시,금요일,경상남도 창원시 의창구 용호동,경상사고,0,0,1,0,차대사람 - 기타,안전운전불이행,건조,맑음,기타 - 기타,승용,남,70세,기타불명,보행자,남,28세,경상
2019101200100038,2019년 10월 12일 00시,토요일,경상남도 통영시 욕지면,부상신고사고,0,0,0,1,차량단독 - 공작물충돌,안전운전불이행,건조,맑음,단일로 - 기타,승용,남,21세,부상신고,,,,
2019101200100056,2019년 10월 12일 01시,토요일,경상남도 창원시 진해구 마천동,중상사고,0,1,0,0,차대사람 - 기타,안전운전불이행,건조,맑음,단일로 - 기타,승용,여,45세,상해없음,보행자,남,36세,중상
2019101200100057,2019년 10월 12일 01시,토요일,경상남도 창원시 성산구 불모산동,경상사고,0,0,1,0,차대사람 - 기타,안전운전불이행,건조,맑음,기타 - 기타,승합,남,63세,기타불명,보행자,남,27세,경상
2019101200100078,2019년 10월 12일 03시,토요일,경상남도 진주시 평안동,경상사고,0,0,1,0,차량단독 - 공작물충돌,안전운전불이행,건조,맑음,단일로 - 기타,승용,여,22세,경상,,,,
2019101200100102,2019년 10월 12일 05시,토요일,경상남도 창원시 성산구 사파동,경상사고,0,0,1,0,차대사람 - 기타,안전운전불이행,건조,맑음,기타 - 기타,기타불명,기타불명,미분류,기타불명,보행자,남,43세,경상
2019101200100113,2019년 10월 12일 06시,토요일,경상남도 창원시 진해구 제황산동,중상사고,0,1,0,0,차대사람 - 기타,중앙선침범,건조,맑음,단일로 - 기타,승용,남,22세,상해없음,보행자,여,86세,중상
2019101200100130,2019년 10월 12일 07시,토요일,경상남도 양산시 물금읍,중상사고,0,1,0,0,차대차 - 측면충돌,안전운전불이행,건조,맑음,단일로 - 기타,승용,남,34세,상해없음,자전거,여,24세,중상
2019101200100131,2019년 10월 12일 07시,토요일,경상남도 창원시 성산구 천선동,중상사고,0,1,0,0,차대차 - 측면충돌,신호위반,건조,맑음,교차로 - 교차로안,화물,남,67세,상해없음,승용,남,26세,중상
2019101200100151,2019년 10월 12일 08시,토요일,경상남도 창원시 마산합포구 남성동,중상사고,0,1,0,0,차대사람 - 기타,안전운전불이행,건조,맑음,단일로 - 기타,승용,여,60세,상해없음,보행자,남,53세,중상
2019101200100152,2019년 10월 12일 08시,토요일,경상남도 거제시 고현동,경상사고,0,0,1,0,차대차 - 측면충돌,안전운전불이행,건조,맑음,교차로 - 교차로안,이륜,남,41세,경상,승용,남,37세,상해없음
2019101200100186,2019년 10월 12일 09시,토요일,경상남도 창원시 진해구 풍호동,중상사고,0,1,1,0,차대차 - 측면충돌,교차로운행방법위반,건조,맑음,교차로 - 교차로안,승용,여,44세,경상,승용,남,33세,중상
2019101200100187,2019년 10월 12일 09시,토요일,경상남도 김해시 외동,중상사고,0,1,0,0,차대차 - 측면충돌,안전운전불이행,건조,맑음,단일로 - 기타,이륜,남,77세,중상,기타불명,기타불명,미분류,기타불명
2019101200100188,2019년 10월 12일 09시,토요일,경상남도 김해시 부원동,중상사고,0,3,1,0,차대차 - 추돌,안전운전불이행,건조,맑음,기타 - 기타,승용,남,57세,중상,화물,남,46세,경상
2019101200100189,2019년 10월 12일 09시,토요일,경상남도 양산시 북정동,경상사고,0,0,2,0,차대차 - 후진중충돌,안전운전불이행,건조,맑음,단일로 - 기타,화물,남,39세,상해없음,승용,남,64세,경상
2019101200100190,2019년 10월 12일 09시,토요일,경상남도 양산시 신기동,부상신고사고,0,0,0,1,차량단독 - 기타,기타,건조,맑음,단일로 - 기타,승합,남,47세,상해없음,,,,
2019101200100191,2019년 10월 12일 09시,토요일,경상남도 거제시 옥포동,경상사고,0,0,1,0,차대사람 - 기타,안전운전불이행,건조,맑음,단일로 - 기타,승용,여,50세,상해없음,보행자,남,50세,경상
2019101200100192,2019년 10월 12일 09시,토요일,경상남도 함안군 칠서면,중상사고,0,1,0,0,차대차 - 측면충돌,교차로운행방법위반,건조,맑음,교차로 - 교차로안,승용,남,64세,상해없음,자전거,남,74세,중상
2019101200100230,2019년 10월 12일 10시,토요일,경상남도 양산시 원동면,중상사고,0,1,0,0,차대사람 - 기타,안전운전불이행,건조,맑음,단일로 - 기타,승용,여,53세,상해없음,보행자,여,63세,중상
2019101200100231,2019년 10월 12일 10시,토요일,경상남도 양산시 물금읍,경상사고,0,0,1,0,차대차 - 측면충돌,교차로운행방법위반,건조,맑음,교차로 - 교차로안,승용,남,34세,상해없음,승용,남,66세,경상
2019101200100232,2019년 10월 12일 10시,토요일,경상남도 창원시 마산회원구 합성동,중상사고,0,1,0,0,차대사람 - 기타,안전운전불이행,건조,맑음,교차로 - 교차로부근,승합,남,40세,상해없음,보행자,여,79세,중상
2019101200100319,2019년 10월 12일 12시,토요일,경상남도 밀양시 상남면,경상사고,0,0,1,0,차대차 - 측면충돌,안전운전불이행,건조,맑음,교차로 - 교차로안,승용,남,58세,상해없음,특수,남,27세,경상
2019101200100320,2019년 10월 12일 12시,토요일,경상남도 양산시 중부동,경상사고,0,0,1,0,차대사람 - 길가장자리구역통행중,안전운전불이행,건조,맑음,단일로 - 기타,승용,남,53세,상해없음,보행자,남,65세,경상
2019101200100321,2019년 10월 12일 12시,토요일,경상남도 창원시 의창구 팔용동,경상사고,0,0,1,0,차대사람 - 기타,안전운전불이행,건조,맑음,기타 - 기타,승용,남,72세,상해없음,보행자,남,17세,경상
2019101200100371,2019년 10월 12일 13시,토요일,경상남도 창원시 진해구 풍호동,경상사고,0,0,1,0,차대차 - 추돌,안전운전불이행,건조,맑음,단일로 - 기타,승용,남,68세,상해없음,승용,여,39세,경상
2019101200100372,2019년 10월 12일 13시,토요일,경상남도 통영시 광도면,경상사고,0,0,1,0,차대차 - 측면충돌,신호위반,건조,맑음,교차로 - 교차로안,승용,여,38세,상해없음,승용,남,40세,경상
2019101200100373,2019년 10월 12일 13시,토요일,경상남도 사천시 좌룡동,중상사고,0,1,0,0,차대차 - 측면충돌,안전운전불이행,건조,맑음,단일로 - 기타,승합,남,60세,상해없음,자전거,여,50세,중상
2019101200100419,2019년 10월 12일 14시,토요일,경상남도 김해시 봉황동,중상사고,0,1,0,0,차대차 - 기타,안전운전불이행,건조,맑음,교차로 - 교차로안,승용,여,41세,기타불명,이륜,남,71세,중상
2019101200100420,2019년 10월 12일 14시,토요일,경상남도 함양군 함양읍,경상사고,0,0,2,0,차대차 - 측면충돌,안전운전불이행,건조,맑음,단일로 - 기타,화물,남,65세,경상,승용,남,60세,경상
2019101200100473,2019년 10월 12일 15시,토요일,경상남도 밀양시 내이동,경상사고,0,0,1,0,차대차 - 측면충돌,안전운전불이행,건조,맑음,교차로 - 교차로안,승용,남,49세,상해없음,승용,여,39세,경상
2019101200100474,2019년 10월 12일 15시,토요일,경상남도 밀양시 상동면,중상사고,0,1,0,0,차대차 - 측면충돌,중앙선침범,건조,맑음,단일로 - 기타,화물,남,76세,상해없음,승용,여,72세,중상
2019101200100475,2019년 10월 12일 15시,토요일,경상남도 김해시 서상동,경상사고,0,0,3,1,차대차 - 기타,안전운전불이행,건조,맑음,교차로 - 교차로안,승용,남,75세,경상,승용,여,39세,부상신고
2019101200100476,2019년 10월 12일 15시,토요일,경상남도 창원시 마산회원구 양덕동,중상사고,0,1,0,0,차대사람 - 횡단중,보행자보호의무위반,건조,맑음,교차로 - 교차로횡단보도내,승용,남,50세,상해없음,보행자,남,65세,중상
2019101200100477,2019년 10월 12일 15시,토요일,경상남도 김해시 부곡동,중상사고,0,1,0,0,차대차 - 측면충돌,중앙선침범,건조,맑음,단일로 - 기타,승용,여,52세,상해없음,이륜,남,36세,중상
2019101200100531,2019년 10월 12일 16시,토요일,경상남도 사천시 사남면,부상신고사고,0,0,0,2,차대차 - 후진중충돌,안전운전불이행,건조,맑음,단일로 - 기타,승용,여,54세,상해없음,승용,남,49세,부상신고
2019101200100532,2019년 10월 12일 16시,토요일,경상남도 산청군 시천면,경상사고,0,0,3,0,차대차 - 후진중충돌,안전운전불이행,건조,맑음,교차로 - 교차로부근,승용,여,45세,상해없음,승용,남,77세,상해없음
2019101200100568,2019년 10월 12일 17시,토요일,경상남도 진주시 금산면,경상사고,0,0,1,0,차대사람 - 기타,보행자보호의무위반,건조,맑음,단일로 - 기타,화물,남,49세,상해없음,보행자,남,4세,경상
2019101200100569,2019년 10월 12일 17시,토요일,경상남도 창원시 의창구 팔용동,경상사고,0,0,1,0,차대사람 - 횡단중,보행자보호의무위반,건조,맑음,기타 - 기타,승용,남,70세,상해없음,보행자,여,48세,경상
2019101200100609,2019년 10월 12일 18시,토요일,경상남도 사천시 사천읍,부상신고사고,0,0,0,1,차대사람 - 횡단중,보행자보호의무위반,건조,맑음,단일로 - 기타,승용,남,53세,상해없음,보행자,여,8세,부상신고
2019101200100610,2019년 10월 12일 18시,토요일,경상남도 사천시 동금동,부상신고사고,0,0,0,1,차대차 - 측면충돌,직진우회전진행방해,건조,맑음,교차로 - 교차로안,승용,남,65세,상해없음,사륜오토바이(ATV),남,72세,부상신고
2019101200100611,2019년 10월 12일 18시,토요일,경상남도 양산시 동면,중상사고,0,1,0,0,차대사람 - 횡단중,안전운전불이행,건조,맑음,교차로 - 교차로횡단보도내,승용,남,57세,상해없음,보행자,여,81세,중상
2019101200100612,2019년 10월 12일 18시,토요일,경상남도 산청군 단성면,중상사고,0,1,0,0,차대사람 - 횡단중,안전운전불이행,건조,맑음,단일로 - 기타,승용,여,56세,상해없음,보행자,여,67세,중상
2019101200100613,2019년 10월 12일 18시,토요일,경상남도 김해시 대청동,경상사고,0,0,1,0,차대차 - 측면충돌,교차로운행방법위반,건조,맑음,교차로 - 교차로안,이륜,남,19세,경상,이륜,남,19세,상해없음
2019101200100655,2019년 10월 12일 19시,토요일,경상남도 김해시 대청동,경상사고,0,0,1,0,차대차 - 측면충돌,교차로운행방법위반,건조,맑음,교차로 - 교차로안,승용,여,49세,상해없음,승용,남,48세,경상
2019101200100695,2019년 10월 12일 20시,토요일,경상남도 창원시 마산합포구 창포동3가,중상사고,0,1,0,0,차대사람 - 기타,보행자보호의무위반,건조,맑음,교차로 - 교차로횡단보도내,승용,남,48세,상해없음,보행자,남,17세,중상
2019101200100696,2019년 10월 12일 20시,토요일,경상남도 고성군 고성읍,중상사고,0,1,0,0,차대차 - 기타,안전거리미확보,건조,맑음,단일로 - 기타,승용,남,54세,상해없음,승용,남,51세,중상
2019101200100731,2019년 10월 12일 21시,토요일,경상남도 진주시 대곡면,중상사고,0,1,0,0,차대사람 - 길가장자리구역통행중,안전운전불이행,건조,맑음,교차로 - 교차로부근,화물,남,56세,상해없음,보행자,남,73세,중상
2019101200100732,2019년 10월 12일 21시,토요일,경상남도 통영시 광도면,경상사고,0,0,1,0,차대차 - 측면충돌,직진우회전진행방해,건조,맑음,교차로 - 교차로안,승합,남,69세,상해없음,승용,남,44세,경상
2019101200100733,2019년 10월 12일 21시,토요일,경상남도 김해시 어방동,경상사고,0,0,2,0,차대차 - 기타,안전운전불이행,건조,맑음,단일로 - 기타,원동기,남,45세,경상,승용,남,42세,상해없음
2019101200100734,2019년 10월 12일 21시,토요일,경상남도 창원시 마산회원구 양덕동,중상사고,0,1,0,0,차대사람 - 차도통행중,안전운전불이행,건조,맑음,단일로 - 기타,승용,남,62세,상해없음,보행자,여,50세,중상
2019101200100735,2019년 10월 12일 21시,토요일,경상남도 김해시 대청동,중상사고,0,1,0,0,차대차 - 측면충돌,안전운전불이행,건조,맑음,단일로 - 기타,승용,남,39세,상해없음,승용,여,49세,중상
2019101200100736,2019년 10월 12일 21시,토요일,경상남도 김해시 대청동,경상사고,0,0,1,0,차대차 - 측면충돌,차로위반,건조,맑음,단일로 - 기타,승용,남,68세,상해없음,승용,남,59세,경상
2019101200100755,2019년 10월 12일 22시,토요일,경상남도 김해시 어방동,경상사고,0,0,1,0,차대차 - 기타,신호위반,건조,맑음,교차로 - 교차로안,승용,남,65세,상해없음,원동기,남,47세,경상
2019101200100779,2019년 10월 12일 23시,토요일,경상남도 김해시 부원동,경상사고,0,0,2,0,차대차 - 기타,신호위반,건조,맑음,교차로 - 교차로안,승용,남,32세,상해없음,승합,남,57세,경상
2019101300100038,2019년 10월 13일 01시,일요일,경상남도 창원시 진해구 마천동,경상사고,0,0,1,0,차대차 - 기타,중앙선침범,건조,맑음,단일로 - 기타,승용,남,42세,상해없음,승용,남,50세,경상
2019101300100061,2019년 10월 13일 03시,일요일,경상남도 창원시 성산구 상남동,사망사고,1,0,0,0,차량단독 - 전도전복 - 전도,안전운전불이행,건조,맑음,단일로 - 기타,이륜,남,26세,사망,,,,
2019101300100105,2019년 10월 13일 07시,일요일,경상남도 창녕군 창녕읍,경상사고,0,0,1,0,차대사람 - 기타,안전운전불이행,건조,맑음,기타 - 기타,승용,남,83세,상해없음,보행자,여,60세,경상
2019101300100112,2019년 10월 13일 08시,일요일,경상남도 진주시 평거동,중상사고,0,1,0,0,차량단독 - 기타,안전운전불이행,건조,맑음,단일로 - 기타,승합,남,51세,상해없음,,,,
2019101300100131,2019년 10월 13일 09시,일요일,경상남도 김해시 서상동,경상사고,0,0,1,0,차대사람 - 기타,안전운전불이행,건조,맑음,교차로 - 교차로안,화물,남,52세,상해없음,보행자,여,61세,경상