사고번호,사고일시,요일,시군구,사고내용,사망자수,중상자수,경상자수,부상신고자수,사고유형,법규위반,노면상태,기상상태,도로형태,가해운전자 차종,가해운전자 성별,가해운전자 연령,가해운전자 상해정도,피해운전자 차종,피해운전자 성별,피해운전자 연령,피해운전자 상해정도
2019102300100517,2019년 10월 23일 18시,수요일,경상남도 김해시 구산동,경상사고,0,0,1,0,차대차 - 측면충돌,교차로운행방법위반,건조,맑음,교차로 - 교차로안,승용,남,25세,상해없음,이륜,남,20세,경상
2019102300100518,2019년 10월 23일 18시,수요일,경상남도 고성군 마암면,중상사고,0,1,1,0,차대차 - 추돌,안전운전불이행,젖음/습기,비,단일로 - 기타,승용,남,43세,경상,농기계,남,49세,중상
2019102300100519,2019년 10월 23일 18시,수요일,경상남도 고성군 마암면,경상사고,0,0,1,0,차대차 - 추돌,안전운전불이행,젖음/습기,비,단일로 - 기타,승용,남,65세,상해없음,승용,여,55세,경상
2019102300100520,2019년 10월 23일 18시,수요일,경상남도 창원시 성산구 내동,중상사고,0,1,0,0,차대차 - 측면충돌,신호위반,건조,맑음,교차로 - 교차로안,이륜,남,31세,상해없음,자전거,남,33세,중상
2019102300100521,2019년 10월 23일 18시,수요일,경상남도 김해시 대청동,경상사고,0,0,2,0,차대차 - 추돌,안전운전불이행,건조,맑음,단일로 - 기타,승용,남,37세,상해없음,승용,남,28세,경상
2019102300100570,2019년 10월 23일 19시,수요일,경상남도 김해시 삼계동,경상사고,0,0,1,0,차대차 - 측면충돌,차로위반,건조,맑음,단일로 - 기타,승용,남,57세,상해없음,이륜,남,22세,경상
2019102300100571,2019년 10월 23일 19시,수요일,경상남도 창원시 의창구 서상동,중상사고,0,2,0,0,차대차 - 측면충돌,신호위반,건조,맑음,교차로 - 교차로안,승용,남,28세,상해없음,승용,남,35세,중상
2019102300100572,2019년 10월 23일 19시,수요일,경상남도 창원시 의창구 중동,경상사고,0,0,4,0,차대차 - 측면충돌,차로위반,건조,맑음,단일로 - 기타,승용,남,54세,상해없음,승용,여,35세,경상
2019102300100601,2019년 10월 23일 20시,수요일,경상남도 김해시 삼계동,경상사고,0,0,1,0,차대사람 - 길가장자리구역통행중,안전운전불이행,건조,맑음,단일로 - 기타,승용,남,23세,상해없음,보행자,남,43세,경상
2019102300100650,2019년 10월 23일 22시,수요일,경상남도 김해시 삼방동,경상사고,0,0,1,0,차대차 - 측면충돌,불법유턴,건조,맑음,교차로 - 교차로안,승용,여,40세,상해없음,승용,남,33세,경상
2019102300100674,2019년 10월 23일 23시,수요일,경상남도 양산시 물금읍,경상사고,0,0,1,0,차대차 - 기타,신호위반,젖음/습기,비,교차로 - 교차로안,이륜,남,30세,상해없음,이륜,남,30세,경상
2019102300100675,2019년 10월 23일 23시,수요일,경상남도 거제시 상동동,경상사고,0,0,1,0,차대차 - 추돌,안전운전불이행,건조,맑음,단일로 - 기타,승용,남,63세,상해없음,승용,여,45세,경상
2019102400100089,2019년 10월 24일 06시,목요일,경상남도 남해군 남해읍,부상신고사고,0,0,0,1,차대차 - 측면충돌,안전운전불이행,건조,맑음,교차로 - 교차로안,이륜,남,78세,부상신고,승용,남,56세,상해없음
2019102400100115,2019년 10월 24일 07시,목요일,경상남도 창녕군 영산면,중상사고,0,3,0,0,차대차 - 측면충돌,중앙선침범,건조,맑음,단일로 - 기타,승용,남,39세,중상,승용,여,69세,중상
2019102400100157,2019년 10월 24일 08시,목요일,경상남도 고성군 거류면,부상신고사고,0,0,0,1,차대차 - 기타,안전운전불이행,건조,맑음,기타 - 기타,승용,남,55세,부상신고,승용,남,44세,상해없음
2019102400100158,2019년 10월 24일 08시,목요일,경상남도 창원시 마산합포구 진동면,부상신고사고,0,0,0,1,차량단독 - 공작물충돌,안전운전불이행,건조,맑음,단일로 - 기타,승용,여,50세,부상신고,,,,
2019102400100159,2019년 10월 24일 08시,목요일,경상남도 양산시 삼호동,경상사고,0,0,1,0,차대차 - 기타,교차로운행방법위반,건조,맑음,교차로 - 교차로안,화물,남,49세,상해없음,승용,남,64세,경상
2019102400100192,2019년 10월 24일 09시,목요일,경상남도 함양군 지곡면,경상사고,0,0,2,0,차대차 - 정면충돌,중앙선침범,건조,맑음,단일로 - 기타,승용,남,27세,상해없음,승용,남,69세,경상
2019102400100193,2019년 10월 24일 09시,목요일,경상남도 거제시 아주동,경상사고,0,0,2,0,차대차 - 추돌,안전운전불이행,건조,맑음,단일로 - 터널,승용,여,43세,상해없음,승용,여,37세,경상
2019102400100194,2019년 10월 24일 09시,목요일,경상남도 거제시 고현동,경상사고,0,0,2,0,차대차 - 측면충돌,차로위반,건조,맑음,단일로 - 기타,승용,남,65세,상해없음,승용,남,47세,경상
2019102400100195,2019년 10월 24일 09시,목요일,경상남도 함안군 가야읍,부상신고사고,0,0,0,1,차대차 - 측면충돌,안전운전불이행,건조,맑음,교차로 - 교차로부근,이륜,남,80세,부상신고,승용,남,43세,상해없음
2019102400100196,2019년 10월 24일 09시,목요일,경상남도 창원시 의창구 북면,중상사고,0,1,0,0,차대차 - 측면충돌,안전운전불이행,건조,맑음,교차로 - 교차로안,승용,남,44세,상해없음,화물,남,68세,중상
2019102400100197,2019년 10월 24일 09시,목요일,경상남도 김해시 생림면,경상사고,0,0,2,0,차대차 - 추돌,안전거리미확보,건조,맑음,단일로 - 기타,화물,남,48세,상해없음,승합,남,53세,경상
2019102400100228,2019년 10월 24일 10시,목요일,경상남도 밀양시 무안면,경상사고,0,0,1,0,차대사람 - 차도통행중,안전운전불이행,건조,맑음,단일로 - 기타,화물,남,44세,상해없음,보행자,여,70세,경상
2019102400100257,2019년 10월 24일 11시,목요일,경상남도 김해시 삼정동,중상사고,0,1,1,0,차대차 - 측면충돌,신호위반,건조,맑음,교차로 - 교차로안,이륜,남,20세,경상,승용,여,25세,상해없음
2019102400100293,2019년 10월 24일 12시,목요일,경상남도 통영시 무전동,경상사고,0,0,2,0,차대차 - 측면충돌,직진우회전진행방해,건조,맑음,교차로 - 교차로안,승용,남,68세,상해없음,화물,남,51세,상해없음
2019102400100294,2019년 10월 24일 12시,목요일,경상남도 산청군 금서면,경상사고,0,0,1,0,차대차 - 측면충돌,교차로운행방법위반,건조,맑음,교차로 - 교차로안,승용,남,27세,상해없음,이륜,남,72세,경상
2019102400100295,2019년 10월 24일 12시,목요일,경상남도 창원시 마산회원구 석전동,중상사고,0,1,0,0,차대사람 - 차도통행중,안전운전불이행,건조,맑음,교차로 - 교차로부근,승용,남,50세,상해없음,보행자,여,56세,중상
2019102400100335,2019년 10월 24일 13시,목요일,경상남도 통영시 중앙동,중상사고,0,1,1,0,차대차 - 추돌,안전운전불이행,건조,맑음,단일로 - 기타,승용,여,57세,상해없음,승용,여,47세,경상
2019102400100336,2019년 10월 24일 13시,목요일,경상남도 사천시 사남면,경상사고,0,0,1,0,차대차 - 측면충돌,신호위반,건조,맑음,교차로 - 교차로안,화물,남,73세,상해없음,승용,남,62세,경상
2019102400100337,2019년 10월 24일 13시,목요일,경상남도 양산시 북부동,경상사고,0,0,1,0,차대차 - 기타,교차로운행방법위반,건조,맑음,교차로 - 교차로안,이륜,남,16세,경상,승용,여,56세,상해없음
2019102400100338,2019년 10월 24일 13시,목요일,경상남도 고성군 하이면,중상사고,0,1,0,0,차대차 - 추돌,안전거리미확보,건조,맑음,단일로 - 기타,건설기계,남,63세,상해없음,화물,여,56세,중상
2019102400100339,2019년 10월 24일 13시,목요일,경상남도 창원시 의창구 봉곡동,경상사고,0,0,1,0,차대차 - 추돌,안전운전불이행,건조,맑음,교차로 - 교차로부근,화물,남,45세,상해없음,이륜,남,70세,경상
2019102400100376,2019년 10월 24일 14시,목요일,경상남도 양산시 명동,경상사고,0,0,2,0,차대차 - 측면충돌,직진우회전진행방해,건조,맑음,교차로 - 교차로안,승용,여,41세,상해없음,승용,여,65세,경상
2019102400100377,2019년 10월 24일 14시,목요일,경상남도 창원시 의창구 동읍,경상사고,0,0,1,0,차대차 - 측면충돌,중앙선침범,건조,맑음,단일로 - 기타,승용,남,65세,상해없음,승용,남,59세,경상
2019102400100404,2019년 10월 24일 15시,목요일,경상남도 양산시 상북면,중상사고,0,1,0,0,차대차 - 기타,교차로운행방법위반,건조,맑음,교차로 - 교차로안,특수,남,46세,상해없음,자전거,여,56세,중상
2019102400100454,2019년 10월 24일 16시,목요일,경상남도 양산시 물금읍,중상사고,0,1,0,0,차대차 - 측면충돌,기타,건조,맑음,교차로 - 교차로안,이륜,여,26세,중상,승용,남,68세,상해없음
2019102400100455,2019년 10월 24일 16시,목요일,경상남도 거제시 상동동,중상사고,0,1,1,0,차대사람 - 횡단중,보행자보호의무위반,젖음/습기,비,교차로 - 교차로횡단보도내,승용,여,45세,상해없음,보행자,남,33세,경상
2019102400100498,2019년 10월 24일 17시,목요일,경상남도 거제시 연초면,중상사고,0,1,0,0,차대차 - 정면충돌,직진우회전진행방해,젖음/습기,비,교차로 - 교차로안,승용,남,60세,상해없음,이륜,남,37세,중상
2019102400100499,2019년 10월 24일 17시,목요일,경상남도 산청군 신등면,경상사고,0,0,1,0,차대차 - 추돌,안전운전불이행,건조,맑음,단일로 - 기타,화물,남,63세,상해없음,화물,남,68세,경상
2019102400100572,2019년 10월 24일 18시,목요일,경상남도 사천시 벌리동,경상사고,0,0,2,0,차대사람 - 횡단중,보행자보호의무위반,건조,맑음,교차로 - 교차로안,승용,남,64세,상해없음,보행자,남,39세,경상
2019102400100573,2019년 10월 24일 18시,목요일,경상남도 김해시 신문동,중상사고,0,1,0,0,차대차 - 측면충돌,안전운전불이행,건조,맑음,교차로 - 교차로안,승용,여,59세,상해없음,승용,남,38세,중상
2019102400100626,2019년 10월 24일 19시,목요일,경상남도 진주시 정촌면,사망사고,1,0,0,0,차량단독 - 공작물충돌,안전운전불이행,건조,맑음,단일로 - 기타,이륜,남,19세,사망,,,,
2019102400100627,2019년 10월 24일 19시,목요일,경상남도 창녕군 대지면,사망사고,1,0,0,0,차대차 - 추돌,안전운전불이행,건조,맑음,단일로 - 기타,화물,남,47세,상해없음,자전거,남,62세,사망
2019102400100628,2019년 10월 24일 19시,목요일,경상남도 함안군 가야읍,중상사고,0,1,1,0,차대차 - 추돌,안전운전불이행,건조,맑음,단일로 - 기타,승용,남,57세,상해없음,농기계,남,78세,경상
2019102400100679,2019년 10월 24일 20시,목요일,경상남도 창원시 진해구 자은동,중상사고,0,1,0,0,차대차 - 정면충돌,안전운전불이행,건조,맑음,교차로 - 교차로안,원동기,여,55세,중상,승용,남,38세,상해없음
2019102400100680,2019년 10월 24일 20시,목요일,경상남도 창원시 의창구 대산면,중상사고,0,2,0,0,차대차 - 정면충돌,신호위반,건조,맑음,교차로 - 교차로안,승용,남,54세,상해없음,승용,여,47세,중상
2019102400100713,2019년 10월 24일 21시,목요일,경상남도 사천시 사남면,부상신고사고,0,0,0,1,차대차 - 추돌,안전운전불이행,건조,맑음,단일로 - 기타,승용,남,22세,부상신고,승합,여,42세,기타불명
2019102400100714,2019년 10월 24일 21시,목요일,경상남도 창원시 성산구 사파동,중상사고,0,1,0,0,차대차 - 측면충돌,신호위반,건조,맑음,교차로 - 교차로안,승용,남,34세,상해없음,개인형이동수단(PM),남,26세,중상
2019102400100757,2019년 10월 24일 23시,목요일,경상남도 창원시 진해구 경화동,부상신고사고,0,0,0,1,차량단독 - 기타,기타,건조,맑음,단일로 - 기타,승합,남,49세,상해없음,,,,
2019102500100056,2019년 10월 25일 01시,금요일,경상남도 의령군 용덕면,중상사고,0,1,0,0,차대사람 - 기타,교차로운행방법위반,건조,맑음,교차로 - 교차로안,화물,남,53세,상해없음,보행자,남,63세,중상
2019102500100129,2019년 10월 25일 07시,금요일,경상남도 통영시 광도면,중상사고,0,1,1,0,차대차 - 추돌,안전거리미확보,건조,맑음,단일로 - 기타,화물,남,36세,상해없음,승용,남,60세,중상
2019102500100130,2019년 10월 25일 07시,금요일,경상남도 밀양시 상남면,경상사고,0,0,1,0,차대차 - 측면충돌,안전운전불이행,건조,맑음,교차로 - 교차로부근,이륜,남,18세,경상,승용,남,53세,상해없음
2019102500100161,2019년 10월 25일 08시,금요일,경상남도 진주시 평안동,중상사고,0,1,0,0,차대사람 - 기타,안전운전불이행,건조,맑음,단일로 - 기타,승합,남,49세,상해없음,보행자,여,19세,중상
2019102500100162,2019년 10월 25일 08시,금요일,경상남도 사천시 용현면,경상사고,0,0,1,0,차대사람 - 횡단중,안전운전불이행,건조,맑음,교차로 - 교차로부근,승합,남,53세,상해없음,보행자,남,7세,경상
2019102500100163,2019년 10월 25일 08시,금요일,경상남도 거제시 연초면,중상사고,0,1,1,0,차대차 - 기타,안전운전불이행,건조,맑음,단일로 - 기타,화물,남,60세,상해없음,화물,남,65세,경상
2019102500100236,2019년 10월 25일 10시,금요일,경상남도 통영시 광도면,경상사고,0,0,1,1,차대차 - 측면충돌,안전운전불이행,건조,맑음,교차로 - 교차로부근,화물,남,62세,경상,건설기계,남,54세,부상신고
2019102500100237,2019년 10월 25일 10시,금요일,경상남도 남해군 이동면,중상사고,0,1,0,0,차대차 - 측면충돌,중앙선침범,건조,맑음,단일로 - 기타,화물,남,72세,상해없음,승용,여,31세,중상
2019102500100238,2019년 10월 25일 10시,금요일,경상남도 함안군 법수면,경상사고,0,0,1,0,차대차 - 측면충돌,교차로운행방법위반,건조,맑음,교차로 - 교차로안,화물,남,48세,경상,승용,남,58세,상해없음
2019102500100258,2019년 10월 25일 11시,금요일,경상남도 진주시 상대동,중상사고,0,1,0,0,차대사람 - 횡단중,안전운전불이행,건조,맑음,교차로 - 교차로안,승용,여,46세,상해없음,보행자,여,78세,중상
2019102500100259,2019년 10월 25일 11시,금요일,경상남도 진주시 강남동,사망사고,1,0,0,0,차대차 - 측면충돌,신호위반,건조,맑음,교차로 - 교차로부근,건설기계,남,57세,상해없음,자전거,남,81세,사망
2019102500100260,2019년 10월 25일 11시,금요일,경상남도 사천시 사천읍,경상사고,0,0,1,0,차대차 - 측면충돌,직진우회전진행방해,건조,맑음,교차로 - 교차로안,승용,남,51세,상해없음,자전거,남,79세,경상
2019102500100261,2019년 10월 25일 11시,금요일,경상남도 고성군 영현면,사망사고,1,0,0,0,차량단독 - 도로외이탈 - 추락,안전운전불이행,건조,맑음,단일로 - 기타,이륜,남,83세,사망,,,,
2019102500100262,2019년 10월 25일 11시,금요일,경상남도 창원시 의창구 북면,경상사고,0,0,1,0,차대차 - 추돌,안전운전불이행,건조,맑음,단일로 - 기타,승용,여,47세,상해없음,승용,남,63세,경상
2019102500100293,2019년 10월 25일 12시,금요일,경상남도 합천군 초계면,중상사고,0,1,0,0,차대차 - 측면충돌,교차로운행방법위반,건조,맑음,교차로 - 교차로안,승용,여,54세,상해없음,이륜,남,56세,중상
2019102500100294,2019년 10월 25일 12시,금요일,경상남도 양산시 물금읍,중상사고,0,1,0,0,차량단독 - 기타,안전운전불이행,건조,맑음,교차로 - 교차로부근,승용,남,57세,기타불명,,,,
2019102500100295,2019년 10월 25일 12시,금요일,경상남도 거제시 고현동,경상사고,0,0,1,0,차대차 - 기타,직진우회전진행방해,건조,맑음,교차로 - 교차로안,승용,여,57세,상해없음,이륜,남,33세,경상
2019102500100341,2019년 10월 25일 13시,금요일,경상남도 창녕군 남지읍,중상사고,0,1,0,0,차대차 - 기타,안전운전불이행,건조,맑음,단일로 - 기타,화물,남,64세,상해없음,이륜,여,56세,중상
2019102500100342,2019년 10월 25일 13시,금요일,경상남도 양산시 동면,경상사고,0,0,2,0,차대차 - 측면충돌,안전운전불이행,건조,맑음,교차로 - 교차로부근,승용,남,55세,상해없음,승용,여,31세,경상
2019102500100387,2019년 10월 25일 14시,금요일,경상남도 진주시 칠암동,중상사고,0,1,0,0,차대사람 - 횡단중,안전운전불이행,건조,맑음,교차로 - 교차로부근,승용,여,52세,상해없음,보행자,여,77세,중상
2019102500100388,2019년 10월 25일 14시,금요일,경상남도 함양군 함양읍,경상사고,0,0,1,0,차대차 - 측면충돌,교차로운행방법위반,건조,맑음,교차로 - 교차로안,화물,남,63세,상해없음,승용,여,60세,경상
2019102500100435,2019년 10월 25일 15시,금요일,경상남도 김해시 내동,중상사고,0,2,0,0,차대차 - 측면충돌,신호위반,건조,맑음,교차로 - 교차로안,승용,여,46세,중상,화물,남,56세,중상
2019102500100485,2019년 10월 25일 16시,금요일,경상남도 창원시 마산합포구 자산동,경상사고,0,0,1,0,차대사람 - 횡단중,안전운전불이행,건조,맑음,교차로 - 교차로안,승용,남,56세,상해없음,보행자,여,12세,경상
2019102500100486,2019년 10월 25일 16시,금요일,경상남도 창원시 진해구 용원동,경상사고,0,0,2,0,차대차 - 측면충돌,중앙선침범,건조,맑음,단일로 - 기타,특수,남,41세,경상,화물,남,62세,경상
2019102500100487,2019년 10월 25일 16시,금요일,경상남도 김해시 삼방동,경상사고,0,0,1,0,차대차 - 기타,신호위반,건조,맑음,교차로 - 교차로안,승용,남,68세,상해없음,승용,남,56세,경상
2019102500100488,2019년 10월 25일 16시,금요일,경상남도 함양군 함양읍,중상사고,0,2,0,0,차대차 - 측면충돌,교차로운행방법위반,건조,맑음,교차로 - 교차로안,화물,남,72세,중상,승용,여,47세,중상
2019102500100534,2019년 10월 25일 17시,금요일,경상남도 창원시 진해구 석동,중상사고,0,1,0,0,차대사람 - 기타,안전운전불이행,건조,맑음,기타 - 기타,자전거,남,66세,상해없음,보행자,여,58세,중상
2019102500100535,2019년 10월 25일 17시,금요일,경상남도 합천군 적중면,부상신고사고,0,0,0,1,차량단독 - 도로외이탈 - 추락,안전운전불이행,건조,맑음,단일로 - 기타,이륜,남,62세,부상신고,,,,
2019102500100536,2019년 10월 25일 17시,금요일,경상남도 김해시 진영읍,경상사고,0,0,1,0,차대차 - 기타,안전거리미확보,건조,맑음,단일로 - 기타,화물,남,60세,상해없음,화물,남,55세,경상
2019102500100614,2019년 10월 25일 18시,금요일,경상남도 통영시 도천동,경상사고,0,0,1,0,차대차 - 측면충돌,안전운전불이행,건조,맑음,교차로 - 교차로안,화물,남,61세,상해없음,승합,남,46세,경상
2019102500100615,2019년 10월 25일 18시,금요일,경상남도 사천시 사천읍,중상사고,0,2,0,0,차대차 - 측면충돌,직진우회전진행방해,건조,맑음,교차로 - 교차로안,원동기,남,63세,중상,승용,남,53세,중상
2019102500100616,2019년 10월 25일 18시,금요일,경상남도 김해시 삼정동,경상사고,0,0,1,0,차대차 - 기타,중앙선침범,건조,맑음,단일로 - 기타,승용,남,48세,상해없음,승용,여,39세,경상
2019102500100617,2019년 10월 25일 18시,금요일,경상남도 거제시 장평동,중상사고,0,1,0,0,차대사람 - 차도통행중,안전운전불이행,건조,맑음,단일로 - 기타,승용,남,27세,상해없음,보행자,여,23세,중상
2019102500100618,2019년 10월 25일 18시,금요일,경상남도 창원시 의창구 팔용동,중상사고,0,2,1,0,차량단독 - 기타,안전운전불이행,건조,맑음,단일로 - 기타,승합,남,52세,상해없음,,,,
2019102500100619,2019년 10월 25일 18시,금요일,경상남도 김해시 전하동,중상사고,0,1,0,0,차대차 - 측면충돌,안전운전불이행,건조,맑음,교차로 - 교차로안,자전거,남,73세,중상,승합,남,59세,상해없음
2019102500100697,2019년 10월 25일 19시,금요일,경상남도 진주시 문산읍,사망사고,1,0,0,0,차대차 - 추돌,안전거리미확보,건조,맑음,단일로 - 기타,화물,남,65세,사망,농기계,남,60세,상해없음
2019102500100698,2019년 10월 25일 19시,금요일,경상남도 양산시 북부동,중상사고,0,1,0,0,차대사람 - 기타,신호위반,건조,맑음,교차로 - 교차로횡단보도내,승용,남,27세,상해없음,보행자,남,11세,중상
2019102500100745,2019년 10월 25일 20시,금요일,경상남도 거창군 거창읍,경상사고,0,0,1,0,차대차 - 측면충돌,안전운전불이행,건조,맑음,교차로 - 교차로안,승용,남,20세,상해없음,승용,여,63세,경상
2019102500100746,2019년 10월 25일 20시,금요일,경상남도 양산시 중부동,경상사고,0,0,2,0,차대차 - 측면충돌,교차로운행방법위반,건조,맑음,교차로 - 교차로안,화물,남,68세,상해없음,이륜,남,20세,경상
2019102500100747,2019년 10월 25일 20시,금요일,경상남도 고성군 고성읍,경상사고,0,0,1,0,차대차 - 추돌,안전운전불이행,건조,맑음,교차로 - 교차로안,승용,남,71세,상해없음,승용,남,38세,기타불명
2019102500100778,2019년 10월 25일 21시,금요일,경상남도 창원시 진해구 경화동,경상사고,0,0,2,0,차대차 - 추돌,안전운전불이행,건조,맑음,교차로 - 교차로안,승용,여,46세,상해없음,승용,남,54세,경상
2019102500100779,2019년 10월 25일 21시,금요일,경상남도 밀양시 내이동,경상사고,0,0,1,0,차대차 - 측면충돌,신호위반,건조,흐림,교차로 - 교차로안,승용,남,70세,상해없음,승용,여,39세,경상
2019102500100780,2019년 10월 25일 21시,금요일,경상남도 창원시 의창구 소답동,경상사고,0,0,1,0,차대사람 - 기타,안전운전불이행,건조,맑음,단일로 - 기타,승용,여,62세,상해없음,보행자,남,50세,경상
2019102500100825,2019년 10월 25일 23시,금요일,경상남도 사천시 용현면,중상사고,0,1,1,0,차대차 - 기타,안전운전불이행,건조,맑음,교차로 - 교차로안,승용,남,21세,상해없음,승용,여,59세,경상
2019102500100826,2019년 10월 25일 23시,금요일,경상남도 거제시 고현동,경상사고,0,0,1,0,차대사람 - 횡단중,보행자보호의무위반,건조,맑음,교차로 - 교차로횡단보도내,승용,남,20세,상해없음,보행자,여,17세,경상
2019102600100037,2019년 10월 26일 00시,토요일,경상남도 진주시 문산읍,경상사고,0,0,1,1,차대차 - 기타,안전운전불이행,건조,맑음,교차로 - 교차로부근,이륜,남,26세,부상신고,승용,여,27세,경상
2019102600100081,2019년 10월 26일 04시,토요일,경상남도 통영시 무전동,경상사고,0,0,1,0,차대차 - 측면충돌,교차로운행방법위반,건조,맑음,교차로 - 교차로안,승합,남,27세,상해없음,이륜,남,22세,경상
2019102600100097,2019년 10월 26일 05시,토요일,경상남도 통영시 무전동,중상사고,0,1,0,0,차대사람 - 횡단중,신호위반,건조,맑음,교차로 - 교차로안,승용,남,46세,상해없음,보행자,여,59세,중상
2019102600100098,2019년 10월 26일 05시,토요일,경상남도 거창군 거창읍,경상사고,0,0,1,0,차대차 - 측면충돌,교차로운행방법위반,건조,맑음,교차로 - 교차로안,승용,남,61세,경상,승합,남,60세,상해없음
2019102600100099,2019년 10월 26일 05시,토요일,경상남도 김해시 주촌면,중상사고,0,3,0,0,차대차 - 추돌,안전운전불이행,건조,맑음,단일로 - 기타,승용,남,83세,중상,승용,남,49세,중상
2019102600100115,2019년 10월 26일 06시,토요일,경상남도 창원시 진해구 장천동,경상사고,0,0,1,0,차대차 - 측면충돌,안전운전불이행,건조,맑음,단일로 - 기타,승용,남,43세,상해없음,원동기,남,38세,경상
2019102600100134,2019년 10월 26일 07시,토요일,경상남도 창원시 진해구 태백동,중상사고,0,1,1,0,차대차 - 정면충돌,신호위반,건조,맑음,교차로 - 교차로안,승용,남,39세,경상,화물,남,61세,중상
2019102600100157,2019년 10월 26일 08시,토요일,경상남도 밀양시 내이동,경상사고,0,0,1,0,차대사람 - 횡단중,안전운전불이행,건조,맑음,단일로 - 기타,화물,남,34세,상해없음,보행자,여,58세,경상
2019102600100186,2019년 10월 26일 09시,토요일,경상남도 진주시 남성동,중상사고,0,1,0,0,차대사람 - 횡단중,보행자보호의무위반,건조,맑음,단일로 - 기타,승용,남,41세,상해없음,보행자,남,17세,중상
2019102600100187,2019년 10월 26일 09시,토요일,경상남도 양산시 물금읍,중상사고,0,1,0,0,차대사람 - 횡단중,안전운전불이행,건조,맑음,교차로 - 교차로안,승용,남,60세,상해없음,보행자,여,80세,중상
2019102600100188,2019년 10월 26일 09시,토요일,경상남도 산청군 단성면,경상사고,0,0,1,1,차대차 - 측면충돌,교차로운행방법위반,건조,맑음,교차로 - 교차로안,화물,남,46세,부상신고,화물,남,57세,경상
2019102600100189,2019년 10월 26일 09시,토요일,경상남도 김해시 관동동,경상사고,0,0,3,0,차대차 - 측면충돌,교차로운행방법위반,건조,맑음,교차로 - 교차로안,승용,여,37세,상해없음,승용,남,63세,경상
2019102600100221,2019년 10월 26일 10시,토요일,경상남도 창원시 진해구 두동,중상사고,0,1,0,0,차량단독 - 기타,안전운전불이행,건조,맑음,단일로 - 기타,이륜,남,63세,상해없음,,,,
2019102600100260,2019년 10월 26일 11시,토요일,경상남도 창원시 진해구 풍호동,경상사고,0,0,3,0,차대차 - 측면충돌,안전운전불이행,건조,맑음,교차로 - 교차로안,승용,여,33세,경상,승용,여,56세,경상
2019102600100261,2019년 10월 26일 11시,토요일,경상남도 양산시 유산동,경상사고,0,0,3,0,차대차 - 기타,안전거리미확보,건조,맑음,교차로 - 교차로안,승합,여,67세,경상,승용,남,34세,경상
2019102600100302,2019년 10월 26일 12시,토요일,경상남도 김해시 외동,경상사고,0,0,1,0,차대차 - 측면충돌,안전운전불이행,건조,맑음,교차로 - 교차로부근,승용,남,49세,상해없음,승용,남,65세,경상
2019102600100342,2019년 10월 26일 13시,토요일,경상남도 산청군 신등면,중상사고,0,1,0,0,차대사람 - 횡단중,안전운전불이행,건조,맑음,단일로 - 기타,승용,여,27세,상해없음,보행자,여,83세,중상
2019102600100343,2019년 10월 26일 13시,토요일,경상남도 산청군 신안면,경상사고,0,0,1,0,차대차 - 측면충돌,안전거리미확보,건조,맑음,단일로 - 기타,승용,남,68세,상해없음,승용,여,33세,경상
2019102600100386,2019년 10월 26일 14시,토요일,경상남도 산청군 시천면,중상사고,0,1,1,0,차대차 - 측면충돌,안전운전불이행,건조,맑음,단일로 - 기타,화물,남,70세,경상,승용,남,64세,중상
2019102600100426,2019년 10월 26일 15시,토요일,경상남도 양산시 상북면,중상사고,0,1,0,0,차대사람 - 기타,기타,건조,맑음,단일로 - 기타,승용,남,37세,상해없음,보행자,남,8세,중상
2019102600100427,2019년 10월 26일 15시,토요일,경상남도 고성군 고성읍,중상사고,0,1,4,0,차대차 - 추돌,안전운전불이행,건조,맑음,단일로 - 기타,승합,남,48세,상해없음,승용,남,58세,중상
2019102600100428,2019년 10월 26일 15시,토요일,경상남도 창원시 마산회원구 합성동,경상사고,0,0,1,0,차대사람 - 기타,안전운전불이행,건조,맑음,단일로 - 기타,승용,남,36세,상해없음,보행자,남,29세,경상
2019102600100467,2019년 10월 26일 16시,토요일,경상남도 함안군 가야읍,경상사고,0,0,4,0,차대차 - 추돌,안전운전불이행,건조,맑음,교차로 - 교차로안,화물,남,56세,상해없음,승용,남,39세,경상
2019102600100504,2019년 10월 26일 17시,토요일,경상남도 사천시 송포동,중상사고,0,2,3,0,차대차 - 추돌,안전운전불이행,건조,맑음,교차로 - 교차로부근,승용,남,33세,상해없음,승용,여,53세,경상
2019102600100505,2019년 10월 26일 17시,토요일,경상남도 밀양시 상남면,중상사고,0,1,0,0,차대차 - 측면충돌,안전운전불이행,건조,맑음,단일로 - 기타,승용,남,50세,상해없음,이륜,남,70세,중상
2019102600100506,2019년 10월 26일 17시,토요일,경상남도 거제시 아양동,중상사고,0,1,0,0,차대차 - 기타,신호위반,건조,맑음,교차로 - 교차로부근,승용,남,54세,상해없음,이륜,남,27세,중상
2019102600100589,2019년 10월 26일 19시,토요일,경상남도 김해시 내동,중상사고,0,1,0,0,차대사람 - 기타,안전운전불이행,건조,맑음,단일로 - 기타,승용,남,46세,상해없음,보행자,남,49세,중상