사고번호,사고일시,요일,시군구,사고내용,사망자수,중상자수,경상자수,부상신고자수,사고유형,법규위반,노면상태,기상상태,도로형태,가해운전자 차종,가해운전자 성별,가해운전자 연령,가해운전자 상해정도,피해운전자 차종,피해운전자 성별,피해운전자 연령,피해운전자 상해정도
2019102600100633,2019년 10월 26일 20시,토요일,경상남도 창원시 마산합포구 신포동1가,중상사고,0,1,0,0,차대사람 - 기타,안전운전불이행,건조,맑음,주차장 - 주차장,승용,남,56세,상해없음,보행자,여,55세,중상
2019102600100634,2019년 10월 26일 20시,토요일,경상남도 김해시 부원동,중상사고,0,1,0,0,차대사람 - 기타,안전운전불이행,건조,맑음,단일로 - 기타,승용,여,59세,상해없음,보행자,남,6세,중상
2019102600100635,2019년 10월 26일 20시,토요일,경상남도 양산시 물금읍,경상사고,0,0,3,0,차대차 - 측면충돌,안전운전불이행,건조,맑음,교차로 - 교차로안,승용,여,61세,경상,승용,남,36세,경상
2019102600100667,2019년 10월 26일 21시,토요일,경상남도 김해시 율하동,중상사고,0,1,0,0,차대차 - 측면충돌,신호위반,건조,맑음,교차로 - 교차로안,이륜,남,17세,상해없음,이륜,남,18세,중상
2019102600100696,2019년 10월 26일 22시,토요일,경상남도 통영시 광도면,경상사고,0,0,2,0,차대사람 - 횡단중,안전운전불이행,건조,맑음,교차로 - 교차로안,승용,여,48세,상해없음,보행자,남,30세,경상
2019102600100697,2019년 10월 26일 22시,토요일,경상남도 창녕군 영산면,중상사고,0,1,1,0,차대차 - 측면충돌,신호위반,건조,맑음,교차로 - 교차로안,승용,남,40세,경상,승용,여,48세,중상
2019102600100698,2019년 10월 26일 22시,토요일,경상남도 양산시 신기동,경상사고,0,0,1,0,차대차 - 측면충돌,안전운전불이행,건조,맑음,교차로 - 교차로부근,원동기,남,37세,경상,승용,남,46세,상해없음
2019102600100722,2019년 10월 26일 23시,토요일,경상남도 사천시 벌리동,경상사고,0,0,3,0,차대차 - 측면충돌,신호위반,건조,맑음,교차로 - 교차로안,승용,남,55세,상해없음,승용,남,55세,경상
2019102700100046,2019년 10월 27일 00시,일요일,경상남도 창원시 진해구 용원동,경상사고,0,0,1,0,차대사람 - 차도통행중,안전운전불이행,건조,맑음,교차로 - 교차로부근,승용,여,56세,상해없음,보행자,남,33세,경상
2019102700100138,2019년 10월 27일 07시,일요일,경상남도 거제시 사등면,사망사고,1,0,0,0,차대차 - 추돌,안전운전불이행,건조,맑음,단일로 - 기타,이륜,남,41세,상해없음,승용,여,57세,상해없음
2019102700100155,2019년 10월 27일 08시,일요일,경상남도 양산시 삼호동,경상사고,0,0,1,0,차대차 - 측면충돌,교차로운행방법위반,건조,맑음,교차로 - 교차로안,승용,여,44세,상해없음,승합,남,54세,경상
2019102700100156,2019년 10월 27일 08시,일요일,경상남도 함안군 칠원읍,경상사고,0,0,1,0,차대차 - 추돌,안전운전불이행,건조,맑음,교차로 - 교차로부근,승용,남,55세,상해없음,승용,여,40세,경상
2019102700100157,2019년 10월 27일 08시,일요일,경상남도 창원시 마산합포구 산호동,경상사고,0,0,1,0,차대차 - 측면충돌,안전운전불이행,건조,맑음,교차로 - 교차로안,승용,남,53세,상해없음,이륜,남,36세,경상
2019102700100174,2019년 10월 27일 09시,일요일,경상남도 사천시 벌리동,부상신고사고,0,0,0,1,차대차 - 측면충돌,안전거리미확보,건조,맑음,교차로 - 교차로부근,화물,남,74세,상해없음,승용,여,59세,부상신고
2019102700100175,2019년 10월 27일 09시,일요일,경상남도 김해시 부원동,중상사고,0,1,0,0,차대차 - 측면충돌,교차로운행방법위반,건조,맑음,교차로 - 교차로안,승합,남,48세,상해없음,자전거,남,77세,중상
2019102700100176,2019년 10월 27일 09시,일요일,경상남도 창녕군 창녕읍,중상사고,0,1,0,0,차대사람 - 기타,안전운전불이행,건조,맑음,단일로 - 기타,승용,여,49세,상해없음,보행자,여,50세,중상
2019102700100201,2019년 10월 27일 10시,일요일,경상남도 창녕군 영산면,중상사고,0,1,0,0,차대사람 - 횡단중,안전운전불이행,건조,맑음,단일로 - 기타,화물,남,67세,상해없음,보행자,여,67세,중상
2019102700100231,2019년 10월 27일 11시,일요일,경상남도 합천군 삼가면,중상사고,0,1,0,0,차량단독 - 전도전복 - 전도,안전운전불이행,건조,맑음,단일로 - 기타,이륜,남,78세,중상,,,,
2019102700100232,2019년 10월 27일 11시,일요일,경상남도 고성군 회화면,경상사고,0,0,3,2,차대차 - 추돌,안전운전불이행,건조,맑음,단일로 - 기타,승용,여,25세,상해없음,승합,남,62세,부상신고
2019102700100259,2019년 10월 27일 12시,일요일,경상남도 진주시 충무공동,경상사고,0,0,1,0,차대차 - 측면충돌,신호위반,건조,맑음,교차로 - 교차로안,승용,남,25세,상해없음,승용,남,60세,경상
2019102700100260,2019년 10월 27일 12시,일요일,경상남도 통영시 도남동,중상사고,0,3,0,0,차대차 - 추돌,안전운전불이행,건조,맑음,단일로 - 기타,승용,여,39세,상해없음,승용,여,35세,중상
2019102700100261,2019년 10월 27일 12시,일요일,경상남도 사천시 향촌동,중상사고,0,1,0,0,차대차 - 측면충돌,기타,건조,맑음,단일로 - 기타,승용,여,52세,상해없음,자전거,남,50세,중상
2019102700100262,2019년 10월 27일 12시,일요일,경상남도 김해시 봉황동,중상사고,0,1,0,0,차대차 - 기타,안전운전불이행,건조,맑음,교차로 - 교차로안,승용,남,57세,상해없음,자전거,여,63세,중상
2019102700100263,2019년 10월 27일 12시,일요일,경상남도 창녕군 도천면,중상사고,0,2,2,0,차대차 - 추돌,안전운전불이행,건조,맑음,교차로 - 교차로부근,화물,남,82세,상해없음,승용,여,55세,경상
2019102700100264,2019년 10월 27일 12시,일요일,경상남도 함안군 칠원읍,경상사고,0,0,1,4,차대차 - 추돌,안전운전불이행,건조,맑음,단일로 - 기타,승용,남,22세,상해없음,승용,남,66세,경상
2019102700100298,2019년 10월 27일 13시,일요일,경상남도 김해시 대동면,중상사고,0,1,0,0,차대사람 - 기타,기타,건조,맑음,단일로 - 기타,승합,남,59세,상해없음,보행자,여,74세,중상
2019102700100299,2019년 10월 27일 13시,일요일,경상남도 산청군 신등면,중상사고,0,1,0,0,차대사람 - 차도통행중,안전운전불이행,건조,맑음,단일로 - 기타,승용,남,62세,상해없음,보행자,여,70세,중상
2019102700100300,2019년 10월 27일 13시,일요일,경상남도 함안군 대산면,경상사고,0,0,3,0,차대차 - 측면충돌,안전운전불이행,건조,맑음,단일로 - 기타,화물,남,58세,기타불명,승용,남,37세,경상
2019102700100301,2019년 10월 27일 13시,일요일,경상남도 진주시 지수면,중상사고,0,1,0,0,차대사람 - 기타,안전운전불이행,건조,맑음,단일로 - 기타,특수,남,42세,상해없음,보행자,남,74세,중상
2019102700100339,2019년 10월 27일 14시,일요일,경상남도 창녕군 대지면,경상사고,0,0,1,0,차대차 - 기타,안전운전불이행,건조,맑음,단일로 - 기타,승용,남,78세,상해없음,이륜,여,73세,경상
2019102700100382,2019년 10월 27일 15시,일요일,경상남도 통영시 광도면,중상사고,0,1,0,0,차대차 - 측면충돌,안전운전불이행,건조,맑음,교차로 - 교차로안,승용,남,72세,상해없음,승용,여,64세,중상
2019102700100383,2019년 10월 27일 15시,일요일,경상남도 밀양시 하남읍,경상사고,0,0,1,0,차대차 - 추돌,안전운전불이행,건조,맑음,단일로 - 기타,승용,여,42세,상해없음,승용,여,43세,경상
2019102700100384,2019년 10월 27일 15시,일요일,경상남도 거창군 거창읍,중상사고,0,1,0,0,차대차 - 측면충돌,안전운전불이행,건조,맑음,교차로 - 교차로안,승용,남,50세,상해없음,승용,여,56세,상해없음
2019102700100385,2019년 10월 27일 15시,일요일,경상남도 함양군 안의면,경상사고,0,0,1,0,차량단독 - 전도전복 - 전도,안전운전불이행,건조,맑음,단일로 - 지하차도(도로)내,이륜,남,40세,경상,,,,
2019102700100386,2019년 10월 27일 15시,일요일,경상남도 거제시 아주동,중상사고,0,1,1,0,차대차 - 추돌,안전거리미확보,건조,맑음,단일로 - 터널,승용,여,39세,상해없음,승용,남,38세,경상
2019102700100387,2019년 10월 27일 15시,일요일,경상남도 거제시 고현동,중상사고,0,1,0,0,차량단독 - 기타,안전운전불이행,건조,맑음,기타 - 기타,승합,남,50세,상해없음,,,,
2019102700100423,2019년 10월 27일 16시,일요일,경상남도 진주시 신안동,중상사고,0,1,0,0,차대사람 - 차도통행중,안전운전불이행,건조,맑음,단일로 - 기타,승용,여,62세,상해없음,보행자,여,58세,중상
2019102700100454,2019년 10월 27일 17시,일요일,경상남도 밀양시 단장면,경상사고,0,0,1,0,차대차 - 측면충돌,중앙선침범,건조,맑음,단일로 - 기타,이륜,남,46세,상해없음,승용,남,32세,경상
2019102700100455,2019년 10월 27일 17시,일요일,경상남도 김해시 어방동,경상사고,0,0,1,0,차대차 - 기타,직진우회전진행방해,건조,맑음,교차로 - 교차로안,승용,여,53세,상해없음,자전거,남,27세,경상
2019102700100456,2019년 10월 27일 17시,일요일,경상남도 양산시 소주동,중상사고,0,1,0,0,차대사람 - 횡단중,보행자보호의무위반,건조,맑음,교차로 - 교차로횡단보도내,승합,남,36세,상해없음,보행자,남,90세 이상,중상
2019102700100543,2019년 10월 27일 19시,일요일,경상남도 김해시 주촌면,중상사고,0,1,0,0,차대차 - 측면충돌,안전운전불이행,건조,맑음,단일로 - 기타,승용,여,53세,상해없음,승용,남,66세,중상
2019102700100567,2019년 10월 27일 20시,일요일,경상남도 진주시 하대동,경상사고,0,0,1,0,차대차 - 추돌,안전운전불이행,건조,맑음,단일로 - 기타,화물,남,44세,상해없음,승용,남,36세,경상
2019102700100599,2019년 10월 27일 21시,일요일,경상남도 양산시 삼호동,중상사고,0,1,0,0,차대차 - 기타,중앙선침범,건조,맑음,단일로 - 기타,승용,남,49세,상해없음,이륜,남,29세,중상
2019102700100600,2019년 10월 27일 21시,일요일,경상남도 양산시 평산동,경상사고,0,0,2,0,차대차 - 측면충돌,교차로운행방법위반,건조,맑음,교차로 - 교차로안,승용,남,22세,상해없음,승용,남,47세,경상
2019102700100601,2019년 10월 27일 21시,일요일,경상남도 창원시 성산구 중앙동,사망사고,1,2,0,0,차대차 - 추돌,안전운전불이행,건조,맑음,단일로 - 기타,승용,남,28세,상해없음,승용,여,29세,중상
2019102700100602,2019년 10월 27일 21시,일요일,경상남도 창원시 성산구 상남동,중상사고,0,1,0,0,차대차 - 측면충돌,중앙선침범,건조,맑음,단일로 - 기타,승용,남,24세,상해없음,이륜,남,42세,중상
2019102700100603,2019년 10월 27일 21시,일요일,경상남도 하동군 진교면,경상사고,0,0,2,0,차대차 - 기타,안전운전불이행,건조,맑음,단일로 - 기타,특수,남,63세,상해없음,승용,남,29세,경상
2019102700100619,2019년 10월 27일 22시,일요일,경상남도 창원시 마산합포구 예곡동,중상사고,0,3,0,0,차대차 - 정면충돌,중앙선침범,건조,맑음,단일로 - 기타,승용,남,52세,중상,승용,남,43세,중상
2019102700100635,2019년 10월 27일 23시,일요일,경상남도 김해시 외동,경상사고,0,0,4,0,차대차 - 기타,안전운전불이행,건조,맑음,단일로 - 기타,승용,남,27세,상해없음,승용,남,28세,경상
2019102800100064,2019년 10월 28일 05시,월요일,경상남도 김해시 부원동,경상사고,0,0,1,0,차대차 - 기타,안전운전불이행,건조,맑음,단일로 - 기타,승용,남,33세,상해없음,원동기,남,70세,경상
2019102800100102,2019년 10월 28일 07시,월요일,경상남도 창원시 진해구 이동,경상사고,0,0,5,0,차대차 - 기타,중앙선침범,건조,맑음,교차로 - 교차로부근,승용,남,49세,경상,승합,남,63세,경상
2019102800100103,2019년 10월 28일 07시,월요일,경상남도 밀양시 삼문동,경상사고,0,0,1,0,차대차 - 측면충돌,안전운전불이행,건조,맑음,교차로 - 교차로안,승용,남,74세,상해없음,승용,여,58세,경상
2019102800100149,2019년 10월 28일 08시,월요일,경상남도 양산시 교동,경상사고,0,0,1,0,차대차 - 측면충돌,안전거리미확보,건조,맑음,단일로 - 기타,화물,남,63세,상해없음,승용,여,28세,경상
2019102800100150,2019년 10월 28일 08시,월요일,경상남도 창원시 성산구 상남동,부상신고사고,0,0,0,1,차대차 - 기타,안전운전불이행,건조,맑음,교차로 - 교차로부근,기타불명,기타불명,미분류,기타불명,자전거,여,57세,부상신고
2019102800100151,2019년 10월 28일 08시,월요일,경상남도 창원시 마산회원구 내서읍,경상사고,0,0,1,0,차대차 - 측면충돌,안전운전불이행,건조,맑음,교차로 - 교차로횡단보도내,승용,여,68세,상해없음,자전거,남,79세,경상
2019102800100152,2019년 10월 28일 08시,월요일,경상남도 창원시 의창구 팔용동,중상사고,0,1,0,0,차대사람 - 기타,안전운전불이행,건조,맑음,교차로 - 교차로안,승용,남,29세,상해없음,보행자,남,79세,중상
2019102800100224,2019년 10월 28일 10시,월요일,경상남도 통영시 서호동,중상사고,0,1,0,0,차대차 - 기타,중앙선침범,건조,맑음,단일로 - 기타,승용,여,50세,상해없음,자전거,남,77세,중상
2019102800100225,2019년 10월 28일 10시,월요일,경상남도 통영시 광도면,중상사고,0,2,6,0,차대차 - 기타,안전운전불이행,건조,맑음,교차로 - 교차로부근,승합,남,54세,상해없음,승합,남,65세,경상
2019102800100226,2019년 10월 28일 10시,월요일,경상남도 김해시 내동,경상사고,0,0,3,0,차대차 - 측면충돌,안전운전불이행,건조,맑음,단일로 - 기타,승용,남,65세,상해없음,승용,여,34세,경상
2019102800100227,2019년 10월 28일 10시,월요일,경상남도 창원시 의창구 동읍,경상사고,0,0,1,0,차대차 - 기타,안전운전불이행,건조,맑음,교차로 - 교차로안,화물,남,53세,상해없음,승용,남,60세,경상
2019102800100269,2019년 10월 28일 11시,월요일,경상남도 밀양시 삼문동,중상사고,0,1,0,0,차대사람 - 횡단중,보행자보호의무위반,건조,맑음,단일로 - 기타,이륜,남,53세,상해없음,보행자,여,74세,중상
2019102800100270,2019년 10월 28일 11시,월요일,경상남도 함안군 가야읍,경상사고,0,0,1,0,차대차 - 추돌,안전운전불이행,건조,맑음,교차로 - 교차로안,화물,남,63세,상해없음,이륜,남,46세,경상
2019102800100308,2019년 10월 28일 12시,월요일,경상남도 함양군 안의면,중상사고,0,2,0,0,차대차 - 정면충돌,신호위반,건조,맑음,교차로 - 교차로안,승용,여,62세,중상,화물,남,62세,중상
2019102800100343,2019년 10월 28일 13시,월요일,경상남도 밀양시 삼랑진읍,경상사고,0,0,2,0,차대사람 - 길가장자리구역통행중,안전운전불이행,건조,맑음,단일로 - 기타,화물,남,69세,상해없음,보행자,남,64세,경상
2019102800100344,2019년 10월 28일 13시,월요일,경상남도 양산시 하북면,중상사고,0,1,0,0,차대사람 - 기타,안전운전불이행,건조,맑음,단일로 - 기타,승용,여,69세,상해없음,보행자,여,71세,중상
2019102800100380,2019년 10월 28일 14시,월요일,경상남도 창원시 진해구 석동,경상사고,0,0,1,0,차대차 - 기타,안전운전불이행,건조,맑음,교차로 - 교차로부근,승용,남,62세,상해없음,자전거,여,70세,경상
2019102800100381,2019년 10월 28일 14시,월요일,경상남도 거창군 거창읍,중상사고,0,1,0,0,차대차 - 측면충돌,교차로운행방법위반,건조,맑음,교차로 - 교차로안,승용,남,55세,상해없음,이륜,남,73세,중상
2019102800100382,2019년 10월 28일 14시,월요일,경상남도 김해시 진영읍,경상사고,0,0,1,0,차대차 - 측면충돌,안전운전불이행,건조,맑음,단일로 - 기타,승용,여,51세,상해없음,자전거,남,70세,경상
2019102800100428,2019년 10월 28일 15시,월요일,경상남도 김해시 외동,경상사고,0,0,1,0,차량단독 - 도로외이탈 - 기타,안전운전불이행,건조,맑음,단일로 - 기타,사륜오토바이(ATV),여,72세,경상,,,,
2019102800100429,2019년 10월 28일 15시,월요일,경상남도 고성군 거류면,중상사고,0,1,0,0,차량단독 - 기타,안전운전불이행,건조,맑음,단일로 - 기타,원동기,여,55세,중상,,,,
2019102800100454,2019년 10월 28일 16시,월요일,경상남도 창원시 진해구 석동,경상사고,0,0,3,0,차대차 - 측면충돌,신호위반,건조,맑음,교차로 - 교차로부근,승용,남,68세,상해없음,승용,남,38세,경상
2019102800100455,2019년 10월 28일 16시,월요일,경상남도 함양군 휴천면,중상사고,0,1,0,1,차량단독 - 공작물충돌,안전운전불이행,건조,맑음,단일로 - 기타,승용,남,72세,부상신고,,,,
2019102800100507,2019년 10월 28일 17시,월요일,경상남도 함안군 가야읍,중상사고,0,1,0,0,차대사람 - 기타,안전운전불이행,건조,맑음,교차로 - 교차로부근,화물,남,64세,상해없음,보행자,여,56세,중상
2019102800100562,2019년 10월 28일 18시,월요일,경상남도 진주시 강남동,중상사고,0,1,0,0,차대차 - 기타,안전운전불이행,건조,맑음,단일로 - 기타,승용,남,27세,상해없음,자전거,남,24세,중상
2019102800100563,2019년 10월 28일 18시,월요일,경상남도 창원시 진해구 용원동,중상사고,0,1,0,0,차대차 - 추돌,안전거리미확보,건조,맑음,교차로 - 교차로안,승용,남,39세,상해없음,승용,여,60세,중상
2019102800100564,2019년 10월 28일 18시,월요일,경상남도 양산시 평산동,중상사고,0,1,0,0,차대사람 - 횡단중,안전운전불이행,건조,맑음,교차로 - 교차로안,승용,남,46세,상해없음,보행자,여,46세,중상
2019102800100565,2019년 10월 28일 18시,월요일,경상남도 양산시 하북면,사망사고,1,0,0,0,차대사람 - 기타,안전운전불이행,건조,맑음,단일로 - 기타,화물,남,60세,상해없음,보행자,남,83세,사망
2019102800100566,2019년 10월 28일 18시,월요일,경상남도 창원시 마산회원구 합성동,경상사고,0,0,1,0,차대사람 - 횡단중,안전운전불이행,건조,맑음,단일로 - 기타,자전거,남,18세,상해없음,보행자,여,71세,경상
2019102800100617,2019년 10월 28일 19시,월요일,경상남도 통영시 문화동,중상사고,0,1,0,0,차대사람 - 기타,안전운전불이행,건조,맑음,단일로 - 기타,승용,남,59세,상해없음,보행자,여,80세,중상
2019102800100618,2019년 10월 28일 19시,월요일,경상남도 밀양시 삼문동,경상사고,0,0,1,0,차대차 - 측면충돌,신호위반,건조,맑음,교차로 - 교차로부근,이륜,남,45세,상해없음,자전거,여,63세,경상
2019102800100619,2019년 10월 28일 19시,월요일,경상남도 함안군 칠원읍,중상사고,0,1,0,0,차대차 - 추돌,안전운전불이행,건조,맑음,단일로 - 터널,화물,남,33세,기타불명,승용,남,67세,중상
2019102800100644,2019년 10월 28일 20시,월요일,경상남도 양산시 신기동,중상사고,0,1,0,0,차대차 - 측면충돌,안전운전불이행,건조,맑음,단일로 - 기타,원동기,남,43세,상해없음,원동기,남,61세,중상
2019102800100645,2019년 10월 28일 20시,월요일,경상남도 창원시 의창구 중동,경상사고,0,0,1,0,차대사람 - 횡단중,보행자보호의무위반,건조,맑음,교차로 - 교차로안,승용,남,24세,상해없음,보행자,남,51세,경상
2019102900100053,2019년 10월 29일 02시,화요일,경상남도 거제시 고현동,경상사고,0,0,3,0,차대차 - 측면충돌,안전운전불이행,건조,맑음,교차로 - 교차로안,승용,여,37세,상해없음,승용,남,48세,경상
2019102900100061,2019년 10월 29일 03시,화요일,경상남도 함안군 가야읍,경상사고,0,0,1,0,차량단독 - 공작물충돌,안전운전불이행,건조,맑음,단일로 - 기타,화물,여,47세,경상,,,,
2019102900100118,2019년 10월 29일 07시,화요일,경상남도 창원시 진해구 남문동,경상사고,0,0,2,0,차대차 - 측면충돌,신호위반,건조,맑음,교차로 - 교차로안,화물,남,65세,경상,승용,남,60세,경상
2019102900100119,2019년 10월 29일 07시,화요일,경상남도 양산시 삼호동,중상사고,0,1,0,0,차대차 - 기타,교차로운행방법위반,건조,맑음,교차로 - 교차로안,승합,남,39세,상해없음,승용,남,27세,중상
2019102900100141,2019년 10월 29일 08시,화요일,경상남도 김해시 불암동,경상사고,0,0,1,0,차대차 - 추돌,안전운전불이행,건조,맑음,단일로 - 기타,화물,남,53세,경상,화물,남,52세,상해없음
2019102900100172,2019년 10월 29일 08시,화요일,경상남도 진주시 일반성면,중상사고,0,1,0,0,차대사람 - 기타,안전운전불이행,건조,맑음,단일로 - 기타,승용,남,82세,상해없음,보행자,여,82세,중상
2019102900100173,2019년 10월 29일 08시,화요일,경상남도 통영시 미수동,경상사고,0,0,2,0,차대차 - 추돌,안전거리미확보,건조,맑음,단일로 - 교량,승용,여,37세,상해없음,승용,남,45세,경상
2019102900100174,2019년 10월 29일 08시,화요일,경상남도 김해시 신문동,경상사고,0,0,1,0,차량단독 - 공작물충돌,안전운전불이행,건조,맑음,단일로 - 기타,승용,여,42세,경상,,,,
2019102900100207,2019년 10월 29일 09시,화요일,경상남도 창원시 진해구 석동,부상신고사고,0,0,0,1,차량단독 - 전도전복 - 전도,안전운전불이행,건조,맑음,교차로 - 교차로안,원동기,남,56세,부상신고,,,,
2019102900100208,2019년 10월 29일 09시,화요일,경상남도 거제시 고현동,경상사고,0,0,1,0,차대사람 - 기타,안전운전불이행,건조,맑음,단일로 - 기타,승용,남,59세,상해없음,보행자,남,34세,경상
2019102900100302,2019년 10월 29일 12시,화요일,경상남도 진주시 가좌동,중상사고,0,1,0,0,차대사람 - 차도통행중,안전운전불이행,건조,맑음,단일로 - 기타,승용,남,45세,상해없음,보행자,여,76세,중상
2019102900100303,2019년 10월 29일 12시,화요일,경상남도 창녕군 남지읍,중상사고,0,1,0,0,차대차 - 기타,안전운전불이행,건조,맑음,교차로 - 교차로안,이륜,남,54세,중상,승용,남,59세,상해없음
2019102900100304,2019년 10월 29일 12시,화요일,경상남도 양산시 북부동,중상사고,0,1,0,0,차대차 - 기타,안전운전불이행,건조,맑음,단일로 - 기타,승용,남,31세,상해없음,이륜,남,71세,중상
2019102900100338,2019년 10월 29일 13시,화요일,경상남도 진주시 상봉동,중상사고,0,1,0,0,차대차 - 측면충돌,안전운전불이행,건조,맑음,단일로 - 기타,승용,여,46세,상해없음,원동기,여,47세,중상
2019102900100371,2019년 10월 29일 14시,화요일,경상남도 김해시 어방동,경상사고,0,0,2,0,차대사람 - 횡단중,보행자보호의무위반,건조,맑음,교차로 - 교차로횡단보도내,승합,남,57세,상해없음,보행자,남,19세,경상
2019102900100372,2019년 10월 29일 14시,화요일,경상남도 창녕군 남지읍,경상사고,0,0,1,0,차대사람 - 기타,신호위반,건조,맑음,단일로 - 기타,원동기,여,63세,상해없음,보행자,여,12세,경상
2019102900100373,2019년 10월 29일 14시,화요일,경상남도 함안군 칠서면,중상사고,0,1,1,0,차대차 - 측면충돌,신호위반,건조,맑음,교차로 - 교차로안,화물,남,79세,중상,화물,남,61세,경상
2019102900100423,2019년 10월 29일 15시,화요일,경상남도 창녕군 부곡면,경상사고,0,0,1,0,차대차 - 기타,신호위반,건조,맑음,교차로 - 교차로안,승용,남,55세,상해없음,이륜,남,53세,상해없음
2019102900100424,2019년 10월 29일 15시,화요일,경상남도 창원시 의창구 도계동,중상사고,0,1,0,0,차대사람 - 보도통행중,보행자보호의무위반,건조,맑음,단일로 - 기타,승용,남,31세,상해없음,보행자,남,11세,중상
2019102900100470,2019년 10월 29일 16시,화요일,경상남도 통영시 북신동,중상사고,0,1,0,0,차대사람 - 횡단중,보행자보호의무위반,건조,맑음,교차로 - 교차로횡단보도내,화물,여,53세,상해없음,보행자,여,74세,중상
2019102900100471,2019년 10월 29일 16시,화요일,경상남도 밀양시 하남읍,중상사고,0,1,0,0,차대차 - 정면충돌,안전운전불이행,건조,맑음,단일로 - 기타,승용,여,60세,상해없음,이륜,남,80세,중상
2019102900100515,2019년 10월 29일 17시,화요일,경상남도 창녕군 창녕읍,중상사고,0,1,0,0,차대사람 - 기타,안전운전불이행,건조,맑음,교차로 - 교차로안,승용,여,37세,상해없음,보행자,여,83세,중상
2019102900100516,2019년 10월 29일 17시,화요일,경상남도 창원시 성산구 상남동,경상사고,0,0,1,0,차대차 - 측면충돌,안전운전불이행,건조,맑음,교차로 - 교차로안,특수,남,63세,상해없음,승용,남,28세,경상
2019102900100569,2019년 10월 29일 18시,화요일,경상남도 창원시 진해구 풍호동,경상사고,0,0,1,0,차대사람 - 기타,안전운전불이행,건조,맑음,교차로 - 교차로안,승용,여,43세,상해없음,보행자,여,7세,경상
2019102900100570,2019년 10월 29일 18시,화요일,경상남도 함양군 함양읍,경상사고,0,0,1,0,차대차 - 측면충돌,교차로운행방법위반,건조,맑음,교차로 - 교차로안,승용,남,58세,상해없음,화물,남,33세,경상
2019102900100571,2019년 10월 29일 18시,화요일,경상남도 창원시 의창구 중동,경상사고,0,0,1,0,차대차 - 측면충돌,안전거리미확보,건조,맑음,단일로 - 기타,승용,여,44세,상해없음,화물,남,28세,경상
2019102900100618,2019년 10월 29일 19시,화요일,경상남도 창원시 마산합포구 신포동1가,경상사고,0,0,1,0,차대차 - 측면충돌,신호위반,건조,맑음,교차로 - 교차로안,승용,남,70세,상해없음,승용,남,39세,경상
2019102900100619,2019년 10월 29일 19시,화요일,경상남도 창원시 진해구 광화동,경상사고,0,0,1,0,차대차 - 측면충돌,차로위반,건조,맑음,교차로 - 교차로안,승용,남,52세,상해없음,승용,남,52세,경상
2019102900100620,2019년 10월 29일 19시,화요일,경상남도 창원시 마산회원구 양덕동,경상사고,0,0,1,0,차대차 - 측면충돌,안전운전불이행,건조,맑음,단일로 - 기타,승용,여,52세,상해없음,승용,여,25세,경상
2019102900100660,2019년 10월 29일 20시,화요일,경상남도 창원시 마산합포구 중앙동2가,중상사고,0,1,0,0,차대차 - 정면충돌,신호위반,건조,맑음,교차로 - 교차로안,승용,남,46세,상해없음,승용,여,48세,중상
2019102900100661,2019년 10월 29일 20시,화요일,경상남도 김해시 구산동,중상사고,0,1,0,0,차대사람 - 횡단중,보행자보호의무위반,건조,맑음,교차로 - 교차로횡단보도내,승용,여,52세,상해없음,보행자,남,68세,중상
2019102900100662,2019년 10월 29일 20시,화요일,경상남도 창녕군 대합면,경상사고,0,0,1,0,차대차 - 기타,안전운전불이행,건조,맑음,단일로 - 기타,승용,남,23세,경상,화물,남,53세,기타불명
2019102900100709,2019년 10월 29일 22시,화요일,경상남도 양산시 물금읍,경상사고,0,0,2,0,차대차 - 측면충돌,차로위반,건조,맑음,교차로 - 교차로부근,승용,여,49세,상해없음,승용,남,36세,경상
2019102900100731,2019년 10월 29일 23시,화요일,경상남도 통영시 용남면,경상사고,0,0,1,0,차량단독 - 기타,안전운전불이행,건조,맑음,단일로 - 기타,이륜,남,31세,경상,,,,
2019103000100043,2019년 10월 30일 00시,수요일,경상남도 통영시 서호동,부상신고사고,0,0,0,1,차대사람 - 횡단중,안전운전불이행,건조,맑음,단일로 - 기타,승용,남,42세,상해없음,보행자,남,65세,부상신고
2019103000100044,2019년 10월 30일 00시,수요일,경상남도 양산시 남부동,경상사고,0,0,1,0,차대차 - 측면충돌,안전운전불이행,건조,맑음,단일로 - 기타,자전거,남,25세,경상,승용,남,30세,상해없음
2019103000100053,2019년 10월 30일 01시,수요일,경상남도 창원시 의창구 팔용동,경상사고,0,0,3,0,차대차 - 추돌,안전거리미확보,건조,맑음,교차로 - 교차로부근,승용,남,65세,상해없음,승용,남,30세,경상
2019103000100061,2019년 10월 30일 02시,수요일,경상남도 함안군 가야읍,사망사고,1,0,0,0,차대차 - 추돌,안전운전불이행,건조,맑음,단일로 - 기타,승용,남,55세,사망,특수,남,22세,상해없음
2019103000100083,2019년 10월 30일 05시,수요일,경상남도 밀양시 부북면,중상사고,0,1,0,0,차대차 - 추돌,안전운전불이행,건조,맑음,단일로 - 기타,승용,여,56세,상해없음,농기계,남,67세,중상