사고번호,사고일시,요일,시군구,사고내용,사망자수,중상자수,경상자수,부상신고자수,사고유형,법규위반,노면상태,기상상태,도로형태,가해운전자 차종,가해운전자 성별,가해운전자 연령,가해운전자 상해정도,피해운전자 차종,피해운전자 성별,피해운전자 연령,피해운전자 상해정도
2019110400100564,2019년 11월 4일 17시,월요일,경상남도 창원시 의창구 대산면,경상사고,0,0,1,0,차대차 - 측면충돌,직진우회전진행방해,건조,맑음,교차로 - 교차로안,승용,남,57세,상해없음,이륜,남,82세,경상
2019110400100565,2019년 11월 4일 17시,월요일,경상남도 김해시 관동동,부상신고사고,0,0,0,1,차대사람 - 기타,안전운전불이행,건조,맑음,단일로 - 기타,승합,남,44세,상해없음,보행자,남,47세,부상신고
2019110400100625,2019년 11월 4일 18시,월요일,경상남도 합천군 쌍백면,경상사고,0,0,1,0,차량단독 - 도로외이탈 - 추락,안전운전불이행,건조,맑음,단일로 - 기타,이륜,남,58세,경상,,,,
2019110400100626,2019년 11월 4일 18시,월요일,경상남도 양산시 삼호동,부상신고사고,0,0,0,1,차대차 - 측면충돌,안전운전불이행,건조,맑음,교차로 - 교차로안,승용,여,50세,상해없음,승용,남,33세,부상신고
2019110400100627,2019년 11월 4일 18시,월요일,경상남도 거제시 능포동,중상사고,0,1,0,0,차대사람 - 횡단중,보행자보호의무위반,건조,맑음,교차로 - 교차로횡단보도내,승용,여,32세,상해없음,보행자,여,70세,중상
2019110400100676,2019년 11월 4일 19시,월요일,경상남도 통영시 광도면,경상사고,0,0,3,0,차대차 - 추돌,안전운전불이행,건조,맑음,단일로 - 기타,승용,여,40세,경상,화물,남,53세,경상
2019110400100677,2019년 11월 4일 19시,월요일,경상남도 김해시 율하동,경상사고,0,0,1,0,차대차 - 추돌,중앙선침범,건조,맑음,단일로 - 기타,승용,남,33세,상해없음,이륜,남,18세,경상
2019110400100711,2019년 11월 4일 20시,월요일,경상남도 김해시 생림면,중상사고,0,1,0,0,차량단독 - 전도전복 - 전도,안전운전불이행,건조,맑음,단일로 - 기타,이륜,남,59세,중상,,,,
2019110400100740,2019년 11월 4일 21시,월요일,경상남도 창원시 마산합포구 오동동,중상사고,0,1,0,0,차대사람 - 차도통행중,안전운전불이행,건조,맑음,단일로 - 기타,승용,남,56세,상해없음,보행자,남,63세,중상
2019110400100741,2019년 11월 4일 21시,월요일,경상남도 김해시 대성동,경상사고,0,0,1,0,차대차 - 측면충돌,안전운전불이행,건조,맑음,교차로 - 교차로안,승용,남,23세,상해없음,이륜,남,26세,경상
2019110400100742,2019년 11월 4일 21시,월요일,경상남도 김해시 삼계동,경상사고,0,0,1,0,차대차 - 추돌,안전거리미확보,건조,맑음,교차로 - 교차로안,이륜,남,39세,경상,승용,여,42세,상해없음
2019110400100743,2019년 11월 4일 21시,월요일,경상남도 거제시 상동동,중상사고,0,1,0,0,차대차 - 측면충돌,안전운전불이행,건조,맑음,교차로 - 교차로안,승용,여,43세,상해없음,자전거,남,18세,중상
2019110400100766,2019년 11월 4일 22시,월요일,경상남도 김해시 외동,경상사고,0,0,2,0,차대차 - 측면충돌,안전운전불이행,건조,맑음,교차로 - 교차로안,이륜,남,18세,경상,승용,남,26세,상해없음
2019110400100789,2019년 11월 4일 23시,월요일,경상남도 창원시 의창구 명서동,경상사고,0,0,1,0,차대사람 - 횡단중,불법유턴,건조,맑음,교차로 - 교차로안,승용,남,39세,상해없음,보행자,남,45세,경상
2019110500100050,2019년 11월 5일 02시,화요일,경상남도 김해시 흥동,중상사고,0,1,3,0,차대차 - 측면충돌,신호위반,건조,맑음,교차로 - 교차로안,승용,남,26세,중상,승용,남,22세,경상
2019110500100119,2019년 11월 5일 07시,화요일,경상남도 거제시 옥포동,중상사고,0,1,0,0,차대차 - 측면충돌,교차로운행방법위반,건조,맑음,교차로 - 교차로안,이륜,남,38세,중상,승용,남,38세,상해없음
2019110500100171,2019년 11월 5일 08시,화요일,경상남도 창원시 마산합포구 신포동2가,경상사고,0,0,2,0,차대차 - 기타,기타,건조,맑음,단일로 - 기타,이륜,남,80세,상해없음,승합,남,47세,상해없음
2019110500100172,2019년 11월 5일 08시,화요일,경상남도 김해시 부원동,경상사고,0,0,1,0,차대차 - 후진중충돌,안전운전불이행,건조,맑음,단일로 - 기타,승용,여,36세,상해없음,승용,여,38세,경상
2019110500100173,2019년 11월 5일 08시,화요일,경상남도 함안군 칠서면,중상사고,0,1,1,0,차대차 - 추돌,안전운전불이행,젖음/습기,안개,교차로 - 교차로부근,화물,남,55세,기타불명,승용,남,65세,경상
2019110500100174,2019년 11월 5일 08시,화요일,경상남도 창원시 마산회원구 석전동,경상사고,0,0,1,0,차대차 - 추돌,안전운전불이행,건조,맑음,교차로 - 교차로안,승용,남,67세,상해없음,승용,남,35세,경상
2019110500100216,2019년 11월 5일 09시,화요일,경상남도 김해시 상동면,경상사고,0,0,2,0,차대차 - 추돌,안전운전불이행,건조,맑음,교차로 - 교차로부근,건설기계,남,45세,상해없음,화물,남,56세,경상
2019110500100217,2019년 11월 5일 09시,화요일,경상남도 김해시 서상동,중상사고,0,1,0,0,차대차 - 측면충돌,교차로운행방법위반,건조,맑음,교차로 - 교차로안,이륜,남,68세,중상,승용,남,34세,상해없음
2019110500100218,2019년 11월 5일 09시,화요일,경상남도 합천군 합천읍,중상사고,0,1,0,0,차대차 - 추돌,안전운전불이행,건조,맑음,교차로 - 교차로부근,승용,남,40세,상해없음,승용,여,60세,중상
2019110500100219,2019년 11월 5일 09시,화요일,경상남도 창원시 의창구 소계동,중상사고,0,1,3,0,차대차 - 기타,중앙선침범,건조,맑음,기타 - 기타,승용,여,44세,경상,화물,남,47세,경상
2019110500100259,2019년 11월 5일 10시,화요일,경상남도 김해시 동상동,경상사고,0,0,2,0,차대차 - 추돌,안전거리미확보,건조,맑음,교차로 - 교차로안,승용,남,57세,상해없음,승용,여,50세,경상
2019110500100260,2019년 11월 5일 10시,화요일,경상남도 김해시 관동동,경상사고,0,0,1,0,차량단독 - 공작물충돌,안전운전불이행,건조,맑음,단일로 - 기타,승용,남,26세,경상,,,,
2019110500100296,2019년 11월 5일 11시,화요일,경상남도 통영시 광도면,경상사고,0,0,1,0,차대차 - 기타,안전운전불이행,건조,맑음,단일로 - 기타,이륜,남,40세,상해없음,승용,남,25세,경상
2019110500100330,2019년 11월 5일 12시,화요일,경상남도 통영시 북신동,경상사고,0,0,1,0,차대사람 - 차도통행중,안전운전불이행,건조,맑음,단일로 - 기타,승용,여,49세,상해없음,보행자,여,57세,경상
2019110500100331,2019년 11월 5일 12시,화요일,경상남도 창녕군 창녕읍,중상사고,0,1,0,0,차대차 - 기타,안전운전불이행,건조,맑음,단일로 - 기타,승용,여,55세,상해없음,이륜,여,70세,중상
2019110500100365,2019년 11월 5일 13시,화요일,경상남도 진주시 망경동,경상사고,0,0,2,0,차대차 - 추돌,안전운전불이행,건조,맑음,교차로 - 교차로부근,승용,남,52세,상해없음,화물,남,53세,경상
2019110500100366,2019년 11월 5일 13시,화요일,경상남도 통영시 정량동,경상사고,0,0,1,0,차대차 - 기타,직진우회전진행방해,건조,맑음,교차로 - 교차로안,승용,여,49세,상해없음,승용,남,39세,경상
2019110500100367,2019년 11월 5일 13시,화요일,경상남도 김해시 동상동,경상사고,0,0,1,0,차대차 - 기타,안전운전불이행,건조,맑음,교차로 - 교차로안,승용,남,26세,기타불명,이륜,남,25세,경상
2019110500100415,2019년 11월 5일 14시,화요일,경상남도 김해시 어방동,중상사고,0,1,1,0,차대차 - 측면충돌,안전운전불이행,건조,맑음,교차로 - 교차로안,승용,남,59세,상해없음,승용,여,64세,경상
2019110500100416,2019년 11월 5일 14시,화요일,경상남도 김해시 상동면,경상사고,0,0,2,0,차대차 - 정면충돌,중앙선침범,건조,맑음,단일로 - 기타,화물,남,54세,경상,화물,남,57세,경상
2019110500100417,2019년 11월 5일 14시,화요일,경상남도 창원시 성산구 상남동,경상사고,0,0,1,0,차대차 - 측면충돌,안전운전불이행,건조,맑음,단일로 - 기타,승용,남,53세,상해없음,승용,여,35세,경상
2019110500100418,2019년 11월 5일 14시,화요일,경상남도 창원시 마산회원구 회성동,사망사고,1,0,0,0,차대사람 - 차도통행중,안전운전불이행,건조,맑음,교차로 - 교차로부근,승합,남,58세,상해없음,보행자,여,69세,사망
2019110500100460,2019년 11월 5일 15시,화요일,경상남도 김해시 어방동,경상사고,0,0,1,0,차대사람 - 횡단중,신호위반,건조,맑음,교차로 - 교차로횡단보도내,승용,여,54세,상해없음,보행자,여,65세,경상
2019110500100547,2019년 11월 5일 17시,화요일,경상남도 창원시 마산회원구 합성동,중상사고,0,1,0,0,차대사람 - 차도통행중,과속,건조,맑음,교차로 - 교차로안,승용,여,37세,상해없음,보행자,남,82세,중상
2019110500100607,2019년 11월 5일 18시,화요일,경상남도 김해시 어방동,중상사고,0,1,0,0,차대사람 - 기타,신호위반,건조,맑음,교차로 - 교차로안,특수,남,26세,상해없음,보행자,여,58세,중상
2019110500100608,2019년 11월 5일 18시,화요일,경상남도 양산시 하북면,경상사고,0,0,1,0,차대차 - 기타,안전운전불이행,건조,맑음,단일로 - 기타,승용,남,32세,상해없음,승용,여,49세,경상
2019110500100609,2019년 11월 5일 18시,화요일,경상남도 거제시 아주동,경상사고,0,0,1,0,차대차 - 측면충돌,차로위반,건조,맑음,단일로 - 기타,승용,남,46세,상해없음,승용,여,61세,경상
2019110500100610,2019년 11월 5일 18시,화요일,경상남도 의령군 정곡면,중상사고,0,1,0,0,차대사람 - 길가장자리구역통행중,안전운전불이행,건조,맑음,단일로 - 기타,특수,남,61세,상해없음,보행자,남,71세,중상
2019110500100648,2019년 11월 5일 19시,화요일,경상남도 양산시 동면,경상사고,0,0,1,0,차대차 - 측면충돌,중앙선침범,건조,맑음,단일로 - 기타,화물,남,28세,상해없음,이륜,남,43세,경상
2019110500100710,2019년 11월 5일 21시,화요일,경상남도 진주시 초전동,중상사고,0,1,0,0,차대사람 - 횡단중,보행자보호의무위반,건조,맑음,교차로 - 교차로횡단보도내,이륜,남,24세,상해없음,보행자,남,80세,중상
2019110500100711,2019년 11월 5일 21시,화요일,경상남도 진주시 주약동,경상사고,0,0,1,0,차대차 - 측면충돌,안전거리미확보,건조,맑음,단일로 - 기타,승용,남,57세,상해없음,승용,여,46세,경상
2019110500100712,2019년 11월 5일 21시,화요일,경상남도 양산시 물금읍,경상사고,0,0,1,0,차대차 - 기타,불법유턴,건조,맑음,단일로 - 기타,승용,여,48세,상해없음,원동기,남,38세,경상
2019110500100713,2019년 11월 5일 21시,화요일,경상남도 고성군 마암면,경상사고,0,0,1,0,차대차 - 기타,안전운전불이행,건조,맑음,기타 - 기타,이륜,남,33세,상해없음,승용,남,36세,상해없음
2019110500100734,2019년 11월 5일 22시,화요일,경상남도 거제시 고현동,중상사고,0,1,0,0,차대사람 - 차도통행중,안전운전불이행,건조,맑음,기타 - 기타,이륜,남,42세,상해없음,보행자,여,44세,중상
2019110600100038,2019년 11월 6일 00시,수요일,경상남도 창원시 진해구 서중동,경상사고,0,0,1,0,차대차 - 측면충돌,안전운전불이행,건조,맑음,단일로 - 기타,승용,여,67세,경상,승용,남,30세,기타불명
2019110600100054,2019년 11월 6일 02시,수요일,경상남도 거제시 양정동,중상사고,0,4,0,0,차량단독 - 공작물충돌,안전운전불이행,건조,맑음,단일로 - 기타,승용,남,16세,중상,,,,
2019110600100114,2019년 11월 6일 07시,수요일,경상남도 김해시 어방동,경상사고,0,0,2,0,차대차 - 추돌,안전거리미확보,건조,맑음,교차로 - 교차로부근,승용,남,57세,상해없음,승용,남,34세,경상
2019110600100115,2019년 11월 6일 07시,수요일,경상남도 양산시 동면,경상사고,0,0,2,0,차대차 - 추돌,안전운전불이행,건조,맑음,교차로 - 교차로부근,승용,남,37세,상해없음,승용,남,49세,경상
2019110600100116,2019년 11월 6일 07시,수요일,경상남도 거제시 상동동,중상사고,0,1,0,0,차대차 - 측면충돌,교차로운행방법위반,건조,맑음,교차로 - 교차로안,승용,남,27세,상해없음,이륜,남,40세,중상
2019110600100117,2019년 11월 6일 07시,수요일,경상남도 창원시 의창구 팔용동,경상사고,0,0,1,0,차대차 - 추돌,안전운전불이행,건조,맑음,기타 - 기타,승용,남,20세,상해없음,승용,남,32세,경상
2019110600100151,2019년 11월 6일 08시,수요일,경상남도 사천시 좌룡동,경상사고,0,0,1,0,차대차 - 측면충돌,안전거리미확보,건조,맑음,단일로 - 기타,승용,남,68세,상해없음,승용,여,53세,경상
2019110600100152,2019년 11월 6일 08시,수요일,경상남도 창원시 성산구 상남동,경상사고,0,0,1,0,차대차 - 추돌,안전운전불이행,건조,맑음,단일로 - 기타,화물,남,34세,상해없음,승용,여,28세,경상
2019110600100190,2019년 11월 6일 09시,수요일,경상남도 김해시 삼방동,중상사고,0,1,0,0,차대차 - 기타,안전운전불이행,건조,맑음,단일로 - 기타,원동기,남,24세,중상,승용,남,55세,상해없음
2019110600100191,2019년 11월 6일 09시,수요일,경상남도 고성군 삼산면,중상사고,0,1,0,0,차대사람 - 차도통행중,안전운전불이행,건조,맑음,단일로 - 기타,승용,남,70세,상해없음,보행자,남,83세,중상
2019110600100192,2019년 11월 6일 09시,수요일,경상남도 창녕군 남지읍,경상사고,0,0,2,0,차대차 - 측면충돌,안전운전불이행,건조,맑음,단일로 - 기타,화물,남,64세,상해없음,승용,여,62세,경상
2019110600100232,2019년 11월 6일 10시,수요일,경상남도 진주시 상평동,중상사고,0,1,0,0,차대차 - 후진중충돌,안전운전불이행,건조,맑음,단일로 - 기타,화물,남,53세,상해없음,이륜,여,51세,중상
2019110600100233,2019년 11월 6일 10시,수요일,경상남도 진주시 금산면,사망사고,1,0,0,0,차대사람 - 차도통행중,안전운전불이행,건조,맑음,교차로 - 교차로안,화물,남,40세,상해없음,보행자,여,81세,사망
2019110600100234,2019년 11월 6일 10시,수요일,경상남도 통영시 도산면,경상사고,0,0,4,0,차대차 - 기타,안전거리미확보,건조,맑음,교차로 - 교차로부근,건설기계,남,63세,상해없음,화물,남,33세,경상
2019110600100235,2019년 11월 6일 10시,수요일,경상남도 밀양시 삼문동,경상사고,0,0,1,0,차대차 - 측면충돌,신호위반,건조,맑음,교차로 - 교차로안,화물,남,67세,상해없음,승용,여,43세,경상
2019110600100276,2019년 11월 6일 11시,수요일,경상남도 함양군 함양읍,중상사고,0,1,0,1,차량단독 - 기타,기타,건조,맑음,단일로 - 기타,화물,남,64세,상해없음,,,,
2019110600100277,2019년 11월 6일 11시,수요일,경상남도 함양군 안의면,중상사고,0,1,0,0,차대차 - 측면충돌,안전거리미확보,건조,맑음,단일로 - 기타,원동기,남,70세,중상,승용,남,65세,상해없음
2019110600100307,2019년 11월 6일 12시,수요일,경상남도 창원시 마산합포구 남성동,중상사고,0,1,0,0,차대사람 - 횡단중,보행자보호의무위반,건조,맑음,교차로 - 교차로횡단보도내,승용,여,42세,상해없음,보행자,남,80세,중상
2019110600100308,2019년 11월 6일 12시,수요일,경상남도 양산시 신기동,중상사고,0,1,0,0,차대차 - 측면충돌,안전운전불이행,건조,맑음,교차로 - 교차로안,승용,남,57세,상해없음,승용,남,47세,중상
2019110600100369,2019년 11월 6일 14시,수요일,경상남도 사천시 벌리동,부상신고사고,0,0,0,1,차대사람 - 차도통행중,안전운전불이행,건조,맑음,단일로 - 기타,승용,여,68세,상해없음,보행자,여,58세,부상신고
2019110600100370,2019년 11월 6일 14시,수요일,경상남도 함양군 휴천면,경상사고,0,0,1,0,차대사람 - 차도통행중,안전운전불이행,건조,맑음,교차로 - 교차로안,승용,여,70세,상해없음,보행자,남,60세,경상
2019110600100371,2019년 11월 6일 14시,수요일,경상남도 고성군 고성읍,경상사고,0,0,1,0,차대사람 - 차도통행중,안전운전불이행,건조,맑음,기타 - 기타,승용,남,51세,상해없음,보행자,여,50세,경상
2019110600100372,2019년 11월 6일 14시,수요일,경상남도 창원시 성산구 반림동,경상사고,0,0,1,0,차대차 - 측면충돌,안전운전불이행,건조,맑음,단일로 - 기타,승용,여,58세,상해없음,승용,여,61세,경상
2019110600100373,2019년 11월 6일 14시,수요일,경상남도 김해시 대청동,중상사고,0,2,0,0,차대차 - 측면충돌,신호위반,건조,맑음,교차로 - 교차로안,승용,여,67세,중상,화물,남,50세,중상
2019110600100411,2019년 11월 6일 15시,수요일,경상남도 진주시 봉곡동,중상사고,0,1,0,0,차대사람 - 기타,안전운전불이행,건조,맑음,단일로 - 기타,이륜,남,48세,상해없음,보행자,여,67세,중상
2019110600100412,2019년 11월 6일 15시,수요일,경상남도 통영시 무전동,경상사고,0,0,1,0,차대차 - 기타,안전거리미확보,건조,맑음,단일로 - 기타,승용,여,55세,상해없음,승용,여,44세,경상
2019110600100413,2019년 11월 6일 15시,수요일,경상남도 통영시 광도면,경상사고,0,0,2,1,차대차 - 후진중충돌,기타,건조,맑음,단일로 - 기타,화물,남,54세,상해없음,승합,남,50세,경상
2019110600100414,2019년 11월 6일 15시,수요일,경상남도 사천시 벌리동,경상사고,0,0,2,0,차대차 - 측면충돌,직진우회전진행방해,건조,맑음,교차로 - 교차로안,승용,여,25세,경상,화물,남,58세,경상
2019110600100415,2019년 11월 6일 15시,수요일,경상남도 거제시 고현동,경상사고,0,0,1,0,차대차 - 추돌,안전거리미확보,건조,맑음,단일로 - 기타,승용,남,50세,상해없음,승용,여,53세,경상
2019110600100517,2019년 11월 6일 17시,수요일,경상남도 함양군 지곡면,중상사고,0,1,0,1,차대사람 - 길가장자리구역통행중,안전운전불이행,건조,맑음,단일로 - 기타,이륜,남,57세,부상신고,보행자,여,79세,중상
2019110600100518,2019년 11월 6일 17시,수요일,경상남도 고성군 고성읍,중상사고,0,1,0,0,차대차 - 정면충돌,직진우회전진행방해,건조,맑음,교차로 - 교차로안,화물,남,48세,상해없음,이륜,남,77세,중상
2019110600100519,2019년 11월 6일 17시,수요일,경상남도 김해시 진영읍,중상사고,0,1,0,0,차대차 - 측면충돌,안전운전불이행,젖음/습기,비,기타 - 기타,원동기,남,36세,상해없음,자전거,남,14세,중상
2019110600100592,2019년 11월 6일 18시,수요일,경상남도 창원시 진해구 자은동,부상신고사고,0,0,0,1,차량단독 - 기타,기타,건조,맑음,단일로 - 기타,기타불명,기타불명,미분류,기타불명,,,,
2019110600100593,2019년 11월 6일 18시,수요일,경상남도 고성군 하이면,경상사고,0,0,1,0,차대차 - 측면충돌,안전운전불이행,건조,맑음,단일로 - 기타,승용,남,50세,상해없음,이륜,남,58세,경상
2019110600100636,2019년 11월 6일 19시,수요일,경상남도 창원시 진해구 태백동,경상사고,0,0,1,0,차대차 - 기타,안전운전불이행,건조,맑음,단일로 - 고가도로위,승용,여,46세,상해없음,승용,남,27세,경상
2019110600100637,2019년 11월 6일 19시,수요일,경상남도 김해시 구산동,경상사고,0,0,1,0,차대차 - 기타,신호위반,건조,맑음,교차로 - 교차로안,이륜,남,22세,경상,승용,남,51세,상해없음
2019110600100638,2019년 11월 6일 19시,수요일,경상남도 창녕군 창녕읍,경상사고,0,0,2,0,차대차 - 기타,신호위반,건조,맑음,교차로 - 교차로부근,승용,남,29세,경상,승용,남,54세,경상
2019110600100639,2019년 11월 6일 19시,수요일,경상남도 남해군 이동면,중상사고,0,1,0,0,차대사람 - 기타,안전운전불이행,건조,맑음,교차로 - 교차로안,승용,여,50세,상해없음,보행자,남,54세,중상
2019110600100672,2019년 11월 6일 20시,수요일,경상남도 창원시 의창구 봉곡동,사망사고,1,0,0,0,차대사람 - 횡단중,안전운전불이행,건조,맑음,교차로 - 교차로안,승용,남,43세,상해없음,보행자,남,64세,사망
2019110600100673,2019년 11월 6일 20시,수요일,경상남도 창원시 의창구 동읍,중상사고,0,1,0,0,차대차 - 측면충돌,신호위반,건조,맑음,교차로 - 교차로안,승용,남,47세,상해없음,승용,남,47세,중상
2019110600100699,2019년 11월 6일 21시,수요일,경상남도 남해군 남해읍,경상사고,0,0,2,0,차대차 - 측면충돌,안전운전불이행,건조,맑음,교차로 - 교차로안,이륜,여,60세,경상,승용,여,25세,경상
2019110700100031,2019년 11월 7일 00시,목요일,경상남도 김해시 흥동,중상사고,0,1,1,0,차대차 - 측면충돌,신호위반,건조,맑음,교차로 - 교차로안,화물,남,47세,상해없음,화물,남,40세,경상
2019110700100055,2019년 11월 7일 03시,목요일,경상남도 김해시 삼방동,경상사고,0,0,1,0,차대사람 - 길가장자리구역통행중,안전운전불이행,건조,맑음,단일로 - 기타,승용,여,47세,상해없음,보행자,여,86세,경상
2019110700100070,2019년 11월 7일 05시,목요일,경상남도 진주시 봉곡동,중상사고,0,1,0,0,차대사람 - 차도통행중,안전운전불이행,건조,맑음,단일로 - 기타,승용,여,59세,상해없음,보행자,여,82세,중상
2019110700100087,2019년 11월 7일 06시,목요일,경상남도 김해시 관동동,중상사고,0,1,0,0,차량단독 - 전도전복 - 전도,안전운전불이행,건조,맑음,단일로 - 기타,이륜,남,48세,중상,,,,
2019110700100164,2019년 11월 7일 08시,목요일,경상남도 진주시 망경동,경상사고,0,0,1,0,차대사람 - 기타,안전운전불이행,건조,맑음,단일로 - 기타,자전거,남,18세,상해없음,보행자,여,73세,경상
2019110700100165,2019년 11월 7일 08시,목요일,경상남도 양산시 상북면,경상사고,0,0,1,0,차대차 - 후진중충돌,안전운전불이행,건조,맑음,교차로 - 교차로안,승용,남,51세,상해없음,이륜,남,58세,경상
2019110700100201,2019년 11월 7일 09시,목요일,경상남도 김해시 외동,중상사고,0,1,3,0,차대차 - 추돌,안전운전불이행,건조,맑음,단일로 - 기타,승용,남,57세,상해없음,이륜,남,37세,중상
2019110700100202,2019년 11월 7일 09시,목요일,경상남도 김해시 삼계동,경상사고,0,0,1,0,차대차 - 측면충돌,안전운전불이행,건조,맑음,교차로 - 교차로안,승용,남,80세,상해없음,승용,여,49세,경상
2019110700100240,2019년 11월 7일 10시,목요일,경상남도 거제시 고현동,경상사고,0,0,1,0,차대차 - 기타,안전운전불이행,건조,맑음,단일로 - 기타,승용,남,75세,상해없음,승용,남,40세,경상
2019110700100241,2019년 11월 7일 10시,목요일,경상남도 산청군 신안면,경상사고,0,0,1,0,차량단독 - 공작물충돌,안전운전불이행,건조,맑음,단일로 - 기타,승용,남,59세,상해없음,,,,
2019110700100274,2019년 11월 7일 11시,목요일,경상남도 진주시 망경동,중상사고,0,1,0,0,차대차 - 측면충돌,안전운전불이행,건조,맑음,단일로 - 기타,승용,남,48세,상해없음,이륜,남,28세,중상
2019110700100275,2019년 11월 7일 11시,목요일,경상남도 통영시 광도면,중상사고,0,1,0,0,차대차 - 측면충돌,신호위반,건조,맑음,교차로 - 교차로안,건설기계,남,58세,상해없음,화물,남,40세,중상
2019110700100351,2019년 11월 7일 13시,목요일,경상남도 창원시 진해구 경화동,경상사고,0,0,1,0,차대차 - 측면충돌,안전거리미확보,건조,맑음,단일로 - 기타,승용,남,67세,상해없음,승용,여,25세,경상
2019110700100352,2019년 11월 7일 13시,목요일,경상남도 통영시 동호동,경상사고,0,0,1,0,차대차 - 기타,중앙선침범,건조,맑음,단일로 - 기타,승용,남,74세,상해없음,이륜,남,30세,경상
2019110700100395,2019년 11월 7일 14시,목요일,경상남도 창원시 마산합포구 완월동,중상사고,0,1,0,0,차대차 - 측면충돌,차로위반,건조,맑음,교차로 - 교차로안,이륜,남,62세,중상,승합,남,66세,상해없음
2019110700100396,2019년 11월 7일 14시,목요일,경상남도 통영시 산양읍,경상사고,0,0,1,0,차대차 - 측면충돌,안전운전불이행,건조,맑음,기타 - 기타,승용,남,51세,상해없음,승용,여,47세,경상
2019110700100429,2019년 11월 7일 15시,목요일,경상남도 밀양시 삼문동,중상사고,0,1,0,0,차대사람 - 길가장자리구역통행중,안전운전불이행,건조,맑음,단일로 - 기타,승용,여,64세,상해없음,보행자,남,11세,중상
2019110700100430,2019년 11월 7일 15시,목요일,경상남도 김해시 진례면,경상사고,0,0,1,0,차대차 - 측면충돌,안전운전불이행,건조,맑음,단일로 - 기타,승용,남,36세,경상,화물,남,66세,상해없음
2019110700100475,2019년 11월 7일 16시,목요일,경상남도 김해시 상동면,중상사고,0,2,0,0,차대차 - 측면충돌,안전운전불이행,건조,맑음,단일로 - 기타,승용,남,70세,상해없음,화물,남,53세,중상
2019110700100476,2019년 11월 7일 16시,목요일,경상남도 양산시 동면,경상사고,0,0,4,1,차대차 - 추돌,안전운전불이행,건조,맑음,단일로 - 기타,화물,남,31세,상해없음,승합,남,61세,경상
2019110700100477,2019년 11월 7일 16시,목요일,경상남도 거제시 고현동,중상사고,0,1,0,0,차대사람 - 횡단중,신호위반,건조,맑음,단일로 - 기타,승용,여,60세,상해없음,보행자,남,13세,중상
2019110700100478,2019년 11월 7일 16시,목요일,경상남도 거제시 고현동,중상사고,0,1,0,0,차대사람 - 횡단중,보행자보호의무위반,건조,맑음,교차로 - 교차로부근,승용,여,51세,상해없음,보행자,남,14세,중상
2019110700100479,2019년 11월 7일 16시,목요일,경상남도 창원시 의창구 서상동,중상사고,0,1,0,0,차대사람 - 기타,안전운전불이행,건조,맑음,기타 - 기타,화물,남,49세,상해없음,보행자,여,82세,중상
2019110700100517,2019년 11월 7일 17시,목요일,경상남도 창원시 마산합포구 중앙동3가,중상사고,0,1,0,0,차대사람 - 횡단중,안전운전불이행,건조,맑음,단일로 - 기타,승용,남,42세,상해없음,보행자,여,70세,중상
2019110700100518,2019년 11월 7일 17시,목요일,경상남도 거제시 장평동,경상사고,0,0,1,0,차대차 - 측면충돌,직진우회전진행방해,건조,맑음,교차로 - 교차로안,이륜,남,49세,경상,승용,남,32세,상해없음
2019110700100519,2019년 11월 7일 17시,목요일,경상남도 산청군 신안면,경상사고,0,0,1,0,차대차 - 추돌,안전운전불이행,건조,맑음,단일로 - 기타,승용,여,36세,상해없음,농기계,남,74세,경상
2019110700100520,2019년 11월 7일 17시,목요일,경상남도 김해시 상동면,경상사고,0,0,2,0,차대차 - 추돌,안전운전불이행,건조,맑음,단일로 - 기타,승용,남,60세,상해없음,승용,남,41세,경상
2019110700100589,2019년 11월 7일 18시,목요일,경상남도 창원시 진해구 덕산동,중상사고,0,1,0,0,차대사람 - 횡단중,보행자보호의무위반,건조,맑음,교차로 - 교차로횡단보도내,승용,여,54세,상해없음,보행자,여,64세,중상
2019110700100590,2019년 11월 7일 18시,목요일,경상남도 사천시 죽림동,중상사고,0,1,0,0,차대사람 - 횡단중,안전운전불이행,건조,맑음,단일로 - 기타,승용,여,64세,상해없음,보행자,여,78세,중상
2019110700100591,2019년 11월 7일 18시,목요일,경상남도 함안군 군북면,경상사고,0,0,1,0,차대차 - 측면충돌,중앙선침범,건조,맑음,단일로 - 기타,농기계,남,55세,상해없음,승용,여,51세,경상
2019110700100645,2019년 11월 7일 19시,목요일,경상남도 김해시 동상동,중상사고,0,1,0,0,차대차 - 측면충돌,신호위반,건조,맑음,교차로 - 교차로안,승용,여,35세,상해없음,이륜,남,33세,중상
2019110700100646,2019년 11월 7일 19시,목요일,경상남도 양산시 삼호동,중상사고,0,1,0,0,차대차 - 측면충돌,안전운전불이행,건조,맑음,단일로 - 기타,승용,남,47세,상해없음,이륜,남,23세,중상
2019110700100647,2019년 11월 7일 19시,목요일,경상남도 양산시 삼호동,중상사고,0,1,0,0,차대차 - 기타,안전운전불이행,건조,맑음,단일로 - 기타,승용,남,45세,상해없음,개인형이동수단(PM),남,26세,중상
2019110700100715,2019년 11월 7일 21시,목요일,경상남도 밀양시 상남면,중상사고,0,1,0,0,차량단독 - 기타,안전운전불이행,건조,흐림,단일로 - 기타,이륜,남,61세,중상,,,,