사고번호,사고일시,요일,시군구,사고내용,사망자수,중상자수,경상자수,부상신고자수,사고유형,법규위반,노면상태,기상상태,도로형태,가해운전자 차종,가해운전자 성별,가해운전자 연령,가해운전자 상해정도,피해운전자 차종,피해운전자 성별,피해운전자 연령,피해운전자 상해정도
2019110700100716,2019년 11월 7일 21시,목요일,경상남도 밀양시 삼문동,부상신고사고,0,0,0,1,차대사람 - 길가장자리구역통행중,안전운전불이행,건조,맑음,단일로 - 기타,승용,여,32세,상해없음,보행자,남,56세,부상신고
2019110700100717,2019년 11월 7일 21시,목요일,경상남도 거제시 사등면,중상사고,0,1,0,0,차대사람 - 횡단중,안전운전불이행,건조,맑음,단일로 - 기타,승용,남,43세,상해없음,보행자,남,18세,중상
2019110700100749,2019년 11월 7일 22시,목요일,경상남도 창원시 의창구 신월동,중상사고,0,1,0,0,차대사람 - 기타,안전운전불이행,건조,맑음,단일로 - 기타,승용,여,44세,상해없음,보행자,남,48세,중상
2019110700100770,2019년 11월 7일 23시,목요일,경상남도 양산시 평산동,경상사고,0,0,2,0,차대차 - 측면충돌,교차로운행방법위반,건조,맑음,교차로 - 교차로안,승용,남,40세,상해없음,승용,남,59세,경상
2019110800100030,2019년 11월 8일 00시,금요일,경상남도 김해시 화목동,경상사고,0,0,1,0,차량단독 - 공작물충돌,안전운전불이행,건조,맑음,단일로 - 기타,승용,남,53세,경상,,,,
2019110800100044,2019년 11월 8일 01시,금요일,경상남도 진주시 상대동,중상사고,0,1,0,0,차대사람 - 횡단중,안전운전불이행,건조,맑음,단일로 - 기타,승용,남,39세,상해없음,보행자,남,57세,중상
2019110800100069,2019년 11월 8일 04시,금요일,경상남도 김해시 부원동,중상사고,0,1,0,0,차대차 - 측면충돌,안전운전불이행,건조,맑음,교차로 - 교차로안,승용,남,75세,상해없음,화물,남,48세,중상
2019110800100077,2019년 11월 8일 05시,금요일,경상남도 창원시 진해구 이동,사망사고,1,0,0,0,차대차 - 정면충돌,안전운전불이행,건조,맑음,교차로 - 교차로부근,화물,남,56세,상해없음,자전거,남,76세,사망
2019110800100078,2019년 11월 8일 05시,금요일,경상남도 통영시 북신동,경상사고,0,0,1,0,차대사람 - 기타,안전운전불이행,건조,맑음,단일로 - 기타,화물,남,54세,상해없음,보행자,여,74세,경상
2019110800100079,2019년 11월 8일 05시,금요일,경상남도 창원시 마산회원구 회원동,경상사고,0,0,1,0,차량단독 - 기타,안전운전불이행,건조,맑음,단일로 - 기타,승합,남,51세,상해없음,,,,
2019110800100109,2019년 11월 8일 07시,금요일,경상남도 양산시 하북면,경상사고,0,0,1,0,차대차 - 추돌,안전운전불이행,건조,맑음,단일로 - 기타,승용,남,26세,상해없음,승용,남,41세,경상
2019110800100124,2019년 11월 8일 07시,금요일,경상남도 창원시 진해구 석동,중상사고,0,2,2,0,차대차 - 정면충돌,중앙선침범,건조,맑음,교차로 - 교차로안,승용,남,42세,상해없음,승용,남,26세,중상
2019110800100125,2019년 11월 8일 07시,금요일,경상남도 통영시 북신동,경상사고,0,0,1,0,차대차 - 기타,교차로운행방법위반,건조,맑음,교차로 - 교차로안,자전거,남,76세,경상,화물,남,60세,상해없음
2019110800100126,2019년 11월 8일 07시,금요일,경상남도 김해시 상동면,경상사고,0,0,1,0,차대차 - 측면충돌,안전운전불이행,건조,맑음,교차로 - 교차로안,승용,남,57세,상해없음,승용,남,36세,경상
2019110800100185,2019년 11월 8일 08시,금요일,경상남도 양산시 명동,경상사고,0,0,3,0,차대차 - 기타,안전거리미확보,건조,맑음,단일로 - 기타,승용,남,65세,상해없음,승용,여,45세,경상
2019110800100234,2019년 11월 8일 09시,금요일,경상남도 진주시 상대동,경상사고,0,0,1,0,차대차 - 측면충돌,안전운전불이행,건조,맑음,단일로 - 기타,자전거,여,52세,경상,승용,남,80세,상해없음
2019110800100235,2019년 11월 8일 09시,금요일,경상남도 창원시 진해구 풍호동,경상사고,0,0,1,0,차대사람 - 횡단중,안전운전불이행,건조,맑음,단일로 - 기타,화물,남,44세,상해없음,보행자,남,47세,경상
2019110800100236,2019년 11월 8일 09시,금요일,경상남도 김해시 외동,중상사고,0,1,1,0,차대차 - 측면충돌,안전운전불이행,건조,맑음,교차로 - 교차로부근,승용,남,51세,경상,이륜,남,35세,중상
2019110800100237,2019년 11월 8일 09시,금요일,경상남도 양산시 동면,경상사고,0,0,1,0,차대사람 - 기타,안전운전불이행,건조,맑음,단일로 - 기타,화물,남,41세,상해없음,보행자,여,82세,경상
2019110800100274,2019년 11월 8일 10시,금요일,경상남도 통영시 무전동,경상사고,0,0,1,0,차대차 - 기타,안전운전불이행,건조,맑음,교차로 - 교차로안,화물,남,68세,상해없음,승합,남,49세,상해없음
2019110800100303,2019년 11월 8일 11시,금요일,경상남도 진주시 상대동,중상사고,0,1,0,0,차대사람 - 차도통행중,안전운전불이행,건조,맑음,단일로 - 기타,승용,남,66세,상해없음,보행자,여,42세,중상
2019110800100304,2019년 11월 8일 11시,금요일,경상남도 양산시 물금읍,중상사고,0,1,0,0,차대차 - 측면충돌,직진우회전진행방해,건조,맑음,교차로 - 교차로안,승용,남,26세,상해없음,자전거,여,38세,중상
2019110800100305,2019년 11월 8일 11시,금요일,경상남도 김해시 부곡동,경상사고,0,0,1,0,차대차 - 측면충돌,안전운전불이행,건조,맑음,교차로 - 교차로부근,승용,여,42세,상해없음,승용,여,59세,경상
2019110800100347,2019년 11월 8일 12시,금요일,경상남도 진주시 충무공동,중상사고,0,1,0,0,차대사람 - 횡단중,신호위반,건조,맑음,교차로 - 교차로횡단보도내,건설기계,남,47세,상해없음,보행자,여,58세,중상
2019110800100348,2019년 11월 8일 12시,금요일,경상남도 의령군 의령읍,중상사고,0,1,0,0,차대사람 - 횡단중,안전운전불이행,건조,맑음,교차로 - 교차로안,화물,남,78세,상해없음,보행자,여,62세,중상
2019110800100382,2019년 11월 8일 13시,금요일,경상남도 사천시 정동면,경상사고,0,0,1,0,차량단독 - 기타,안전운전불이행,건조,맑음,단일로 - 기타,사륜오토바이(ATV),남,57세,경상,,,,
2019110800100428,2019년 11월 8일 14시,금요일,경상남도 통영시 광도면,경상사고,0,0,1,0,차대차 - 추돌,안전거리미확보,건조,맑음,단일로 - 기타,승용,남,57세,상해없음,승용,여,43세,경상
2019110800100429,2019년 11월 8일 14시,금요일,경상남도 통영시 서호동,경상사고,0,0,1,0,차대사람 - 기타,안전운전불이행,건조,맑음,단일로 - 기타,승용,남,39세,상해없음,보행자,남,77세,경상
2019110800100430,2019년 11월 8일 14시,금요일,경상남도 김해시 대성동,중상사고,0,1,1,0,차대차 - 측면충돌,신호위반,건조,맑음,교차로 - 교차로안,이륜,남,68세,경상,승용,남,68세,중상
2019110800100431,2019년 11월 8일 14시,금요일,경상남도 거제시 고현동,경상사고,0,0,4,0,차대차 - 추돌,교차로운행방법위반,건조,맑음,교차로 - 교차로부근,화물,남,52세,상해없음,승용,남,42세,경상
2019110800100432,2019년 11월 8일 14시,금요일,경상남도 거제시 동부면,중상사고,0,2,0,0,차대차 - 측면충돌,교차로운행방법위반,건조,맑음,교차로 - 교차로안,승용,남,62세,상해없음,화물,남,54세,중상
2019110800100476,2019년 11월 8일 15시,금요일,경상남도 밀양시 산외면,중상사고,0,1,0,0,차대차 - 측면충돌,안전운전불이행,건조,맑음,교차로 - 교차로안,화물,남,59세,상해없음,화물,남,50세,중상
2019110800100477,2019년 11월 8일 15시,금요일,경상남도 양산시 삼호동,사망사고,1,0,0,0,차량단독 - 공작물충돌,안전운전불이행,건조,맑음,단일로 - 기타,이륜,남,41세,사망,,,,
2019110800100478,2019년 11월 8일 15시,금요일,경상남도 창원시 성산구 상남동,중상사고,0,1,0,0,차대사람 - 차도통행중,안전운전불이행,건조,맑음,교차로 - 교차로부근,화물,남,41세,기타불명,보행자,여,41세,중상
2019110800100570,2019년 11월 8일 17시,금요일,경상남도 통영시 무전동,경상사고,0,0,1,0,차대차 - 기타,교차로운행방법위반,건조,맑음,교차로 - 교차로안,승용,남,46세,상해없음,승용,남,62세,상해없음
2019110800100571,2019년 11월 8일 17시,금요일,경상남도 양산시 물금읍,경상사고,0,0,1,0,차대차 - 기타,신호위반,건조,맑음,교차로 - 교차로횡단보도내,승용,여,54세,상해없음,자전거,남,15세,경상
2019110800100646,2019년 11월 8일 18시,금요일,경상남도 진주시 충무공동,중상사고,0,1,0,0,차대사람 - 횡단중,신호위반,건조,맑음,단일로 - 기타,화물,남,76세,상해없음,보행자,여,43세,중상
2019110800100647,2019년 11월 8일 18시,금요일,경상남도 사천시 벌리동,중상사고,0,1,0,0,차대사람 - 횡단중,안전운전불이행,건조,맑음,단일로 - 기타,승용,여,65세,상해없음,보행자,여,56세,중상
2019110800100648,2019년 11월 8일 18시,금요일,경상남도 밀양시 상남면,중상사고,0,1,0,0,차대차 - 추돌,안전운전불이행,건조,맑음,단일로 - 기타,승용,여,68세,상해없음,화물,여,54세,중상
2019110800100649,2019년 11월 8일 18시,금요일,경상남도 밀양시 상남면,중상사고,0,1,0,0,차대차 - 측면충돌,중앙선침범,건조,흐림,교차로 - 교차로부근,원동기,남,57세,중상,승용,남,28세,상해없음
2019110800100650,2019년 11월 8일 18시,금요일,경상남도 창녕군 창녕읍,중상사고,0,1,0,0,차대차 - 기타,안전운전불이행,건조,맑음,단일로 - 기타,승용,여,48세,상해없음,이륜,남,25세,중상
2019110800100651,2019년 11월 8일 18시,금요일,경상남도 함양군 함양읍,경상사고,0,0,1,0,차대차 - 측면충돌,교차로운행방법위반,건조,맑음,교차로 - 교차로안,승용,남,55세,상해없음,승용,여,31세,경상
2019110800100709,2019년 11월 8일 19시,금요일,경상남도 창원시 의창구 팔용동,경상사고,0,0,1,0,차대차 - 기타,신호위반,건조,맑음,교차로 - 교차로횡단보도내,승용,남,30세,상해없음,자전거,남,41세,경상
2019110800100744,2019년 11월 8일 20시,금요일,경상남도 창원시 마산합포구 월영동,경상사고,0,0,2,0,차대차 - 측면충돌,중앙선침범,건조,맑음,교차로 - 교차로부근,승용,남,50세,상해없음,승합,남,48세,경상
2019110800100745,2019년 11월 8일 20시,금요일,경상남도 창원시 의창구 봉곡동,부상신고사고,0,0,0,1,차대사람 - 기타,기타,건조,맑음,단일로 - 기타,승합,남,49세,상해없음,보행자,여,18세,부상신고
2019110800100793,2019년 11월 8일 21시,금요일,경상남도 창원시 마산합포구 동성동,경상사고,0,0,1,0,차대사람 - 기타,안전운전불이행,건조,맑음,단일로 - 기타,승용,남,27세,상해없음,보행자,여,56세,경상
2019110800100794,2019년 11월 8일 21시,금요일,경상남도 창원시 진해구 남문동,경상사고,0,0,1,0,차대사람 - 기타,안전운전불이행,건조,맑음,단일로 - 기타,승용,남,32세,상해없음,보행자,남,15세,경상
2019110800100795,2019년 11월 8일 21시,금요일,경상남도 사천시 사천읍,중상사고,0,1,0,0,차대차 - 기타,직진우회전진행방해,건조,맑음,교차로 - 교차로안,승용,여,57세,상해없음,이륜,남,22세,중상
2019110800100796,2019년 11월 8일 21시,금요일,경상남도 창원시 마산회원구 석전동,중상사고,0,1,0,1,차대차 - 기타,신호위반,건조,맑음,단일로 - 기타,승합,남,42세,상해없음,원동기,남,37세,중상
2019110800100820,2019년 11월 8일 22시,금요일,경상남도 창원시 마산회원구 구암동,경상사고,0,0,1,0,차대사람 - 횡단중,보행자보호의무위반,건조,맑음,교차로 - 교차로횡단보도내,승용,남,62세,상해없음,보행자,남,53세,경상
2019110800100840,2019년 11월 8일 23시,금요일,경상남도 사천시 사천읍,경상사고,0,0,2,0,차대차 - 추돌,안전운전불이행,건조,맑음,교차로 - 교차로부근,승용,남,19세,상해없음,승용,여,38세,경상
2019110800100841,2019년 11월 8일 23시,금요일,경상남도 거제시 양정동,경상사고,0,0,2,0,차대차 - 추돌,안전운전불이행,건조,맑음,교차로 - 교차로부근,승용,남,29세,상해없음,승용,여,45세,경상
2019110900100031,2019년 11월 9일 00시,토요일,경상남도 진주시 주약동,중상사고,0,2,0,0,차대차 - 측면충돌,신호위반,건조,맑음,교차로 - 교차로안,승용,남,35세,상해없음,승용,남,30세,중상
2019110900100032,2019년 11월 9일 00시,토요일,경상남도 창녕군 남지읍,경상사고,0,0,1,0,차량단독 - 공작물충돌,안전운전불이행,건조,맑음,교차로 - 교차로안,승용,남,35세,경상,,,,
2019110900100033,2019년 11월 9일 00시,토요일,경상남도 창원시 마산회원구 회원동,중상사고,0,1,1,0,차대차 - 기타,중앙선침범,건조,맑음,교차로 - 교차로부근,승용,남,52세,상해없음,승용,남,65세,중상
2019110900100105,2019년 11월 9일 05시,토요일,경상남도 창원시 진해구 용원동,경상사고,0,0,1,0,차대차 - 정면충돌,신호위반,건조,맑음,교차로 - 교차로안,자전거,남,21세,경상,화물,남,37세,상해없음
2019110900100120,2019년 11월 9일 06시,토요일,경상남도 창원시 성산구 신촌동,경상사고,0,0,1,0,차대차 - 추돌,안전운전불이행,건조,맑음,단일로 - 기타,승용,여,30세,상해없음,화물,남,48세,상해없음
2019110900100140,2019년 11월 9일 08시,토요일,경상남도 양산시 동면,경상사고,0,0,2,0,차대차 - 측면충돌,안전거리미확보,건조,맑음,단일로 - 기타,승용,남,66세,상해없음,승용,남,51세,경상
2019110900100157,2019년 11월 9일 08시,토요일,경상남도 창녕군 도천면,중상사고,0,2,0,0,차대차 - 정면충돌,중앙선침범,건조,맑음,단일로 - 기타,승용,여,23세,중상,화물,남,43세,중상
2019110900100158,2019년 11월 9일 08시,토요일,경상남도 김해시 풍유동,경상사고,0,0,3,0,차대차 - 정면충돌,신호위반,건조,맑음,교차로 - 교차로안,승용,여,44세,경상,화물,남,48세,경상
2019110900100192,2019년 11월 9일 09시,토요일,경상남도 김해시 어방동,중상사고,0,1,1,0,차대차 - 측면충돌,직진우회전진행방해,건조,맑음,교차로 - 교차로안,승용,남,38세,기타불명,승용,여,51세,경상
2019110900100232,2019년 11월 9일 10시,토요일,경상남도 창원시 의창구 북면,경상사고,0,0,1,0,차대차 - 후진중충돌,안전운전불이행,건조,맑음,단일로 - 기타,화물,남,67세,상해없음,승용,남,32세,경상
2019110900100274,2019년 11월 9일 11시,토요일,경상남도 사천시 사남면,경상사고,0,0,1,0,차대차 - 추돌,안전운전불이행,건조,맑음,단일로 - 기타,화물,남,25세,상해없음,승용,남,35세,경상
2019110900100275,2019년 11월 9일 11시,토요일,경상남도 남해군 창선면,중상사고,0,1,0,0,차량단독 - 도로외이탈 - 추락,안전운전불이행,건조,맑음,단일로 - 기타,화물,남,64세,중상,,,,
2019110900100276,2019년 11월 9일 11시,토요일,경상남도 김해시 주촌면,경상사고,0,0,1,0,차대사람 - 차도통행중,안전운전불이행,건조,맑음,단일로 - 기타,승합,남,69세,상해없음,보행자,남,67세,경상
2019110900100365,2019년 11월 9일 13시,토요일,경상남도 창원시 마산합포구 상남동,중상사고,0,1,0,0,차대사람 - 횡단중,안전운전불이행,건조,맑음,단일로 - 기타,이륜,남,35세,상해없음,보행자,남,64세,중상
2019110900100366,2019년 11월 9일 13시,토요일,경상남도 창원시 마산합포구 해운동,중상사고,0,1,0,0,차대사람 - 횡단중,안전운전불이행,건조,맑음,교차로 - 교차로부근,승용,남,38세,상해없음,보행자,남,7세,중상
2019110900100367,2019년 11월 9일 13시,토요일,경상남도 창원시 진해구 회현동,중상사고,0,1,1,0,차대차 - 기타,중앙선침범,건조,맑음,단일로 - 기타,화물,남,69세,상해없음,화물,남,65세,경상
2019110900100368,2019년 11월 9일 13시,토요일,경상남도 양산시 삼호동,경상사고,0,0,1,0,차대차 - 기타,안전운전불이행,건조,맑음,교차로 - 교차로안,승용,남,31세,상해없음,자전거,여,71세,경상
2019110900100369,2019년 11월 9일 13시,토요일,경상남도 고성군 하이면,경상사고,0,0,1,0,차대차 - 측면충돌,기타,건조,맑음,단일로 - 기타,이륜,여,49세,경상,화물,남,51세,상해없음
2019110900100370,2019년 11월 9일 13시,토요일,경상남도 남해군 삼동면,부상신고사고,0,0,0,1,차대사람 - 차도통행중,안전운전불이행,건조,맑음,단일로 - 기타,승용,남,37세,상해없음,보행자,남,55세,부상신고
2019110900100371,2019년 11월 9일 13시,토요일,경상남도 창원시 마산회원구 내서읍,경상사고,0,0,1,0,차대사람 - 기타,안전운전불이행,건조,맑음,교차로 - 교차로부근,화물,남,48세,상해없음,보행자,여,28세,경상
2019110900100421,2019년 11월 9일 14시,토요일,경상남도 의령군 의령읍,경상사고,0,0,1,0,차대사람 - 기타,안전운전불이행,건조,맑음,단일로 - 기타,승용,남,51세,상해없음,보행자,남,30세,경상
2019110900100468,2019년 11월 9일 15시,토요일,경상남도 창원시 마산합포구 남성동,경상사고,0,0,1,0,차대사람 - 횡단중,보행자보호의무위반,건조,맑음,교차로 - 교차로횡단보도내,승용,여,67세,상해없음,보행자,남,8세,경상
2019110900100469,2019년 11월 9일 15시,토요일,경상남도 거제시 남부면,중상사고,0,1,1,0,차량단독 - 공작물충돌,안전운전불이행,건조,맑음,단일로 - 기타,승합,남,62세,경상,,,,
2019110900100470,2019년 11월 9일 15시,토요일,경상남도 김해시 진영읍,경상사고,0,0,2,0,차대차 - 측면충돌,신호위반,건조,맑음,교차로 - 교차로부근,이륜,남,18세,경상,건설기계,남,53세,상해없음
2019110900100504,2019년 11월 9일 16시,토요일,경상남도 통영시 미수동,중상사고,0,1,0,0,차대사람 - 차도통행중,안전운전불이행,건조,맑음,단일로 - 기타,승용,여,30세,상해없음,보행자,여,63세,중상
2019110900100505,2019년 11월 9일 16시,토요일,경상남도 밀양시 산내면,중상사고,0,1,0,0,차대차 - 측면충돌,중앙선침범,건조,맑음,단일로 - 기타,화물,남,60세,상해없음,이륜,남,73세,중상
2019110900100506,2019년 11월 9일 16시,토요일,경상남도 창원시 의창구 도계동,경상사고,0,0,1,0,차대사람 - 기타,안전운전불이행,건조,맑음,기타 - 기타,자전거,남,13세,상해없음,보행자,여,47세,경상
2019110900100543,2019년 11월 9일 17시,토요일,경상남도 진주시 상봉동,중상사고,0,1,0,0,차대사람 - 횡단중,보행자보호의무위반,건조,맑음,교차로 - 교차로횡단보도내,승용,남,60세,상해없음,보행자,여,77세,중상
2019110900100544,2019년 11월 9일 17시,토요일,경상남도 함안군 칠원읍,경상사고,0,0,1,0,차대차 - 추돌,안전운전불이행,건조,맑음,단일로 - 기타,화물,남,56세,상해없음,승용,남,35세,경상
2019110900100611,2019년 11월 9일 18시,토요일,경상남도 창원시 마산합포구 월영동,사망사고,1,0,0,0,차대사람 - 횡단중,과속,건조,맑음,단일로 - 기타,승용,여,44세,상해없음,보행자,남,85세,사망
2019110900100612,2019년 11월 9일 18시,토요일,경상남도 통영시 미수동,경상사고,0,0,4,0,차대차 - 추돌,안전운전불이행,건조,맑음,단일로 - 교량,승용,여,25세,상해없음,승용,남,55세,경상
2019110900100613,2019년 11월 9일 18시,토요일,경상남도 통영시 항남동,경상사고,0,0,1,0,차대차 - 기타,기타,건조,맑음,단일로 - 기타,승용,남,55세,상해없음,이륜,남,30세,경상
2019110900100644,2019년 11월 9일 19시,토요일,경상남도 통영시 용남면,경상사고,0,0,1,0,차대차 - 추돌,안전운전불이행,건조,맑음,교차로 - 교차로부근,승용,남,24세,상해없음,승용,남,32세,경상
2019110900100671,2019년 11월 9일 20시,토요일,경상남도 창원시 마산회원구 회성동,경상사고,0,0,1,0,차대차 - 추돌,안전운전불이행,건조,맑음,교차로 - 교차로부근,승용,남,59세,상해없음,승용,남,69세,경상
2019110900100700,2019년 11월 9일 21시,토요일,경상남도 밀양시 삼문동,경상사고,0,0,1,0,차량단독 - 공작물충돌,안전운전불이행,건조,맑음,단일로 - 기타,승합,남,70세,상해없음,,,,
2019110900100701,2019년 11월 9일 21시,토요일,경상남도 함안군 군북면,사망사고,1,0,0,0,차량단독 - 공작물충돌,안전운전불이행,건조,맑음,교차로 - 교차로부근,화물,남,58세,사망,,,,
2019110900100702,2019년 11월 9일 21시,토요일,경상남도 김해시 내덕동,경상사고,0,0,3,0,차대차 - 측면충돌,안전운전불이행,건조,기타,기타 - 기타,승용,남,60세,경상,승용,남,42세,경상
2019110900100733,2019년 11월 9일 23시,토요일,경상남도 함양군 안의면,경상사고,0,0,1,0,차대차 - 측면충돌,교차로운행방법위반,건조,맑음,교차로 - 교차로안,승용,남,66세,상해없음,승용,남,19세,상해없음
2019111000100061,2019년 11월 10일 02시,일요일,경상남도 거제시 장평동,경상사고,0,0,1,0,차대사람 - 기타,안전운전불이행,건조,맑음,단일로 - 기타,승용,남,62세,상해없음,보행자,남,33세,경상
2019111000100062,2019년 11월 10일 02시,일요일,경상남도 창원시 의창구 도계동,경상사고,0,0,1,0,차대차 - 측면충돌,안전운전불이행,건조,맑음,교차로 - 교차로안,승용,남,65세,상해없음,승용,남,57세,상해없음
2019111000100078,2019년 11월 10일 03시,일요일,경상남도 창원시 의창구 팔용동,중상사고,0,1,0,0,차대차 - 측면충돌,안전운전불이행,건조,맑음,교차로 - 교차로안,승용,남,58세,상해없음,승용,남,36세,중상
2019111000100105,2019년 11월 10일 06시,일요일,경상남도 창원시 진해구 자은동,사망사고,1,0,0,0,차대사람 - 횡단중,과속,건조,맑음,교차로 - 교차로횡단보도내,승용,남,47세,상해없음,보행자,여,80세,사망
2019111000100121,2019년 11월 10일 07시,일요일,경상남도 김해시 삼정동,경상사고,0,0,1,0,차량단독 - 공작물충돌,안전운전불이행,건조,맑음,단일로 - 기타,승용,남,27세,경상,,,,
2019111000100134,2019년 11월 10일 08시,일요일,경상남도 통영시 서호동,경상사고,0,0,1,0,차대사람 - 횡단중,안전운전불이행,건조,맑음,교차로 - 교차로부근,승용,여,61세,상해없음,보행자,남,58세,경상
2019111000100157,2019년 11월 10일 09시,일요일,경상남도 진주시 상대동,중상사고,0,1,0,0,차대차 - 정면충돌,안전운전불이행,건조,맑음,교차로 - 교차로안,승용,남,57세,상해없음,승용,남,44세,중상
2019111000100158,2019년 11월 10일 09시,일요일,경상남도 밀양시 삼랑진읍,경상사고,0,0,1,0,차대차 - 측면충돌,안전운전불이행,건조,맑음,교차로 - 교차로부근,승용,남,55세,상해없음,승용,남,57세,경상
2019111000100179,2019년 11월 10일 10시,일요일,경상남도 밀양시 부북면,경상사고,0,0,3,0,차대차 - 측면충돌,신호위반,건조,맑음,교차로 - 교차로안,승용,남,57세,상해없음,승용,남,64세,경상
2019111000100180,2019년 11월 10일 10시,일요일,경상남도 하동군 진교면,중상사고,0,1,0,0,차대차 - 측면충돌,교차로운행방법위반,건조,맑음,교차로 - 교차로안,승용,남,62세,상해없음,승용,여,35세,중상
2019111000100219,2019년 11월 10일 12시,일요일,경상남도 창원시 진해구 여좌동,중상사고,0,1,0,0,차대사람 - 횡단중,안전운전불이행,건조,맑음,기타 - 기타,자전거,남,15세,상해없음,보행자,여,62세,중상
2019111000100220,2019년 11월 10일 12시,일요일,경상남도 양산시 북정동,부상신고사고,0,0,0,1,차대차 - 측면충돌,안전운전불이행,건조,맑음,교차로 - 교차로안,이륜,남,52세,부상신고,승용,여,56세,상해없음
2019111000100221,2019년 11월 10일 12시,일요일,경상남도 거제시 아양동,중상사고,0,1,0,0,차대차 - 정면충돌,신호위반,건조,맑음,교차로 - 교차로안,이륜,남,17세,중상,승용,남,37세,상해없음
2019111000100249,2019년 11월 10일 13시,일요일,경상남도 통영시 용남면,경상사고,0,0,1,0,차대차 - 추돌,안전거리미확보,건조,맑음,단일로 - 기타,승용,남,75세,상해없음,승합,남,50세,경상
2019111000100250,2019년 11월 10일 13시,일요일,경상남도 창녕군 도천면,중상사고,0,1,0,0,차량단독 - 공작물충돌,안전운전불이행,건조,맑음,단일로 - 기타,이륜,남,31세,중상,,,,
2019111000100251,2019년 11월 10일 13시,일요일,경상남도 창녕군 남지읍,경상사고,0,0,1,0,차대차 - 측면충돌,신호위반,건조,맑음,교차로 - 교차로안,승용,남,50세,상해없음,승용,여,45세,경상
2019111000100280,2019년 11월 10일 14시,일요일,경상남도 진주시 상대동,경상사고,0,0,1,0,차대사람 - 길가장자리구역통행중,안전운전불이행,건조,맑음,단일로 - 기타,승용,남,51세,상해없음,보행자,남,31세,경상
2019111000100281,2019년 11월 10일 14시,일요일,경상남도 창녕군 고암면,중상사고,0,2,0,0,차량단독 - 공작물충돌,안전운전불이행,건조,맑음,단일로 - 기타,화물,여,69세,중상,,,,
2019111000100282,2019년 11월 10일 14시,일요일,경상남도 산청군 삼장면,중상사고,0,1,0,0,차대사람 - 차도통행중,안전운전불이행,건조,맑음,단일로 - 기타,승용,남,80세,상해없음,보행자,남,49세,중상
2019111000100283,2019년 11월 10일 14시,일요일,경상남도 창원시 의창구 명서동,경상사고,0,0,1,0,차대차 - 기타,안전운전불이행,건조,맑음,단일로 - 기타,승용,남,60세,상해없음,승합,남,43세,상해없음
2019111000100309,2019년 11월 10일 15시,일요일,경상남도 고성군 하일면,경상사고,0,0,2,0,차대차 - 기타,중앙선침범,건조,맑음,단일로 - 기타,화물,남,67세,상해없음,승용,남,42세,상해없음
2019111000100310,2019년 11월 10일 15시,일요일,경상남도 함안군 칠원읍,경상사고,0,0,3,0,차대차 - 기타,안전운전불이행,건조,맑음,단일로 - 기타,승용,남,64세,상해없음,승용,여,52세,경상
2019111000100335,2019년 11월 10일 16시,일요일,경상남도 김해시 외동,중상사고,0,1,2,0,차대차 - 기타,교차로운행방법위반,건조,맑음,교차로 - 교차로안,승용,여,47세,상해없음,승용,여,37세,중상
2019111000100336,2019년 11월 10일 16시,일요일,경상남도 산청군 삼장면,경상사고,0,0,1,0,차대차 - 측면충돌,교차로운행방법위반,건조,맑음,교차로 - 교차로안,승용,남,59세,상해없음,이륜,남,57세,경상
2019111000100372,2019년 11월 10일 17시,일요일,경상남도 창원시 진해구 태평동,중상사고,0,1,0,0,차대사람 - 기타,안전운전불이행,건조,맑음,교차로 - 교차로안,승용,여,42세,상해없음,보행자,여,66세,중상
2019111000100373,2019년 11월 10일 17시,일요일,경상남도 김해시 율하동,경상사고,0,0,1,0,차대차 - 측면충돌,안전운전불이행,건조,맑음,교차로 - 교차로안,승용,여,33세,상해없음,이륜,남,41세,경상
2019111000100425,2019년 11월 10일 18시,일요일,경상남도 통영시 무전동,중상사고,0,1,0,0,차대차 - 기타,중앙선침범,건조,맑음,단일로 - 기타,승용,여,38세,상해없음,개인형이동수단(PM),남,40세,중상
2019111000100426,2019년 11월 10일 18시,일요일,경상남도 사천시 선구동,부상신고사고,0,0,0,1,차대사람 - 기타,안전운전불이행,건조,맑음,교차로 - 교차로부근,기타불명,기타불명,미분류,기타불명,보행자,남,68세,부상신고
2019111000100427,2019년 11월 10일 18시,일요일,경상남도 창원시 의창구 사림동,경상사고,0,0,3,0,차대차 - 측면충돌,신호위반,건조,맑음,교차로 - 교차로안,승용,여,58세,상해없음,승용,여,38세,경상
2019111000100491,2019년 11월 10일 19시,일요일,경상남도 함안군 가야읍,경상사고,0,0,1,0,차대차 - 추돌,안전운전불이행,건조,맑음,교차로 - 교차로부근,승용,남,56세,상해없음,승용,남,37세,경상
2019111000100553,2019년 11월 10일 20시,일요일,경상남도 김해시 어방동,경상사고,0,0,1,0,차대차 - 기타,안전운전불이행,젖음/습기,흐림,교차로 - 교차로안,승용,여,48세,상해없음,원동기,남,19세,경상
2019111000100554,2019년 11월 10일 20시,일요일,경상남도 창원시 성산구 토월동,경상사고,0,0,3,0,차대차 - 측면충돌,안전운전불이행,건조,맑음,교차로 - 교차로부근,승용,여,29세,상해없음,승용,여,42세,경상