사고번호,사고일시,요일,시군구,사고내용,사망자수,중상자수,경상자수,부상신고자수,사고유형,법규위반,노면상태,기상상태,도로형태,가해운전자 차종,가해운전자 성별,가해운전자 연령,가해운전자 상해정도,피해운전자 차종,피해운전자 성별,피해운전자 연령,피해운전자 상해정도
2019111000100590,2019년 11월 10일 21시,일요일,경상남도 김해시 내동,경상사고,0,0,1,0,차대차 - 측면충돌,안전거리미확보,젖음/습기,흐림,단일로 - 기타,승용,남,46세,상해없음,이륜,남,35세,경상
2019111000100622,2019년 11월 10일 22시,일요일,경상남도 남해군 창선면,부상신고사고,0,0,0,1,차량단독 - 공작물충돌,안전운전불이행,젖음/습기,비,단일로 - 기타,승용,남,68세,부상신고,,,,
2019111100100038,2019년 11월 11일 00시,월요일,경상남도 창원시 의창구 북면,경상사고,0,0,1,0,차량단독 - 공작물충돌,안전거리미확보,젖음/습기,흐림,단일로 - 기타,승용,남,64세,상해없음,,,,
2019111100100049,2019년 11월 11일 01시,월요일,경상남도 김해시 대청동,경상사고,0,0,1,0,차량단독 - 공작물충돌,안전운전불이행,건조,맑음,단일로 - 기타,승용,여,26세,경상,,,,
2019111100100096,2019년 11월 11일 06시,월요일,경상남도 김해시 부원동,경상사고,0,0,3,0,차대차 - 추돌,안전운전불이행,건조,맑음,단일로 - 기타,화물,남,63세,경상,승용,남,35세,경상
2019111100100097,2019년 11월 11일 06시,월요일,경상남도 양산시 동면,부상신고사고,0,0,0,1,차대차 - 측면충돌,안전운전불이행,젖음/습기,비,단일로 - 기타,승용,남,21세,부상신고,화물,남,51세,상해없음
2019111100100098,2019년 11월 11일 06시,월요일,경상남도 창원시 마산회원구 봉암동,중상사고,0,1,0,0,차대사람 - 횡단중,안전운전불이행,건조,맑음,단일로 - 기타,승용,남,31세,상해없음,보행자,남,71세,중상
2019111100100121,2019년 11월 11일 07시,월요일,경상남도 양산시 신기동,중상사고,0,1,0,0,차대차 - 측면충돌,교차로운행방법위반,건조,맑음,교차로 - 교차로안,승용,남,62세,상해없음,이륜,남,68세,중상
2019111100100122,2019년 11월 11일 07시,월요일,경상남도 고성군 고성읍,경상사고,0,0,1,0,차대차 - 기타,안전운전불이행,건조,맑음,교차로 - 교차로안,화물,남,76세,상해없음,승용,남,48세,경상
2019111100100123,2019년 11월 11일 07시,월요일,경상남도 창원시 의창구 팔용동,경상사고,0,0,1,0,차대사람 - 기타,보행자보호의무위반,건조,맑음,교차로 - 교차로횡단보도내,승용,남,32세,상해없음,보행자,여,48세,경상
2019111100100175,2019년 11월 11일 08시,월요일,경상남도 통영시 미수동,경상사고,0,0,3,0,차대차 - 기타,안전운전불이행,건조,맑음,교차로 - 교차로안,승용,남,58세,상해없음,승용,남,44세,경상
2019111100100176,2019년 11월 11일 08시,월요일,경상남도 사천시 사천읍,경상사고,0,0,1,0,차대차 - 측면충돌,직진우회전진행방해,건조,맑음,교차로 - 교차로안,승합,남,61세,상해없음,승용,여,44세,경상
2019111100100177,2019년 11월 11일 08시,월요일,경상남도 김해시 외동,경상사고,0,0,1,0,차대차 - 기타,차로위반,건조,맑음,단일로 - 기타,화물,남,42세,상해없음,승용,남,61세,경상
2019111100100178,2019년 11월 11일 08시,월요일,경상남도 양산시 중부동,중상사고,0,1,0,0,차대차 - 추돌,안전운전불이행,건조,맑음,교차로 - 교차로안,승용,여,43세,상해없음,승용,남,68세,중상
2019111100100179,2019년 11월 11일 08시,월요일,경상남도 창원시 성산구 가음동,경상사고,0,0,3,0,차대차 - 측면충돌,신호위반,건조,맑음,교차로 - 교차로안,승용,남,61세,상해없음,승용,남,52세,경상
2019111100100213,2019년 11월 11일 09시,월요일,경상남도 창원시 성산구 가음동,중상사고,0,1,0,0,차대사람 - 보도통행중,기타,건조,맑음,단일로 - 기타,자전거,여,48세,상해없음,보행자,여,89세,중상
2019111100100214,2019년 11월 11일 09시,월요일,경상남도 창원시 성산구 신촌동,경상사고,0,0,3,0,차대차 - 추돌,안전운전불이행,건조,맑음,단일로 - 교량,승용,남,28세,경상,승용,남,40세,상해없음
2019111100100259,2019년 11월 11일 10시,월요일,경상남도 밀양시 산내면,경상사고,0,0,2,0,차대차 - 측면충돌,안전운전불이행,건조,맑음,단일로 - 기타,승용,남,59세,상해없음,화물,남,63세,경상
2019111100100260,2019년 11월 11일 10시,월요일,경상남도 양산시 물금읍,중상사고,0,1,0,0,차대사람 - 보도통행중,안전운전불이행,건조,맑음,교차로 - 교차로부근,승용,남,48세,상해없음,보행자,여,69세,중상
2019111100100261,2019년 11월 11일 10시,월요일,경상남도 의령군 용덕면,경상사고,0,0,1,0,차대차 - 후진중충돌,교차로운행방법위반,건조,맑음,교차로 - 교차로안,건설기계,남,45세,상해없음,이륜,남,82세,경상
2019111100100297,2019년 11월 11일 11시,월요일,경상남도 창원시 진해구 북부동,중상사고,0,1,0,0,차대차 - 기타,안전운전불이행,건조,맑음,교차로 - 교차로부근,승용,남,53세,중상,이륜,남,61세,기타불명
2019111100100298,2019년 11월 11일 11시,월요일,경상남도 창원시 진해구 자은동,중상사고,0,1,0,0,차대차 - 정면충돌,안전운전불이행,건조,맑음,교차로 - 교차로안,승용,여,65세,중상,승용,여,36세,상해없음
2019111100100299,2019년 11월 11일 11시,월요일,경상남도 통영시 무전동,중상사고,0,1,0,0,차대사람 - 횡단중,보행자보호의무위반,건조,맑음,교차로 - 교차로부근,승용,남,72세,상해없음,보행자,여,73세,중상
2019111100100300,2019년 11월 11일 11시,월요일,경상남도 양산시 물금읍,경상사고,0,0,1,0,차대사람 - 횡단중,안전운전불이행,건조,맑음,단일로 - 기타,승용,남,74세,상해없음,보행자,남,28세,경상
2019111100100335,2019년 11월 11일 12시,월요일,경상남도 통영시 미수동,경상사고,0,0,1,0,차대차 - 측면충돌,안전운전불이행,건조,맑음,단일로 - 기타,승용,여,67세,경상,화물,남,51세,기타불명
2019111100100336,2019년 11월 11일 12시,월요일,경상남도 김해시 동상동,중상사고,0,1,0,0,차대사람 - 기타,안전운전불이행,건조,맑음,교차로 - 교차로안,승용,여,62세,상해없음,보행자,여,84세,중상
2019111100100337,2019년 11월 11일 12시,월요일,경상남도 창원시 의창구 소계동,경상사고,0,0,1,0,차대차 - 추돌,안전거리미확보,건조,맑음,교차로 - 교차로부근,승용,남,44세,상해없음,승용,여,42세,경상
2019111100100338,2019년 11월 11일 12시,월요일,경상남도 김해시 진영읍,경상사고,0,0,1,0,차대차 - 측면충돌,안전운전불이행,건조,맑음,단일로 - 기타,승용,여,27세,상해없음,승용,남,33세,경상
2019111100100378,2019년 11월 11일 13시,월요일,경상남도 김해시 대동면,중상사고,0,1,1,0,차대차 - 측면충돌,안전운전불이행,건조,맑음,단일로 - 기타,승용,여,59세,경상,특수,남,52세,중상
2019111100100379,2019년 11월 11일 13시,월요일,경상남도 김해시 부원동,중상사고,0,1,0,2,차대차 - 기타,안전운전불이행,건조,맑음,단일로 - 기타,승용,남,58세,상해없음,승용,남,72세,부상신고
2019111100100380,2019년 11월 11일 13시,월요일,경상남도 창원시 성산구 남산동,경상사고,0,0,1,0,차대차 - 측면충돌,신호위반,건조,맑음,교차로 - 교차로안,승용,여,29세,상해없음,화물,남,66세,경상
2019111100100416,2019년 11월 11일 14시,월요일,경상남도 창원시 진해구 석동,중상사고,0,1,0,0,차대사람 - 횡단중,안전운전불이행,건조,맑음,교차로 - 교차로안,승용,여,67세,상해없음,보행자,여,47세,중상
2019111100100417,2019년 11월 11일 14시,월요일,경상남도 거제시 두모동,경상사고,0,0,4,0,차대차 - 추돌,안전운전불이행,건조,맑음,단일로 - 기타,화물,남,49세,상해없음,승용,남,55세,상해없음
2019111100100460,2019년 11월 11일 15시,월요일,경상남도 양산시 덕계동,중상사고,0,1,0,0,차대차 - 기타,중앙선침범,건조,맑음,단일로 - 기타,승용,남,48세,상해없음,승합,남,48세,상해없음
2019111100100502,2019년 11월 11일 16시,월요일,경상남도 창원시 진해구 태평동,경상사고,0,0,1,0,차대차 - 기타,안전운전불이행,건조,맑음,교차로 - 교차로안,화물,남,38세,경상,승합,남,51세,상해없음
2019111100100503,2019년 11월 11일 16시,월요일,경상남도 통영시 무전동,경상사고,0,0,12,1,차대차 - 기타,안전운전불이행,건조,맑음,단일로 - 기타,승용,여,22세,상해없음,승용,남,54세,상해없음
2019111100100504,2019년 11월 11일 16시,월요일,경상남도 김해시 어방동,경상사고,0,0,1,0,차대차 - 기타,안전운전불이행,건조,맑음,단일로 - 기타,화물,남,57세,상해없음,승용,남,34세,경상
2019111100100558,2019년 11월 11일 17시,월요일,경상남도 창녕군 남지읍,경상사고,0,0,1,1,차대차 - 측면충돌,기타,건조,맑음,교차로 - 교차로안,화물,여,40세,경상,화물,남,68세,부상신고
2019111100100605,2019년 11월 11일 18시,월요일,경상남도 통영시 무전동,중상사고,0,1,0,0,차대사람 - 횡단중,보행자보호의무위반,건조,맑음,단일로 - 기타,승용,여,48세,상해없음,보행자,여,66세,중상
2019111100100606,2019년 11월 11일 18시,월요일,경상남도 창원시 의창구 명서동,경상사고,0,0,1,0,차대사람 - 기타,안전운전불이행,건조,맑음,교차로 - 교차로부근,승용,남,52세,상해없음,보행자,남,53세,경상
2019111100100647,2019년 11월 11일 19시,월요일,경상남도 창원시 마산합포구 예곡동,중상사고,0,1,1,0,차대차 - 추돌,안전운전불이행,건조,맑음,단일로 - 기타,승용,남,32세,상해없음,이륜,남,51세,중상
2019111100100648,2019년 11월 11일 19시,월요일,경상남도 진주시 상대동,경상사고,0,0,2,0,차대차 - 측면충돌,신호위반,건조,맑음,교차로 - 교차로안,승용,남,56세,상해없음,승용,남,65세,상해없음
2019111100100649,2019년 11월 11일 19시,월요일,경상남도 사천시 사천읍,경상사고,0,0,1,0,차대사람 - 기타,안전운전불이행,건조,맑음,단일로 - 기타,승용,여,67세,상해없음,보행자,남,76세,경상
2019111100100650,2019년 11월 11일 19시,월요일,경상남도 창녕군 창녕읍,경상사고,0,0,1,0,차대차 - 측면충돌,기타,건조,맑음,교차로 - 교차로안,승용,남,60세,상해없음,원동기,남,57세,경상
2019111100100681,2019년 11월 11일 20시,월요일,경상남도 통영시 봉평동,중상사고,0,1,0,0,차대사람 - 기타,안전운전불이행,건조,맑음,단일로 - 기타,승용,여,42세,상해없음,보행자,남,63세,중상
2019111100100720,2019년 11월 11일 21시,월요일,경상남도 김해시 안동,경상사고,0,0,1,0,차대차 - 기타,안전운전불이행,건조,맑음,교차로 - 교차로안,승용,여,38세,경상,승용,여,38세,상해없음
2019111100100749,2019년 11월 11일 22시,월요일,경상남도 거제시 옥포동,경상사고,0,0,1,0,차대사람 - 기타,보행자보호의무위반,건조,맑음,교차로 - 교차로부근,화물,여,55세,상해없음,보행자,남,64세,경상
2019111100100750,2019년 11월 11일 22시,월요일,경상남도 김해시 대청동,경상사고,0,0,1,0,차대차 - 기타,교차로운행방법위반,건조,맑음,교차로 - 교차로안,승용,남,39세,상해없음,승용,남,51세,상해없음
2019111200100066,2019년 11월 12일 05시,화요일,경상남도 김해시 신문동,경상사고,0,0,6,0,차대차 - 측면충돌,안전운전불이행,건조,맑음,단일로 - 기타,승용,남,66세,경상,승용,남,41세,경상
2019111200100068,2019년 11월 12일 05시,화요일,경상남도 사천시 사남면,중상사고,0,1,0,0,차대사람 - 차도통행중,안전운전불이행,건조,맑음,교차로 - 교차로안,승용,여,60세,상해없음,보행자,남,79세,중상
2019111200100101,2019년 11월 12일 07시,화요일,경상남도 사천시 사남면,중상사고,0,2,0,0,차대차 - 측면충돌,신호위반,건조,맑음,교차로 - 교차로안,승용,여,62세,중상,승용,여,42세,중상
2019111200100102,2019년 11월 12일 07시,화요일,경상남도 밀양시 삼랑진읍,경상사고,0,0,3,0,차대차 - 추돌,안전운전불이행,젖음/습기,맑음,단일로 - 기타,승용,남,19세,경상,승용,남,31세,경상
2019111200100150,2019년 11월 12일 08시,화요일,경상남도 사천시 선구동,중상사고,0,1,0,0,차대차 - 측면충돌,직진우회전진행방해,건조,맑음,교차로 - 교차로안,자전거,여,68세,중상,승용,여,42세,상해없음
2019111200100151,2019년 11월 12일 08시,화요일,경상남도 김해시 내동,경상사고,0,0,1,0,차대사람 - 차도통행중,안전운전불이행,건조,맑음,단일로 - 기타,승용,여,25세,상해없음,보행자,남,55세,경상
2019111200100152,2019년 11월 12일 08시,화요일,경상남도 거제시 수월동,경상사고,0,0,1,0,차대차 - 측면충돌,안전운전불이행,건조,맑음,단일로 - 기타,승용,남,70세,상해없음,화물,남,29세,경상
2019111200100153,2019년 11월 12일 08시,화요일,경상남도 김해시 삼문동,중상사고,0,1,1,0,차대차 - 측면충돌,신호위반,건조,맑음,교차로 - 교차로안,승용,남,34세,경상,승용,남,69세,중상
2019111200100192,2019년 11월 12일 09시,화요일,경상남도 진주시 충무공동,경상사고,0,0,1,0,차대사람 - 횡단중,안전운전불이행,건조,맑음,단일로 - 기타,승용,여,52세,상해없음,보행자,여,5세,경상
2019111200100222,2019년 11월 12일 10시,화요일,경상남도 사천시 선구동,중상사고,0,1,0,0,차대사람 - 횡단중,안전운전불이행,건조,맑음,교차로 - 교차로안,승용,여,51세,상해없음,보행자,여,82세,중상
2019111200100223,2019년 11월 12일 10시,화요일,경상남도 창녕군 장마면,경상사고,0,0,1,0,차대차 - 측면충돌,안전거리미확보,건조,맑음,교차로 - 교차로부근,화물,남,63세,상해없음,승용,여,48세,경상
2019111200100224,2019년 11월 12일 10시,화요일,경상남도 창원시 의창구 팔용동,부상신고사고,0,0,0,1,차대사람 - 횡단중,보행자보호의무위반,건조,맑음,교차로 - 교차로횡단보도내,화물,남,44세,상해없음,보행자,여,24세,부상신고
2019111200100248,2019년 11월 12일 11시,화요일,경상남도 창원시 진해구 수송동,중상사고,0,1,0,0,차대차 - 기타,안전운전불이행,건조,맑음,교차로 - 교차로부근,승합,남,43세,상해없음,특수,남,49세,중상
2019111200100249,2019년 11월 12일 11시,화요일,경상남도 김해시 불암동,경상사고,0,0,2,0,차대차 - 측면충돌,차로위반,건조,맑음,단일로 - 기타,화물,남,40세,상해없음,승용,여,51세,경상
2019111200100250,2019년 11월 12일 11시,화요일,경상남도 거제시 양정동,중상사고,0,1,0,0,차대차 - 추돌,안전운전불이행,건조,맑음,단일로 - 기타,승용,여,43세,상해없음,승용,여,37세,중상
2019111200100251,2019년 11월 12일 11시,화요일,경상남도 김해시 한림면,경상사고,0,0,1,1,차대차 - 측면충돌,안전운전불이행,건조,맑음,단일로 - 기타,승용,남,65세,부상신고,화물,남,51세,경상
2019111200100280,2019년 11월 12일 12시,화요일,경상남도 양산시 물금읍,중상사고,0,1,1,0,차대차 - 측면충돌,안전운전불이행,건조,맑음,단일로 - 기타,승용,남,60세,상해없음,이륜,남,17세,중상
2019111200100281,2019년 11월 12일 12시,화요일,경상남도 남해군 창선면,중상사고,0,1,0,0,차대차 - 기타,교차로운행방법위반,건조,맑음,교차로 - 교차로안,화물,남,66세,상해없음,이륜,남,81세,중상
2019111200100372,2019년 11월 12일 15시,화요일,경상남도 진주시 상대동,중상사고,0,1,0,0,차대사람 - 횡단중,안전운전불이행,건조,맑음,교차로 - 교차로안,승용,여,53세,상해없음,보행자,여,90세 이상,중상
2019111200100373,2019년 11월 12일 15시,화요일,경상남도 통영시 무전동,중상사고,0,1,1,0,차대차 - 기타,안전운전불이행,건조,맑음,단일로 - 터널,화물,남,45세,경상,승용,여,55세,상해없음
2019111200100374,2019년 11월 12일 15시,화요일,경상남도 함양군 함양읍,중상사고,0,1,0,1,차대차 - 측면충돌,교차로운행방법위반,건조,맑음,교차로 - 교차로안,원동기,남,72세,부상신고,승용,남,30세,상해없음
2019111200100375,2019년 11월 12일 15시,화요일,경상남도 김해시 율하동,중상사고,0,1,0,0,차대차 - 측면충돌,안전운전불이행,건조,맑음,교차로 - 교차로안,승용,남,73세,기타불명,승용,남,46세,중상
2019111200100396,2019년 11월 12일 16시,화요일,경상남도 양산시 물금읍,경상사고,0,0,1,0,차대차 - 기타,안전운전불이행,건조,맑음,단일로 - 기타,특수,남,61세,상해없음,승용,여,58세,경상
2019111200100411,2019년 11월 12일 16시,화요일,경상남도 김해시 내동,중상사고,0,1,0,0,차대차 - 측면충돌,안전거리미확보,건조,맑음,단일로 - 기타,승합,남,58세,상해없음,승용,여,42세,중상
2019111200100412,2019년 11월 12일 16시,화요일,경상남도 산청군 생초면,중상사고,0,1,0,0,차대사람 - 차도통행중,안전운전불이행,건조,맑음,단일로 - 기타,화물,남,63세,상해없음,보행자,여,61세,중상
2019111200100517,2019년 11월 12일 18시,화요일,경상남도 진주시 칠암동,경상사고,0,0,1,0,차대사람 - 횡단중,안전운전불이행,건조,맑음,교차로 - 교차로안,승용,여,45세,상해없음,보행자,여,64세,경상
2019111200100518,2019년 11월 12일 18시,화요일,경상남도 창원시 진해구 남문동,경상사고,0,0,2,0,차대차 - 기타,안전운전불이행,건조,맑음,교차로 - 교차로안,화물,남,67세,상해없음,화물,남,53세,경상
2019111200100519,2019년 11월 12일 18시,화요일,경상남도 거제시 사등면,중상사고,0,1,0,0,차대사람 - 횡단중,보행자보호의무위반,건조,맑음,주차장 - 주차장,승용,여,46세,상해없음,보행자,남,69세,중상
2019111200100520,2019년 11월 12일 18시,화요일,경상남도 거제시 수월동,중상사고,0,1,0,0,차대차 - 측면충돌,안전운전불이행,건조,맑음,단일로 - 기타,이륜,남,41세,중상,승용,여,47세,상해없음
2019111200100521,2019년 11월 12일 18시,화요일,경상남도 창원시 성산구 중앙동,경상사고,0,0,1,0,차대차 - 후진중충돌,안전운전불이행,건조,맑음,단일로 - 기타,승용,남,59세,상해없음,이륜,남,20세,경상
2019111200100522,2019년 11월 12일 18시,화요일,경상남도 창원시 마산회원구 구암동,경상사고,0,0,1,0,차대차 - 기타,안전운전불이행,건조,맑음,기타 - 기타,승용,남,63세,상해없음,자전거,남,79세,경상
2019111200100617,2019년 11월 12일 21시,화요일,경상남도 통영시 미수동,경상사고,0,0,2,0,차대차 - 추돌,안전운전불이행,건조,맑음,교차로 - 교차로안,승용,여,48세,상해없음,승용,남,29세,경상
2019111200100618,2019년 11월 12일 21시,화요일,경상남도 양산시 산막동,중상사고,0,1,1,0,차대차 - 추돌,안전운전불이행,건조,맑음,단일로 - 기타,승용,남,36세,상해없음,승용,남,47세,중상
2019111200100619,2019년 11월 12일 21시,화요일,경상남도 창원시 성산구 삼정자동,경상사고,0,0,1,0,차대사람 - 기타,안전운전불이행,건조,맑음,단일로 - 기타,기타불명,기타불명,미분류,기타불명,보행자,남,41세,경상
2019111200100657,2019년 11월 12일 23시,화요일,경상남도 통영시 봉평동,경상사고,0,0,1,0,차대차 - 측면충돌,신호위반,건조,맑음,교차로 - 교차로안,승용,남,62세,상해없음,승용,남,38세,경상
2019111300100034,2019년 11월 13일 00시,수요일,경상남도 창원시 마산합포구 해운동,경상사고,0,0,1,0,차대차 - 측면충돌,안전운전불이행,건조,맑음,단일로 - 기타,승용,남,21세,상해없음,이륜,남,22세,경상
2019111300100035,2019년 11월 13일 00시,수요일,경상남도 진주시 평거동,부상신고사고,0,0,0,1,차대차 - 측면충돌,안전운전불이행,건조,맑음,단일로 - 기타,승용,여,37세,부상신고,승용,여,58세,기타불명
2019111300100036,2019년 11월 13일 00시,수요일,경상남도 사천시 정동면,중상사고,0,1,0,0,차량단독 - 기타,안전운전불이행,건조,맑음,교차로 - 교차로안,승용,남,29세,중상,,,,
2019111300100051,2019년 11월 13일 03시,수요일,경상남도 김해시 어방동,중상사고,0,2,0,0,차량단독 - 공작물충돌,안전운전불이행,건조,맑음,단일로 - 기타,이륜,남,19세,중상,,,,
2019111300100110,2019년 11월 13일 07시,수요일,경상남도 창원시 진해구 원포동,경상사고,0,0,1,0,차대차 - 기타,안전거리미확보,건조,맑음,단일로 - 기타,승용,여,50세,경상,건설기계,남,41세,상해없음
2019111300100111,2019년 11월 13일 07시,수요일,경상남도 창원시 진해구 경화동,중상사고,0,1,0,0,차대사람 - 기타,안전운전불이행,건조,맑음,단일로 - 기타,승용,여,29세,상해없음,보행자,여,80세,중상
2019111300100150,2019년 11월 13일 08시,수요일,경상남도 김해시 대동면,중상사고,0,1,0,0,차대차 - 측면충돌,교차로운행방법위반,건조,맑음,교차로 - 교차로안,화물,남,36세,상해없음,승용,여,64세,중상
2019111300100151,2019년 11월 13일 08시,수요일,경상남도 김해시 안동,경상사고,0,0,1,2,차대차 - 측면충돌,교차로운행방법위반,건조,흐림,교차로 - 교차로안,승용,여,40세,상해없음,승용,여,52세,경상
2019111300100178,2019년 11월 13일 09시,수요일,경상남도 진주시 인사동,중상사고,0,1,0,0,차량단독 - 기타,안전운전불이행,건조,맑음,단일로 - 기타,승합,남,63세,상해없음,,,,
2019111300100179,2019년 11월 13일 09시,수요일,경상남도 창원시 의창구 팔용동,경상사고,0,0,1,0,차대차 - 기타,안전운전불이행,건조,맑음,교차로 - 교차로안,화물,남,60세,상해없음,화물,남,48세,경상
2019111300100235,2019년 11월 13일 11시,수요일,경상남도 창원시 진해구 자은동,경상사고,0,0,3,0,차대차 - 측면충돌,신호위반,건조,맑음,교차로 - 교차로안,승용,여,43세,경상,승용,여,26세,경상
2019111300100236,2019년 11월 13일 11시,수요일,경상남도 김해시 외동,경상사고,0,0,1,1,차대차 - 측면충돌,안전운전불이행,건조,흐림,단일로 - 기타,승용,남,50세,경상,승용,남,48세,기타불명
2019111300100237,2019년 11월 13일 11시,수요일,경상남도 고성군 고성읍,경상사고,0,0,2,0,차대차 - 기타,중앙선침범,건조,맑음,단일로 - 기타,승용,남,51세,상해없음,화물,남,59세,경상
2019111300100264,2019년 11월 13일 12시,수요일,경상남도 합천군 대병면,경상사고,0,0,1,0,차대차 - 기타,안전운전불이행,건조,흐림,교차로 - 교차로안,승용,남,66세,상해없음,이륜,여,69세,경상
2019111300100300,2019년 11월 13일 13시,수요일,경상남도 김해시 진영읍,경상사고,0,0,1,0,차대사람 - 길가장자리구역통행중,안전운전불이행,건조,맑음,단일로 - 기타,승용,여,56세,상해없음,보행자,여,69세,경상
2019111300100301,2019년 11월 13일 13시,수요일,경상남도 함안군 산인면,중상사고,0,2,2,0,차대차 - 측면충돌,과속,건조,맑음,단일로 - 기타,승용,여,23세,상해없음,승용,여,57세,중상
2019111300100326,2019년 11월 13일 14시,수요일,경상남도 김해시 한림면,경상사고,0,0,1,0,차대차 - 추돌,안전운전불이행,건조,맑음,단일로 - 기타,승용,여,54세,경상,화물,기타불명,미분류,기타불명
2019111300100404,2019년 11월 13일 16시,수요일,경상남도 창원시 성산구 양곡동,경상사고,0,0,1,0,차대차 - 측면충돌,안전운전불이행,건조,맑음,단일로 - 기타,승용,남,40세,상해없음,특수,남,49세,경상
2019111300100449,2019년 11월 13일 17시,수요일,경상남도 사천시 사천읍,경상사고,0,0,1,0,차대차 - 기타,안전운전불이행,건조,맑음,교차로 - 교차로안,자전거,남,55세,경상,승용,남,41세,상해없음
2019111300100450,2019년 11월 13일 17시,수요일,경상남도 김해시 안동,경상사고,0,0,1,1,차대차 - 측면충돌,교차로운행방법위반,건조,맑음,교차로 - 교차로안,화물,남,30세,상해없음,승합,남,40세,부상신고
2019111300100526,2019년 11월 13일 18시,수요일,경상남도 밀양시 삼문동,부상신고사고,0,0,0,1,차대사람 - 길가장자리구역통행중,안전운전불이행,건조,맑음,단일로 - 기타,승용,여,30세,상해없음,보행자,남,21세,부상신고
2019111300100595,2019년 11월 13일 19시,수요일,경상남도 창원시 진해구 용원동,경상사고,0,0,1,0,차대차 - 추돌,안전운전불이행,건조,맑음,교차로 - 교차로부근,승용,남,52세,상해없음,승용,남,45세,경상
2019111300100596,2019년 11월 13일 19시,수요일,경상남도 밀양시 삼문동,중상사고,0,1,0,0,차대사람 - 보도통행중,안전운전불이행,건조,맑음,교차로 - 교차로횡단보도내,승용,여,34세,상해없음,보행자,여,51세,중상
2019111300100597,2019년 11월 13일 19시,수요일,경상남도 창녕군 부곡면,부상신고사고,0,0,0,1,차량단독 - 도로외이탈 - 추락,안전운전불이행,건조,맑음,기타 - 기타,이륜,남,60세,부상신고,,,,
2019111300100598,2019년 11월 13일 19시,수요일,경상남도 창원시 성산구 상남동,경상사고,0,0,1,0,차대차 - 측면충돌,안전운전불이행,건조,맑음,교차로 - 교차로안,화물,남,58세,상해없음,승용,남,37세,경상
2019111300100599,2019년 11월 13일 19시,수요일,경상남도 통영시 광도면,경상사고,0,0,1,0,차대사람 - 기타,안전운전불이행,건조,맑음,단일로 - 기타,기타불명,기타불명,미분류,기타불명,보행자,남,58세,경상
2019111300100654,2019년 11월 13일 20시,수요일,경상남도 거제시 옥포동,경상사고,0,0,1,0,차대차 - 측면충돌,교차로운행방법위반,건조,맑음,교차로 - 교차로안,승용,여,42세,상해없음,자전거,남,61세,경상
2019111300100655,2019년 11월 13일 20시,수요일,경상남도 거제시 장평동,사망사고,1,0,0,0,차대사람 - 횡단중,과속,건조,맑음,교차로 - 교차로안,화물,남,51세,상해없음,보행자,남,38세,사망
2019111300100656,2019년 11월 13일 20시,수요일,경상남도 김해시 삼문동,경상사고,0,0,2,0,차대차 - 측면충돌,신호위반,건조,맑음,교차로 - 교차로안,이륜,남,19세,경상,승용,여,39세,경상
2019111300100710,2019년 11월 13일 22시,수요일,경상남도 창원시 의창구 봉곡동,경상사고,0,0,1,0,차대차 - 추돌,안전운전불이행,건조,맑음,교차로 - 교차로부근,승용,남,29세,상해없음,승용,남,57세,경상
2019111300100711,2019년 11월 13일 22시,수요일,경상남도 창원시 의창구 팔용동,경상사고,0,0,1,0,차량단독 - 공작물충돌,안전운전불이행,건조,맑음,기타 - 기타,승용,남,31세,경상,,,,
2019111300100729,2019년 11월 13일 23시,수요일,경상남도 진주시 이현동,중상사고,0,1,0,0,차대차 - 기타,안전운전불이행,건조,맑음,단일로 - 기타,승용,남,53세,상해없음,이륜,남,55세,중상
2019111300100730,2019년 11월 13일 23시,수요일,경상남도 김해시 삼방동,경상사고,0,0,2,0,차대차 - 측면충돌,직진우회전진행방해,건조,맑음,교차로 - 교차로안,승용,남,37세,경상,화물,남,65세,상해없음
2019111300100731,2019년 11월 13일 23시,수요일,경상남도 창원시 성산구 사파동,중상사고,0,4,0,0,차대차 - 추돌,안전운전불이행,건조,맑음,단일로 - 기타,화물,남,53세,상해없음,승용,여,50세,중상
2019111400100036,2019년 11월 14일 00시,목요일,경상남도 밀양시 하남읍,경상사고,0,0,1,0,차대차 - 측면충돌,안전운전불이행,건조,맑음,단일로 - 기타,승용,남,38세,상해없음,화물,남,39세,경상
2019111400100037,2019년 11월 14일 00시,목요일,경상남도 김해시 삼문동,경상사고,0,0,1,0,차대차 - 측면충돌,신호위반,건조,맑음,교차로 - 교차로안,승용,남,54세,상해없음,승용,남,49세,경상
2019111400100046,2019년 11월 14일 01시,목요일,경상남도 통영시 항남동,경상사고,0,0,1,0,차대사람 - 기타,안전운전불이행,건조,맑음,단일로 - 기타,승용,남,58세,상해없음,보행자,여,52세,경상
2019111400100055,2019년 11월 14일 03시,목요일,경상남도 산청군 산청읍,중상사고,0,2,1,0,차대차 - 추돌,안전운전불이행,건조,맑음,단일로 - 기타,승합,남,50세,상해없음,화물,남,57세,중상