사고번호,사고일시,요일,시군구,사고내용,사망자수,중상자수,경상자수,부상신고자수,사고유형,법규위반,노면상태,기상상태,도로형태,가해운전자 차종,가해운전자 성별,가해운전자 연령,가해운전자 상해정도,피해운전자 차종,피해운전자 성별,피해운전자 연령,피해운전자 상해정도
2019111400100061,2019년 11월 14일 04시,목요일,경상남도 창녕군 창녕읍,경상사고,0,0,1,0,차량단독 - 공작물충돌,안전운전불이행,건조,맑음,단일로 - 기타,승용,남,24세,경상,,,,
2019111400100083,2019년 11월 14일 06시,목요일,경상남도 창원시 의창구 서상동,중상사고,0,1,0,0,차대사람 - 기타,안전운전불이행,건조,맑음,교차로 - 교차로안,화물,남,45세,상해없음,보행자,남,56세,중상
2019111400100102,2019년 11월 14일 07시,목요일,경상남도 창원시 성산구 대방동,중상사고,0,1,1,0,차대차 - 측면충돌,안전운전불이행,건조,맑음,교차로 - 교차로부근,승용,남,33세,상해없음,승합,남,61세,상해없음
2019111400100144,2019년 11월 14일 08시,목요일,경상남도 창원시 진해구 죽곡동,중상사고,0,1,1,0,차대차 - 추돌,안전거리미확보,건조,맑음,단일로 - 기타,승용,남,38세,상해없음,승용,여,45세,중상
2019111400100145,2019년 11월 14일 08시,목요일,경상남도 통영시 용남면,경상사고,0,0,1,0,차대차 - 추돌,안전거리미확보,건조,맑음,단일로 - 기타,승용,남,60세,상해없음,승용,남,29세,경상
2019111400100146,2019년 11월 14일 08시,목요일,경상남도 사천시 벌리동,경상사고,0,0,1,0,차대차 - 측면충돌,안전거리미확보,건조,맑음,단일로 - 기타,자전거,남,14세,경상,승용,남,69세,상해없음
2019111400100147,2019년 11월 14일 08시,목요일,경상남도 김해시 부원동,경상사고,0,0,1,0,차대사람 - 길가장자리구역통행중,안전운전불이행,건조,맑음,단일로 - 기타,승용,여,56세,상해없음,보행자,여,57세,경상
2019111400100148,2019년 11월 14일 08시,목요일,경상남도 거창군 남하면,중상사고,0,3,0,0,차대차 - 측면충돌,신호위반,건조,맑음,교차로 - 교차로안,승용,여,53세,중상,승용,여,47세,중상
2019111400100149,2019년 11월 14일 08시,목요일,경상남도 양산시 물금읍,경상사고,0,0,2,0,차대차 - 기타,교차로운행방법위반,건조,맑음,교차로 - 교차로안,이륜,남,58세,상해없음,승용,남,45세,경상
2019111400100150,2019년 11월 14일 08시,목요일,경상남도 창원시 의창구 봉곡동,경상사고,0,0,1,0,차대차 - 측면충돌,안전운전불이행,건조,맑음,교차로 - 교차로부근,승합,남,47세,상해없음,자전거,여,26세,경상
2019111400100151,2019년 11월 14일 08시,목요일,경상남도 창원시 의창구 명곡동,경상사고,0,0,1,0,차대차 - 측면충돌,안전거리미확보,건조,맑음,단일로 - 기타,승용,여,47세,상해없음,승용,남,31세,경상
2019111400100152,2019년 11월 14일 08시,목요일,경상남도 김해시 진영읍,중상사고,0,1,0,0,차대차 - 측면충돌,중앙선침범,건조,맑음,단일로 - 기타,승용,여,38세,상해없음,이륜,남,29세,중상
2019111400100153,2019년 11월 14일 08시,목요일,경상남도 창원시 의창구 동읍,경상사고,0,0,1,0,차대차 - 추돌,안전운전불이행,건조,맑음,단일로 - 교량,화물,남,59세,기타불명,승용,여,51세,경상
2019111400100206,2019년 11월 14일 09시,목요일,경상남도 창원시 진해구 광화동,경상사고,0,0,3,0,차대차 - 측면충돌,교차로운행방법위반,건조,맑음,교차로 - 교차로안,승용,여,39세,경상,승용,남,26세,경상
2019111400100245,2019년 11월 14일 10시,목요일,경상남도 통영시 용남면,경상사고,0,0,1,0,차대사람 - 기타,안전운전불이행,건조,맑음,주차장 - 주차장,승용,남,50세,상해없음,보행자,남,56세,경상
2019111400100286,2019년 11월 14일 11시,목요일,경상남도 창원시 진해구 평안동,중상사고,0,1,0,0,차대사람 - 횡단중,보행자보호의무위반,건조,맑음,교차로 - 교차로안,승용,여,55세,상해없음,보행자,여,57세,중상
2019111400100321,2019년 11월 14일 12시,목요일,경상남도 밀양시 산외면,중상사고,0,1,0,0,차대차 - 측면충돌,안전운전불이행,건조,맑음,교차로 - 교차로안,승용,남,54세,상해없음,승용,여,63세,중상
2019111400100362,2019년 11월 14일 13시,목요일,경상남도 창원시 진해구 용원동,경상사고,0,0,1,0,차대차 - 측면충돌,교차로운행방법위반,건조,맑음,교차로 - 교차로부근,건설기계,남,50세,상해없음,승용,남,29세,경상
2019111400100363,2019년 11월 14일 13시,목요일,경상남도 사천시 용강동,중상사고,0,1,0,0,차대차 - 측면충돌,신호위반,건조,맑음,교차로 - 교차로안,이륜,남,67세,중상,승용,남,43세,상해없음
2019111400100364,2019년 11월 14일 13시,목요일,경상남도 거제시 고현동,부상신고사고,0,0,0,1,차대차 - 측면충돌,안전운전불이행,건조,맑음,교차로 - 교차로안,이륜,남,27세,상해없음,승용,남,32세,부상신고
2019111400100365,2019년 11월 14일 13시,목요일,경상남도 창원시 성산구 상남동,경상사고,0,0,1,0,차대사람 - 차도통행중,안전운전불이행,건조,맑음,기타 - 기타,승용,여,45세,상해없음,보행자,여,57세,경상
2019111400100410,2019년 11월 14일 14시,목요일,경상남도 거제시 장승포동,경상사고,0,0,1,0,차대차 - 측면충돌,교차로운행방법위반,건조,맑음,교차로 - 교차로안,승용,여,51세,상해없음,화물,남,59세,경상
2019111400100444,2019년 11월 14일 15시,목요일,경상남도 밀양시 상남면,경상사고,0,0,1,0,차대차 - 추돌,안전운전불이행,건조,맑음,교차로 - 교차로부근,승용,여,47세,상해없음,승용,여,38세,경상
2019111400100445,2019년 11월 14일 15시,목요일,경상남도 창원시 마산회원구 내서읍,경상사고,0,0,1,0,차대차 - 측면충돌,신호위반,건조,맑음,교차로 - 교차로안,승용,여,53세,상해없음,승용,남,26세,경상
2019111400100469,2019년 11월 14일 16시,목요일,경상남도 김해시 대동면,경상사고,0,0,1,0,차대차 - 측면충돌,안전운전불이행,건조,맑음,단일로 - 터널,화물,남,61세,상해없음,승용,여,35세,경상
2019111400100492,2019년 11월 14일 16시,목요일,경상남도 거제시 장목면,중상사고,0,1,0,0,차대사람 - 기타,안전운전불이행,건조,맑음,단일로 - 기타,승용,남,62세,상해없음,보행자,남,63세,중상
2019111400100493,2019년 11월 14일 16시,목요일,경상남도 창원시 의창구 서상동,중상사고,0,1,0,0,차대차 - 측면충돌,안전운전불이행,건조,맑음,교차로 - 교차로안,승용,여,35세,상해없음,승용,여,67세,중상
2019111400100557,2019년 11월 14일 17시,목요일,경상남도 밀양시 가곡동,중상사고,0,1,0,0,차대차 - 측면충돌,안전운전불이행,건조,맑음,교차로 - 교차로부근,승용,남,68세,상해없음,자전거,여,64세,중상
2019111400100558,2019년 11월 14일 17시,목요일,경상남도 거제시 장목면,중상사고,0,1,1,0,차대차 - 정면충돌,중앙선침범,건조,맑음,단일로 - 기타,화물,남,65세,상해없음,승용,여,53세,경상
2019111400100559,2019년 11월 14일 17시,목요일,경상남도 창원시 의창구 봉곡동,경상사고,0,0,4,1,차대차 - 측면충돌,안전거리미확보,건조,맑음,단일로 - 기타,승용,남,52세,기타불명,승합,남,54세,상해없음
2019111400100624,2019년 11월 14일 18시,목요일,경상남도 진주시 초전동,중상사고,0,1,0,0,차대사람 - 횡단중,안전운전불이행,건조,맑음,단일로 - 기타,승용,여,46세,상해없음,보행자,여,16세,중상
2019111400100625,2019년 11월 14일 18시,목요일,경상남도 사천시 동금동,중상사고,0,1,0,0,차대사람 - 횡단중,안전운전불이행,건조,맑음,단일로 - 기타,승용,남,32세,상해없음,보행자,남,25세,중상
2019111400100626,2019년 11월 14일 18시,목요일,경상남도 창원시 의창구 동읍,경상사고,0,0,1,0,차대차 - 측면충돌,안전거리미확보,건조,맑음,단일로 - 기타,승용,남,36세,상해없음,승용,여,52세,경상
2019111400100672,2019년 11월 14일 19시,목요일,경상남도 창원시 마산합포구 월남동1가,부상신고사고,0,0,0,1,차대사람 - 횡단중,보행자보호의무위반,건조,맑음,교차로 - 교차로횡단보도내,승용,남,51세,상해없음,보행자,남,52세,부상신고
2019111400100673,2019년 11월 14일 19시,목요일,경상남도 진주시 인사동,중상사고,0,1,0,0,차대차 - 기타,안전운전불이행,건조,맑음,단일로 - 기타,승용,여,47세,상해없음,이륜,남,22세,중상
2019111400100674,2019년 11월 14일 19시,목요일,경상남도 창원시 의창구 서상동,경상사고,0,0,1,0,차대차 - 측면충돌,안전거리미확보,건조,맑음,교차로 - 교차로부근,승용,여,55세,상해없음,승용,남,38세,상해없음
2019111400100675,2019년 11월 14일 19시,목요일,경상남도 김해시 주촌면,경상사고,0,0,1,0,차대차 - 측면충돌,안전운전불이행,건조,맑음,교차로 - 교차로안,승용,남,34세,상해없음,승용,남,51세,경상
2019111400100718,2019년 11월 14일 20시,목요일,경상남도 진주시 하대동,경상사고,0,0,1,0,차대차 - 측면충돌,직진우회전진행방해,건조,맑음,교차로 - 교차로안,승용,여,29세,상해없음,자전거,남,66세,경상
2019111400100787,2019년 11월 14일 23시,목요일,경상남도 진주시 상대동,경상사고,0,0,2,0,차대차 - 측면충돌,신호위반,건조,맑음,교차로 - 교차로안,승용,남,46세,상해없음,승용,여,30세,경상
2019111400100788,2019년 11월 14일 23시,목요일,경상남도 양산시 주진동,경상사고,0,0,2,0,차대차 - 기타,안전운전불이행,건조,맑음,단일로 - 기타,승용,남,34세,상해없음,승용,여,57세,경상
2019111500100031,2019년 11월 15일 00시,금요일,경상남도 양산시 다방동,경상사고,0,0,1,0,차대차 - 추돌,안전운전불이행,건조,맑음,단일로 - 기타,화물,남,22세,상해없음,화물,남,39세,경상
2019111500100035,2019년 11월 15일 00시,금요일,경상남도 양산시 물금읍,경상사고,0,0,4,0,차대차 - 기타,안전운전불이행,건조,맑음,단일로 - 기타,승용,남,25세,상해없음,승용,남,27세,경상
2019111500100129,2019년 11월 15일 07시,금요일,경상남도 함안군 칠원읍,경상사고,0,0,1,0,차대차 - 측면충돌,안전운전불이행,건조,맑음,교차로 - 교차로안,승용,여,43세,상해없음,승용,여,62세,경상
2019111500100171,2019년 11월 15일 08시,금요일,경상남도 창원시 마산합포구 상남동,부상신고사고,0,0,0,1,차대차 - 기타,안전거리미확보,건조,맑음,교차로 - 교차로부근,승용,남,63세,상해없음,승합,남,43세,상해없음
2019111500100226,2019년 11월 15일 09시,금요일,경상남도 밀양시 하남읍,경상사고,0,0,1,0,차대차 - 측면충돌,안전운전불이행,건조,맑음,단일로 - 기타,화물,남,59세,상해없음,승용,남,69세,경상
2019111500100271,2019년 11월 15일 10시,금요일,경상남도 창원시 마산합포구 진동면,중상사고,0,1,0,0,차대차 - 측면충돌,안전거리미확보,건조,맑음,단일로 - 기타,특수,남,46세,상해없음,승용,남,58세,중상
2019111500100272,2019년 11월 15일 10시,금요일,경상남도 창원시 진해구 용원동,사망사고,1,0,0,0,차대차 - 추돌,안전운전불이행,건조,맑음,교차로 - 교차로부근,화물,남,52세,사망,특수,남,43세,상해없음
2019111500100317,2019년 11월 15일 11시,금요일,경상남도 합천군 초계면,경상사고,0,0,1,0,차대차 - 측면충돌,교차로운행방법위반,건조,맑음,교차로 - 교차로안,이륜,남,77세,경상,화물,남,72세,상해없음
2019111500100318,2019년 11월 15일 11시,금요일,경상남도 합천군 대병면,경상사고,0,0,1,0,차량단독 - 도로외이탈 - 기타,안전운전불이행,건조,맑음,기타 - 기타,화물,남,57세,경상,,,,
2019111500100367,2019년 11월 15일 12시,금요일,경상남도 김해시 내동,경상사고,0,0,1,0,차대차 - 기타,안전운전불이행,건조,맑음,단일로 - 기타,기타불명,기타불명,미분류,기타불명,승용,여,38세,경상
2019111500100368,2019년 11월 15일 12시,금요일,경상남도 창원시 의창구 동읍,경상사고,0,0,1,0,차대사람 - 기타,안전운전불이행,건조,맑음,교차로 - 교차로안,화물,남,52세,상해없음,보행자,여,48세,경상
2019111500100404,2019년 11월 15일 13시,금요일,경상남도 창원시 마산합포구 월남동4가,중상사고,0,1,0,0,차대차 - 추돌,안전운전불이행,건조,맑음,교차로 - 교차로부근,화물,남,54세,상해없음,승용,여,42세,중상
2019111500100405,2019년 11월 15일 13시,금요일,경상남도 창원시 마산합포구 신포동1가,중상사고,0,1,0,0,차대차 - 측면충돌,직진우회전진행방해,건조,맑음,교차로 - 교차로안,승용,여,35세,상해없음,승용,여,39세,중상
2019111500100406,2019년 11월 15일 13시,금요일,경상남도 통영시 무전동,경상사고,0,0,2,0,차대사람 - 기타,안전운전불이행,건조,맑음,교차로 - 교차로부근,승용,남,50세,기타불명,보행자,여,18세,경상
2019111500100407,2019년 11월 15일 13시,금요일,경상남도 양산시 원동면,중상사고,0,1,0,0,차대차 - 측면충돌,중앙선침범,건조,맑음,교차로 - 교차로부근,자전거,남,60세,중상,화물,남,58세,상해없음
2019111500100408,2019년 11월 15일 13시,금요일,경상남도 창원시 마산회원구 봉암동,경상사고,0,0,1,0,차대차 - 측면충돌,안전운전불이행,건조,맑음,단일로 - 기타,승용,남,66세,상해없음,승용,여,47세,경상
2019111500100449,2019년 11월 15일 14시,금요일,경상남도 거제시 장평동,경상사고,0,0,1,0,차대차 - 측면충돌,안전운전불이행,건조,맑음,단일로 - 기타,특수,남,50세,상해없음,승용,남,45세,경상
2019111500100450,2019년 11월 15일 14시,금요일,경상남도 남해군 미조면,중상사고,0,1,1,0,차대차 - 측면충돌,중앙선침범,건조,맑음,단일로 - 기타,승용,남,74세,경상,승용,남,59세,중상
2019111500100490,2019년 11월 15일 15시,금요일,경상남도 양산시 물금읍,경상사고,0,0,1,0,차대차 - 측면충돌,중앙선침범,건조,맑음,단일로 - 기타,승용,여,24세,상해없음,승용,여,34세,경상
2019111500100491,2019년 11월 15일 15시,금요일,경상남도 거제시 고현동,중상사고,0,1,0,0,차대사람 - 횡단중,안전운전불이행,건조,맑음,단일로 - 기타,승용,여,54세,상해없음,보행자,여,77세,중상
2019111500100492,2019년 11월 15일 15시,금요일,경상남도 남해군 삼동면,중상사고,0,1,1,0,차대차 - 측면충돌,과속,건조,맑음,단일로 - 기타,승용,남,76세,경상,화물,남,62세,중상
2019111500100493,2019년 11월 15일 15시,금요일,경상남도 김해시 진영읍,경상사고,0,0,2,0,차대차 - 측면충돌,신호위반,건조,맑음,교차로 - 교차로안,승용,여,62세,상해없음,이륜,남,64세,경상
2019111500100533,2019년 11월 15일 16시,금요일,경상남도 거제시 장평동,경상사고,0,0,1,0,차대차 - 측면충돌,안전거리미확보,건조,맑음,단일로 - 기타,승용,여,59세,상해없음,이륜,남,22세,경상
2019111500100534,2019년 11월 15일 16시,금요일,경상남도 창원시 마산합포구 산호동,경상사고,0,0,2,0,차대차 - 측면충돌,안전운전불이행,건조,맑음,단일로 - 기타,승용,여,46세,상해없음,승용,여,32세,경상
2019111500100597,2019년 11월 15일 17시,금요일,경상남도 통영시 용남면,경상사고,0,0,1,0,차대차 - 기타,안전운전불이행,건조,맑음,단일로 - 기타,승용,여,72세,경상,승용,여,42세,상해없음
2019111500100598,2019년 11월 15일 17시,금요일,경상남도 합천군 율곡면,경상사고,0,0,1,0,차대사람 - 기타,안전운전불이행,건조,맑음,단일로 - 기타,승용,남,49세,상해없음,보행자,남,50세,경상
2019111500100599,2019년 11월 15일 17시,금요일,경상남도 창녕군 남지읍,중상사고,0,1,0,0,차대차 - 추돌,안전운전불이행,건조,맑음,교차로 - 교차로부근,화물,남,57세,기타불명,승용,남,54세,중상
2019111500100600,2019년 11월 15일 17시,금요일,경상남도 양산시 물금읍,중상사고,0,1,0,0,차대차 - 측면충돌,직진우회전진행방해,건조,맑음,교차로 - 교차로안,승용,여,48세,상해없음,이륜,남,16세,중상
2019111500100601,2019년 11월 15일 17시,금요일,경상남도 거제시 장평동,경상사고,0,0,1,0,차대차 - 기타,안전운전불이행,건조,맑음,단일로 - 기타,승합,남,38세,상해없음,자전거,남,45세,경상
2019111500100602,2019년 11월 15일 17시,금요일,경상남도 의령군 화정면,경상사고,0,0,2,0,차대차 - 측면충돌,교차로운행방법위반,건조,맑음,교차로 - 교차로안,화물,남,67세,경상,승용,남,66세,경상
2019111500100672,2019년 11월 15일 18시,금요일,경상남도 진주시 유곡동,경상사고,0,0,2,0,차대차 - 측면충돌,차로위반,건조,맑음,교차로 - 교차로부근,승용,여,46세,상해없음,승용,남,51세,경상
2019111500100673,2019년 11월 15일 18시,금요일,경상남도 통영시 무전동,경상사고,0,0,1,0,차대차 - 기타,교차로운행방법위반,건조,맑음,교차로 - 교차로안,승용,여,69세,상해없음,이륜,남,52세,경상
2019111500100674,2019년 11월 15일 18시,금요일,경상남도 양산시 주진동,경상사고,0,0,1,0,차대차 - 측면충돌,신호위반,건조,맑음,교차로 - 교차로부근,승용,남,19세,상해없음,화물,남,51세,경상
2019111500100675,2019년 11월 15일 18시,금요일,경상남도 거제시 고현동,중상사고,0,1,0,0,차대사람 - 횡단중,보행자보호의무위반,건조,맑음,교차로 - 교차로부근,기타불명,기타불명,미분류,기타불명,보행자,남,56세,중상
2019111500100676,2019년 11월 15일 18시,금요일,경상남도 남해군 설천면,중상사고,0,1,0,0,차대사람 - 횡단중,안전운전불이행,건조,흐림,주차장 - 주차장,승용,남,75세,상해없음,보행자,남,71세,중상
2019111500100757,2019년 11월 15일 19시,금요일,경상남도 진주시 상대동,중상사고,0,1,0,0,차대사람 - 횡단중,보행자보호의무위반,건조,맑음,교차로 - 교차로횡단보도내,승용,남,56세,상해없음,보행자,여,48세,중상
2019111500100758,2019년 11월 15일 19시,금요일,경상남도 김해시 동상동,경상사고,0,0,1,0,차대차 - 기타,신호위반,건조,맑음,교차로 - 교차로안,이륜,남,45세,경상,승합,남,53세,상해없음
2019111500100759,2019년 11월 15일 19시,금요일,경상남도 거제시 상동동,경상사고,0,0,1,0,차대사람 - 횡단중,안전운전불이행,건조,맑음,교차로 - 교차로안,승용,여,54세,상해없음,보행자,여,57세,경상
2019111500100815,2019년 11월 15일 20시,금요일,경상남도 사천시 사남면,중상사고,0,1,0,0,차대차 - 측면충돌,신호위반,건조,맑음,교차로 - 교차로안,승용,남,36세,상해없음,승용,여,52세,중상
2019111500100816,2019년 11월 15일 20시,금요일,경상남도 창녕군 창녕읍,경상사고,0,0,1,0,차대차 - 측면충돌,신호위반,건조,맑음,교차로 - 교차로안,승합,남,61세,상해없음,원동기,남,33세,경상
2019111500100895,2019년 11월 15일 22시,금요일,경상남도 창원시 의창구 사림동,경상사고,0,0,1,0,차대차 - 기타,안전운전불이행,건조,맑음,단일로 - 기타,기타불명,기타불명,미분류,기타불명,자전거,여,58세,경상
2019111600100034,2019년 11월 16일 00시,토요일,경상남도 김해시 삼계동,중상사고,0,1,0,0,차대사람 - 기타,안전운전불이행,건조,맑음,단일로 - 기타,승용,남,40세,상해없음,보행자,남,36세,중상
2019111600100107,2019년 11월 16일 06시,토요일,경상남도 사천시 사천읍,중상사고,0,1,1,0,차량단독 - 기타,안전운전불이행,건조,맑음,단일로 - 기타,승용,남,37세,경상,,,,
2019111600100134,2019년 11월 16일 07시,토요일,경상남도 사천시 선구동,중상사고,0,1,0,0,차대차 - 기타,직진우회전진행방해,건조,맑음,교차로 - 교차로안,승용,여,60세,상해없음,승용,남,60세,중상
2019111600100135,2019년 11월 16일 07시,토요일,경상남도 거제시 아주동,경상사고,0,0,2,0,차대차 - 측면충돌,기타,건조,맑음,교차로 - 교차로부근,건설기계,남,47세,상해없음,승용,남,57세,경상
2019111600100136,2019년 11월 16일 07시,토요일,경상남도 김해시 한림면,중상사고,0,1,0,0,차량단독 - 기타,안전운전불이행,건조,흐림,단일로 - 교량,승용,남,30세,중상,,,,
2019111600100156,2019년 11월 16일 08시,토요일,경상남도 통영시 도천동,중상사고,0,1,0,0,차대사람 - 횡단중,신호위반,건조,맑음,교차로 - 교차로안,승용,남,75세,상해없음,보행자,남,62세,중상
2019111600100157,2019년 11월 16일 08시,토요일,경상남도 김해시 삼정동,경상사고,0,0,1,0,차대사람 - 횡단중,보행자보호의무위반,건조,맑음,교차로 - 교차로횡단보도내,승용,여,62세,상해없음,보행자,남,57세,경상
2019111600100158,2019년 11월 16일 08시,토요일,경상남도 남해군 남해읍,중상사고,0,1,0,0,차대차 - 측면충돌,안전운전불이행,건조,맑음,교차로 - 교차로안,화물,남,79세,상해없음,이륜,남,74세,중상
2019111600100159,2019년 11월 16일 08시,토요일,경상남도 남해군 남해읍,중상사고,0,1,0,0,차대사람 - 차도통행중,안전운전불이행,건조,맑음,교차로 - 교차로안,승용,남,41세,상해없음,보행자,여,88세,중상
2019111600100183,2019년 11월 16일 09시,토요일,경상남도 산청군 단성면,경상사고,0,0,1,0,차대차 - 측면충돌,교차로운행방법위반,건조,맑음,교차로 - 교차로안,사륜오토바이(ATV),남,78세,경상,승용,남,54세,상해없음
2019111600100184,2019년 11월 16일 09시,토요일,경상남도 창원시 의창구 도계동,경상사고,0,0,1,0,차대차 - 기타,차로위반,건조,맑음,단일로 - 기타,승용,여,56세,상해없음,승용,여,51세,경상
2019111600100209,2019년 11월 16일 10시,토요일,경상남도 창원시 마산합포구 가포동,경상사고,0,0,2,0,차대차 - 기타,안전거리미확보,건조,맑음,단일로 - 기타,승용,남,22세,상해없음,승용,여,27세,경상
2019111600100210,2019년 11월 16일 10시,토요일,경상남도 창녕군 부곡면,중상사고,0,1,0,0,차대차 - 기타,안전운전불이행,건조,맑음,단일로 - 기타,화물,남,69세,상해없음,이륜,남,60세,중상
2019111600100253,2019년 11월 16일 11시,토요일,경상남도 창원시 마산합포구 장군동3가,중상사고,0,1,0,0,차대사람 - 기타,안전운전불이행,건조,맑음,교차로 - 교차로부근,승용,남,28세,상해없음,보행자,여,77세,중상
2019111600100254,2019년 11월 16일 11시,토요일,경상남도 창원시 마산합포구 진동면,중상사고,0,1,0,0,차대차 - 기타,안전운전불이행,건조,맑음,교차로 - 교차로부근,화물,남,65세,상해없음,이륜,남,24세,중상
2019111600100255,2019년 11월 16일 11시,토요일,경상남도 통영시 무전동,경상사고,0,0,2,0,차대차 - 기타,교차로운행방법위반,건조,맑음,교차로 - 교차로안,승용,여,44세,경상,승용,남,39세,경상
2019111600100256,2019년 11월 16일 11시,토요일,경상남도 사천시 용현면,경상사고,0,0,11,0,차대차 - 추돌,안전운전불이행,건조,맑음,단일로 - 기타,승용,남,24세,상해없음,승합,남,60세,경상
2019111600100345,2019년 11월 16일 13시,토요일,경상남도 진주시 상대동,경상사고,0,0,1,0,차대사람 - 길가장자리구역통행중,안전운전불이행,건조,맑음,단일로 - 기타,화물,남,65세,상해없음,보행자,여,13세,경상
2019111600100346,2019년 11월 16일 13시,토요일,경상남도 통영시 무전동,경상사고,0,0,1,0,차대차 - 측면충돌,안전거리미확보,건조,맑음,단일로 - 기타,승용,여,49세,상해없음,화물,남,48세,경상
2019111600100347,2019년 11월 16일 13시,토요일,경상남도 산청군 신등면,경상사고,0,0,2,0,차대차 - 정면충돌,중앙선침범,건조,맑음,단일로 - 기타,승용,남,50세,경상,건설기계,남,56세,경상
2019111600100348,2019년 11월 16일 13시,토요일,경상남도 창원시 의창구 소계동,경상사고,0,0,2,0,차대차 - 추돌,안전운전불이행,건조,맑음,단일로 - 기타,승용,남,47세,상해없음,승용,여,26세,상해없음
2019111600100391,2019년 11월 16일 14시,토요일,경상남도 창원시 마산합포구 구산면,경상사고,0,0,1,1,차대사람 - 기타,안전운전불이행,건조,맑음,교차로 - 교차로안,승용,여,62세,상해없음,보행자,남,34세,부상신고
2019111600100392,2019년 11월 16일 14시,토요일,경상남도 함안군 칠원읍,중상사고,0,1,0,0,차대사람 - 기타,안전운전불이행,건조,맑음,교차로 - 교차로부근,승용,여,50세,상해없음,보행자,남,48세,중상
2019111600100464,2019년 11월 16일 16시,토요일,경상남도 창원시 마산합포구 진북면,중상사고,0,2,0,0,차대차 - 기타,안전운전불이행,건조,맑음,기타 - 기타,화물,남,59세,상해없음,농기계,남,76세,중상
2019111600100465,2019년 11월 16일 16시,토요일,경상남도 진주시 가좌동,경상사고,0,0,2,0,차대차 - 측면충돌,안전운전불이행,건조,맑음,단일로 - 기타,승용,여,25세,상해없음,승용,남,45세,경상
2019111600100466,2019년 11월 16일 16시,토요일,경상남도 진주시 상평동,경상사고,0,0,1,0,차대차 - 측면충돌,신호위반,건조,맑음,교차로 - 교차로안,승용,남,37세,상해없음,특수,남,33세,경상
2019111600100467,2019년 11월 16일 16시,토요일,경상남도 진주시 문산읍,경상사고,0,0,1,0,차대사람 - 횡단중,보행자보호의무위반,건조,맑음,교차로 - 교차로횡단보도내,승용,남,84세,상해없음,보행자,여,23세,경상
2019111600100468,2019년 11월 16일 16시,토요일,경상남도 김해시 삼방동,경상사고,0,0,1,0,차대사람 - 길가장자리구역통행중,안전운전불이행,건조,맑음,단일로 - 기타,승용,여,60세,상해없음,보행자,여,73세,경상
2019111600100469,2019년 11월 16일 16시,토요일,경상남도 남해군 고현면,경상사고,0,0,1,0,차대사람 - 횡단중,안전운전불이행,건조,맑음,주차장 - 주차장,이륜,여,50세,상해없음,보행자,여,45세,경상
2019111600100506,2019년 11월 16일 17시,토요일,경상남도 창원시 마산합포구 예곡동,부상신고사고,0,0,0,1,차대차 - 추돌,안전운전불이행,건조,맑음,단일로 - 기타,이륜,남,27세,부상신고,승용,남,76세,상해없음
2019111600100562,2019년 11월 16일 18시,토요일,경상남도 하동군 양보면,중상사고,0,1,0,0,차대사람 - 기타,안전운전불이행,건조,기타,기타 - 기타,화물,남,64세,상해없음,보행자,남,60세,중상
2019111600100613,2019년 11월 16일 19시,토요일,경상남도 하동군 옥종면,중상사고,0,1,1,0,차대차 - 추돌,안전운전불이행,건조,기타,단일로 - 기타,화물,남,60세,중상,농기계,남,48세,경상
2019111600100644,2019년 11월 16일 20시,토요일,경상남도 창원시 의창구 팔용동,경상사고,0,0,1,0,차대차 - 측면충돌,안전운전불이행,건조,맑음,교차로 - 교차로안,승용,여,49세,상해없음,원동기,남,23세,경상
2019111600100673,2019년 11월 16일 21시,토요일,경상남도 양산시 삼호동,경상사고,0,0,1,0,차량단독 - 기타,교차로운행방법위반,건조,맑음,교차로 - 교차로부근,승용,남,51세,상해없음,,,,
2019111600100674,2019년 11월 16일 21시,토요일,경상남도 고성군 고성읍,경상사고,0,0,1,0,차대차 - 기타,직진우회전진행방해,건조,맑음,교차로 - 교차로안,승용,남,37세,상해없음,이륜,남,16세,경상
2019111600100675,2019년 11월 16일 21시,토요일,경상남도 창원시 성산구 사파동,경상사고,0,0,1,0,차대사람 - 횡단중,보행자보호의무위반,건조,맑음,교차로 - 교차로안,승용,여,54세,상해없음,보행자,여,51세,경상
2019111600100720,2019년 11월 16일 23시,토요일,경상남도 창원시 마산회원구 회원동,중상사고,0,1,0,0,차대사람 - 횡단중,신호위반,건조,맑음,단일로 - 기타,승합,남,52세,상해없음,보행자,남,65세,중상
2019111700100038,2019년 11월 17일 00시,일요일,경상남도 통영시 광도면,중상사고,0,4,0,0,차대차 - 정면충돌,중앙선침범,건조,맑음,단일로 - 기타,승용,여,49세,상해없음,승용,남,53세,중상
2019111700100039,2019년 11월 17일 00시,일요일,경상남도 김해시 삼계동,중상사고,0,1,0,0,차대차 - 측면충돌,안전운전불이행,건조,맑음,단일로 - 기타,승용,남,61세,상해없음,원동기,남,46세,중상
2019111700100040,2019년 11월 17일 00시,일요일,경상남도 고성군 고성읍,경상사고,0,0,2,0,차대차 - 기타,안전운전불이행,건조,맑음,단일로 - 기타,승용,여,49세,상해없음,승용,남,47세,경상