사고번호,사고일시,요일,시군구,사고내용,사망자수,중상자수,경상자수,부상신고자수,사고유형,법규위반,노면상태,기상상태,도로형태,가해운전자 차종,가해운전자 성별,가해운전자 연령,가해운전자 상해정도,피해운전자 차종,피해운전자 성별,피해운전자 연령,피해운전자 상해정도
2019112300100396,2019년 11월 23일 14시,토요일,경상남도 진주시 상평동,중상사고,0,1,0,0,차대차 - 기타,신호위반,건조,맑음,교차로 - 교차로안,화물,남,46세,상해없음,승합,남,68세,중상
2019112300100397,2019년 11월 23일 14시,토요일,경상남도 통영시 용남면,경상사고,0,0,1,0,차대차 - 기타,교차로운행방법위반,건조,맑음,교차로 - 교차로안,승용,남,62세,경상,화물,남,30세,상해없음
2019112300100398,2019년 11월 23일 14시,토요일,경상남도 김해시 내동,경상사고,0,0,1,0,차대차 - 후진중충돌,안전운전불이행,건조,맑음,교차로 - 교차로안,승용,여,53세,상해없음,이륜,남,38세,경상
2019112300100423,2019년 11월 23일 15시,토요일,경상남도 창원시 진해구 덕산동,경상사고,0,0,1,0,차대차 - 측면충돌,중앙선침범,건조,맑음,단일로 - 기타,자전거,남,79세,경상,승용,남,22세,상해없음
2019112300100424,2019년 11월 23일 15시,토요일,경상남도 창녕군 영산면,중상사고,0,1,0,0,차대사람 - 기타,안전운전불이행,건조,맑음,주차장 - 주차장,승용,여,41세,상해없음,보행자,여,2세,중상
2019112300100425,2019년 11월 23일 15시,토요일,경상남도 양산시 물금읍,경상사고,0,0,1,0,차대차 - 추돌,안전운전불이행,건조,맑음,단일로 - 기타,이륜,남,23세,경상,승합,남,54세,상해없음
2019112300100426,2019년 11월 23일 15시,토요일,경상남도 창원시 의창구 동읍,중상사고,0,5,1,0,차대차 - 추돌,안전운전불이행,건조,맑음,단일로 - 기타,승용,남,65세,상해없음,승용,남,53세,중상
2019112300100465,2019년 11월 23일 16시,토요일,경상남도 사천시 사남면,경상사고,0,0,1,0,차대차 - 측면충돌,안전운전불이행,건조,맑음,교차로 - 교차로안,승용,여,55세,상해없음,승용,남,35세,경상
2019112300100466,2019년 11월 23일 16시,토요일,경상남도 함양군 함양읍,경상사고,0,0,1,0,차대차 - 추돌,안전운전불이행,건조,맑음,단일로 - 기타,승용,남,71세,상해없음,승용,여,53세,경상
2019112300100467,2019년 11월 23일 16시,토요일,경상남도 남해군 남해읍,경상사고,0,0,1,0,차대차 - 측면충돌,안전운전불이행,건조,맑음,교차로 - 교차로안,승용,여,45세,상해없음,승용,여,32세,경상
2019112300100509,2019년 11월 23일 17시,토요일,경상남도 통영시 무전동,중상사고,0,1,1,0,차대차 - 추돌,안전거리미확보,건조,맑음,단일로 - 기타,화물,남,75세,경상,승용,남,31세,중상
2019112300100510,2019년 11월 23일 17시,토요일,경상남도 사천시 벌리동,부상신고사고,0,0,0,1,차대사람 - 기타,안전운전불이행,건조,맑음,단일로 - 기타,승용,여,52세,기타불명,보행자,남,17세,부상신고
2019112300100511,2019년 11월 23일 17시,토요일,경상남도 사천시 축동면,중상사고,0,1,1,0,차대차 - 측면충돌,안전운전불이행,건조,맑음,단일로 - 기타,승용,여,49세,경상,화물,남,24세,중상
2019112300100512,2019년 11월 23일 17시,토요일,경상남도 밀양시 하남읍,경상사고,0,0,2,0,차대차 - 추돌,안전운전불이행,건조,맑음,단일로 - 기타,승용,남,67세,경상,농기계,남,63세,경상
2019112300100513,2019년 11월 23일 17시,토요일,경상남도 밀양시 가곡동,중상사고,0,1,0,0,차대사람 - 횡단중,안전운전불이행,건조,흐림,단일로 - 기타,승용,남,59세,상해없음,보행자,여,83세,중상
2019112300100514,2019년 11월 23일 17시,토요일,경상남도 합천군 합천읍,중상사고,0,2,0,0,차대차 - 측면충돌,직진우회전진행방해,건조,맑음,교차로 - 교차로안,승용,여,60세,상해없음,승용,남,22세,중상
2019112300100515,2019년 11월 23일 17시,토요일,경상남도 창녕군 남지읍,경상사고,0,0,2,0,차대차 - 기타,안전운전불이행,건조,맑음,교차로 - 교차로안,승용,여,51세,경상,승용,남,64세,경상
2019112300100516,2019년 11월 23일 17시,토요일,경상남도 거제시 아주동,중상사고,0,1,0,0,차대차 - 추돌,안전운전불이행,건조,맑음,단일로 - 기타,이륜,남,67세,중상,승용,남,33세,상해없음
2019112300100517,2019년 11월 23일 17시,토요일,경상남도 창원시 마산회원구 합성동,중상사고,0,3,0,0,차대차 - 추돌,안전운전불이행,건조,맑음,단일로 - 기타,승용,여,60세,상해없음,이륜,남,59세,중상
2019112300100518,2019년 11월 23일 17시,토요일,경상남도 김해시 진영읍,경상사고,0,0,4,0,차대차 - 측면충돌,신호위반,건조,맑음,교차로 - 교차로안,승용,여,55세,경상,승용,남,37세,경상
2019112300100567,2019년 11월 23일 18시,토요일,경상남도 창원시 진해구 석동,경상사고,0,0,1,0,차대차 - 측면충돌,교차로운행방법위반,건조,맑음,교차로 - 교차로안,승용,남,37세,상해없음,이륜,남,30세,경상
2019112300100568,2019년 11월 23일 18시,토요일,경상남도 거제시 사등면,경상사고,0,0,2,0,차대차 - 측면충돌,안전거리미확보,건조,맑음,단일로 - 기타,승용,여,48세,상해없음,승용,남,45세,경상
2019112300100569,2019년 11월 23일 18시,토요일,경상남도 거제시 장승포동,경상사고,0,0,1,0,차대차 - 측면충돌,안전운전불이행,건조,맑음,교차로 - 교차로안,승용,남,57세,상해없음,자전거,남,36세,경상
2019112300100616,2019년 11월 23일 19시,토요일,경상남도 진주시 상대동,중상사고,0,1,2,0,차대차 - 추돌,안전운전불이행,건조,맑음,기타 - 기타,승용,남,19세,경상,승용,남,70세,경상
2019112300100657,2019년 11월 23일 20시,토요일,경상남도 창원시 진해구 석동,경상사고,0,0,1,0,차대사람 - 차도통행중,안전운전불이행,건조,맑음,교차로 - 교차로안,승용,남,61세,상해없음,보행자,남,58세,경상
2019112300100713,2019년 11월 23일 22시,토요일,경상남도 거제시 연초면,경상사고,0,0,2,0,차대차 - 추돌,기타,건조,맑음,단일로 - 기타,승용,남,29세,경상,승합,남,49세,상해없음
2019112400100045,2019년 11월 24일 01시,일요일,경상남도 양산시 주진동,중상사고,0,1,0,0,차대사람 - 횡단중,안전운전불이행,건조,맑음,단일로 - 기타,승용,남,23세,상해없음,보행자,남,52세,중상
2019112400100068,2019년 11월 24일 03시,일요일,경상남도 창원시 진해구 석동,경상사고,0,0,1,0,차대사람 - 길가장자리구역통행중,안전운전불이행,젖음/습기,비,단일로 - 기타,승용,남,37세,상해없음,보행자,남,32세,경상
2019112400100069,2019년 11월 24일 03시,일요일,경상남도 창원시 성산구 상남동,경상사고,0,0,1,0,차대사람 - 차도통행중,안전운전불이행,건조,맑음,단일로 - 기타,승용,여,31세,상해없음,보행자,남,28세,경상
2019112400100070,2019년 11월 24일 03시,일요일,경상남도 창원시 성산구 토월동,경상사고,0,0,2,0,차대차 - 후진중충돌,안전운전불이행,젖음/습기,비,단일로 - 기타,승용,남,56세,상해없음,승용,남,25세,경상
2019112400100079,2019년 11월 24일 04시,일요일,경상남도 창원시 의창구 북면,중상사고,0,1,0,0,차대사람 - 기타,안전운전불이행,젖음/습기,비,교차로 - 교차로부근,화물,남,61세,상해없음,보행자,여,57세,중상
2019112400100092,2019년 11월 24일 05시,일요일,경상남도 통영시 미수동,경상사고,0,0,1,0,차대사람 - 기타,안전운전불이행,젖음/습기,비,주차장 - 주차장,승용,남,48세,상해없음,보행자,남,80세,경상
2019112400100093,2019년 11월 24일 05시,일요일,경상남도 사천시 사남면,부상신고사고,0,0,0,1,차량단독 - 공작물충돌,안전운전불이행,건조,맑음,단일로 - 기타,승용,남,50세,부상신고,,,,
2019112400100133,2019년 11월 24일 09시,일요일,경상남도 거창군 거창읍,중상사고,0,1,0,0,차대차 - 측면충돌,안전운전불이행,건조,맑음,교차로 - 교차로안,승용,남,46세,상해없음,이륜,여,68세,중상
2019112400100134,2019년 11월 24일 09시,일요일,경상남도 창원시 의창구 대산면,경상사고,0,0,1,0,차대차 - 측면충돌,신호위반,건조,맑음,교차로 - 교차로안,승용,여,48세,상해없음,승용,남,28세,경상
2019112400100154,2019년 11월 24일 10시,일요일,경상남도 창원시 마산합포구 부림동,부상신고사고,0,0,0,1,차량단독 - 기타,안전운전불이행,젖음/습기,비,교차로 - 교차로부근,이륜,남,62세,부상신고,,,,
2019112400100181,2019년 11월 24일 11시,일요일,경상남도 고성군 고성읍,경상사고,0,0,2,0,차대차 - 측면충돌,신호위반,젖음/습기,비,교차로 - 교차로안,화물,남,67세,상해없음,화물,남,52세,경상
2019112400100201,2019년 11월 24일 12시,일요일,경상남도 김해시 부원동,중상사고,0,1,1,0,차대차 - 추돌,안전운전불이행,건조,맑음,단일로 - 기타,화물,남,65세,상해없음,승용,남,62세,중상
2019112400100202,2019년 11월 24일 12시,일요일,경상남도 합천군 가야면,경상사고,0,0,1,0,차대차 - 측면충돌,직진우회전진행방해,건조,맑음,교차로 - 교차로안,농기계,남,14세,상해없음,승용,남,47세,경상
2019112400100203,2019년 11월 24일 12시,일요일,경상남도 김해시 내덕동,중상사고,0,4,2,0,차대차 - 추돌,안전거리미확보,건조,맑음,단일로 - 기타,승용,여,23세,상해없음,승용,여,54세,중상
2019112400100227,2019년 11월 24일 13시,일요일,경상남도 남해군 창선면,중상사고,0,2,0,0,차대차 - 측면충돌,중앙선침범,건조,맑음,단일로 - 기타,승용,여,56세,상해없음,승용,남,68세,중상
2019112400100255,2019년 11월 24일 14시,일요일,경상남도 김해시 동상동,경상사고,0,0,1,0,차대차 - 측면충돌,안전운전불이행,건조,흐림,교차로 - 교차로안,승용,남,42세,상해없음,이륜,남,74세,경상
2019112400100256,2019년 11월 24일 14시,일요일,경상남도 창원시 성산구 상남동,경상사고,0,0,1,0,차대사람 - 차도통행중,안전운전불이행,건조,맑음,기타 - 기타,승용,여,53세,상해없음,보행자,남,42세,경상
2019112400100269,2019년 11월 24일 15시,일요일,경상남도 양산시 중부동,경상사고,0,0,1,0,차대차 - 추돌,안전거리미확보,건조,맑음,단일로 - 기타,승용,남,37세,상해없음,승용,여,43세,경상
2019112400100285,2019년 11월 24일 15시,일요일,경상남도 김해시 신문동,경상사고,0,0,1,0,차대사람 - 기타,안전운전불이행,건조,맑음,단일로 - 기타,승용,남,47세,상해없음,보행자,남,47세,경상
2019112400100368,2019년 11월 24일 17시,일요일,경상남도 창원시 마산합포구 교방동,경상사고,0,0,4,0,차대차 - 추돌,안전운전불이행,건조,맑음,단일로 - 기타,승용,남,52세,상해없음,승용,남,56세,경상
2019112400100369,2019년 11월 24일 17시,일요일,경상남도 진주시 집현면,중상사고,0,1,1,0,차대차 - 추돌,안전운전불이행,건조,맑음,단일로 - 기타,승용,남,76세,중상,건설기계,남,48세,경상
2019112400100370,2019년 11월 24일 17시,일요일,경상남도 김해시 내동,경상사고,0,0,1,0,차대차 - 측면충돌,직진우회전진행방해,건조,맑음,교차로 - 교차로안,승용,남,62세,상해없음,승용,여,42세,경상
2019112400100371,2019년 11월 24일 17시,일요일,경상남도 창녕군 창녕읍,경상사고,0,0,1,0,차대사람 - 기타,안전운전불이행,건조,맑음,기타 - 기타,승용,남,50세,상해없음,보행자,남,미분류,경상
2019112400100372,2019년 11월 24일 17시,일요일,경상남도 창원시 성산구 상남동,중상사고,0,1,0,0,차대사람 - 차도통행중,안전운전불이행,건조,맑음,단일로 - 기타,승용,남,38세,상해없음,보행자,남,77세,중상
2019112400100423,2019년 11월 24일 18시,일요일,경상남도 창원시 마산합포구 구산면,경상사고,0,0,1,0,차대차 - 측면충돌,중앙선침범,건조,맑음,단일로 - 기타,화물,남,45세,상해없음,승용,남,50세,경상
2019112400100424,2019년 11월 24일 18시,일요일,경상남도 통영시 용남면,경상사고,0,0,1,0,차대차 - 측면충돌,안전운전불이행,건조,맑음,단일로 - 기타,승용,남,46세,상해없음,이륜,남,30세,경상
2019112400100425,2019년 11월 24일 18시,일요일,경상남도 남해군 고현면,중상사고,0,1,0,0,차대차 - 추돌,안전운전불이행,건조,맑음,단일로 - 기타,화물,남,66세,상해없음,자전거,남,11세,중상
2019112400100426,2019년 11월 24일 18시,일요일,경상남도 창원시 의창구 도계동,경상사고,0,0,1,0,차대사람 - 기타,신호위반,건조,맑음,단일로 - 기타,자전거,남,27세,상해없음,보행자,여,53세,경상
2019112400100500,2019년 11월 24일 20시,일요일,경상남도 진주시 상대동,중상사고,0,1,0,0,차대사람 - 횡단중,안전운전불이행,건조,맑음,단일로 - 기타,승용,남,23세,상해없음,보행자,남,41세,중상
2019112400100501,2019년 11월 24일 20시,일요일,경상남도 창원시 진해구 이동,경상사고,0,0,1,0,차대차 - 정면충돌,신호위반,건조,맑음,교차로 - 교차로안,승용,남,36세,상해없음,승용,남,67세,경상
2019112400100502,2019년 11월 24일 20시,일요일,경상남도 창녕군 대지면,경상사고,0,0,2,0,차대차 - 추돌,안전운전불이행,건조,맑음,교차로 - 교차로부근,승용,남,71세,상해없음,승용,여,36세,경상
2019112400100515,2019년 11월 24일 21시,일요일,경상남도 양산시 신기동,경상사고,0,0,1,2,차대차 - 기타,안전운전불이행,건조,맑음,단일로 - 기타,승용,남,19세,상해없음,승용,여,49세,상해없음
2019112400100525,2019년 11월 24일 21시,일요일,경상남도 양산시 물금읍,경상사고,0,0,2,0,차대차 - 측면충돌,교차로운행방법위반,건조,맑음,교차로 - 교차로안,승용,여,45세,경상,승용,남,26세,경상
2019112400100542,2019년 11월 24일 22시,일요일,경상남도 창원시 성산구 남산동,경상사고,0,0,1,0,차대차 - 측면충돌,신호위반,건조,맑음,교차로 - 교차로안,승용,남,27세,상해없음,승용,여,25세,경상
2019112400100543,2019년 11월 24일 22시,일요일,경상남도 김해시 삼문동,중상사고,0,1,0,0,차대차 - 측면충돌,안전운전불이행,건조,맑음,교차로 - 교차로안,승용,남,35세,상해없음,이륜,남,40세,중상
2019112400100553,2019년 11월 24일 23시,일요일,경상남도 창원시 마산합포구 중앙동2가,경상사고,0,0,1,0,차대사람 - 횡단중,신호위반,건조,맑음,단일로 - 기타,이륜,남,44세,상해없음,보행자,남,46세,경상
2019112400100554,2019년 11월 24일 23시,일요일,경상남도 창원시 성산구 가음동,중상사고,0,1,0,0,차대차 - 측면충돌,신호위반,건조,맑음,교차로 - 교차로안,승용,남,57세,상해없음,자전거,여,36세,중상
2019112500100048,2019년 11월 25일 02시,월요일,경상남도 김해시 대청동,경상사고,0,0,2,0,차대차 - 측면충돌,안전거리미확보,건조,맑음,단일로 - 기타,승용,남,26세,상해없음,승용,남,26세,경상
2019112500100055,2019년 11월 25일 04시,월요일,경상남도 창원시 진해구 경화동,중상사고,0,1,1,0,차대차 - 측면충돌,교차로운행방법위반,건조,맑음,교차로 - 교차로안,승용,남,72세,상해없음,이륜,남,15세,경상
2019112500100063,2019년 11월 25일 05시,월요일,경상남도 의령군 의령읍,중상사고,0,1,0,0,차량단독 - 도로외이탈 - 추락,안전운전불이행,건조,맑음,단일로 - 기타,화물,남,59세,상해없음,,,,
2019112500100064,2019년 11월 25일 05시,월요일,경상남도 창원시 성산구 반지동,경상사고,0,0,1,0,차대차 - 측면충돌,신호위반,건조,맑음,교차로 - 교차로안,화물,남,23세,상해없음,승용,남,53세,경상
2019112500100078,2019년 11월 25일 06시,월요일,경상남도 사천시 용현면,경상사고,0,0,2,0,차대차 - 측면충돌,안전운전불이행,건조,맑음,단일로 - 기타,승용,남,43세,경상,승용,남,63세,경상
2019112500100079,2019년 11월 25일 06시,월요일,경상남도 사천시 사천읍,경상사고,0,0,1,0,차대차 - 측면충돌,안전운전불이행,건조,맑음,교차로 - 교차로안,승합,남,51세,상해없음,승용,여,63세,경상
2019112500100110,2019년 11월 25일 07시,월요일,경상남도 사천시 사남면,경상사고,0,0,1,0,차대차 - 측면충돌,안전운전불이행,건조,맑음,교차로 - 교차로안,승용,남,30세,상해없음,승용,여,47세,경상
2019112500100111,2019년 11월 25일 07시,월요일,경상남도 김해시 상동면,중상사고,0,1,2,0,차대차 - 정면충돌,중앙선침범,건조,맑음,단일로 - 기타,승용,남,57세,경상,화물,남,65세,경상
2019112500100145,2019년 11월 25일 08시,월요일,경상남도 창원시 진해구 용원동,중상사고,0,1,0,0,차대차 - 추돌,안전운전불이행,건조,맑음,단일로 - 기타,승용,여,61세,상해없음,자전거,남,13세,중상
2019112500100194,2019년 11월 25일 09시,월요일,경상남도 진주시 가좌동,중상사고,0,1,2,0,차대차 - 추돌,안전거리미확보,건조,맑음,교차로 - 교차로안,승용,남,67세,상해없음,승용,여,43세,경상
2019112500100195,2019년 11월 25일 09시,월요일,경상남도 남해군 남면,중상사고,0,1,0,0,차대차 - 측면충돌,중앙선침범,건조,맑음,교차로 - 교차로부근,화물,여,64세,상해없음,농기계,남,74세,중상
2019112500100231,2019년 11월 25일 10시,월요일,경상남도 통영시 광도면,중상사고,0,1,0,0,차대차 - 후진중충돌,안전운전불이행,건조,맑음,단일로 - 기타,화물,남,60세,상해없음,승합,여,40세,중상
2019112500100232,2019년 11월 25일 10시,월요일,경상남도 합천군 적중면,중상사고,0,1,0,0,차대사람 - 보도통행중,안전운전불이행,건조,맑음,교차로 - 교차로부근,화물,여,62세,상해없음,보행자,여,76세,중상
2019112500100233,2019년 11월 25일 10시,월요일,경상남도 창원시 마산회원구 합성동,경상사고,0,0,2,0,차대차 - 기타,안전운전불이행,건조,맑음,단일로 - 기타,승용,남,67세,상해없음,승합,남,45세,경상
2019112500100260,2019년 11월 25일 11시,월요일,경상남도 김해시 대동면,중상사고,0,2,0,0,차대차 - 추돌,안전거리미확보,건조,맑음,단일로 - 기타,화물,남,60세,중상,특수,남,53세,중상
2019112500100281,2019년 11월 25일 12시,월요일,경상남도 창원시 진해구 풍호동,경상사고,0,0,2,0,차대차 - 기타,안전운전불이행,건조,맑음,교차로 - 교차로부근,이륜,남,26세,경상,승용,남,44세,경상
2019112500100319,2019년 11월 25일 13시,월요일,경상남도 창원시 진해구 이동,중상사고,0,1,0,0,차대사람 - 차도통행중,안전운전불이행,건조,맑음,교차로 - 교차로안,승용,여,48세,상해없음,보행자,여,67세,중상
2019112500100382,2019년 11월 25일 15시,월요일,경상남도 진주시 충무공동,경상사고,0,0,1,0,차대차 - 측면충돌,차로위반,건조,맑음,교차로 - 교차로부근,승용,여,59세,상해없음,화물,남,36세,경상
2019112500100383,2019년 11월 25일 15시,월요일,경상남도 김해시 대청동,중상사고,0,1,0,0,차대차 - 측면충돌,안전운전불이행,건조,맑음,단일로 - 기타,승용,남,49세,상해없음,화물,남,37세,기타불명
2019112500100420,2019년 11월 25일 16시,월요일,경상남도 창원시 성산구 사파동,경상사고,0,0,1,0,차대차 - 기타,안전운전불이행,건조,맑음,단일로 - 기타,승합,남,48세,기타불명,자전거,남,17세,경상
2019112500100421,2019년 11월 25일 16시,월요일,경상남도 창원시 의창구 서상동,경상사고,0,0,1,0,차대차 - 측면충돌,안전운전불이행,건조,맑음,단일로 - 기타,승용,남,45세,상해없음,이륜,남,78세,경상
2019112500100474,2019년 11월 25일 17시,월요일,경상남도 양산시 상북면,경상사고,0,0,1,0,차대사람 - 횡단중,안전운전불이행,건조,맑음,교차로 - 교차로안,승용,여,42세,상해없음,보행자,여,53세,경상
2019112500100475,2019년 11월 25일 17시,월요일,경상남도 창원시 마산합포구 산호동,중상사고,0,1,0,0,차대차 - 기타,중앙선침범,건조,맑음,단일로 - 기타,이륜,남,49세,상해없음,이륜,남,21세,중상
2019112500100543,2019년 11월 25일 18시,월요일,경상남도 창원시 성산구 대방동,경상사고,0,0,1,0,차대차 - 측면충돌,신호위반,건조,맑음,교차로 - 교차로안,승용,남,38세,상해없음,승용,여,54세,경상
2019112500100596,2019년 11월 25일 19시,월요일,경상남도 창원시 의창구 명서동,중상사고,0,1,0,0,차대차 - 기타,안전운전불이행,건조,맑음,교차로 - 교차로안,승용,남,48세,상해없음,이륜,남,26세,중상
2019112500100635,2019년 11월 25일 20시,월요일,경상남도 김해시 삼정동,경상사고,0,0,1,0,차대사람 - 기타,안전운전불이행,건조,맑음,단일로 - 기타,승용,남,66세,상해없음,보행자,남,57세,경상
2019112500100636,2019년 11월 25일 20시,월요일,경상남도 창원시 의창구 북면,경상사고,0,0,1,0,차대사람 - 기타,안전운전불이행,건조,맑음,단일로 - 기타,기타불명,기타불명,미분류,기타불명,보행자,남,28세,경상
2019112500100662,2019년 11월 25일 21시,월요일,경상남도 통영시 광도면,경상사고,0,0,1,0,차대차 - 추돌,기타,건조,맑음,단일로 - 기타,승용,남,48세,상해없음,화물,남,36세,경상
2019112500100663,2019년 11월 25일 21시,월요일,경상남도 거제시 아주동,경상사고,0,0,2,0,차대차 - 기타,직진우회전진행방해,건조,맑음,교차로 - 교차로안,승용,남,25세,기타불명,승용,남,32세,경상
2019112500100664,2019년 11월 25일 21시,월요일,경상남도 창원시 의창구 중동,경상사고,0,0,1,0,차대차 - 기타,안전운전불이행,건조,맑음,단일로 - 기타,승용,남,50세,상해없음,승용,남,59세,기타불명
2019112500100665,2019년 11월 25일 21시,월요일,경상남도 창원시 의창구 봉곡동,경상사고,0,0,1,0,차대차 - 측면충돌,안전운전불이행,건조,맑음,교차로 - 교차로안,승용,여,28세,상해없음,자전거,남,24세,경상
2019112600100126,2019년 11월 26일 07시,화요일,경상남도 밀양시 부북면,중상사고,0,1,0,0,차대사람 - 기타,안전운전불이행,건조,맑음,단일로 - 기타,화물,남,64세,상해없음,보행자,여,34세,중상
2019112600100157,2019년 11월 26일 08시,화요일,경상남도 사천시 대방동,경상사고,0,0,1,0,차대차 - 측면충돌,안전운전불이행,건조,맑음,단일로 - 기타,승용,남,80세,상해없음,승용,여,20세,경상
2019112600100158,2019년 11월 26일 08시,화요일,경상남도 김해시 부원동,경상사고,0,0,1,0,차대사람 - 차도통행중,안전운전불이행,건조,맑음,단일로 - 기타,승용,여,55세,상해없음,보행자,남,12세,경상
2019112600100159,2019년 11월 26일 08시,화요일,경상남도 창원시 마산회원구 두척동,경상사고,0,0,2,0,차대차 - 추돌,안전운전불이행,건조,맑음,단일로 - 기타,승용,여,49세,상해없음,승용,여,49세,경상
2019112600100192,2019년 11월 26일 09시,화요일,경상남도 양산시 다방동,경상사고,0,0,1,0,차대차 - 측면충돌,안전운전불이행,건조,맑음,교차로 - 교차로부근,승용,남,65세,기타불명,화물,남,52세,경상
2019112600100229,2019년 11월 26일 10시,화요일,경상남도 사천시 노룡동,경상사고,0,0,2,0,차대차 - 측면충돌,신호위반,건조,맑음,교차로 - 교차로안,승용,남,69세,경상,승용,남,68세,경상
2019112600100265,2019년 11월 26일 11시,화요일,경상남도 밀양시 내이동,경상사고,0,0,1,0,차대사람 - 횡단중,안전운전불이행,건조,맑음,단일로 - 기타,승용,남,52세,상해없음,보행자,여,74세,경상
2019112600100266,2019년 11월 26일 11시,화요일,경상남도 양산시 중부동,경상사고,0,0,1,0,차대차 - 측면충돌,교차로운행방법위반,건조,맑음,교차로 - 교차로안,승용,여,59세,상해없음,승용,남,47세,경상
2019112600100267,2019년 11월 26일 11시,화요일,경상남도 창원시 의창구 북면,경상사고,0,0,1,0,차대차 - 측면충돌,안전운전불이행,건조,맑음,교차로 - 교차로안,승용,여,56세,상해없음,승용,남,61세,경상
2019112600100302,2019년 11월 26일 12시,화요일,경상남도 산청군 산청읍,부상신고사고,0,0,0,1,차대차 - 후진중충돌,안전운전불이행,건조,맑음,단일로 - 기타,승용,남,57세,상해없음,이륜,남,46세,부상신고
2019112600100303,2019년 11월 26일 12시,화요일,경상남도 창원시 마산회원구 양덕동,경상사고,0,0,1,0,차대사람 - 기타,안전운전불이행,건조,맑음,기타 - 기타,승합,남,52세,상해없음,보행자,여,48세,경상
2019112600100319,2019년 11월 26일 13시,화요일,경상남도 김해시 대동면,경상사고,0,0,1,0,차대차 - 측면충돌,안전거리미확보,건조,맑음,단일로 - 기타,화물,남,68세,상해없음,승용,여,42세,경상
2019112600100336,2019년 11월 26일 13시,화요일,경상남도 사천시 사천읍,중상사고,0,1,0,0,차대차 - 기타,안전거리미확보,건조,맑음,단일로 - 기타,원동기,여,72세,중상,승용,남,77세,상해없음
2019112600100365,2019년 11월 26일 14시,화요일,경상남도 거제시 사등면,경상사고,0,0,1,0,차대차 - 기타,안전운전불이행,건조,맑음,단일로 - 기타,승용,남,55세,상해없음,승용,남,51세,경상
2019112600100366,2019년 11월 26일 14시,화요일,경상남도 함안군 군북면,경상사고,0,0,1,0,차대차 - 측면충돌,교차로운행방법위반,건조,맑음,교차로 - 교차로안,승용,여,38세,상해없음,자전거,남,82세,경상
2019112600100404,2019년 11월 26일 15시,화요일,경상남도 남해군 이동면,중상사고,0,1,0,0,차대사람 - 횡단중,중앙선침범,건조,맑음,교차로 - 교차로안,승용,여,51세,상해없음,보행자,남,69세,중상
2019112600100405,2019년 11월 26일 15시,화요일,경상남도 창원시 마산회원구 양덕동,경상사고,0,0,1,0,차대차 - 측면충돌,안전운전불이행,건조,맑음,단일로 - 기타,화물,남,48세,상해없음,승용,남,45세,경상
2019112600100449,2019년 11월 26일 16시,화요일,경상남도 진주시 봉곡동,경상사고,0,0,1,0,차대사람 - 횡단중,보행자보호의무위반,건조,맑음,단일로 - 기타,승용,여,58세,상해없음,보행자,여,72세,경상
2019112600100450,2019년 11월 26일 16시,화요일,경상남도 거창군 거창읍,경상사고,0,0,1,0,차대사람 - 차도통행중,안전운전불이행,건조,맑음,단일로 - 기타,승용,남,53세,상해없음,보행자,여,69세,경상
2019112600100451,2019년 11월 26일 16시,화요일,경상남도 함안군 칠원읍,경상사고,0,0,1,0,차대차 - 측면충돌,안전운전불이행,건조,맑음,교차로 - 교차로안,화물,남,41세,상해없음,승용,여,26세,경상
2019112600100452,2019년 11월 26일 16시,화요일,경상남도 창원시 의창구 팔용동,경상사고,0,0,1,0,차대차 - 추돌,안전운전불이행,건조,맑음,교차로 - 교차로부근,승용,남,68세,상해없음,승용,남,39세,경상
2019112600100453,2019년 11월 26일 16시,화요일,경상남도 김해시 대청동,중상사고,0,1,0,0,차대차 - 측면충돌,안전운전불이행,건조,맑음,단일로 - 기타,승용,남,72세,상해없음,자전거,남,16세,중상
2019112600100495,2019년 11월 26일 17시,화요일,경상남도 고성군 고성읍,경상사고,0,0,1,0,차대차 - 측면충돌,신호위반,건조,맑음,교차로 - 교차로안,승용,남,66세,상해없음,승합,남,62세,경상
2019112600100496,2019년 11월 26일 17시,화요일,경상남도 남해군 남해읍,중상사고,0,1,0,0,차대차 - 측면충돌,안전운전불이행,건조,맑음,교차로 - 교차로안,승용,남,54세,상해없음,이륜,여,58세,중상
2019112600100545,2019년 11월 26일 18시,화요일,경상남도 밀양시 상남면,경상사고,0,0,1,0,차대차 - 추돌,안전운전불이행,건조,맑음,교차로 - 교차로부근,승합,남,55세,상해없음,승용,여,38세,경상
2019112600100546,2019년 11월 26일 18시,화요일,경상남도 거제시 연초면,경상사고,0,0,1,0,차대차 - 기타,교차로운행방법위반,건조,맑음,교차로 - 교차로안,승용,여,42세,상해없음,이륜,남,33세,경상
2019112600100547,2019년 11월 26일 18시,화요일,경상남도 창원시 의창구 팔용동,경상사고,0,0,2,0,차대차 - 추돌,안전운전불이행,건조,맑음,단일로 - 기타,승용,남,58세,상해없음,승용,남,21세,경상