사고번호,사고일시,요일,시군구,사고내용,사망자수,중상자수,경상자수,부상신고자수,사고유형,법규위반,노면상태,기상상태,도로형태,가해운전자 차종,가해운전자 성별,가해운전자 연령,가해운전자 상해정도,피해운전자 차종,피해운전자 성별,피해운전자 연령,피해운전자 상해정도
2019112600100548,2019년 11월 26일 18시,화요일,경상남도 김해시 관동동,중상사고,0,1,0,0,차대차 - 측면충돌,안전운전불이행,건조,맑음,교차로 - 교차로안,승용,여,45세,상해없음,이륜,여,58세,중상
2019112600100596,2019년 11월 26일 19시,화요일,경상남도 양산시 북정동,경상사고,0,0,1,0,차대사람 - 차도통행중,안전운전불이행,건조,맑음,단일로 - 기타,승합,남,49세,상해없음,보행자,남,59세,경상
2019112600100597,2019년 11월 26일 19시,화요일,경상남도 창원시 마산회원구 회원동,경상사고,0,0,1,0,차대사람 - 차도통행중,안전운전불이행,건조,맑음,단일로 - 기타,승용,남,59세,상해없음,보행자,남,64세,경상
2019112600100632,2019년 11월 26일 20시,화요일,경상남도 양산시 용당동,중상사고,0,1,0,0,차대사람 - 차도통행중,안전운전불이행,건조,맑음,단일로 - 기타,승용,남,33세,상해없음,보행자,여,69세,중상
2019112600100633,2019년 11월 26일 20시,화요일,경상남도 양산시 덕계동,경상사고,0,0,1,0,차대사람 - 기타,안전운전불이행,건조,맑음,단일로 - 기타,원동기,남,49세,상해없음,보행자,남,62세,경상
2019112600100634,2019년 11월 26일 20시,화요일,경상남도 창원시 성산구 상남동,경상사고,0,0,1,0,차대차 - 측면충돌,안전운전불이행,건조,맑음,교차로 - 교차로부근,승용,남,37세,상해없음,승용,여,30세,경상
2019112600100670,2019년 11월 26일 21시,화요일,경상남도 창원시 진해구 석동,경상사고,0,0,1,0,차대차 - 기타,기타,건조,맑음,단일로 - 기타,승용,남,48세,상해없음,이륜,남,23세,경상
2019112600100671,2019년 11월 26일 21시,화요일,경상남도 창원시 마산회원구 양덕동,중상사고,0,1,0,0,차대차 - 측면충돌,안전운전불이행,건조,맑음,교차로 - 교차로안,승용,남,63세,상해없음,승용,남,42세,중상
2019112600100695,2019년 11월 26일 22시,화요일,경상남도 통영시 도천동,중상사고,0,1,0,0,차대사람 - 횡단중,안전운전불이행,건조,맑음,단일로 - 기타,승용,남,52세,상해없음,보행자,여,43세,중상
2019112600100696,2019년 11월 26일 22시,화요일,경상남도 통영시 광도면,중상사고,0,2,1,0,차대차 - 추돌,안전운전불이행,건조,맑음,교차로 - 교차로부근,승용,남,39세,경상,화물,남,50세,중상
2019112700100037,2019년 11월 27일 00시,수요일,경상남도 창원시 진해구 안골동,중상사고,0,3,1,0,차대차 - 추돌,안전운전불이행,건조,맑음,단일로 - 기타,승용,남,50세,중상,특수,남,54세,경상
2019112700100038,2019년 11월 27일 00시,수요일,경상남도 거제시 옥포동,경상사고,0,0,2,0,차대차 - 추돌,안전운전불이행,건조,맑음,교차로 - 교차로부근,이륜,여,53세,상해없음,승용,여,42세,경상
2019112700100080,2019년 11월 27일 06시,수요일,경상남도 거제시 일운면,경상사고,0,0,1,0,차대사람 - 길가장자리구역통행중,안전운전불이행,건조,맑음,단일로 - 기타,기타불명,기타불명,미분류,기타불명,보행자,여,84세,경상
2019112700100098,2019년 11월 27일 07시,수요일,경상남도 통영시 광도면,중상사고,0,1,0,0,차대차 - 기타,안전운전불이행,건조,맑음,교차로 - 교차로안,화물,여,62세,상해없음,이륜,남,27세,중상
2019112700100099,2019년 11월 27일 07시,수요일,경상남도 김해시 내동,중상사고,0,1,0,0,차대사람 - 횡단중,안전운전불이행,건조,맑음,단일로 - 기타,화물,남,60세,상해없음,보행자,남,31세,중상
2019112700100100,2019년 11월 27일 07시,수요일,경상남도 고성군 고성읍,중상사고,0,2,0,0,차대차 - 측면충돌,직진우회전진행방해,건조,맑음,교차로 - 교차로안,승용,남,54세,상해없음,이륜,남,59세,중상
2019112700100150,2019년 11월 27일 08시,수요일,경상남도 통영시 도남동,경상사고,0,0,1,0,차대사람 - 횡단중,안전운전불이행,건조,맑음,단일로 - 기타,승용,남,68세,상해없음,보행자,남,77세,경상
2019112700100151,2019년 11월 27일 08시,수요일,경상남도 함안군 가야읍,경상사고,0,0,1,0,차대사람 - 횡단중,보행자보호의무위반,건조,맑음,교차로 - 교차로부근,승용,여,36세,상해없음,보행자,여,8세,경상
2019112700100179,2019년 11월 27일 09시,수요일,경상남도 양산시 삼호동,중상사고,0,1,0,0,차대차 - 측면충돌,안전운전불이행,건조,맑음,교차로 - 교차로안,승용,남,57세,상해없음,승용,여,41세,중상
2019112700100180,2019년 11월 27일 09시,수요일,경상남도 창원시 의창구 신월동,중상사고,0,1,0,0,차대사람 - 기타,안전운전불이행,건조,맑음,단일로 - 기타,화물,남,71세,기타불명,보행자,여,76세,중상
2019112700100208,2019년 11월 27일 10시,수요일,경상남도 통영시 무전동,중상사고,0,1,0,0,차대차 - 측면충돌,직진우회전진행방해,건조,맑음,교차로 - 교차로안,승합,남,25세,상해없음,화물,남,42세,중상
2019112700100305,2019년 11월 27일 13시,수요일,경상남도 사천시 용현면,경상사고,0,0,1,0,차대차 - 측면충돌,안전운전불이행,건조,맑음,단일로 - 기타,승용,여,59세,상해없음,이륜,남,76세,경상
2019112700100306,2019년 11월 27일 13시,수요일,경상남도 김해시 외동,중상사고,0,1,0,0,차대차 - 측면충돌,안전운전불이행,건조,맑음,단일로 - 기타,승용,여,40세,상해없음,이륜,남,33세,중상
2019112700100350,2019년 11월 27일 14시,수요일,경상남도 창원시 마산합포구 중앙동3가,경상사고,0,0,1,0,차대차 - 추돌,안전거리미확보,건조,맑음,교차로 - 교차로부근,승합,남,36세,상해없음,승용,여,46세,경상
2019112700100351,2019년 11월 27일 14시,수요일,경상남도 사천시 사남면,경상사고,0,0,1,0,차대사람 - 횡단중,보행자보호의무위반,건조,맑음,단일로 - 기타,승용,여,32세,상해없음,보행자,남,7세,경상
2019112700100352,2019년 11월 27일 14시,수요일,경상남도 합천군 합천읍,경상사고,0,0,1,0,차대사람 - 보도통행중,안전운전불이행,건조,맑음,단일로 - 기타,승용,남,51세,상해없음,보행자,남,67세,경상
2019112700100353,2019년 11월 27일 14시,수요일,경상남도 함양군 함양읍,경상사고,0,0,1,0,차대차 - 측면충돌,교차로운행방법위반,건조,맑음,교차로 - 교차로안,승용,남,58세,상해없음,화물,남,66세,경상
2019112700100392,2019년 11월 27일 15시,수요일,경상남도 사천시 정동면,중상사고,0,1,0,0,차대차 - 측면충돌,중앙선침범,건조,맑음,단일로 - 기타,이륜,남,14세,중상,승용,남,44세,상해없음
2019112700100393,2019년 11월 27일 15시,수요일,경상남도 김해시 외동,경상사고,0,0,1,0,차대차 - 측면충돌,안전운전불이행,건조,맑음,단일로 - 기타,자전거,여,25세,경상,승용,여,57세,상해없음
2019112700100394,2019년 11월 27일 15시,수요일,경상남도 창녕군 도천면,경상사고,0,0,2,0,차대차 - 추돌,안전운전불이행,건조,맑음,단일로 - 기타,승용,여,25세,상해없음,화물,남,46세,경상
2019112700100422,2019년 11월 27일 16시,수요일,경상남도 김해시 외동,경상사고,0,0,1,0,차대차 - 추돌,교차로운행방법위반,건조,맑음,교차로 - 교차로안,승용,남,52세,상해없음,이륜,남,51세,경상
2019112700100423,2019년 11월 27일 16시,수요일,경상남도 김해시 지내동,경상사고,0,0,1,0,차대사람 - 길가장자리구역통행중,안전운전불이행,건조,맑음,단일로 - 기타,기타불명,기타불명,미분류,기타불명,보행자,남,51세,경상
2019112700100424,2019년 11월 27일 16시,수요일,경상남도 거창군 거창읍,경상사고,0,0,1,0,차대차 - 측면충돌,안전운전불이행,건조,맑음,단일로 - 기타,승용,여,36세,상해없음,자전거,남,80세,경상
2019112700100464,2019년 11월 27일 17시,수요일,경상남도 진주시 옥봉동,중상사고,0,1,0,0,차대차 - 정면충돌,직진우회전진행방해,건조,맑음,교차로 - 교차로안,승용,남,42세,상해없음,이륜,남,42세,중상
2019112700100465,2019년 11월 27일 17시,수요일,경상남도 통영시 서호동,경상사고,0,0,1,1,차대차 - 측면충돌,안전운전불이행,건조,맑음,단일로 - 기타,승용,남,68세,부상신고,화물,남,85세,상해없음
2019112700100466,2019년 11월 27일 17시,수요일,경상남도 김해시 삼계동,중상사고,0,1,0,0,차대차 - 측면충돌,안전운전불이행,건조,맑음,교차로 - 교차로안,승용,남,55세,상해없음,승용,남,46세,중상
2019112700100467,2019년 11월 27일 17시,수요일,경상남도 김해시 삼방동,경상사고,0,0,1,0,차대차 - 측면충돌,안전거리미확보,건조,맑음,단일로 - 기타,이륜,남,49세,상해없음,승용,남,51세,경상
2019112700100468,2019년 11월 27일 17시,수요일,경상남도 양산시 소주동,중상사고,0,1,0,0,차대사람 - 횡단중,신호위반,건조,맑음,교차로 - 교차로횡단보도내,이륜,남,50세,상해없음,보행자,여,43세,중상
2019112700100469,2019년 11월 27일 17시,수요일,경상남도 남해군 남면,경상사고,0,0,1,0,차대사람 - 기타,안전운전불이행,건조,맑음,단일로 - 기타,승용,남,77세,상해없음,보행자,남,60세,경상
2019112700100470,2019년 11월 27일 17시,수요일,경상남도 창원시 성산구 상남동,중상사고,0,1,0,0,차대사람 - 차도통행중,안전운전불이행,건조,맑음,단일로 - 기타,승용,여,52세,상해없음,보행자,남,40세,중상
2019112700100471,2019년 11월 27일 17시,수요일,경상남도 창원시 성산구 사파동,경상사고,0,0,1,0,차대차 - 기타,안전운전불이행,건조,맑음,단일로 - 기타,승용,여,51세,경상,화물,남,57세,상해없음
2019112700100580,2019년 11월 27일 19시,수요일,경상남도 창원시 진해구 남문동,중상사고,0,1,0,0,차대사람 - 기타,중앙선침범,건조,맑음,교차로 - 교차로부근,화물,남,63세,상해없음,보행자,여,77세,중상
2019112700100618,2019년 11월 27일 20시,수요일,경상남도 밀양시 무안면,중상사고,0,1,0,0,차대사람 - 횡단중,안전운전불이행,건조,맑음,단일로 - 기타,승용,여,51세,상해없음,보행자,남,65세,중상
2019112800100040,2019년 11월 28일 01시,목요일,경상남도 창원시 진해구 석동,경상사고,0,0,3,0,차대차 - 측면충돌,교차로운행방법위반,건조,맑음,교차로 - 교차로안,승용,남,76세,경상,승용,여,26세,경상
2019112800100061,2019년 11월 28일 05시,목요일,경상남도 사천시 정동면,경상사고,0,0,1,0,차대사람 - 횡단중,안전운전불이행,건조,맑음,교차로 - 교차로안,화물,남,59세,상해없음,보행자,여,81세,경상
2019112800100062,2019년 11월 28일 05시,목요일,경상남도 김해시 부원동,중상사고,0,1,0,0,차대차 - 추돌,안전운전불이행,건조,맑음,단일로 - 기타,승용,여,62세,상해없음,승용,남,52세,중상
2019112800100075,2019년 11월 28일 06시,목요일,경상남도 밀양시 상남면,경상사고,0,0,2,0,차대차 - 측면충돌,안전운전불이행,건조,맑음,단일로 - 기타,승용,남,41세,상해없음,이륜,남,64세,경상
2019112800100076,2019년 11월 28일 06시,목요일,경상남도 김해시 삼방동,경상사고,0,0,1,0,차대차 - 측면충돌,교차로운행방법위반,건조,맑음,교차로 - 교차로안,화물,남,60세,상해없음,화물,남,48세,경상
2019112800100100,2019년 11월 28일 07시,목요일,경상남도 거제시 고현동,중상사고,0,1,0,0,차대차 - 측면충돌,안전운전불이행,건조,맑음,교차로 - 교차로안,승용,남,43세,상해없음,승용,여,57세,중상
2019112800100149,2019년 11월 28일 08시,목요일,경상남도 창원시 마산합포구 구산면,중상사고,0,1,0,0,차대차 - 정면충돌,중앙선침범,건조,맑음,단일로 - 기타,승용,여,29세,상해없음,건설기계,남,59세,중상
2019112800100150,2019년 11월 28일 08시,목요일,경상남도 거제시 아양동,경상사고,0,0,1,0,차대차 - 측면충돌,신호위반,건조,맑음,교차로 - 교차로안,승합,남,66세,상해없음,승용,여,49세,경상
2019112800100151,2019년 11월 28일 08시,목요일,경상남도 의령군 의령읍,중상사고,0,1,1,0,차대차 - 정면충돌,직진우회전진행방해,건조,맑음,교차로 - 교차로안,승용,남,50세,중상,승용,남,62세,경상
2019112800100186,2019년 11월 28일 09시,목요일,경상남도 밀양시 무안면,경상사고,0,0,2,0,차대차 - 측면충돌,중앙선침범,건조,맑음,단일로 - 기타,승용,남,59세,경상,화물,남,54세,경상
2019112800100187,2019년 11월 28일 09시,목요일,경상남도 거창군 위천면,경상사고,0,0,1,0,차대사람 - 차도통행중,안전운전불이행,건조,맑음,단일로 - 기타,화물,여,84세,상해없음,보행자,여,81세,경상
2019112800100188,2019년 11월 28일 09시,목요일,경상남도 의령군 의령읍,경상사고,0,0,1,0,차대차 - 측면충돌,교차로운행방법위반,건조,맑음,교차로 - 교차로안,승용,여,60세,상해없음,이륜,남,89세,경상
2019112800100189,2019년 11월 28일 09시,목요일,경상남도 창원시 의창구 동읍,경상사고,0,0,2,0,차대차 - 추돌,안전거리미확보,건조,맑음,단일로 - 기타,승용,여,48세,기타불명,승용,남,33세,경상
2019112800100225,2019년 11월 28일 10시,목요일,경상남도 진주시 평거동,경상사고,0,0,1,0,차대차 - 측면충돌,신호위반,건조,맑음,교차로 - 교차로안,승용,여,61세,경상,승용,남,51세,상해없음
2019112800100226,2019년 11월 28일 10시,목요일,경상남도 김해시 삼방동,경상사고,0,0,2,0,차대차 - 측면충돌,직진우회전진행방해,건조,맑음,교차로 - 교차로안,승용,남,24세,경상,승용,여,59세,경상
2019112800100227,2019년 11월 28일 10시,목요일,경상남도 하동군 진교면,중상사고,0,2,0,1,차대차 - 측면충돌,신호위반,건조,맑음,교차로 - 교차로안,승용,여,54세,부상신고,승용,여,61세,중상
2019112800100228,2019년 11월 28일 10시,목요일,경상남도 의령군 의령읍,경상사고,0,0,1,0,차대사람 - 횡단중,안전운전불이행,건조,맑음,교차로 - 교차로안,승용,남,48세,상해없음,보행자,남,86세,경상
2019112800100229,2019년 11월 28일 10시,목요일,경상남도 사천시 축동면,중상사고,0,2,0,0,차대차 - 추돌,안전운전불이행,건조,맑음,단일로 - 기타,특수,남,56세,기타불명,화물,남,55세,중상
2019112800100251,2019년 11월 28일 11시,목요일,경상남도 창원시 마산합포구 창동,경상사고,0,0,1,0,차대차 - 추돌,안전운전불이행,건조,맑음,단일로 - 기타,승용,남,64세,상해없음,승용,남,65세,경상
2019112800100284,2019년 11월 28일 12시,목요일,경상남도 의령군 의령읍,사망사고,1,0,0,0,차대차 - 측면충돌,신호위반,건조,맑음,교차로 - 교차로안,이륜,남,82세,사망,화물,남,54세,상해없음
2019112800100314,2019년 11월 28일 13시,목요일,경상남도 창녕군 창녕읍,중상사고,0,1,1,0,차대차 - 기타,직진우회전진행방해,건조,맑음,교차로 - 교차로안,자전거,남,75세,경상,이륜,남,74세,상해없음
2019112800100351,2019년 11월 28일 14시,목요일,경상남도 거창군 주상면,경상사고,0,0,1,0,차대차 - 추돌,안전운전불이행,건조,맑음,교차로 - 교차로부근,승용,남,57세,상해없음,화물,남,36세,경상
2019112800100352,2019년 11월 28일 14시,목요일,경상남도 양산시 물금읍,중상사고,0,3,0,0,차대차 - 측면충돌,과속,건조,맑음,단일로 - 기타,승용,여,39세,중상,승용,남,49세,중상
2019112800100353,2019년 11월 28일 14시,목요일,경상남도 양산시 물금읍,경상사고,0,0,3,0,차대차 - 정면충돌,신호위반,건조,맑음,교차로 - 교차로안,승용,여,52세,경상,승합,남,70세,경상
2019112800100386,2019년 11월 28일 15시,목요일,경상남도 밀양시 내일동,중상사고,0,1,0,0,차대사람 - 길가장자리구역통행중,안전운전불이행,건조,맑음,단일로 - 기타,승용,여,36세,상해없음,보행자,여,70세,중상
2019112800100406,2019년 11월 28일 16시,목요일,경상남도 김해시 수가동,사망사고,1,0,0,0,차량단독 - 공작물충돌,안전운전불이행,건조,맑음,단일로 - 기타,승용,남,62세,사망,,,,
2019112800100421,2019년 11월 28일 16시,목요일,경상남도 진주시 일반성면,중상사고,0,1,0,0,차대사람 - 기타,보행자보호의무위반,건조,맑음,교차로 - 교차로횡단보도내,승합,남,31세,상해없음,보행자,남,46세,중상
2019112800100422,2019년 11월 28일 16시,목요일,경상남도 통영시 북신동,중상사고,0,1,0,0,차대차 - 측면충돌,신호위반,건조,맑음,교차로 - 교차로안,승용,여,57세,상해없음,원동기,남,37세,중상
2019112800100423,2019년 11월 28일 16시,목요일,경상남도 거제시 옥포동,경상사고,0,0,2,0,차대차 - 측면충돌,교차로운행방법위반,건조,맑음,교차로 - 교차로안,승용,남,54세,상해없음,승용,여,33세,경상
2019112800100424,2019년 11월 28일 16시,목요일,경상남도 창원시 의창구 팔용동,경상사고,0,0,1,0,차대차 - 측면충돌,불법유턴,건조,맑음,단일로 - 기타,화물,남,57세,상해없음,원동기,남,45세,경상
2019112800100425,2019년 11월 28일 16시,목요일,경상남도 김해시 관동동,중상사고,0,1,0,0,차대사람 - 기타,보행자보호의무위반,건조,맑음,교차로 - 교차로횡단보도내,승용,남,59세,상해없음,보행자,여,7세,중상
2019112800100483,2019년 11월 28일 17시,목요일,경상남도 사천시 선구동,경상사고,0,0,1,0,차대사람 - 횡단중,보행자보호의무위반,건조,맑음,교차로 - 교차로안,화물,남,68세,상해없음,보행자,여,69세,경상
2019112800100484,2019년 11월 28일 17시,목요일,경상남도 합천군 용주면,사망사고,1,0,0,0,차대차 - 추돌,과속,건조,맑음,단일로 - 기타,승용,여,62세,상해없음,농기계,남,81세,사망
2019112800100485,2019년 11월 28일 17시,목요일,경상남도 김해시 부곡동,중상사고,0,1,1,0,차대차 - 측면충돌,안전운전불이행,건조,맑음,교차로 - 교차로안,승용,여,70세,경상,승용,여,24세,중상
2019112800100540,2019년 11월 28일 18시,목요일,경상남도 진주시 신안동,사망사고,1,0,0,0,차대사람 - 횡단중,보행자보호의무위반,건조,맑음,교차로 - 교차로횡단보도내,승용,남,71세,상해없음,보행자,남,37세,사망
2019112800100541,2019년 11월 28일 18시,목요일,경상남도 김해시 어방동,중상사고,0,1,2,0,차대차 - 추돌,안전거리미확보,건조,맑음,단일로 - 지하차도(도로)내,화물,남,21세,경상,화물,남,57세,중상
2019112800100542,2019년 11월 28일 18시,목요일,경상남도 합천군 용주면,사망사고,1,0,0,0,차대차 - 기타,안전운전불이행,건조,맑음,단일로 - 기타,이륜,남,58세,사망,농기계,남,81세,상해없음
2019112800100543,2019년 11월 28일 18시,목요일,경상남도 양산시 남부동,중상사고,0,1,0,0,차대사람 - 기타,안전운전불이행,건조,맑음,단일로 - 기타,승용,남,51세,기타불명,보행자,남,72세,중상
2019112800100627,2019년 11월 28일 20시,목요일,경상남도 창원시 진해구 장천동,중상사고,0,1,0,0,차대사람 - 기타,보행자보호의무위반,건조,맑음,교차로 - 교차로횡단보도내,승용,여,65세,상해없음,보행자,남,8세,중상
2019112800100628,2019년 11월 28일 20시,목요일,경상남도 거제시 상동동,경상사고,0,0,1,0,차량단독 - 기타,기타,건조,맑음,기타 - 기타,승용,남,60세,상해없음,,,,
2019112800100657,2019년 11월 28일 21시,목요일,경상남도 김해시 부원동,경상사고,0,0,1,0,차대차 - 측면충돌,신호위반,건조,맑음,교차로 - 교차로부근,승용,남,31세,상해없음,승용,여,43세,경상
2019112800100658,2019년 11월 28일 21시,목요일,경상남도 양산시 상북면,경상사고,0,0,2,0,차대차 - 측면충돌,교차로운행방법위반,건조,맑음,교차로 - 교차로안,승용,여,35세,상해없음,승용,여,27세,경상
2019112800100682,2019년 11월 28일 22시,목요일,경상남도 김해시 내동,경상사고,0,0,1,0,차대차 - 추돌,안전운전불이행,건조,맑음,교차로 - 교차로안,이륜,남,52세,경상,승합,남,57세,상해없음
2019112800100713,2019년 11월 28일 23시,목요일,경상남도 양산시 삼호동,부상신고사고,0,0,0,2,차대차 - 측면충돌,교차로운행방법위반,건조,맑음,교차로 - 교차로안,화물,남,43세,부상신고,승용,여,27세,부상신고
2019112800100714,2019년 11월 28일 23시,목요일,경상남도 창원시 의창구 명서동,경상사고,0,0,1,0,차량단독 - 기타,안전운전불이행,건조,맑음,단일로 - 기타,승용,남,59세,상해없음,,,,
2019112900100060,2019년 11월 29일 03시,금요일,경상남도 창원시 성산구 성주동,중상사고,0,1,0,0,차대차 - 추돌,안전운전불이행,건조,맑음,교차로 - 교차로부근,승용,남,41세,상해없음,승용,남,28세,중상
2019112900100118,2019년 11월 29일 07시,금요일,경상남도 사천시 정동면,경상사고,0,0,1,0,차대차 - 측면충돌,안전운전불이행,건조,맑음,교차로 - 교차로안,건설기계,남,56세,상해없음,승용,여,44세,경상
2019112900100119,2019년 11월 29일 07시,금요일,경상남도 거제시 장평동,경상사고,0,0,1,0,차대차 - 추돌,안전운전불이행,건조,맑음,단일로 - 기타,승용,남,33세,경상,화물,남,63세,기타불명
2019112900100176,2019년 11월 29일 08시,금요일,경상남도 창원시 진해구 남문동,경상사고,0,0,2,0,차대차 - 기타,신호위반,건조,맑음,교차로 - 교차로안,승용,여,55세,경상,승용,남,73세,경상
2019112900100177,2019년 11월 29일 08시,금요일,경상남도 통영시 무전동,중상사고,0,1,0,0,차대차 - 기타,직진우회전진행방해,건조,맑음,교차로 - 교차로안,승합,여,52세,기타불명,승합,남,53세,상해없음
2019112900100178,2019년 11월 29일 08시,금요일,경상남도 사천시 선구동,경상사고,0,0,1,0,차대차 - 측면충돌,안전운전불이행,건조,맑음,교차로 - 교차로안,자전거,여,82세,경상,승용,남,67세,상해없음
2019112900100179,2019년 11월 29일 08시,금요일,경상남도 양산시 북부동,경상사고,0,0,1,1,차대차 - 측면충돌,안전거리미확보,건조,맑음,단일로 - 기타,화물,남,51세,상해없음,승합,남,50세,경상
2019112900100180,2019년 11월 29일 08시,금요일,경상남도 거제시 옥포동,경상사고,0,0,1,0,차대사람 - 차도통행중,안전운전불이행,건조,맑음,교차로 - 교차로안,기타불명,기타불명,미분류,기타불명,보행자,남,10세,경상
2019112900100207,2019년 11월 29일 09시,금요일,경상남도 창원시 진해구 죽곡동,중상사고,0,1,0,0,차대차 - 기타,안전운전불이행,건조,맑음,단일로 - 기타,화물,남,26세,상해없음,승용,여,47세,중상
2019112900100208,2019년 11월 29일 09시,금요일,경상남도 김해시 내동,경상사고,0,0,1,0,차대차 - 측면충돌,중앙선침범,건조,맑음,교차로 - 교차로부근,승용,남,70세,상해없음,승용,여,61세,경상
2019112900100209,2019년 11월 29일 09시,금요일,경상남도 고성군 고성읍,중상사고,0,1,1,0,차대차 - 기타,안전거리미확보,건조,맑음,단일로 - 기타,농기계,남,79세,중상,화물,남,44세,상해없음
2019112900100286,2019년 11월 29일 11시,금요일,경상남도 김해시 외동,경상사고,0,0,1,0,차대사람 - 횡단중,안전운전불이행,건조,맑음,단일로 - 기타,승용,여,38세,상해없음,보행자,여,63세,경상
2019112900100317,2019년 11월 29일 12시,금요일,경상남도 창원시 마산합포구 교방동,부상신고사고,0,0,0,1,차대사람 - 기타,안전운전불이행,건조,맑음,단일로 - 기타,화물,남,49세,상해없음,보행자,여,60세,부상신고
2019112900100318,2019년 11월 29일 12시,금요일,경상남도 양산시 상북면,중상사고,0,1,0,0,차대사람 - 횡단중,보행자보호의무위반,건조,맑음,교차로 - 교차로횡단보도내,화물,남,62세,상해없음,보행자,여,68세,중상
2019112900100335,2019년 11월 29일 13시,금요일,경상남도 김해시 상동면,중상사고,0,2,0,0,차대차 - 측면충돌,신호위반,건조,맑음,단일로 - 터널,화물,남,71세,중상,승용,남,29세,중상
2019112900100357,2019년 11월 29일 13시,금요일,경상남도 진주시 상평동,중상사고,0,1,0,0,차대차 - 측면충돌,중앙선침범,건조,맑음,단일로 - 기타,화물,남,59세,상해없음,화물,남,25세,중상
2019112900100358,2019년 11월 29일 13시,금요일,경상남도 사천시 사남면,경상사고,0,0,1,1,차대차 - 측면충돌,안전거리미확보,건조,맑음,단일로 - 기타,건설기계,남,52세,상해없음,승용,남,30세,부상신고
2019112900100401,2019년 11월 29일 14시,금요일,경상남도 창원시 진해구 용원동,경상사고,0,0,1,0,차대차 - 추돌,안전운전불이행,건조,맑음,단일로 - 기타,승용,남,49세,상해없음,화물,남,27세,경상
2019112900100402,2019년 11월 29일 14시,금요일,경상남도 김해시 상동면,경상사고,0,0,1,0,차대차 - 측면충돌,안전운전불이행,건조,맑음,단일로 - 기타,승용,남,54세,상해없음,승용,남,33세,경상
2019112900100403,2019년 11월 29일 14시,금요일,경상남도 김해시 진영읍,경상사고,0,0,2,0,차대차 - 추돌,안전운전불이행,건조,맑음,단일로 - 기타,승용,남,59세,상해없음,화물,남,57세,경상
2019112900100450,2019년 11월 29일 15시,금요일,경상남도 창원시 마산합포구 진동면,중상사고,0,1,1,0,차대사람 - 보도통행중,기타,건조,맑음,기타 - 기타,승용,남,44세,상해없음,보행자,여,36세,중상
2019112900100451,2019년 11월 29일 15시,금요일,경상남도 창원시 진해구 석동,경상사고,0,0,2,0,차대차 - 추돌,안전운전불이행,건조,맑음,교차로 - 교차로부근,승용,남,39세,경상,승용,여,40세,경상
2019112900100452,2019년 11월 29일 15시,금요일,경상남도 김해시 부곡동,경상사고,0,0,2,0,차대차 - 측면충돌,교차로운행방법위반,건조,맑음,교차로 - 교차로안,화물,남,53세,상해없음,화물,남,37세,경상
2019112900100508,2019년 11월 29일 16시,금요일,경상남도 창원시 마산합포구 상남동,경상사고,0,0,1,0,차대사람 - 기타,보행자보호의무위반,건조,맑음,교차로 - 교차로횡단보도내,승용,남,36세,상해없음,보행자,여,57세,경상
2019112900100509,2019년 11월 29일 16시,금요일,경상남도 진주시 하대동,중상사고,0,1,0,0,차대차 - 측면충돌,중앙선침범,건조,맑음,단일로 - 기타,승용,여,65세,상해없음,이륜,남,47세,중상
2019112900100510,2019년 11월 29일 16시,금요일,경상남도 거창군 거창읍,중상사고,0,1,0,0,차대차 - 측면충돌,안전운전불이행,건조,맑음,단일로 - 기타,화물,남,35세,상해없음,이륜,남,82세,중상
2019112900100537,2019년 11월 29일 17시,금요일,경상남도 양산시 동면,경상사고,0,0,1,0,차대차 - 측면충돌,안전운전불이행,건조,맑음,단일로 - 기타,승용,남,34세,상해없음,승용,여,47세,경상
2019112900100560,2019년 11월 29일 17시,금요일,경상남도 고성군 거류면,부상신고사고,0,0,0,1,차대사람 - 차도통행중,안전운전불이행,건조,맑음,단일로 - 기타,승용,남,35세,상해없음,보행자,남,57세,부상신고
2019112900100561,2019년 11월 29일 17시,금요일,경상남도 남해군 창선면,경상사고,0,0,2,1,차대차 - 추돌,안전거리미확보,건조,맑음,단일로 - 기타,화물,남,59세,상해없음,승용,여,47세,경상
2019112900100562,2019년 11월 29일 17시,금요일,경상남도 김해시 진례면,경상사고,0,0,1,0,차대사람 - 길가장자리구역통행중,안전운전불이행,건조,맑음,단일로 - 기타,기타불명,기타불명,미분류,기타불명,보행자,남,20세,경상
2019112900100630,2019년 11월 29일 18시,금요일,경상남도 사천시 사남면,경상사고,0,0,2,0,차대차 - 추돌,안전거리미확보,건조,맑음,교차로 - 교차로안,승용,여,51세,경상,승용,남,59세,경상
2019112900100631,2019년 11월 29일 18시,금요일,경상남도 양산시 삼호동,중상사고,0,1,0,0,차대차 - 기타,신호위반,건조,맑음,교차로 - 교차로안,승용,남,45세,상해없음,이륜,남,18세,중상
2019112900100632,2019년 11월 29일 18시,금요일,경상남도 거제시 상동동,경상사고,0,0,1,0,차대차 - 기타,안전운전불이행,건조,맑음,교차로 - 교차로부근,승용,여,46세,상해없음,이륜,남,36세,경상