사고번호,사고일시,요일,시군구,사고내용,사망자수,중상자수,경상자수,부상신고자수,사고유형,법규위반,노면상태,기상상태,도로형태,가해운전자 차종,가해운전자 성별,가해운전자 연령,가해운전자 상해정도,피해운전자 차종,피해운전자 성별,피해운전자 연령,피해운전자 상해정도
2019112900100689,2019년 11월 29일 19시,금요일,경상남도 진주시 하대동,경상사고,0,0,1,0,차대사람 - 횡단중,보행자보호의무위반,건조,맑음,교차로 - 교차로횡단보도내,원동기,남,25세,상해없음,보행자,여,18세,경상
2019112900100690,2019년 11월 29일 19시,금요일,경상남도 창원시 진해구 경화동,중상사고,0,1,0,0,차대차 - 기타,안전운전불이행,건조,맑음,교차로 - 교차로안,승용,여,59세,상해없음,이륜,남,33세,중상
2019112900100691,2019년 11월 29일 19시,금요일,경상남도 밀양시 산외면,경상사고,0,0,4,0,차대차 - 추돌,안전운전불이행,건조,맑음,단일로 - 기타,화물,남,64세,상해없음,승용,남,35세,경상
2019112900100692,2019년 11월 29일 19시,금요일,경상남도 거제시 아주동,경상사고,0,0,1,0,차대차 - 측면충돌,안전운전불이행,건조,맑음,단일로 - 기타,승용,남,59세,상해없음,화물,남,49세,상해없음
2019112900100737,2019년 11월 29일 20시,금요일,경상남도 창원시 마산합포구 상남동,경상사고,0,0,2,0,차대차 - 측면충돌,안전운전불이행,건조,맑음,교차로 - 교차로안,승용,남,53세,상해없음,승용,여,32세,경상
2019112900100738,2019년 11월 29일 20시,금요일,경상남도 김해시 생림면,중상사고,0,3,1,0,차대차 - 추돌,과속,건조,맑음,단일로 - 기타,승용,남,44세,경상,화물,남,42세,중상
2019112900100772,2019년 11월 29일 21시,금요일,경상남도 김해시 삼정동,중상사고,0,1,0,0,차대사람 - 횡단중,안전운전불이행,건조,맑음,단일로 - 기타,이륜,남,17세,상해없음,보행자,남,48세,중상
2019112900100773,2019년 11월 29일 21시,금요일,경상남도 김해시 부원동,경상사고,0,0,2,0,차대사람 - 기타,안전운전불이행,건조,맑음,교차로 - 교차로안,승용,남,39세,상해없음,보행자,남,59세,경상
2019112900100774,2019년 11월 29일 21시,금요일,경상남도 창원시 마산회원구 내서읍,중상사고,0,1,0,0,차대사람 - 횡단중,안전운전불이행,건조,맑음,단일로 - 기타,화물,남,68세,상해없음,보행자,남,52세,중상
2019112900100797,2019년 11월 29일 22시,금요일,경상남도 거창군 거창읍,경상사고,0,0,2,0,차대차 - 정면충돌,중앙선침범,건조,맑음,교차로 - 교차로부근,이륜,남,50세,경상,이륜,남,48세,경상
2019112900100827,2019년 11월 29일 23시,금요일,경상남도 합천군 합천읍,경상사고,0,0,1,0,차량단독 - 공작물충돌,안전운전불이행,건조,맑음,단일로 - 기타,승용,남,45세,경상,,,,
2019113000100077,2019년 11월 30일 02시,토요일,경상남도 진주시 집현면,부상신고사고,0,0,0,1,차량단독 - 전도전복 - 전복,안전운전불이행,건조,맑음,단일로 - 기타,승용,남,29세,부상신고,,,,
2019113000100078,2019년 11월 30일 02시,토요일,경상남도 창원시 진해구 태평동,경상사고,0,0,2,0,차대차 - 기타,신호위반,건조,맑음,교차로 - 교차로안,승용,남,65세,상해없음,승용,남,62세,경상
2019113000100079,2019년 11월 30일 02시,토요일,경상남도 거제시 고현동,경상사고,0,0,2,0,차대차 - 측면충돌,신호위반,건조,맑음,교차로 - 교차로안,승용,남,59세,경상,승용,남,23세,상해없음
2019113000100145,2019년 11월 30일 07시,토요일,경상남도 창원시 마산합포구 해운동,경상사고,0,0,1,0,차대차 - 측면충돌,안전운전불이행,건조,맑음,단일로 - 기타,승용,남,65세,상해없음,승용,남,48세,경상
2019113000100167,2019년 11월 30일 08시,토요일,경상남도 함안군 군북면,중상사고,0,1,0,0,차량단독 - 전도전복 - 전도,안전운전불이행,건조,맑음,단일로 - 기타,이륜,남,69세,중상,,,,
2019113000100195,2019년 11월 30일 09시,토요일,경상남도 진주시 상평동,경상사고,0,0,1,0,차대차 - 측면충돌,안전운전불이행,건조,맑음,교차로 - 교차로안,승용,남,45세,상해없음,화물,남,57세,경상
2019113000100230,2019년 11월 30일 10시,토요일,경상남도 합천군 야로면,경상사고,0,0,1,0,차대차 - 측면충돌,신호위반,건조,맑음,교차로 - 교차로안,승용,남,64세,상해없음,사륜오토바이(ATV),남,70세,경상
2019113000100266,2019년 11월 30일 11시,토요일,경상남도 통영시 용남면,중상사고,0,2,4,0,차대차 - 추돌,안전거리미확보,건조,맑음,단일로 - 기타,승용,남,56세,중상,승용,여,29세,상해없음
2019113000100267,2019년 11월 30일 11시,토요일,경상남도 김해시 삼방동,경상사고,0,0,1,0,차대차 - 추돌,안전운전불이행,건조,맑음,단일로 - 기타,승용,남,39세,상해없음,승용,남,27세,경상
2019113000100268,2019년 11월 30일 11시,토요일,경상남도 거창군 남상면,중상사고,0,1,0,0,차량단독 - 공작물충돌,안전운전불이행,건조,맑음,단일로 - 기타,승용,남,56세,중상,,,,
2019113000100269,2019년 11월 30일 11시,토요일,경상남도 양산시 북정동,경상사고,0,0,1,1,차대차 - 기타,기타,건조,맑음,단일로 - 기타,승용,여,40세,부상신고,건설기계,남,40세,경상
2019113000100270,2019년 11월 30일 11시,토요일,경상남도 거제시 고현동,중상사고,0,1,0,0,차대차 - 추돌,안전운전불이행,건조,맑음,단일로 - 기타,승용,여,60세,상해없음,승용,여,42세,중상
2019113000100309,2019년 11월 30일 12시,토요일,경상남도 창원시 진해구 광화동,경상사고,0,0,1,0,차대차 - 기타,안전운전불이행,건조,맑음,교차로 - 교차로안,승용,여,34세,상해없음,이륜,남,26세,경상
2019113000100310,2019년 11월 30일 12시,토요일,경상남도 거창군 거창읍,중상사고,0,1,0,0,차대사람 - 횡단중,안전운전불이행,건조,맑음,단일로 - 기타,승용,남,51세,상해없음,보행자,남,79세,중상
2019113000100311,2019년 11월 30일 12시,토요일,경상남도 거제시 옥포동,중상사고,0,2,2,0,차대차 - 추돌,안전운전불이행,건조,맑음,교차로 - 교차로부근,승용,남,60세,기타불명,승용,남,22세,중상
2019113000100383,2019년 11월 30일 14시,토요일,경상남도 합천군 합천읍,중상사고,0,1,0,0,차대차 - 측면충돌,교차로운행방법위반,건조,맑음,교차로 - 교차로부근,자전거,여,74세,중상,승용,여,62세,상해없음
2019113000100384,2019년 11월 30일 14시,토요일,경상남도 함양군 안의면,중상사고,0,1,0,0,차대차 - 측면충돌,신호위반,건조,맑음,교차로 - 교차로안,농기계,남,81세,중상,화물,남,57세,상해없음
2019113000100415,2019년 11월 30일 15시,토요일,경상남도 진주시 수곡면,중상사고,0,1,1,0,차대차 - 정면충돌,안전운전불이행,건조,맑음,단일로 - 기타,화물,남,59세,상해없음,승용,여,59세,중상
2019113000100416,2019년 11월 30일 15시,토요일,경상남도 창원시 진해구 풍호동,중상사고,0,1,0,0,차대사람 - 차도통행중,안전운전불이행,건조,맑음,단일로 - 기타,승합,여,48세,상해없음,보행자,여,85세,중상
2019113000100417,2019년 11월 30일 15시,토요일,경상남도 거창군 거창읍,중상사고,0,1,4,0,차대차 - 측면충돌,안전운전불이행,건조,맑음,교차로 - 교차로안,화물,남,50세,상해없음,승용,남,40세,경상
2019113000100418,2019년 11월 30일 15시,토요일,경상남도 거제시 사등면,경상사고,0,0,1,0,차대차 - 측면충돌,안전운전불이행,건조,맑음,단일로 - 기타,승용,남,38세,상해없음,승용,남,76세,상해없음
2019113000100462,2019년 11월 30일 16시,토요일,경상남도 진주시 문산읍,중상사고,0,1,0,0,차대차 - 측면충돌,교차로운행방법위반,건조,맑음,교차로 - 교차로안,승용,남,60세,상해없음,이륜,남,24세,중상
2019113000100510,2019년 11월 30일 17시,토요일,경상남도 진주시 망경동,중상사고,0,1,0,0,차대차 - 측면충돌,중앙선침범,건조,맑음,단일로 - 기타,기타불명,여,73세,중상,승용,남,56세,상해없음
2019113000100511,2019년 11월 30일 17시,토요일,경상남도 진주시 봉곡동,경상사고,0,0,3,0,차대차 - 측면충돌,안전거리미확보,건조,맑음,교차로 - 교차로안,승용,남,57세,상해없음,승용,남,35세,경상
2019113000100512,2019년 11월 30일 17시,토요일,경상남도 밀양시 상남면,중상사고,0,1,0,0,차대차 - 측면충돌,신호위반,건조,맑음,교차로 - 교차로안,승용,여,42세,상해없음,이륜,남,39세,중상
2019113000100513,2019년 11월 30일 17시,토요일,경상남도 밀양시 내이동,중상사고,0,1,1,0,차대차 - 측면충돌,안전운전불이행,건조,흐림,교차로 - 교차로안,승용,여,33세,중상,승용,여,47세,경상
2019113000100514,2019년 11월 30일 17시,토요일,경상남도 김해시 삼방동,경상사고,0,0,1,0,차대차 - 기타,안전운전불이행,건조,맑음,단일로 - 기타,승용,여,47세,상해없음,승용,남,36세,경상
2019113000100515,2019년 11월 30일 17시,토요일,경상남도 양산시 평산동,중상사고,0,2,2,0,차대차 - 측면충돌,차로위반,건조,맑음,교차로 - 교차로부근,승용,남,61세,상해없음,승용,여,53세,중상
2019113000100516,2019년 11월 30일 17시,토요일,경상남도 창원시 마산회원구 양덕동,중상사고,0,2,3,0,차대차 - 추돌,안전운전불이행,건조,맑음,단일로 - 기타,화물,남,37세,상해없음,승용,남,75세,중상
2019113000100540,2019년 11월 30일 18시,토요일,경상남도 김해시 대동면,경상사고,0,0,3,0,차대차 - 측면충돌,안전거리미확보,건조,맑음,단일로 - 기타,승용,여,62세,경상,승용,여,48세,경상
2019113000100576,2019년 11월 30일 18시,토요일,경상남도 진주시 평거동,중상사고,0,1,0,0,차대차 - 측면충돌,신호위반,건조,맑음,교차로 - 교차로안,승용,남,35세,상해없음,이륜,남,29세,중상
2019113000100577,2019년 11월 30일 18시,토요일,경상남도 김해시 어방동,경상사고,0,0,1,0,차대차 - 측면충돌,안전운전불이행,건조,맑음,교차로 - 교차로안,이륜,남,20세,경상,승용,여,49세,상해없음
2019113000100578,2019년 11월 30일 18시,토요일,경상남도 김해시 부원동,경상사고,0,0,4,0,차대차 - 측면충돌,안전운전불이행,건조,맑음,교차로 - 교차로안,승용,남,50세,경상,승용,여,36세,경상
2019113000100579,2019년 11월 30일 18시,토요일,경상남도 양산시 신기동,경상사고,0,0,1,0,차대차 - 기타,안전거리미확보,젖음/습기,흐림,교차로 - 교차로부근,승용,여,49세,상해없음,승용,남,30세,경상
2019113000100580,2019년 11월 30일 18시,토요일,경상남도 창원시 의창구 서상동,경상사고,0,0,2,0,차대차 - 측면충돌,신호위반,건조,맑음,교차로 - 교차로안,승용,남,70세,상해없음,승용,여,54세,경상
2019113000100616,2019년 11월 30일 19시,토요일,경상남도 밀양시 하남읍,중상사고,0,1,0,0,차대사람 - 기타,안전운전불이행,건조,맑음,단일로 - 기타,화물,여,57세,상해없음,보행자,여,80세,중상
2019113000100617,2019년 11월 30일 19시,토요일,경상남도 합천군 쌍백면,중상사고,0,4,0,0,차대차 - 측면충돌,안전운전불이행,건조,맑음,기타 - 기타,승용,남,59세,중상,승용,남,56세,중상
2019113000100618,2019년 11월 30일 19시,토요일,경상남도 창원시 마산회원구 내서읍,중상사고,0,1,1,0,차대차 - 추돌,안전운전불이행,건조,맑음,단일로 - 기타,승용,남,64세,중상,건설기계,남,29세,경상
2019113000100673,2019년 11월 30일 21시,토요일,경상남도 거제시 고현동,경상사고,0,0,3,0,차대차 - 후진중충돌,안전운전불이행,건조,맑음,단일로 - 기타,승용,남,22세,상해없음,승용,남,31세,상해없음
2019120100100038,2019년 12월 1일 00시,일요일,경상남도 거제시 장평동,경상사고,0,0,1,0,차대차 - 측면충돌,안전운전불이행,건조,맑음,단일로 - 기타,이륜,남,46세,경상,승용,남,54세,상해없음
2019120100100050,2019년 12월 1일 01시,일요일,경상남도 김해시 진례면,경상사고,0,0,2,0,차대차 - 측면충돌,안전운전불이행,젖음/습기,비,단일로 - 기타,승용,남,28세,상해없음,승용,남,31세,경상
2019120100100058,2019년 12월 1일 01시,일요일,경상남도 진주시 금산면,중상사고,0,1,0,0,차량단독 - 공작물충돌,안전운전불이행,건조,맑음,교차로 - 교차로부근,승용,남,26세,중상,,,,
2019120100100059,2019년 12월 1일 01시,일요일,경상남도 김해시 흥동,중상사고,0,3,0,0,차대차 - 측면충돌,신호위반,건조,맑음,교차로 - 교차로안,승용,남,31세,상해없음,승용,남,48세,중상
2019120100100073,2019년 12월 1일 02시,일요일,경상남도 합천군 합천읍,사망사고,1,0,0,0,차량단독 - 공작물충돌,안전운전불이행,건조,맑음,기타 - 기타,승용,남,30세,사망,,,,
2019120100100120,2019년 12월 1일 06시,일요일,경상남도 밀양시 삼문동,경상사고,0,0,2,0,차대차 - 측면충돌,안전운전불이행,건조,맑음,단일로 - 기타,승용,남,50세,경상,승용,남,21세,경상
2019120100100131,2019년 12월 1일 07시,일요일,경상남도 진주시 집현면,중상사고,0,1,0,0,차대차 - 정면충돌,중앙선침범,젖음/습기,비,단일로 - 기타,승용,남,26세,상해없음,승용,여,50세,중상
2019120100100143,2019년 12월 1일 08시,일요일,경상남도 통영시 도천동,경상사고,0,0,2,1,차대차 - 추돌,안전거리미확보,건조,맑음,단일로 - 기타,승용,남,20세,상해없음,승용,남,45세,경상
2019120100100155,2019년 12월 1일 09시,일요일,경상남도 창녕군 부곡면,중상사고,0,1,0,0,차대차 - 추돌,안전거리미확보,젖음/습기,비,교차로 - 교차로부근,특수,남,35세,상해없음,승용,여,50세,중상
2019120100100198,2019년 12월 1일 11시,일요일,경상남도 합천군 쌍책면,경상사고,0,0,1,0,차량단독 - 도로외이탈 - 추락,안전운전불이행,젖음/습기,비,단일로 - 기타,화물,남,29세,경상,,,,
2019120100100199,2019년 12월 1일 11시,일요일,경상남도 김해시 흥동,중상사고,0,1,0,0,차대차 - 측면충돌,안전운전불이행,건조,맑음,교차로 - 교차로안,승합,남,58세,상해없음,승용,남,21세,중상
2019120100100259,2019년 12월 1일 13시,일요일,경상남도 창원시 마산합포구 월남동3가,경상사고,0,0,1,0,차량단독 - 기타,안전운전불이행,건조,맑음,단일로 - 기타,승합,남,58세,상해없음,,,,
2019120100100260,2019년 12월 1일 13시,일요일,경상남도 창녕군 성산면,중상사고,0,4,0,0,차대차 - 정면충돌,중앙선침범,젖음/습기,비,단일로 - 기타,승용,여,52세,중상,승용,남,51세,중상
2019120100100287,2019년 12월 1일 14시,일요일,경상남도 창원시 마산회원구 구암동,경상사고,0,0,1,0,차대차 - 측면충돌,안전운전불이행,젖음/습기,비,단일로 - 기타,화물,남,29세,상해없음,승용,남,28세,경상
2019120100100288,2019년 12월 1일 14시,일요일,경상남도 창원시 의창구 동읍,경상사고,0,0,5,1,차대차 - 추돌,안전운전불이행,젖음/습기,비,단일로 - 기타,승용,남,54세,상해없음,승용,여,42세,경상
2019120100100360,2019년 12월 1일 16시,일요일,경상남도 창원시 마산합포구 두월동1가,중상사고,0,1,0,0,차대차 - 기타,기타,젖음/습기,비,교차로 - 교차로안,승용,여,56세,상해없음,이륜,남,50세,중상
2019120100100394,2019년 12월 1일 17시,일요일,경상남도 함양군 휴천면,부상신고사고,0,0,0,1,차량단독 - 공작물충돌,안전운전불이행,젖음/습기,맑음,단일로 - 기타,승용,남,44세,부상신고,,,,
2019120100100395,2019년 12월 1일 17시,일요일,경상남도 양산시 물금읍,경상사고,0,0,1,1,차대사람 - 횡단중,안전운전불이행,젖음/습기,비,교차로 - 교차로안,승용,여,33세,상해없음,보행자,여,30세,부상신고
2019120100100396,2019년 12월 1일 17시,일요일,경상남도 함안군 칠서면,경상사고,0,0,1,0,차대차 - 측면충돌,안전운전불이행,젖음/습기,비,교차로 - 교차로안,화물,남,47세,상해없음,승용,여,55세,경상
2019120100100450,2019년 12월 1일 18시,일요일,경상남도 창원시 마산합포구 장군동4가,경상사고,0,0,1,0,차대사람 - 기타,안전운전불이행,젖음/습기,비,교차로 - 교차로안,승용,여,61세,상해없음,보행자,여,60세,경상
2019120100100451,2019년 12월 1일 18시,일요일,경상남도 통영시 광도면,경상사고,0,0,1,0,차대차 - 기타,교차로운행방법위반,젖음/습기,비,교차로 - 교차로안,화물,남,48세,상해없음,승용,여,47세,경상
2019120100100452,2019년 12월 1일 18시,일요일,경상남도 김해시 구산동,중상사고,0,1,0,0,차대차 - 기타,신호위반,젖음/습기,비,교차로 - 교차로안,승용,남,57세,상해없음,승용,여,52세,중상
2019120100100453,2019년 12월 1일 18시,일요일,경상남도 거제시 장평동,경상사고,0,0,4,0,차대차 - 추돌,안전운전불이행,젖음/습기,비,단일로 - 기타,승용,남,28세,상해없음,승용,여,37세,경상
2019120100100454,2019년 12월 1일 18시,일요일,경상남도 창원시 의창구 동정동,경상사고,0,0,2,0,차대차 - 기타,안전운전불이행,젖음/습기,비,단일로 - 기타,승용,여,54세,상해없음,승용,남,32세,경상
2019120100100491,2019년 12월 1일 19시,일요일,경상남도 양산시 하북면,중상사고,0,1,0,0,차량단독 - 기타,안전운전불이행,젖음/습기,비,단일로 - 기타,승용,남,70세,중상,,,,
2019120100100492,2019년 12월 1일 19시,일요일,경상남도 양산시 중부동,경상사고,0,0,1,0,차대차 - 측면충돌,안전운전불이행,젖음/습기,비,단일로 - 기타,승용,남,64세,상해없음,승용,여,54세,경상
2019120100100493,2019년 12월 1일 19시,일요일,경상남도 거제시 장평동,경상사고,0,0,1,0,차대차 - 측면충돌,안전운전불이행,젖음/습기,비,교차로 - 교차로안,승합,여,54세,상해없음,화물,남,45세,경상
2019120100100494,2019년 12월 1일 19시,일요일,경상남도 창원시 마산회원구 내서읍,경상사고,0,0,1,0,차대사람 - 횡단중,신호위반,젖음/습기,비,교차로 - 교차로횡단보도내,이륜,남,19세,상해없음,보행자,남,15세,경상
2019120100100495,2019년 12월 1일 19시,일요일,경상남도 김해시 관동동,경상사고,0,0,1,0,차대차 - 측면충돌,신호위반,젖음/습기,비,교차로 - 교차로안,승용,남,61세,상해없음,이륜,남,21세,경상
2019120100100530,2019년 12월 1일 20시,일요일,경상남도 진주시 충무공동,경상사고,0,0,1,0,차대차 - 측면충돌,신호위반,건조,맑음,교차로 - 교차로안,승용,남,37세,상해없음,승용,남,32세,경상
2019120100100531,2019년 12월 1일 20시,일요일,경상남도 창원시 진해구 남문동,경상사고,0,0,1,0,차대차 - 기타,안전운전불이행,건조,맑음,단일로 - 기타,승용,남,50세,경상,화물,기타불명,미분류,기타불명
2019120100100559,2019년 12월 1일 21시,일요일,경상남도 진주시 충무공동,경상사고,0,0,2,0,차대차 - 측면충돌,중앙선침범,젖음/습기,비,교차로 - 교차로부근,승용,남,42세,상해없음,승용,남,44세,경상
2019120100100560,2019년 12월 1일 21시,일요일,경상남도 창원시 진해구 안골동,경상사고,0,0,2,0,차대차 - 기타,중앙선침범,젖음/습기,비,단일로 - 기타,승용,남,53세,상해없음,승용,남,51세,경상
2019120100100561,2019년 12월 1일 21시,일요일,경상남도 남해군 고현면,중상사고,0,1,1,0,차대차 - 측면충돌,안전운전불이행,젖음/습기,흐림,교차로 - 교차로안,승용,남,54세,경상,승용,여,55세,중상
2019120100100580,2019년 12월 1일 22시,일요일,경상남도 통영시 서호동,중상사고,0,1,1,0,차량단독 - 공작물충돌,안전운전불이행,젖음/습기,비,단일로 - 기타,승용,남,64세,경상,,,,
2019120100100581,2019년 12월 1일 22시,일요일,경상남도 김해시 삼계동,경상사고,0,0,1,0,차대차 - 측면충돌,안전거리미확보,젖음/습기,비,교차로 - 교차로부근,승용,남,30세,상해없음,승용,남,52세,경상
2019120100100582,2019년 12월 1일 22시,일요일,경상남도 거제시 아주동,경상사고,0,0,1,0,차대차 - 측면충돌,안전운전불이행,건조,맑음,단일로 - 기타,승용,남,54세,상해없음,승용,여,48세,경상
2019120100100583,2019년 12월 1일 22시,일요일,경상남도 창원시 성산구 중앙동,경상사고,0,0,1,0,차대사람 - 기타,안전운전불이행,젖음/습기,비,교차로 - 교차로횡단보도내,이륜,남,52세,상해없음,보행자,여,63세,경상
2019120100100600,2019년 12월 1일 23시,일요일,경상남도 진주시 충무공동,경상사고,0,0,1,0,차대차 - 추돌,안전운전불이행,젖음/습기,비,단일로 - 기타,화물,남,54세,상해없음,승용,남,45세,경상
2019120200100038,2019년 12월 2일 00시,월요일,경상남도 창원시 의창구 명서동,경상사고,0,0,3,0,차대차 - 기타,중앙선침범,젖음/습기,흐림,단일로 - 기타,승용,남,70세,상해없음,승용,남,61세,경상
2019120200100043,2019년 12월 2일 01시,월요일,경상남도 창원시 마산회원구 석전동,경상사고,0,0,2,0,차대사람 - 횡단중,안전운전불이행,젖음/습기,비,단일로 - 기타,승용,남,46세,상해없음,보행자,여,19세,경상
2019120200100068,2019년 12월 2일 06시,월요일,경상남도 진주시 옥봉동,중상사고,0,1,0,0,차대사람 - 횡단중,안전운전불이행,건조,맑음,단일로 - 기타,승용,남,56세,상해없음,보행자,남,71세,중상
2019120200100069,2019년 12월 2일 06시,월요일,경상남도 고성군 동해면,경상사고,0,0,3,0,차대사람 - 차도통행중,안전운전불이행,건조,맑음,단일로 - 기타,승용,남,36세,상해없음,보행자,남,48세,경상
2019120200100123,2019년 12월 2일 08시,월요일,경상남도 창원시 진해구 용원동,중상사고,0,1,1,0,차대차 - 측면충돌,안전운전불이행,건조,맑음,교차로 - 교차로안,승용,남,58세,경상,승용,여,45세,중상
2019120200100124,2019년 12월 2일 08시,월요일,경상남도 김해시 어방동,경상사고,0,0,1,2,차대차 - 추돌,신호위반,건조,맑음,교차로 - 교차로안,승용,남,49세,상해없음,승용,남,32세,상해없음
2019120200100163,2019년 12월 2일 09시,월요일,경상남도 거제시 남부면,중상사고,0,1,0,0,차대사람 - 기타,불법유턴,건조,맑음,교차로 - 교차로부근,승용,여,67세,상해없음,보행자,여,80세,중상
2019120200100164,2019년 12월 2일 09시,월요일,경상남도 의령군 의령읍,경상사고,0,0,2,0,차대차 - 측면충돌,직진우회전진행방해,건조,맑음,교차로 - 교차로안,화물,남,59세,상해없음,승용,여,56세,경상
2019120200100190,2019년 12월 2일 10시,월요일,경상남도 창원시 마산회원구 내서읍,경상사고,0,0,1,0,차대사람 - 기타,안전운전불이행,건조,맑음,교차로 - 교차로안,화물,남,40세,상해없음,보행자,여,26세,경상
2019120200100235,2019년 12월 2일 11시,월요일,경상남도 창원시 마산합포구 중앙동1가,중상사고,0,2,0,0,차대차 - 기타,안전거리미확보,건조,맑음,교차로 - 교차로부근,승합,남,53세,상해없음,승용,남,31세,상해없음
2019120200100236,2019년 12월 2일 11시,월요일,경상남도 거창군 가조면,사망사고,1,0,0,0,차대차 - 추돌,안전거리미확보,건조,맑음,교차로 - 교차로안,이륜,남,68세,사망,화물,남,66세,상해없음
2019120200100237,2019년 12월 2일 11시,월요일,경상남도 창원시 의창구 북면,경상사고,0,0,1,0,차대차 - 측면충돌,안전운전불이행,건조,맑음,교차로 - 교차로안,승용,여,59세,상해없음,승용,여,48세,경상
2019120200100291,2019년 12월 2일 13시,월요일,경상남도 창원시 마산합포구 자산동,경상사고,0,0,1,0,차대차 - 측면충돌,안전운전불이행,건조,맑음,단일로 - 기타,승용,남,57세,상해없음,이륜,남,44세,경상
2019120200100292,2019년 12월 2일 13시,월요일,경상남도 양산시 물금읍,경상사고,0,0,3,0,차대차 - 측면충돌,직진우회전진행방해,건조,맑음,교차로 - 교차로안,승용,여,49세,상해없음,승용,남,38세,경상
2019120200100309,2019년 12월 2일 14시,월요일,경상남도 사천시 사남면,경상사고,0,0,1,0,차대차 - 측면충돌,불법유턴,건조,맑음,교차로 - 교차로안,승용,남,30세,경상,화물,남,45세,상해없음
2019120200100310,2019년 12월 2일 14시,월요일,경상남도 함안군 칠원읍,경상사고,0,0,2,0,차대차 - 추돌,안전운전불이행,건조,맑음,단일로 - 터널,승용,남,57세,상해없음,화물,남,69세,경상
2019120200100393,2019년 12월 2일 16시,월요일,경상남도 남해군 이동면,중상사고,0,2,1,0,차대차 - 측면충돌,안전운전불이행,건조,맑음,교차로 - 교차로안,화물,남,60세,상해없음,승용,남,57세,중상
2019120200100394,2019년 12월 2일 16시,월요일,경상남도 함안군 가야읍,경상사고,0,0,1,0,차대차 - 기타,안전운전불이행,건조,맑음,교차로 - 교차로안,자전거,여,74세,경상,승용,남,22세,상해없음
2019120200100395,2019년 12월 2일 16시,월요일,경상남도 창원시 성산구 신촌동,경상사고,0,0,1,0,차대차 - 측면충돌,안전운전불이행,건조,맑음,단일로 - 기타,승용,남,73세,상해없음,승합,남,60세,경상
2019120200100396,2019년 12월 2일 16시,월요일,경상남도 창원시 마산회원구 합성동,중상사고,0,1,1,0,차대차 - 기타,안전운전불이행,건조,맑음,교차로 - 교차로안,승용,여,28세,상해없음,자전거,남,47세,중상
2019120200100425,2019년 12월 2일 17시,월요일,경상남도 양산시 동면,경상사고,0,0,4,0,차대차 - 추돌,안전거리미확보,건조,맑음,단일로 - 기타,화물,남,49세,상해없음,화물,남,52세,경상
2019120200100451,2019년 12월 2일 17시,월요일,경상남도 진주시 호탄동,경상사고,0,0,1,0,차대사람 - 횡단중,안전운전불이행,건조,맑음,단일로 - 기타,승용,여,43세,상해없음,보행자,남,12세,경상
2019120200100452,2019년 12월 2일 17시,월요일,경상남도 통영시 무전동,경상사고,0,0,1,0,차대차 - 측면충돌,교차로운행방법위반,건조,맑음,교차로 - 교차로안,승합,여,47세,상해없음,이륜,남,30세,경상
2019120200100453,2019년 12월 2일 17시,월요일,경상남도 거제시 아주동,경상사고,0,0,3,0,차대차 - 추돌,안전운전불이행,건조,맑음,단일로 - 기타,승용,남,57세,상해없음,승용,여,28세,경상
2019120200100511,2019년 12월 2일 18시,월요일,경상남도 김해시 내동,경상사고,0,0,1,0,차대사람 - 길가장자리구역통행중,안전운전불이행,건조,맑음,단일로 - 기타,승용,남,25세,상해없음,보행자,여,7세,경상
2019120200100512,2019년 12월 2일 18시,월요일,경상남도 거제시 장평동,중상사고,0,1,1,0,차대차 - 측면충돌,차로위반,건조,맑음,단일로 - 기타,자전거,남,52세,중상,이륜,남,34세,경상
2019120200100513,2019년 12월 2일 18시,월요일,경상남도 창원시 마산회원구 회원동,중상사고,0,1,0,0,차대사람 - 횡단중,보행자보호의무위반,건조,맑음,교차로 - 교차로횡단보도내,승용,남,57세,상해없음,보행자,여,62세,중상
2019120200100514,2019년 12월 2일 18시,월요일,경상남도 창원시 마산회원구 내서읍,중상사고,0,1,0,0,차대차 - 측면충돌,안전운전불이행,건조,맑음,단일로 - 기타,화물,남,77세,상해없음,자전거,남,59세,중상
2019120200100551,2019년 12월 2일 19시,월요일,경상남도 창원시 진해구 석동,경상사고,0,0,1,0,차대차 - 측면충돌,안전운전불이행,건조,맑음,교차로 - 교차로안,승용,남,64세,상해없음,승용,여,46세,경상
2019120200100552,2019년 12월 2일 19시,월요일,경상남도 김해시 구산동,경상사고,0,0,2,0,차대차 - 측면충돌,안전운전불이행,건조,맑음,단일로 - 기타,승용,여,31세,상해없음,이륜,남,61세,경상
2019120200100593,2019년 12월 2일 21시,월요일,경상남도 김해시 부원동,경상사고,0,0,1,0,차대사람 - 횡단중,안전운전불이행,건조,맑음,단일로 - 기타,승용,남,31세,상해없음,보행자,남,66세,경상
2019120200100594,2019년 12월 2일 21시,월요일,경상남도 양산시 물금읍,중상사고,0,1,0,0,차대차 - 측면충돌,안전운전불이행,건조,맑음,단일로 - 기타,승용,남,28세,상해없음,이륜,남,24세,중상
2019120200100622,2019년 12월 2일 22시,월요일,경상남도 창원시 마산합포구 상남동,경상사고,0,0,1,0,차대차 - 측면충돌,교차로운행방법위반,건조,맑음,교차로 - 교차로안,승용,남,55세,상해없음,승용,남,22세,경상