사고번호,사고일시,요일,시군구,사고내용,사망자수,중상자수,경상자수,부상신고자수,사고유형,법규위반,노면상태,기상상태,도로형태,가해운전자 차종,가해운전자 성별,가해운전자 연령,가해운전자 상해정도,피해운전자 차종,피해운전자 성별,피해운전자 연령,피해운전자 상해정도
2019120200100639,2019년 12월 2일 23시,월요일,경상남도 양산시 물금읍,중상사고,0,3,1,0,차대차 - 측면충돌,신호위반,건조,맑음,교차로 - 교차로안,승용,남,42세,상해없음,승용,남,52세,경상
2019120200100640,2019년 12월 2일 23시,월요일,경상남도 거제시 일운면,경상사고,0,0,1,0,차대차 - 정면충돌,중앙선침범,건조,맑음,교차로 - 교차로부근,승용,남,25세,상해없음,승용,남,33세,경상
2019120200100641,2019년 12월 2일 23시,월요일,경상남도 창원시 마산회원구 양덕동,중상사고,0,1,0,0,차대차 - 기타,안전운전불이행,건조,맑음,교차로 - 교차로안,승용,남,23세,상해없음,원동기,남,40세,중상
2019120300100036,2019년 12월 3일 01시,화요일,경상남도 진주시 대안동,중상사고,0,2,0,0,차대차 - 측면충돌,신호위반,건조,맑음,교차로 - 교차로안,승용,남,30세,상해없음,승용,남,65세,중상
2019120300100045,2019년 12월 3일 02시,화요일,경상남도 밀양시 내이동,경상사고,0,0,1,0,차대사람 - 기타,안전운전불이행,건조,흐림,단일로 - 기타,승용,여,51세,상해없음,보행자,남,50세,경상
2019120300100060,2019년 12월 3일 05시,화요일,경상남도 고성군 고성읍,중상사고,0,1,0,0,차대차 - 측면충돌,신호위반,건조,맑음,교차로 - 교차로안,승용,남,55세,상해없음,승용,남,64세,중상
2019120300100061,2019년 12월 3일 05시,화요일,경상남도 김해시 풍유동,사망사고,1,0,0,0,차대사람 - 횡단중,안전운전불이행,건조,맑음,단일로 - 기타,화물,남,55세,상해없음,보행자,여,69세,사망
2019120300100079,2019년 12월 3일 06시,화요일,경상남도 통영시 정량동,중상사고,0,1,0,0,차대사람 - 횡단중,보행자보호의무위반,건조,맑음,단일로 - 기타,화물,남,46세,상해없음,보행자,여,49세,중상
2019120300100080,2019년 12월 3일 06시,화요일,경상남도 김해시 풍유동,중상사고,0,1,0,0,차대차 - 측면충돌,신호위반,건조,맑음,교차로 - 교차로안,승용,남,26세,상해없음,자전거,남,46세,중상
2019120300100099,2019년 12월 3일 07시,화요일,경상남도 창원시 진해구 청안동,중상사고,0,1,1,0,차대차 - 측면충돌,직진우회전진행방해,건조,맑음,교차로 - 교차로안,승용,남,62세,경상,승용,여,57세,중상
2019120300100100,2019년 12월 3일 07시,화요일,경상남도 창원시 진해구 용원동,경상사고,0,0,2,0,차대차 - 측면충돌,신호위반,건조,맑음,교차로 - 교차로안,특수,남,68세,상해없음,승용,남,39세,경상
2019120300100101,2019년 12월 3일 07시,화요일,경상남도 사천시 향촌동,경상사고,0,0,1,0,차대차 - 측면충돌,안전운전불이행,건조,맑음,교차로 - 교차로안,자전거,여,61세,경상,건설기계,남,57세,상해없음
2019120300100141,2019년 12월 3일 08시,화요일,경상남도 진주시 망경동,경상사고,0,0,1,0,차대차 - 측면충돌,안전운전불이행,건조,맑음,단일로 - 기타,승용,여,58세,상해없음,자전거,남,45세,경상
2019120300100142,2019년 12월 3일 08시,화요일,경상남도 통영시 당동,경상사고,0,0,1,0,차대차 - 추돌,안전거리미확보,건조,맑음,단일로 - 기타,승용,여,27세,상해없음,승용,남,62세,경상
2019120300100143,2019년 12월 3일 08시,화요일,경상남도 통영시 동호동,경상사고,0,0,1,0,차대차 - 정면충돌,교차로운행방법위반,건조,맑음,교차로 - 교차로안,화물,남,37세,기타불명,승용,남,46세,경상
2019120300100144,2019년 12월 3일 08시,화요일,경상남도 밀양시 부북면,경상사고,0,0,1,0,차대차 - 추돌,안전운전불이행,건조,맑음,단일로 - 기타,승용,남,59세,상해없음,승용,남,36세,경상
2019120300100145,2019년 12월 3일 08시,화요일,경상남도 김해시 삼정동,경상사고,0,0,1,0,차대차 - 측면충돌,안전운전불이행,건조,맑음,교차로 - 교차로횡단보도내,승용,남,30세,상해없음,자전거,남,19세,경상
2019120300100146,2019년 12월 3일 08시,화요일,경상남도 창원시 마산회원구 합성동,사망사고,1,0,0,0,차대차 - 측면충돌,안전운전불이행,건조,맑음,단일로 - 지하차도(도로)내,승용,여,63세,사망,승용,남,64세,상해없음
2019120300100186,2019년 12월 3일 09시,화요일,경상남도 창원시 진해구 태평동,중상사고,0,1,0,0,차대사람 - 보도통행중,중앙선침범,건조,맑음,단일로 - 기타,화물,남,53세,상해없음,보행자,여,80세,중상
2019120300100187,2019년 12월 3일 09시,화요일,경상남도 창원시 의창구 팔용동,경상사고,0,0,1,0,차대사람 - 기타,안전운전불이행,건조,맑음,단일로 - 기타,화물,남,48세,상해없음,보행자,여,62세,경상
2019120300100245,2019년 12월 3일 11시,화요일,경상남도 창원시 마산합포구 동성동,중상사고,0,1,0,0,차대차 - 기타,안전거리미확보,건조,맑음,단일로 - 기타,승용,남,63세,상해없음,승용,남,75세,상해없음
2019120300100276,2019년 12월 3일 12시,화요일,경상남도 창원시 성산구 상남동,중상사고,0,1,0,0,차대사람 - 차도통행중,안전운전불이행,건조,맑음,교차로 - 교차로안,승용,여,56세,상해없음,보행자,남,66세,중상
2019120300100321,2019년 12월 3일 13시,화요일,경상남도 창원시 의창구 봉림동,경상사고,0,0,1,0,차대차 - 추돌,안전거리미확보,건조,맑음,교차로 - 교차로부근,화물,여,55세,상해없음,승용,남,23세,경상
2019120300100353,2019년 12월 3일 14시,화요일,경상남도 창원시 마산합포구 오동동,경상사고,0,0,1,0,차대차 - 기타,안전운전불이행,건조,흐림,단일로 - 기타,승용,여,49세,상해없음,승용,여,37세,경상
2019120300100354,2019년 12월 3일 14시,화요일,경상남도 김해시 부곡동,경상사고,0,0,1,0,차대차 - 추돌,안전운전불이행,건조,맑음,단일로 - 기타,승용,여,51세,상해없음,승용,남,44세,경상
2019120300100465,2019년 12월 3일 17시,화요일,경상남도 거제시 거제면,중상사고,0,1,0,0,차량단독 - 공작물충돌,안전운전불이행,건조,맑음,단일로 - 기타,화물,남,70세,중상,,,,
2019120300100466,2019년 12월 3일 17시,화요일,경상남도 의령군 의령읍,중상사고,0,2,0,0,차대차 - 추돌,교차로운행방법위반,건조,맑음,교차로 - 교차로안,승용,남,50세,상해없음,승용,여,44세,중상
2019120300100467,2019년 12월 3일 17시,화요일,경상남도 창원시 의창구 소계동,경상사고,0,0,1,0,차대사람 - 횡단중,안전운전불이행,건조,맑음,교차로 - 교차로부근,화물,남,43세,상해없음,보행자,여,70세,경상
2019120300100517,2019년 12월 3일 18시,화요일,경상남도 사천시 곤양면,경상사고,0,0,1,0,차대차 - 기타,안전운전불이행,건조,맑음,교차로 - 교차로부근,승용,여,56세,상해없음,이륜,여,77세,경상
2019120300100518,2019년 12월 3일 18시,화요일,경상남도 김해시 외동,부상신고사고,0,0,0,1,차대사람 - 기타,안전운전불이행,건조,맑음,기타 - 기타,승용,남,38세,상해없음,보행자,남,52세,부상신고
2019120300100519,2019년 12월 3일 18시,화요일,경상남도 거제시 양정동,경상사고,0,0,1,0,차대사람 - 횡단중,보행자보호의무위반,건조,맑음,교차로 - 교차로부근,승용,여,39세,상해없음,보행자,남,54세,경상
2019120300100520,2019년 12월 3일 18시,화요일,경상남도 의령군 용덕면,중상사고,0,1,0,0,차대차 - 측면충돌,안전운전불이행,건조,맑음,단일로 - 기타,승용,여,46세,상해없음,이륜,남,50세,중상
2019120300100584,2019년 12월 3일 20시,화요일,경상남도 사천시 사천읍,중상사고,0,1,1,0,차대차 - 추돌,교차로운행방법위반,건조,맑음,교차로 - 교차로안,승용,남,58세,상해없음,승용,여,39세,중상
2019120300100585,2019년 12월 3일 20시,화요일,경상남도 산청군 단성면,경상사고,0,0,2,0,차대차 - 측면충돌,신호위반,건조,맑음,교차로 - 교차로안,승용,여,46세,상해없음,승용,남,70세,경상
2019120300100586,2019년 12월 3일 20시,화요일,경상남도 김해시 신문동,경상사고,0,0,1,0,차대차 - 측면충돌,안전운전불이행,건조,맑음,교차로 - 교차로안,승용,남,66세,상해없음,승용,남,38세,경상
2019120300100616,2019년 12월 3일 21시,화요일,경상남도 김해시 부곡동,중상사고,0,3,0,0,차대차 - 추돌,안전운전불이행,건조,맑음,교차로 - 교차로부근,승용,남,58세,상해없음,화물,남,52세,중상
2019120300100645,2019년 12월 3일 22시,화요일,경상남도 통영시 광도면,경상사고,0,0,1,0,차대차 - 측면충돌,신호위반,건조,맑음,교차로 - 교차로안,승용,남,26세,상해없음,승용,여,35세,경상
2019120300100646,2019년 12월 3일 22시,화요일,경상남도 남해군 남해읍,중상사고,0,1,0,0,차대사람 - 횡단중,안전운전불이행,건조,맑음,단일로 - 기타,승합,남,33세,상해없음,보행자,남,22세,중상
2019120400100152,2019년 12월 4일 06시,수요일,경상남도 진주시 호탄동,경상사고,0,0,1,0,차대차 - 기타,안전운전불이행,건조,맑음,교차로 - 교차로안,화물,남,35세,상해없음,자전거,남,48세,경상
2019120400100153,2019년 12월 4일 06시,수요일,경상남도 사천시 벌리동,경상사고,0,0,1,0,차대차 - 측면충돌,안전운전불이행,건조,맑음,단일로 - 기타,승용,여,54세,상해없음,자전거,남,60세,경상
2019120400100154,2019년 12월 4일 06시,수요일,경상남도 거제시 고현동,중상사고,0,1,0,0,차대차 - 기타,안전운전불이행,건조,맑음,단일로 - 기타,승용,여,57세,상해없음,원동기,남,21세,중상
2019120400100176,2019년 12월 4일 07시,수요일,경상남도 함안군 칠북면,경상사고,0,0,1,0,차대차 - 추돌,안전운전불이행,건조,맑음,단일로 - 기타,승용,남,56세,상해없음,승용,여,28세,경상
2019120400100217,2019년 12월 4일 08시,수요일,경상남도 합천군 청덕면,중상사고,0,1,0,0,차대차 - 측면충돌,중앙선침범,건조,맑음,교차로 - 교차로부근,승용,남,64세,상해없음,이륜,남,74세,중상
2019120400100218,2019년 12월 4일 08시,수요일,경상남도 함양군 유림면,경상사고,0,0,1,0,차대사람 - 차도통행중,안전운전불이행,건조,맑음,단일로 - 기타,화물,남,57세,상해없음,보행자,여,86세,경상
2019120400100219,2019년 12월 4일 08시,수요일,경상남도 고성군 고성읍,중상사고,0,1,0,0,차대차 - 기타,안전운전불이행,건조,맑음,교차로 - 교차로안,승용,여,27세,상해없음,자전거,여,40세,중상
2019120400100220,2019년 12월 4일 08시,수요일,경상남도 김해시 한림면,중상사고,0,1,0,0,차대사람 - 횡단중,안전운전불이행,건조,맑음,단일로 - 기타,승용,여,50세,상해없음,보행자,남,7세,중상
2019120400100260,2019년 12월 4일 09시,수요일,경상남도 김해시 구산동,경상사고,0,0,1,0,차대차 - 기타,신호위반,건조,맑음,교차로 - 교차로안,특수,남,47세,상해없음,승용,여,54세,경상
2019120400100261,2019년 12월 4일 09시,수요일,경상남도 거제시 고현동,경상사고,0,0,2,0,차대차 - 측면충돌,직진우회전진행방해,건조,맑음,교차로 - 교차로안,승용,여,28세,경상,화물,남,52세,경상
2019120400100262,2019년 12월 4일 09시,수요일,경상남도 창원시 의창구 대원동,경상사고,0,0,1,0,차대차 - 추돌,안전운전불이행,건조,맑음,단일로 - 지하차도(도로)내,승용,여,45세,상해없음,화물,남,31세,상해없음
2019120400100299,2019년 12월 4일 10시,수요일,경상남도 창원시 진해구 여좌동,사망사고,1,0,0,0,차대사람 - 차도통행중,안전운전불이행,건조,맑음,교차로 - 교차로안,화물,남,60세,상해없음,보행자,여,78세,사망
2019120400100346,2019년 12월 4일 11시,수요일,경상남도 진주시 동성동,경상사고,0,0,1,0,차대차 - 기타,안전거리미확보,건조,맑음,단일로 - 기타,승용,여,28세,상해없음,승합,남,47세,상해없음
2019120400100347,2019년 12월 4일 11시,수요일,경상남도 창원시 진해구 여좌동,경상사고,0,0,1,0,차대차 - 추돌,안전운전불이행,건조,맑음,교차로 - 교차로부근,승용,남,61세,상해없음,화물,남,59세,경상
2019120400100348,2019년 12월 4일 11시,수요일,경상남도 창원시 진해구 여좌동,경상사고,0,0,1,0,차대차 - 추돌,안전운전불이행,건조,맑음,단일로 - 기타,승용,남,61세,상해없음,화물,남,59세,경상
2019120400100349,2019년 12월 4일 11시,수요일,경상남도 사천시 동금동,경상사고,0,0,1,0,차대사람 - 기타,안전운전불이행,건조,맑음,단일로 - 기타,승용,남,72세,상해없음,보행자,여,71세,경상
2019120400100350,2019년 12월 4일 11시,수요일,경상남도 합천군 야로면,사망사고,1,0,0,0,차량단독 - 전도전복 - 전도,안전운전불이행,건조,맑음,기타 - 기타,농기계,남,69세,사망,,,,
2019120400100351,2019년 12월 4일 11시,수요일,경상남도 고성군 고성읍,중상사고,0,2,0,0,차대차 - 추돌,과속,건조,맑음,단일로 - 기타,화물,남,59세,중상,사륜오토바이(ATV),남,78세,중상
2019120400100352,2019년 12월 4일 11시,수요일,경상남도 창원시 성산구 사파동,중상사고,0,1,0,0,차대사람 - 차도통행중,안전운전불이행,건조,맑음,단일로 - 기타,승용,남,50세,상해없음,보행자,여,48세,중상
2019120400100379,2019년 12월 4일 12시,수요일,경상남도 양산시 물금읍,경상사고,0,0,1,0,차대차 - 기타,안전운전불이행,건조,맑음,교차로 - 교차로안,승용,남,54세,상해없음,화물,남,40세,경상
2019120400100380,2019년 12월 4일 12시,수요일,경상남도 김해시 진영읍,경상사고,0,0,1,0,차대차 - 측면충돌,교차로운행방법위반,건조,맑음,교차로 - 교차로안,승용,여,61세,상해없음,이륜,남,63세,경상
2019120400100410,2019년 12월 4일 13시,수요일,경상남도 창원시 의창구 팔용동,중상사고,0,1,0,0,차대차 - 추돌,안전거리미확보,건조,맑음,교차로 - 교차로부근,승용,남,69세,상해없음,화물,남,71세,중상
2019120400100411,2019년 12월 4일 13시,수요일,경상남도 창원시 의창구 팔용동,경상사고,0,0,1,0,차대차 - 측면충돌,안전운전불이행,건조,맑음,교차로 - 교차로부근,승용,여,56세,상해없음,승용,남,39세,경상
2019120400100461,2019년 12월 4일 15시,수요일,경상남도 김해시 삼방동,경상사고,0,0,1,0,차대차 - 기타,안전운전불이행,건조,맑음,교차로 - 교차로안,승용,남,53세,상해없음,승용,여,70세,경상
2019120400100462,2019년 12월 4일 15시,수요일,경상남도 양산시 물금읍,경상사고,0,0,1,0,차대차 - 추돌,안전거리미확보,건조,맑음,교차로 - 교차로부근,승용,남,53세,상해없음,화물,남,37세,경상
2019120400100463,2019년 12월 4일 15시,수요일,경상남도 거제시 고현동,경상사고,0,0,1,0,차대차 - 기타,안전운전불이행,건조,맑음,기타 - 기타,건설기계,남,59세,상해없음,승용,남,63세,경상
2019120400100497,2019년 12월 4일 16시,수요일,경상남도 밀양시 삼문동,중상사고,0,1,0,0,차대차 - 추돌,안전운전불이행,건조,맑음,단일로 - 기타,승합,남,52세,상해없음,화물,남,53세,중상
2019120400100498,2019년 12월 4일 16시,수요일,경상남도 김해시 삼방동,경상사고,0,0,1,0,차대차 - 후진중충돌,안전운전불이행,건조,맑음,교차로 - 교차로안,승용,여,41세,상해없음,승용,여,47세,경상
2019120400100499,2019년 12월 4일 16시,수요일,경상남도 창원시 성산구 상남동,중상사고,0,1,0,0,차대차 - 측면충돌,안전운전불이행,건조,맑음,교차로 - 교차로안,승용,남,59세,상해없음,이륜,남,38세,중상
2019120400100542,2019년 12월 4일 17시,수요일,경상남도 김해시 삼정동,중상사고,0,1,0,1,차대차 - 추돌,안전운전불이행,건조,맑음,단일로 - 기타,이륜,남,33세,부상신고,승용,남,58세,중상
2019120400100543,2019년 12월 4일 17시,수요일,경상남도 양산시 교동,경상사고,0,0,1,0,차대차 - 측면충돌,안전운전불이행,건조,맑음,단일로 - 기타,승용,남,50세,상해없음,승용,여,32세,경상
2019120400100544,2019년 12월 4일 17시,수요일,경상남도 거제시 아주동,중상사고,0,2,0,0,차대사람 - 횡단중,보행자보호의무위반,건조,맑음,교차로 - 교차로부근,승용,남,68세,상해없음,보행자,여,11세,중상
2019120400100545,2019년 12월 4일 17시,수요일,경상남도 의령군 부림면,중상사고,0,1,0,0,차대차 - 측면충돌,교차로운행방법위반,건조,맑음,교차로 - 교차로안,승용,남,50세,상해없음,승용,여,61세,중상
2019120400100546,2019년 12월 4일 17시,수요일,경상남도 창원시 의창구 사림동,경상사고,0,0,2,0,차대차 - 기타,신호위반,건조,맑음,교차로 - 교차로안,승용,남,49세,상해없음,이륜,남,43세,경상
2019120400100599,2019년 12월 4일 18시,수요일,경상남도 거제시 장평동,경상사고,0,0,1,0,차대차 - 측면충돌,안전운전불이행,건조,맑음,단일로 - 기타,승용,여,52세,상해없음,승합,남,50세,경상
2019120400100644,2019년 12월 4일 19시,수요일,경상남도 창원시 마산합포구 청계동,경상사고,0,0,1,0,차대사람 - 길가장자리구역통행중,안전운전불이행,건조,맑음,단일로 - 기타,승용,남,69세,상해없음,보행자,남,65세,경상
2019120400100677,2019년 12월 4일 20시,수요일,경상남도 밀양시 내이동,중상사고,0,1,1,0,차대차 - 추돌,과속,건조,맑음,단일로 - 기타,승용,남,44세,상해없음,승용,여,46세,중상
2019120400100703,2019년 12월 4일 21시,수요일,경상남도 창원시 의창구 용호동,중상사고,0,1,0,0,차대사람 - 횡단중,안전운전불이행,건조,맑음,단일로 - 기타,이륜,남,33세,상해없음,보행자,남,21세,중상
2019120400100720,2019년 12월 4일 22시,수요일,경상남도 양산시 동면,경상사고,0,0,2,0,차대차 - 기타,안전운전불이행,건조,맑음,단일로 - 기타,승용,남,69세,상해없음,승용,남,33세,경상
2019120400100721,2019년 12월 4일 22시,수요일,경상남도 양산시 다방동,경상사고,0,0,1,0,차대차 - 추돌,안전운전불이행,건조,맑음,교차로 - 교차로부근,승용,남,69세,상해없음,승용,남,31세,경상
2019120500100156,2019년 12월 5일 08시,목요일,경상남도 진주시 옥봉동,중상사고,0,1,0,0,차대사람 - 횡단중,안전운전불이행,건조,맑음,단일로 - 기타,승용,여,26세,기타불명,보행자,여,85세,중상
2019120500100157,2019년 12월 5일 08시,목요일,경상남도 사천시 축동면,중상사고,0,2,0,0,차대차 - 추돌,안전운전불이행,건조,맑음,단일로 - 기타,승용,여,27세,중상,승용,여,49세,중상
2019120500100158,2019년 12월 5일 08시,목요일,경상남도 산청군 신안면,중상사고,0,1,0,0,차대차 - 추돌,안전운전불이행,건조,맑음,단일로 - 기타,건설기계,남,33세,상해없음,농기계,남,59세,중상
2019120500100159,2019년 12월 5일 08시,목요일,경상남도 함안군 칠서면,중상사고,0,1,0,0,차대차 - 측면충돌,안전운전불이행,건조,맑음,교차로 - 교차로안,화물,남,71세,상해없음,승용,여,31세,중상
2019120500100224,2019년 12월 5일 10시,목요일,경상남도 창원시 의창구 동읍,경상사고,0,0,1,0,차대사람 - 기타,보행자보호의무위반,건조,맑음,교차로 - 교차로횡단보도내,승용,남,31세,상해없음,보행자,남,79세,경상
2019120500100225,2019년 12월 5일 10시,목요일,경상남도 창원시 의창구 명서동,경상사고,0,0,1,0,차대차 - 기타,안전운전불이행,건조,맑음,교차로 - 교차로안,화물,남,66세,상해없음,자전거,남,80세,경상
2019120500100251,2019년 12월 5일 11시,목요일,경상남도 창원시 마산합포구 우산동,중상사고,0,1,0,0,차대차 - 측면충돌,안전운전불이행,건조,맑음,교차로 - 교차로부근,화물,남,35세,상해없음,승용,여,52세,중상
2019120500100252,2019년 12월 5일 11시,목요일,경상남도 진주시 하대동,중상사고,0,1,0,0,차대차 - 측면충돌,안전거리미확보,건조,맑음,교차로 - 교차로부근,승용,여,63세,상해없음,승용,남,37세,중상
2019120500100253,2019년 12월 5일 11시,목요일,경상남도 사천시 사천읍,경상사고,0,0,1,0,차대차 - 측면충돌,안전운전불이행,건조,맑음,교차로 - 교차로안,승용,여,25세,상해없음,이륜,남,31세,경상
2019120500100254,2019년 12월 5일 11시,목요일,경상남도 사천시 사천읍,경상사고,0,0,1,0,차대차 - 측면충돌,안전운전불이행,건조,맑음,교차로 - 교차로안,화물,남,64세,상해없음,승용,여,45세,경상
2019120500100255,2019년 12월 5일 11시,목요일,경상남도 밀양시 초동면,중상사고,0,1,1,0,차대차 - 측면충돌,안전운전불이행,건조,맑음,교차로 - 교차로안,화물,남,58세,상해없음,승용,여,69세,경상
2019120500100256,2019년 12월 5일 11시,목요일,경상남도 김해시 봉황동,중상사고,0,1,0,0,차대차 - 측면충돌,안전운전불이행,건조,맑음,단일로 - 기타,승용,남,50세,상해없음,이륜,남,33세,중상
2019120500100257,2019년 12월 5일 11시,목요일,경상남도 남해군 남해읍,중상사고,0,1,0,0,차대사람 - 횡단중,보행자보호의무위반,건조,맑음,교차로 - 교차로횡단보도내,승용,남,58세,상해없음,보행자,여,81세,중상
2019120500100287,2019년 12월 5일 12시,목요일,경상남도 양산시 북정동,중상사고,0,1,0,0,차대차 - 측면충돌,직진우회전진행방해,건조,맑음,교차로 - 교차로안,승용,여,58세,상해없음,건설기계,남,44세,중상
2019120500100351,2019년 12월 5일 14시,목요일,경상남도 창원시 진해구 여좌동,중상사고,0,1,0,0,차대사람 - 기타,안전운전불이행,건조,맑음,교차로 - 교차로안,승용,남,26세,상해없음,보행자,여,74세,중상
2019120500100352,2019년 12월 5일 14시,목요일,경상남도 양산시 중부동,중상사고,0,1,0,0,차대차 - 측면충돌,신호위반,건조,맑음,교차로 - 교차로안,승용,여,55세,상해없음,이륜,남,41세,중상
2019120500100353,2019년 12월 5일 14시,목요일,경상남도 창원시 의창구 명서동,경상사고,0,0,1,0,차대차 - 기타,중앙선침범,건조,맑음,단일로 - 기타,승용,남,47세,상해없음,이륜,남,17세,경상
2019120500100391,2019년 12월 5일 15시,목요일,경상남도 거창군 거창읍,중상사고,0,1,0,0,차대사람 - 횡단중,안전운전불이행,건조,맑음,단일로 - 기타,화물,남,49세,상해없음,보행자,여,30세,중상
2019120500100392,2019년 12월 5일 15시,목요일,경상남도 합천군 봉산면,중상사고,0,2,0,0,차량단독 - 기타,안전운전불이행,건조,맑음,단일로 - 기타,승용,여,61세,중상,,,,
2019120500100393,2019년 12월 5일 15시,목요일,경상남도 양산시 물금읍,경상사고,0,0,1,0,차대차 - 추돌,안전운전불이행,건조,맑음,단일로 - 기타,이륜,남,51세,경상,승용,남,47세,상해없음
2019120500100426,2019년 12월 5일 16시,목요일,경상남도 통영시 도천동,중상사고,0,1,0,0,차대사람 - 횡단중,안전운전불이행,건조,맑음,단일로 - 기타,승용,여,28세,상해없음,보행자,남,10세,중상
2019120500100427,2019년 12월 5일 16시,목요일,경상남도 창원시 성산구 상남동,경상사고,0,0,1,0,차대사람 - 차도통행중,안전운전불이행,건조,맑음,단일로 - 기타,승용,여,40세,상해없음,보행자,남,75세,경상
2019120500100483,2019년 12월 5일 17시,목요일,경상남도 진주시 가좌동,경상사고,0,0,1,0,차대차 - 추돌,안전거리미확보,건조,맑음,단일로 - 기타,승용,여,51세,상해없음,승용,여,53세,경상
2019120500100484,2019년 12월 5일 17시,목요일,경상남도 김해시 구산동,경상사고,0,0,1,0,차대사람 - 횡단중,보행자보호의무위반,건조,맑음,교차로 - 교차로부근,승용,남,60세,상해없음,보행자,여,16세,경상
2019120500100535,2019년 12월 5일 18시,목요일,경상남도 창원시 마산합포구 두월동1가,경상사고,0,0,1,0,차대차 - 추돌,안전운전불이행,건조,맑음,교차로 - 교차로부근,특수,남,28세,상해없음,승용,남,57세,경상
2019120500100536,2019년 12월 5일 18시,목요일,경상남도 통영시 도산면,중상사고,0,1,4,0,차대차 - 추돌,안전운전불이행,건조,맑음,단일로 - 기타,화물,남,68세,상해없음,승용,남,61세,경상
2019120500100537,2019년 12월 5일 18시,목요일,경상남도 통영시 봉평동,부상신고사고,0,0,0,1,차대차 - 기타,안전운전불이행,건조,맑음,단일로 - 기타,승용,남,64세,상해없음,자전거,남,12세,부상신고
2019120500100538,2019년 12월 5일 18시,목요일,경상남도 양산시 어곡동,경상사고,0,0,1,0,차대사람 - 기타,안전운전불이행,건조,맑음,단일로 - 기타,기타불명,기타불명,미분류,기타불명,보행자,남,36세,경상
2019120500100539,2019년 12월 5일 18시,목요일,경상남도 거제시 연초면,경상사고,0,0,1,0,차대차 - 기타,신호위반,건조,맑음,교차로 - 교차로부근,승용,여,58세,상해없음,승용,여,52세,경상
2019120500100540,2019년 12월 5일 18시,목요일,경상남도 창원시 의창구 소답동,부상신고사고,0,0,0,1,차대차 - 기타,안전운전불이행,건조,맑음,교차로 - 교차로안,승용,여,56세,상해없음,화물,남,58세,부상신고
2019120500100580,2019년 12월 5일 19시,목요일,경상남도 양산시 동면,경상사고,0,0,1,0,차대차 - 측면충돌,안전운전불이행,건조,맑음,단일로 - 기타,이륜,남,28세,경상,승용,여,52세,상해없음
2019120500100581,2019년 12월 5일 19시,목요일,경상남도 거제시 옥포동,부상신고사고,0,0,0,1,차대차 - 추돌,안전운전불이행,건조,맑음,교차로 - 교차로부근,승용,남,44세,상해없음,승용,여,24세,부상신고
2019120500100611,2019년 12월 5일 20시,목요일,경상남도 함안군 가야읍,중상사고,0,1,0,0,차대사람 - 횡단중,보행자보호의무위반,건조,맑음,교차로 - 교차로안,승용,남,61세,상해없음,보행자,여,49세,중상
2019120500100638,2019년 12월 5일 21시,목요일,경상남도 거제시 고현동,중상사고,0,1,0,0,차대차 - 기타,안전운전불이행,건조,맑음,단일로 - 기타,승용,남,62세,상해없음,이륜,남,43세,중상
2019120500100658,2019년 12월 5일 22시,목요일,경상남도 창원시 의창구 북면,경상사고,0,0,2,0,차대차 - 기타,안전운전불이행,건조,맑음,교차로 - 교차로부근,승용,남,64세,상해없음,승용,남,30세,경상
2019120500100680,2019년 12월 5일 23시,목요일,경상남도 진주시 하대동,경상사고,0,0,1,0,차대사람 - 횡단중,안전운전불이행,건조,맑음,교차로 - 교차로안,기타불명,기타불명,미분류,기타불명,보행자,남,24세,경상
2019120600100039,2019년 12월 6일 00시,금요일,경상남도 합천군 합천읍,경상사고,0,0,1,0,차대차 - 측면충돌,직진우회전진행방해,건조,맑음,교차로 - 교차로안,자전거,남,69세,경상,승용,여,65세,상해없음
2019120600100089,2019년 12월 6일 06시,금요일,경상남도 사천시 서포면,중상사고,0,1,0,0,차대차 - 측면충돌,신호위반,건조,맑음,교차로 - 교차로부근,건설기계,남,60세,상해없음,화물,남,63세,중상
2019120600100107,2019년 12월 6일 07시,금요일,경상남도 창원시 진해구 장천동,경상사고,0,0,1,0,차대차 - 추돌,안전운전불이행,건조,맑음,단일로 - 기타,승합,남,69세,상해없음,승용,남,25세,경상
2019120600100108,2019년 12월 6일 07시,금요일,경상남도 거제시 고현동,경상사고,0,0,2,0,차대차 - 측면충돌,기타,건조,맑음,교차로 - 교차로안,이륜,남,23세,경상,승용,남,29세,경상
2019120600100155,2019년 12월 6일 08시,금요일,경상남도 창원시 의창구 팔용동,경상사고,0,0,2,0,차대차 - 측면충돌,교차로운행방법위반,건조,맑음,교차로 - 교차로안,승용,남,64세,상해없음,승합,남,70세,상해없음
2019120600100194,2019년 12월 6일 09시,금요일,경상남도 창원시 진해구 용원동,경상사고,0,0,1,0,차대차 - 측면충돌,안전운전불이행,건조,맑음,교차로 - 교차로안,특수,남,55세,상해없음,화물,남,52세,경상
2019120600100230,2019년 12월 6일 10시,금요일,경상남도 고성군 고성읍,중상사고,0,1,0,0,차대차 - 측면충돌,직진우회전진행방해,건조,맑음,교차로 - 교차로안,화물,남,77세,상해없음,자전거,여,71세,중상
2019120600100261,2019년 12월 6일 11시,금요일,경상남도 거창군 거창읍,사망사고,1,0,0,0,차대차 - 추돌,안전운전불이행,건조,맑음,단일로 - 기타,이륜,남,29세,사망,화물,남,52세,기타불명