사고번호,사고일시,요일,시군구,사고내용,사망자수,중상자수,경상자수,부상신고자수,사고유형,법규위반,노면상태,기상상태,도로형태,가해운전자 차종,가해운전자 성별,가해운전자 연령,가해운전자 상해정도,피해운전자 차종,피해운전자 성별,피해운전자 연령,피해운전자 상해정도
2019120900100397,2019년 12월 9일 15시,월요일,경상남도 진주시 신안동,중상사고,0,1,0,0,차대사람 - 횡단중,안전운전불이행,건조,맑음,교차로 - 교차로안,승합,남,58세,상해없음,보행자,여,12세,중상
2019120900100398,2019년 12월 9일 15시,월요일,경상남도 함안군 칠서면,경상사고,0,0,1,0,차대사람 - 기타,안전운전불이행,건조,맑음,주차장 - 주차장,승용,남,55세,상해없음,보행자,남,53세,경상
2019120900100424,2019년 12월 9일 16시,월요일,경상남도 창원시 성산구 상남동,중상사고,0,1,1,0,차대차 - 측면충돌,안전운전불이행,건조,맑음,교차로 - 교차로안,화물,여,55세,상해없음,승용,여,44세,경상
2019120900100474,2019년 12월 9일 17시,월요일,경상남도 밀양시 초동면,중상사고,0,1,0,0,차대사람 - 횡단중,안전운전불이행,건조,흐림,단일로 - 기타,승용,남,50세,상해없음,보행자,여,88세,중상
2019120900100475,2019년 12월 9일 17시,월요일,경상남도 거제시 수월동,경상사고,0,0,2,0,차대차 - 측면충돌,안전운전불이행,건조,맑음,단일로 - 기타,이륜,남,18세,상해없음,승용,여,21세,경상
2019120900100519,2019년 12월 9일 18시,월요일,경상남도 거제시 연초면,경상사고,0,0,1,0,차대차 - 측면충돌,신호위반,건조,맑음,교차로 - 교차로안,승용,남,53세,상해없음,이륜,남,30세,경상
2019120900100520,2019년 12월 9일 18시,월요일,경상남도 창원시 의창구 봉곡동,경상사고,0,0,1,0,차대차 - 추돌,안전거리미확보,건조,맑음,단일로 - 기타,승합,남,55세,상해없음,승용,여,24세,경상
2019120900100555,2019년 12월 9일 19시,월요일,경상남도 창원시 마산회원구 합성동,경상사고,0,0,1,0,차대사람 - 길가장자리구역통행중,안전운전불이행,건조,맑음,단일로 - 기타,승용,남,45세,상해없음,보행자,여,24세,경상
2019120900100556,2019년 12월 9일 19시,월요일,경상남도 김해시 대청동,중상사고,0,1,0,0,차대차 - 측면충돌,안전운전불이행,건조,맑음,단일로 - 기타,승용,여,58세,상해없음,이륜,남,32세,중상
2019120900100587,2019년 12월 9일 20시,월요일,경상남도 김해시 삼정동,경상사고,0,0,1,0,차대사람 - 횡단중,안전운전불이행,건조,맑음,교차로 - 교차로안,승용,남,51세,상해없음,보행자,여,59세,경상
2019120900100612,2019년 12월 9일 21시,월요일,경상남도 밀양시 삼문동,중상사고,0,1,0,0,차대차 - 측면충돌,교차로운행방법위반,건조,맑음,교차로 - 교차로안,승용,남,55세,상해없음,승용,남,36세,중상
2019120900100654,2019년 12월 9일 23시,월요일,경상남도 양산시 동면,사망사고,1,0,0,0,차대사람 - 횡단중,과속,건조,맑음,교차로 - 교차로부근,승용,남,40세,상해없음,보행자,남,21세,사망
2019121000100034,2019년 12월 10일 00시,화요일,경상남도 창원시 마산회원구 석전동,중상사고,0,1,0,0,차대사람 - 기타,안전운전불이행,건조,맑음,단일로 - 기타,승용,남,40세,상해없음,보행자,남,52세,중상
2019121000100080,2019년 12월 10일 05시,화요일,경상남도 양산시 상북면,경상사고,0,0,1,0,차대차 - 측면충돌,신호위반,건조,맑음,교차로 - 교차로안,화물,남,61세,상해없음,승용,남,50세,경상
2019121000100106,2019년 12월 10일 06시,화요일,경상남도 김해시 삼계동,경상사고,0,0,1,0,차대차 - 추돌,신호위반,건조,맑음,교차로 - 교차로안,승용,남,61세,상해없음,승용,남,59세,경상
2019121000100107,2019년 12월 10일 06시,화요일,경상남도 창원시 마산회원구 회원동,중상사고,0,1,0,0,차대차 - 측면충돌,신호위반,건조,맑음,교차로 - 교차로안,승용,여,43세,상해없음,승용,남,75세,중상
2019121000100130,2019년 12월 10일 07시,화요일,경상남도 함안군 칠서면,경상사고,0,0,1,0,차대차 - 측면충돌,안전운전불이행,건조,맑음,교차로 - 교차로부근,화물,남,33세,경상,승용,남,54세,상해없음
2019121000100131,2019년 12월 10일 07시,화요일,경상남도 창원시 마산회원구 석전동,중상사고,0,1,2,0,차대차 - 기타,안전운전불이행,건조,맑음,교차로 - 교차로부근,승용,남,63세,상해없음,승용,남,64세,경상
2019121000100132,2019년 12월 10일 07시,화요일,경상남도 창원시 의창구 봉곡동,중상사고,0,1,0,0,차대차 - 기타,안전운전불이행,건조,맑음,단일로 - 기타,승용,남,28세,상해없음,승용,남,62세,중상
2019121000100174,2019년 12월 10일 08시,화요일,경상남도 산청군 생비량면,경상사고,0,0,2,0,차대차 - 측면충돌,안전운전불이행,건조,맑음,단일로 - 기타,사륜오토바이(ATV),여,73세,경상,승용,여,57세,경상
2019121000100175,2019년 12월 10일 08시,화요일,경상남도 창원시 의창구 용호동,경상사고,0,0,2,0,차대차 - 기타,중앙선침범,건조,맑음,단일로 - 기타,승용,남,23세,기타불명,화물,남,46세,경상
2019121000100176,2019년 12월 10일 08시,화요일,경상남도 창원시 성산구 사파동,경상사고,0,0,1,0,차대차 - 측면충돌,안전운전불이행,건조,맑음,교차로 - 교차로안,승용,남,62세,상해없음,승용,여,45세,경상
2019121000100264,2019년 12월 10일 11시,화요일,경상남도 창녕군 창녕읍,경상사고,0,0,2,0,차대차 - 기타,안전운전불이행,건조,맑음,교차로 - 교차로부근,화물,남,56세,상해없음,승용,남,55세,경상
2019121000100265,2019년 12월 10일 11시,화요일,경상남도 함양군 안의면,중상사고,0,1,0,0,차대차 - 측면충돌,안전운전불이행,건조,맑음,단일로 - 기타,화물,남,77세,상해없음,원동기,여,63세,중상
2019121000100266,2019년 12월 10일 11시,화요일,경상남도 거제시 수월동,중상사고,0,1,1,0,차대차 - 측면충돌,신호위반,건조,맑음,교차로 - 교차로안,승용,여,62세,경상,승합,남,57세,중상
2019121000100267,2019년 12월 10일 11시,화요일,경상남도 함안군 산인면,중상사고,0,1,0,0,차대차 - 측면충돌,신호위반,건조,맑음,교차로 - 교차로안,승용,남,68세,상해없음,승용,여,49세,중상
2019121000100315,2019년 12월 10일 13시,화요일,경상남도 창원시 진해구 성내동,사망사고,1,0,0,0,차대사람 - 차도통행중,과속,건조,맑음,단일로 - 기타,화물,남,70세,상해없음,보행자,여,79세,사망
2019121000100316,2019년 12월 10일 13시,화요일,경상남도 거제시 하청면,경상사고,0,0,1,0,차대차 - 측면충돌,중앙선침범,건조,맑음,단일로 - 기타,승용,남,53세,상해없음,승합,남,61세,경상
2019121000100317,2019년 12월 10일 13시,화요일,경상남도 김해시 대청동,경상사고,0,0,1,0,차대사람 - 길가장자리구역통행중,안전운전불이행,건조,맑음,교차로 - 교차로안,승용,남,70세,상해없음,보행자,남,43세,경상
2019121000100351,2019년 12월 10일 14시,화요일,경상남도 창원시 마산합포구 상남동,경상사고,0,0,2,0,차대차 - 측면충돌,안전거리미확보,건조,맑음,단일로 - 기타,승용,남,38세,경상,승용,여,42세,경상
2019121000100352,2019년 12월 10일 14시,화요일,경상남도 진주시 호탄동,중상사고,0,1,0,0,차대차 - 측면충돌,교차로운행방법위반,건조,맑음,교차로 - 교차로안,승용,여,45세,상해없음,이륜,남,27세,중상
2019121000100353,2019년 12월 10일 14시,화요일,경상남도 양산시 신기동,중상사고,0,1,0,0,차대사람 - 기타,안전운전불이행,건조,맑음,단일로 - 기타,승용,여,54세,상해없음,보행자,여,52세,중상
2019121000100354,2019년 12월 10일 14시,화요일,경상남도 산청군 시천면,경상사고,0,0,2,0,차대차 - 기타,중앙선침범,건조,맑음,단일로 - 기타,화물,남,67세,상해없음,승용,남,64세,경상
2019121000100355,2019년 12월 10일 14시,화요일,경상남도 창원시 의창구 동정동,경상사고,0,0,1,0,차대차 - 측면충돌,안전운전불이행,건조,맑음,단일로 - 기타,화물,남,22세,상해없음,화물,남,36세,경상
2019121000100356,2019년 12월 10일 14시,화요일,경상남도 김해시 삼문동,경상사고,0,0,1,0,차대차 - 측면충돌,안전운전불이행,건조,맑음,교차로 - 교차로안,승용,여,55세,상해없음,이륜,남,27세,경상
2019121000100386,2019년 12월 10일 15시,화요일,경상남도 고성군 하이면,경상사고,0,0,1,0,차대차 - 추돌,교차로운행방법위반,건조,맑음,교차로 - 교차로안,승용,여,57세,상해없음,승용,여,53세,경상
2019121000100417,2019년 12월 10일 16시,화요일,경상남도 창원시 성산구 중앙동,부상신고사고,0,0,0,1,차대사람 - 횡단중,안전운전불이행,건조,맑음,단일로 - 기타,승용,남,75세,상해없음,보행자,남,66세,부상신고
2019121000100472,2019년 12월 10일 17시,화요일,경상남도 창원시 의창구 동읍,경상사고,0,0,1,0,차대차 - 정면충돌,중앙선침범,건조,맑음,단일로 - 기타,승용,남,71세,상해없음,화물,남,27세,경상
2019121000100537,2019년 12월 10일 18시,화요일,경상남도 창원시 성산구 남양동,중상사고,0,1,0,0,차대차 - 측면충돌,중앙선침범,건조,맑음,단일로 - 기타,승용,여,55세,상해없음,이륜,여,54세,중상
2019121000100590,2019년 12월 10일 19시,화요일,경상남도 창원시 마산합포구 오동동,부상신고사고,0,0,0,1,차량단독 - 전도전복 - 전도,안전운전불이행,건조,맑음,교차로 - 교차로부근,이륜,남,22세,부상신고,,,,
2019121000100591,2019년 12월 10일 19시,화요일,경상남도 창원시 의창구 명서동,경상사고,0,0,1,0,차대사람 - 횡단중,기타,건조,맑음,교차로 - 교차로부근,승용,남,38세,상해없음,보행자,남,7세,경상
2019121000100635,2019년 12월 10일 20시,화요일,경상남도 거제시 양정동,경상사고,0,0,1,0,차대차 - 추돌,안전운전불이행,건조,맑음,단일로 - 기타,이륜,남,22세,경상,승합,남,58세,상해없음
2019121000100678,2019년 12월 10일 22시,화요일,경상남도 창원시 마산합포구 부림동,부상신고사고,0,0,0,1,차대사람 - 기타,안전운전불이행,건조,맑음,단일로 - 기타,자전거,남,30세,상해없음,보행자,남,64세,부상신고
2019121000100679,2019년 12월 10일 22시,화요일,경상남도 통영시 정량동,중상사고,0,2,1,0,차대차 - 추돌,안전거리미확보,건조,맑음,단일로 - 기타,화물,남,51세,상해없음,승용,여,44세,중상
2019121000100700,2019년 12월 10일 23시,화요일,경상남도 진주시 금산면,경상사고,0,0,2,0,차대차 - 추돌,안전운전불이행,건조,맑음,단일로 - 기타,승용,남,25세,상해없음,화물,남,49세,경상
2019121100100039,2019년 12월 11일 00시,수요일,경상남도 양산시 삼호동,중상사고,0,1,1,0,차대차 - 측면충돌,직진우회전진행방해,건조,맑음,교차로 - 교차로안,승용,여,65세,상해없음,승용,남,70세,경상
2019121100100040,2019년 12월 11일 00시,수요일,경상남도 창원시 성산구 상남동,중상사고,0,1,0,0,차대사람 - 횡단중,안전운전불이행,건조,맑음,교차로 - 교차로안,승용,남,35세,상해없음,보행자,남,60세,중상
2019121100100054,2019년 12월 11일 01시,수요일,경상남도 창원시 성산구 남산동,경상사고,0,0,1,0,차대차 - 추돌,안전운전불이행,건조,맑음,교차로 - 교차로부근,승용,남,42세,상해없음,승용,남,32세,경상
2019121100100064,2019년 12월 11일 02시,수요일,경상남도 창원시 마산합포구 월남동3가,중상사고,0,1,0,0,차대차 - 측면충돌,신호위반,건조,맑음,교차로 - 교차로안,이륜,남,27세,상해없음,승용,남,53세,중상
2019121100100065,2019년 12월 11일 02시,수요일,경상남도 양산시 중부동,경상사고,0,0,1,0,차대사람 - 차도통행중,안전운전불이행,건조,맑음,교차로 - 교차로부근,승용,여,34세,상해없음,보행자,여,65세,경상
2019121100100081,2019년 12월 11일 05시,수요일,경상남도 김해시 대동면,경상사고,0,0,1,0,차대차 - 기타,안전운전불이행,건조,맑음,교차로 - 교차로안,승용,남,71세,경상,화물,남,58세,상해없음
2019121100100095,2019년 12월 11일 06시,수요일,경상남도 창원시 마산회원구 봉암동,경상사고,0,0,1,0,차대차 - 기타,안전운전불이행,건조,맑음,단일로 - 기타,승용,남,60세,상해없음,승용,남,55세,상해없음
2019121100100180,2019년 12월 11일 09시,수요일,경상남도 합천군 합천읍,경상사고,0,0,1,0,차대차 - 측면충돌,안전운전불이행,건조,맑음,교차로 - 교차로안,승용,남,79세,기타불명,승용,남,39세,경상
2019121100100181,2019년 12월 11일 09시,수요일,경상남도 양산시 물금읍,경상사고,0,0,2,0,차대차 - 측면충돌,안전거리미확보,건조,맑음,단일로 - 기타,승용,여,74세,상해없음,승합,남,41세,경상
2019121100100182,2019년 12월 11일 09시,수요일,경상남도 의령군 정곡면,중상사고,0,1,0,0,차대차 - 측면충돌,중앙선침범,젖음/습기,안개,단일로 - 기타,건설기계,남,44세,상해없음,건설기계,남,60세,중상
2019121100100244,2019년 12월 11일 11시,수요일,경상남도 양산시 물금읍,경상사고,0,0,1,0,차대차 - 측면충돌,중앙선침범,건조,맑음,단일로 - 기타,승용,여,36세,상해없음,승용,여,30세,경상
2019121100100277,2019년 12월 11일 12시,수요일,경상남도 양산시 물금읍,중상사고,0,1,0,0,차대차 - 측면충돌,교차로운행방법위반,건조,맑음,교차로 - 교차로안,화물,남,48세,상해없음,승용,여,44세,중상
2019121100100278,2019년 12월 11일 12시,수요일,경상남도 고성군 고성읍,경상사고,0,0,1,0,차대차 - 기타,직진우회전진행방해,건조,맑음,교차로 - 교차로안,승용,여,41세,상해없음,승용,남,70세,상해없음
2019121100100279,2019년 12월 11일 12시,수요일,경상남도 김해시 주촌면,경상사고,0,0,1,0,차대차 - 측면충돌,안전운전불이행,건조,맑음,단일로 - 기타,승용,남,39세,상해없음,승용,남,40세,경상
2019121100100301,2019년 12월 11일 13시,수요일,경상남도 창녕군 유어면,경상사고,0,0,1,0,차대차 - 기타,안전운전불이행,건조,맑음,단일로 - 기타,승용,남,71세,상해없음,화물,남,32세,경상
2019121100100325,2019년 12월 11일 14시,수요일,경상남도 김해시 삼방동,경상사고,0,0,2,0,차대차 - 추돌,안전운전불이행,건조,맑음,교차로 - 교차로안,승용,남,58세,경상,화물,남,63세,경상
2019121100100326,2019년 12월 11일 14시,수요일,경상남도 창녕군 창녕읍,경상사고,0,0,1,1,차대차 - 측면충돌,안전운전불이행,건조,맑음,교차로 - 교차로안,이륜,남,23세,부상신고,승용,여,64세,경상
2019121100100327,2019년 12월 11일 14시,수요일,경상남도 거제시 장평동,경상사고,0,0,1,0,차대사람 - 횡단중,보행자보호의무위반,건조,맑음,교차로 - 교차로횡단보도내,승용,남,44세,상해없음,보행자,남,9세,경상
2019121100100358,2019년 12월 11일 15시,수요일,경상남도 창원시 의창구 동읍,경상사고,0,0,3,0,차대차 - 측면충돌,안전운전불이행,건조,맑음,교차로 - 교차로안,이륜,남,17세,상해없음,승용,남,67세,경상
2019121100100359,2019년 12월 11일 15시,수요일,경상남도 김해시 부곡동,중상사고,0,1,0,0,차대사람 - 기타,안전운전불이행,건조,맑음,기타 - 기타,화물,남,59세,상해없음,보행자,여,32세,중상
2019121100100399,2019년 12월 11일 16시,수요일,경상남도 산청군 차황면,부상신고사고,0,0,0,1,차대차 - 측면충돌,중앙선침범,건조,맑음,단일로 - 기타,화물,여,58세,상해없음,승용,여,69세,부상신고
2019121100100418,2019년 12월 11일 17시,수요일,경상남도 양산시 물금읍,중상사고,0,1,1,0,차대차 - 기타,안전운전불이행,건조,맑음,단일로 - 기타,화물,남,70세,상해없음,승용,여,54세,중상
2019121100100447,2019년 12월 11일 17시,수요일,경상남도 창원시 마산합포구 월남동2가,중상사고,0,1,0,0,차대사람 - 횡단중,보행자보호의무위반,건조,맑음,교차로 - 교차로횡단보도내,승용,남,39세,상해없음,보행자,여,41세,중상
2019121100100448,2019년 12월 11일 17시,수요일,경상남도 창원시 마산합포구 해운동,경상사고,0,0,3,0,차대차 - 기타,교차로운행방법위반,건조,맑음,교차로 - 교차로부근,화물,남,20세,상해없음,승용,남,70세,경상
2019121100100449,2019년 12월 11일 17시,수요일,경상남도 창원시 진해구 자은동,경상사고,0,0,1,0,차대차 - 기타,안전운전불이행,건조,맑음,교차로 - 교차로안,승용,여,41세,상해없음,이륜,남,29세,경상
2019121100100450,2019년 12월 11일 17시,수요일,경상남도 밀양시 상남면,중상사고,0,1,1,0,차대차 - 측면충돌,교차로운행방법위반,건조,맑음,교차로 - 교차로안,화물,남,58세,경상,승용,남,55세,중상
2019121100100451,2019년 12월 11일 17시,수요일,경상남도 남해군 창선면,경상사고,0,0,1,0,차량단독 - 공작물충돌,안전운전불이행,건조,맑음,단일로 - 기타,승용,남,46세,경상,,,,
2019121100100452,2019년 12월 11일 17시,수요일,경상남도 창원시 마산회원구 내서읍,중상사고,0,1,2,0,차대차 - 정면충돌,안전운전불이행,건조,맑음,단일로 - 기타,화물,남,63세,상해없음,승용,남,58세,경상
2019121100100504,2019년 12월 11일 18시,수요일,경상남도 창원시 마산합포구 월남동2가,중상사고,0,1,0,0,차대차 - 측면충돌,안전운전불이행,건조,맑음,교차로 - 교차로횡단보도내,승용,여,19세,상해없음,자전거,남,25세,중상
2019121100100505,2019년 12월 11일 18시,수요일,경상남도 통영시 광도면,경상사고,0,0,3,0,차대차 - 추돌,안전거리미확보,건조,맑음,단일로 - 기타,승용,남,63세,상해없음,승용,남,40세,경상
2019121100100506,2019년 12월 11일 18시,수요일,경상남도 거창군 거창읍,경상사고,0,0,1,0,차대사람 - 횡단중,보행자보호의무위반,건조,맑음,단일로 - 기타,승용,남,24세,상해없음,보행자,여,14세,경상
2019121100100507,2019년 12월 11일 18시,수요일,경상남도 김해시 신문동,중상사고,0,1,0,0,차대차 - 정면충돌,신호위반,건조,기타,교차로 - 교차로안,승용,남,75세,상해없음,승용,남,35세,중상
2019121100100508,2019년 12월 11일 18시,수요일,경상남도 김해시 진영읍,중상사고,0,1,0,0,차대차 - 정면충돌,안전운전불이행,건조,기타,교차로 - 교차로안,이륜,남,69세,기타불명,이륜,남,17세,중상
2019121100100550,2019년 12월 11일 19시,수요일,경상남도 통영시 광도면,경상사고,0,0,1,0,차대차 - 측면충돌,안전운전불이행,건조,맑음,단일로 - 기타,화물,남,54세,기타불명,승용,남,68세,경상
2019121100100551,2019년 12월 11일 19시,수요일,경상남도 창원시 마산회원구 합성동,경상사고,0,0,1,0,차대사람 - 횡단중,보행자보호의무위반,건조,맑음,단일로 - 기타,승용,남,25세,상해없음,보행자,남,30세,경상
2019121100100591,2019년 12월 11일 21시,수요일,경상남도 창원시 진해구 충무동,경상사고,0,0,1,1,차대차 - 정면충돌,안전운전불이행,건조,맑음,교차로 - 교차로안,승용,여,65세,부상신고,승용,남,47세,경상
2019121100100592,2019년 12월 11일 21시,수요일,경상남도 창원시 의창구 팔용동,경상사고,0,0,1,0,차대차 - 측면충돌,안전운전불이행,건조,맑음,단일로 - 기타,승용,남,52세,기타불명,승용,남,46세,경상
2019121100100619,2019년 12월 11일 22시,수요일,경상남도 함안군 가야읍,경상사고,0,0,1,0,차대차 - 측면충돌,안전운전불이행,건조,맑음,교차로 - 교차로안,자전거,여,53세,경상,승용,남,49세,상해없음
2019121100100620,2019년 12월 11일 22시,수요일,경상남도 김해시 관동동,중상사고,0,1,0,0,차대차 - 측면충돌,안전운전불이행,건조,기타,교차로 - 교차로안,승용,여,52세,상해없음,승용,남,51세,중상
2019121100100638,2019년 12월 11일 23시,수요일,경상남도 창원시 마산합포구 창포동2가,부상신고사고,0,0,0,1,차대사람 - 차도통행중,안전운전불이행,건조,맑음,단일로 - 기타,승용,여,56세,상해없음,보행자,남,38세,부상신고
2019121100100639,2019년 12월 11일 23시,수요일,경상남도 사천시 사천읍,중상사고,0,1,1,0,차대차 - 측면충돌,신호위반,건조,맑음,교차로 - 교차로안,승용,남,40세,상해없음,승용,남,50세,중상
2019121200100042,2019년 12월 12일 00시,목요일,경상남도 통영시 미수동,부상신고사고,0,0,0,1,차대사람 - 차도통행중,안전운전불이행,건조,맑음,단일로 - 기타,승용,남,55세,상해없음,보행자,남,47세,부상신고
2019121200100081,2019년 12월 12일 05시,목요일,경상남도 창원시 마산회원구 구암동,중상사고,0,1,0,0,차대사람 - 횡단중,안전운전불이행,건조,맑음,단일로 - 지하차도(도로)내,승용,여,60세,상해없음,보행자,남,49세,중상
2019121200100082,2019년 12월 12일 05시,목요일,경상남도 창원시 의창구 동읍,중상사고,0,1,0,0,차대차 - 추돌,안전운전불이행,건조,맑음,단일로 - 기타,승용,남,30세,상해없음,자전거,남,61세,중상
2019121200100104,2019년 12월 12일 06시,목요일,경상남도 통영시 도남동,중상사고,0,1,0,0,차대사람 - 차도통행중,안전운전불이행,건조,맑음,교차로 - 교차로부근,승용,남,54세,상해없음,보행자,여,76세,중상
2019121200100105,2019년 12월 12일 06시,목요일,경상남도 거제시 아주동,중상사고,0,1,0,0,차대차 - 측면충돌,안전운전불이행,건조,맑음,교차로 - 교차로횡단보도내,승용,남,68세,상해없음,자전거,남,60세,중상
2019121200100134,2019년 12월 12일 07시,목요일,경상남도 진주시 집현면,중상사고,0,1,0,0,차대차 - 측면충돌,중앙선침범,건조,맑음,단일로 - 기타,승용,남,29세,상해없음,화물,남,40세,중상
2019121200100172,2019년 12월 12일 08시,목요일,경상남도 양산시 덕계동,부상신고사고,0,0,0,1,차대차 - 측면충돌,안전운전불이행,건조,맑음,교차로 - 교차로안,승용,여,55세,상해없음,승용,남,70세,부상신고
2019121200100173,2019년 12월 12일 08시,목요일,경상남도 고성군 고성읍,경상사고,0,0,2,0,차대사람 - 횡단중,보행자보호의무위반,건조,맑음,교차로 - 교차로횡단보도내,승용,여,41세,경상,보행자,남,11세,경상
2019121200100210,2019년 12월 12일 09시,목요일,경상남도 양산시 물금읍,중상사고,0,1,0,0,차대차 - 추돌,안전거리미확보,건조,맑음,단일로 - 기타,승합,남,69세,상해없음,이륜,여,72세,중상
2019121200100211,2019년 12월 12일 09시,목요일,경상남도 창원시 마산합포구 산호동,중상사고,0,1,0,0,차대사람 - 길가장자리구역통행중,안전운전불이행,건조,맑음,단일로 - 기타,승용,여,36세,상해없음,보행자,여,84세,중상
2019121200100242,2019년 12월 12일 10시,목요일,경상남도 거창군 거창읍,중상사고,0,1,0,0,차대차 - 후진중충돌,안전운전불이행,건조,맑음,단일로 - 기타,화물,남,72세,상해없음,자전거,남,74세,중상
2019121200100243,2019년 12월 12일 10시,목요일,경상남도 거제시 아양동,경상사고,0,0,1,0,차대차 - 기타,안전운전불이행,건조,맑음,교차로 - 교차로안,승용,여,49세,상해없음,화물,남,59세,경상
2019121200100279,2019년 12월 12일 11시,목요일,경상남도 진주시 상대동,경상사고,0,0,1,0,차대사람 - 기타,안전운전불이행,건조,맑음,단일로 - 기타,기타불명,기타불명,미분류,기타불명,보행자,여,59세,경상
2019121200100280,2019년 12월 12일 11시,목요일,경상남도 통영시 도천동,경상사고,0,0,2,0,차대차 - 추돌,안전거리미확보,건조,맑음,교차로 - 교차로안,승용,여,34세,상해없음,승용,남,25세,경상
2019121200100281,2019년 12월 12일 11시,목요일,경상남도 합천군 가회면,경상사고,0,0,1,0,차대차 - 측면충돌,안전운전불이행,건조,맑음,교차로 - 교차로안,사륜오토바이(ATV),여,77세,경상,승용,남,67세,상해없음
2019121200100371,2019년 12월 12일 14시,목요일,경상남도 창녕군 길곡면,경상사고,0,0,1,0,차량단독 - 기타,안전운전불이행,건조,맑음,단일로 - 기타,이륜,남,38세,경상,,,,
2019121200100372,2019년 12월 12일 14시,목요일,경상남도 김해시 풍유동,경상사고,0,0,1,0,차대차 - 측면충돌,안전운전불이행,건조,맑음,교차로 - 교차로부근,특수,남,57세,상해없음,승용,여,45세,경상
2019121200100400,2019년 12월 12일 15시,목요일,경상남도 합천군 용주면,중상사고,0,1,0,0,차량단독 - 도로외이탈 - 추락,안전운전불이행,젖음/습기,맑음,기타 - 기타,승용,남,21세,중상,,,,
2019121200100435,2019년 12월 12일 16시,목요일,경상남도 창원시 진해구 남문동,중상사고,0,1,0,0,차대차 - 기타,신호위반,건조,맑음,교차로 - 교차로안,화물,남,45세,상해없음,화물,남,58세,중상
2019121200100436,2019년 12월 12일 16시,목요일,경상남도 김해시 외동,경상사고,0,0,1,0,차대사람 - 기타,안전운전불이행,건조,맑음,단일로 - 기타,승용,남,51세,상해없음,보행자,남,22세,경상
2019121200100437,2019년 12월 12일 16시,목요일,경상남도 김해시 외동,중상사고,0,1,1,0,차대차 - 측면충돌,신호위반,건조,맑음,교차로 - 교차로안,이륜,남,16세,중상,승용,여,55세,경상
2019121200100438,2019년 12월 12일 16시,목요일,경상남도 거제시 둔덕면,중상사고,0,7,0,0,차량단독 - 전도전복 - 전도,안전운전불이행,건조,맑음,단일로 - 기타,승합,남,64세,상해없음,,,,
2019121200100439,2019년 12월 12일 16시,목요일,경상남도 창원시 마산회원구 구암동,중상사고,0,1,0,0,차대사람 - 횡단중,보행자보호의무위반,건조,맑음,교차로 - 교차로횡단보도내,승용,여,43세,상해없음,보행자,여,69세,중상
2019121200100440,2019년 12월 12일 16시,목요일,경상남도 창원시 의창구 도계동,중상사고,0,1,0,0,차대사람 - 기타,안전운전불이행,건조,맑음,단일로 - 기타,승용,여,42세,기타불명,보행자,여,41세,중상
2019121200100478,2019년 12월 12일 17시,목요일,경상남도 진주시 가좌동,경상사고,0,0,1,0,차대차 - 측면충돌,신호위반,건조,맑음,교차로 - 교차로안,승합,여,53세,상해없음,승용,남,44세,경상
2019121200100479,2019년 12월 12일 17시,목요일,경상남도 김해시 관동동,중상사고,0,1,1,0,차대차 - 추돌,안전운전불이행,건조,맑음,단일로 - 기타,승용,남,28세,상해없음,승용,여,36세,중상
2019121200100555,2019년 12월 12일 18시,목요일,경상남도 사천시 축동면,사망사고,1,0,0,0,차대사람 - 횡단중,안전운전불이행,건조,맑음,교차로 - 교차로횡단보도내,화물,남,53세,상해없음,보행자,여,71세,사망
2019121200100556,2019년 12월 12일 18시,목요일,경상남도 밀양시 상남면,경상사고,0,0,2,0,차대차 - 추돌,안전운전불이행,건조,맑음,단일로 - 기타,승용,남,34세,상해없음,승용,여,48세,경상
2019121200100557,2019년 12월 12일 18시,목요일,경상남도 하동군 악양면,중상사고,0,1,1,0,차량단독 - 전도전복 - 전도,안전운전불이행,건조,기타,기타 - 기타,화물,여,80세,경상,,,,
2019121200100558,2019년 12월 12일 18시,목요일,경상남도 창원시 성산구 상남동,중상사고,0,1,0,0,차대사람 - 차도통행중,보행자보호의무위반,건조,맑음,단일로 - 기타,승용,여,30세,상해없음,보행자,여,57세,중상
2019121200100559,2019년 12월 12일 18시,목요일,경상남도 김해시 무계동,부상신고사고,0,0,0,1,차대사람 - 횡단중,보행자보호의무위반,건조,맑음,단일로 - 기타,승용,남,79세,상해없음,보행자,남,51세,부상신고
2019121200100637,2019년 12월 12일 20시,목요일,경상남도 창원시 마산합포구 진동면,사망사고,1,0,0,0,차대사람 - 횡단중,안전운전불이행,건조,맑음,단일로 - 기타,승용,남,35세,상해없음,보행자,남,57세,사망
2019121200100638,2019년 12월 12일 20시,목요일,경상남도 진주시 봉곡동,중상사고,0,1,0,0,차대사람 - 횡단중,안전운전불이행,건조,맑음,단일로 - 기타,승용,남,43세,상해없음,보행자,남,62세,중상
2019121200100687,2019년 12월 12일 22시,목요일,경상남도 거제시 고현동,경상사고,0,0,1,0,차대차 - 측면충돌,신호위반,건조,맑음,교차로 - 교차로안,승용,남,42세,상해없음,승용,남,48세,경상
2019121200100711,2019년 12월 12일 23시,목요일,경상남도 창원시 성산구 상남동,경상사고,0,0,1,0,차대차 - 기타,안전운전불이행,건조,맑음,교차로 - 교차로안,승용,남,36세,상해없음,승용,남,26세,상해없음