사고번호,사고일시,요일,시군구,사고내용,사망자수,중상자수,경상자수,부상신고자수,사고유형,법규위반,노면상태,기상상태,도로형태,가해운전자 차종,가해운전자 성별,가해운전자 연령,가해운전자 상해정도,피해운전자 차종,피해운전자 성별,피해운전자 연령,피해운전자 상해정도
2019121600100160,2019년 12월 16일 08시,월요일,경상남도 거창군 가북면,경상사고,0,0,1,0,차대차 - 측면충돌,신호위반,건조,맑음,교차로 - 교차로안,승용,여,69세,상해없음,승용,여,46세,경상
2019121600100197,2019년 12월 16일 09시,월요일,경상남도 양산시 물금읍,중상사고,0,1,0,0,차대사람 - 기타,기타,건조,맑음,기타 - 기타,화물,남,58세,상해없음,보행자,여,35세,중상
2019121600100237,2019년 12월 16일 10시,월요일,경상남도 창녕군 장마면,경상사고,0,0,2,0,차대차 - 기타,안전운전불이행,건조,맑음,교차로 - 교차로안,화물,남,59세,경상,화물,남,52세,경상
2019121600100268,2019년 12월 16일 11시,월요일,경상남도 김해시 봉황동,경상사고,0,0,1,0,차대차 - 기타,신호위반,건조,맑음,교차로 - 교차로안,승용,남,77세,상해없음,승용,남,43세,경상
2019121600100269,2019년 12월 16일 11시,월요일,경상남도 창녕군 유어면,중상사고,0,1,0,0,차대차 - 기타,안전운전불이행,건조,맑음,단일로 - 기타,화물,남,52세,상해없음,자전거,여,79세,중상
2019121600100270,2019년 12월 16일 11시,월요일,경상남도 양산시 물금읍,경상사고,0,0,1,0,차대차 - 측면충돌,안전운전불이행,건조,맑음,교차로 - 교차로부근,기타불명,기타불명,미분류,기타불명,승용,여,37세,경상
2019121600100271,2019년 12월 16일 11시,월요일,경상남도 의령군 낙서면,중상사고,0,2,0,0,차대차 - 측면충돌,교차로운행방법위반,건조,맑음,교차로 - 교차로안,화물,여,54세,상해없음,화물,남,55세,중상
2019121600100272,2019년 12월 16일 11시,월요일,경상남도 김해시 한림면,경상사고,0,0,1,0,차대차 - 후진중충돌,불법유턴,건조,맑음,단일로 - 기타,화물,남,57세,상해없음,승용,남,31세,경상
2019121600100301,2019년 12월 16일 12시,월요일,경상남도 남해군 남해읍,경상사고,0,0,1,0,차대차 - 측면충돌,안전거리미확보,건조,맑음,단일로 - 기타,승용,남,27세,상해없음,화물,남,29세,경상
2019121600100328,2019년 12월 16일 13시,월요일,경상남도 의령군 부림면,중상사고,0,1,0,0,차대차 - 측면충돌,교차로운행방법위반,건조,맑음,교차로 - 교차로부근,화물,남,53세,상해없음,자전거,여,78세,중상
2019121600100405,2019년 12월 16일 15시,월요일,경상남도 거창군 거창읍,경상사고,0,0,1,0,차대사람 - 횡단중,보행자보호의무위반,건조,맑음,교차로 - 교차로부근,화물,남,49세,상해없음,보행자,여,90세 이상,경상
2019121600100406,2019년 12월 16일 15시,월요일,경상남도 창원시 의창구 소답동,중상사고,0,1,0,0,차대사람 - 횡단중,안전운전불이행,건조,맑음,단일로 - 기타,승용,여,47세,상해없음,보행자,남,80세,중상
2019121600100445,2019년 12월 16일 16시,월요일,경상남도 창원시 진해구 경화동,경상사고,0,0,1,0,차대사람 - 횡단중,보행자보호의무위반,건조,맑음,단일로 - 기타,승용,여,44세,상해없음,보행자,남,7세,경상
2019121600100491,2019년 12월 16일 17시,월요일,경상남도 진주시 하대동,중상사고,0,1,0,0,차대차 - 측면충돌,안전거리미확보,건조,맑음,단일로 - 기타,화물,남,57세,상해없음,승합,남,46세,상해없음
2019121600100492,2019년 12월 16일 17시,월요일,경상남도 통영시 동호동,경상사고,0,0,1,0,차대차 - 측면충돌,교차로운행방법위반,건조,맑음,교차로 - 교차로안,승용,여,38세,상해없음,화물,남,31세,경상
2019121600100493,2019년 12월 16일 17시,월요일,경상남도 거제시 고현동,경상사고,0,0,1,0,차대차 - 기타,안전운전불이행,건조,맑음,교차로 - 교차로안,이륜,남,32세,상해없음,승용,남,62세,경상
2019121600100551,2019년 12월 16일 18시,월요일,경상남도 진주시 하대동,경상사고,0,0,1,0,차대사람 - 차도통행중,안전운전불이행,건조,맑음,단일로 - 기타,승용,여,27세,상해없음,보행자,남,8세,경상
2019121600100552,2019년 12월 16일 18시,월요일,경상남도 사천시 동금동,경상사고,0,0,1,0,차대사람 - 횡단중,보행자보호의무위반,건조,맑음,단일로 - 기타,승용,남,36세,상해없음,보행자,여,61세,경상
2019121600100553,2019년 12월 16일 18시,월요일,경상남도 거제시 상동동,경상사고,0,0,1,0,차대사람 - 횡단중,보행자보호의무위반,건조,맑음,단일로 - 기타,이륜,남,34세,상해없음,보행자,남,39세,경상
2019121600100554,2019년 12월 16일 18시,월요일,경상남도 창원시 의창구 도계동,경상사고,0,0,3,0,차대차 - 추돌,안전운전불이행,건조,맑음,단일로 - 기타,승용,남,67세,상해없음,승용,남,50세,경상
2019121600100598,2019년 12월 16일 19시,월요일,경상남도 사천시 곤양면,중상사고,0,1,0,0,차대사람 - 기타,중앙선침범,건조,맑음,단일로 - 기타,승용,남,72세,상해없음,보행자,남,72세,중상
2019121600100599,2019년 12월 16일 19시,월요일,경상남도 합천군 합천읍,경상사고,0,0,1,0,차대사람 - 횡단중,보행자보호의무위반,건조,맑음,교차로 - 교차로안,화물,남,54세,상해없음,보행자,남,61세,경상
2019121600100625,2019년 12월 16일 20시,월요일,경상남도 진주시 상대동,중상사고,0,1,0,0,차대사람 - 횡단중,보행자보호의무위반,건조,맑음,단일로 - 기타,승용,남,59세,상해없음,보행자,여,81세,중상
2019121600100642,2019년 12월 16일 21시,월요일,경상남도 김해시 내동,경상사고,0,0,1,0,차대사람 - 횡단중,보행자보호의무위반,건조,맑음,교차로 - 교차로횡단보도내,기타불명,기타불명,미분류,기타불명,보행자,여,17세,경상
2019121600100643,2019년 12월 16일 21시,월요일,경상남도 양산시 동면,사망사고,1,0,0,0,차대차 - 측면충돌,안전운전불이행,건조,맑음,교차로 - 교차로안,승용,여,52세,상해없음,이륜,남,44세,사망
2019121600100660,2019년 12월 16일 22시,월요일,경상남도 김해시 삼방동,중상사고,0,1,0,0,차대차 - 정면충돌,안전운전불이행,건조,맑음,교차로 - 교차로안,승용,남,45세,상해없음,원동기,남,17세,중상
2019121700100023,2019년 12월 17일 00시,화요일,경상남도 창원시 의창구 도계동,경상사고,0,0,2,0,차대차 - 측면충돌,신호위반,건조,맑음,교차로 - 교차로안,승용,남,34세,상해없음,승용,남,46세,경상
2019121700100071,2019년 12월 17일 06시,화요일,경상남도 진주시 옥봉동,중상사고,0,1,0,0,차대사람 - 횡단중,신호위반,건조,맑음,단일로 - 기타,승용,남,59세,상해없음,보행자,남,56세,중상
2019121700100072,2019년 12월 17일 06시,화요일,경상남도 거제시 수월동,중상사고,0,1,0,0,차대차 - 기타,안전운전불이행,건조,맑음,교차로 - 교차로안,승용,남,44세,상해없음,이륜,남,53세,중상
2019121700100073,2019년 12월 17일 06시,화요일,경상남도 창원시 성산구 사파동,중상사고,0,1,0,0,차대사람 - 횡단중,안전운전불이행,건조,맑음,단일로 - 기타,승용,남,51세,상해없음,보행자,여,77세,중상
2019121700100182,2019년 12월 17일 09시,화요일,경상남도 거제시 동부면,경상사고,0,0,1,0,차대차 - 측면충돌,중앙선침범,젖음/습기,비,단일로 - 기타,승용,여,32세,상해없음,승용,남,61세,경상
2019121700100214,2019년 12월 17일 10시,화요일,경상남도 통영시 광도면,경상사고,0,0,1,0,차대차 - 추돌,안전운전불이행,건조,맑음,교차로 - 교차로부근,승용,여,64세,상해없음,승용,여,38세,경상
2019121700100215,2019년 12월 17일 10시,화요일,경상남도 김해시 부원동,경상사고,0,0,1,0,차대차 - 측면충돌,교차로운행방법위반,건조,맑음,교차로 - 교차로안,승용,남,28세,상해없음,승용,남,65세,경상
2019121700100216,2019년 12월 17일 10시,화요일,경상남도 함양군 함양읍,중상사고,0,1,0,0,차대사람 - 횡단중,안전운전불이행,건조,맑음,주차장 - 주차장,승용,남,21세,상해없음,보행자,여,53세,중상
2019121700100245,2019년 12월 17일 11시,화요일,경상남도 함양군 함양읍,중상사고,0,1,0,0,차대사람 - 차도통행중,안전운전불이행,젖음/습기,비,교차로 - 교차로안,승용,남,68세,상해없음,보행자,남,79세,중상
2019121700100269,2019년 12월 17일 12시,화요일,경상남도 창원시 진해구 충무동,경상사고,0,0,1,0,차대차 - 추돌,안전운전불이행,건조,맑음,교차로 - 교차로부근,승용,여,58세,상해없음,승용,남,59세,경상
2019121700100270,2019년 12월 17일 12시,화요일,경상남도 김해시 외동,경상사고,0,0,2,0,차대차 - 추돌,안전거리미확보,건조,맑음,단일로 - 기타,승용,여,47세,상해없음,승용,여,61세,경상
2019121700100271,2019년 12월 17일 12시,화요일,경상남도 합천군 가회면,중상사고,0,1,0,0,차대차 - 정면충돌,교차로운행방법위반,건조,맑음,교차로 - 교차로안,원동기,남,79세,중상,화물,남,68세,상해없음
2019121700100272,2019년 12월 17일 12시,화요일,경상남도 창원시 마산회원구 석전동,경상사고,0,0,2,0,차대차 - 기타,안전운전불이행,건조,맑음,교차로 - 교차로부근,화물,남,56세,상해없음,승용,여,50세,경상
2019121700100297,2019년 12월 17일 13시,화요일,경상남도 창원시 마산합포구 현동,경상사고,0,0,1,0,차대차 - 후진중충돌,안전운전불이행,건조,맑음,단일로 - 기타,화물,여,65세,상해없음,승용,남,39세,경상
2019121700100332,2019년 12월 17일 14시,화요일,경상남도 창원시 진해구 안골동,경상사고,0,0,1,0,차대차 - 정면충돌,안전운전불이행,건조,맑음,단일로 - 기타,화물,남,56세,상해없음,화물,남,49세,경상
2019121700100333,2019년 12월 17일 14시,화요일,경상남도 함안군 칠원읍,중상사고,0,1,0,0,차대사람 - 횡단중,안전운전불이행,건조,맑음,교차로 - 교차로안,화물,남,51세,상해없음,보행자,여,84세,중상
2019121700100334,2019년 12월 17일 14시,화요일,경상남도 창원시 마산회원구 회성동,중상사고,0,1,0,0,차량단독 - 공작물충돌,안전운전불이행,건조,맑음,단일로 - 기타,승용,여,59세,상해없음,,,,
2019121700100335,2019년 12월 17일 14시,화요일,경상남도 김해시 대청동,부상신고사고,0,0,0,1,차대차 - 측면충돌,안전운전불이행,건조,맑음,단일로 - 기타,화물,남,58세,상해없음,승용,남,39세,부상신고
2019121700100361,2019년 12월 17일 15시,화요일,경상남도 김해시 외동,경상사고,0,0,1,0,차대차 - 측면충돌,안전운전불이행,건조,맑음,교차로 - 교차로안,자전거,남,12세,경상,승용,남,63세,상해없음
2019121700100362,2019년 12월 17일 15시,화요일,경상남도 김해시 삼방동,중상사고,0,1,2,0,차대차 - 측면충돌,교차로운행방법위반,건조,맑음,교차로 - 교차로안,승용,남,72세,상해없음,이륜,남,63세,경상
2019121700100363,2019년 12월 17일 15시,화요일,경상남도 양산시 상북면,중상사고,0,2,0,0,차대차 - 측면충돌,교차로운행방법위반,건조,맑음,교차로 - 교차로안,승용,남,25세,상해없음,승용,남,26세,중상
2019121700100410,2019년 12월 17일 16시,화요일,경상남도 김해시 외동,중상사고,0,1,0,0,차대차 - 추돌,안전거리미확보,건조,맑음,단일로 - 기타,승용,남,32세,상해없음,승용,남,26세,중상
2019121700100411,2019년 12월 17일 16시,화요일,경상남도 김해시 진례면,중상사고,0,1,0,0,차대사람 - 횡단중,안전운전불이행,건조,기타,단일로 - 기타,승용,여,53세,상해없음,보행자,남,88세,중상
2019121700100444,2019년 12월 17일 17시,화요일,경상남도 김해시 삼정동,경상사고,0,0,1,0,차대차 - 측면충돌,교차로운행방법위반,건조,맑음,교차로 - 교차로안,이륜,남,25세,경상,승용,남,38세,상해없음
2019121700100445,2019년 12월 17일 17시,화요일,경상남도 양산시 상북면,경상사고,0,0,1,0,차대사람 - 횡단중,안전운전불이행,건조,맑음,단일로 - 기타,승용,여,51세,상해없음,보행자,여,7세,경상
2019121700100484,2019년 12월 17일 18시,화요일,경상남도 진주시 초전동,경상사고,0,0,1,0,차대사람 - 횡단중,보행자보호의무위반,건조,맑음,단일로 - 기타,승용,남,31세,상해없음,보행자,여,44세,경상
2019121700100485,2019년 12월 17일 18시,화요일,경상남도 밀양시 산내면,사망사고,1,0,0,0,차대사람 - 길가장자리구역통행중,안전운전불이행,건조,맑음,단일로 - 기타,화물,남,61세,상해없음,보행자,남,57세,사망
2019121700100486,2019년 12월 17일 18시,화요일,경상남도 고성군 하이면,경상사고,0,0,1,0,차대차 - 기타,직진우회전진행방해,건조,맑음,교차로 - 교차로안,승용,남,46세,상해없음,승용,여,62세,경상
2019121700100487,2019년 12월 17일 18시,화요일,경상남도 창원시 의창구 서상동,중상사고,0,1,0,0,차대사람 - 보도통행중,안전운전불이행,건조,맑음,기타 - 기타,원동기,남,31세,상해없음,보행자,남,33세,중상
2019121700100488,2019년 12월 17일 18시,화요일,경상남도 김해시 대청동,경상사고,0,0,1,0,차대차 - 추돌,안전운전불이행,건조,기타,단일로 - 기타,승합,남,46세,상해없음,승용,남,47세,상해없음
2019121700100530,2019년 12월 17일 19시,화요일,경상남도 함안군 군북면,중상사고,0,1,0,0,차대사람 - 횡단중,보행자보호의무위반,건조,맑음,교차로 - 교차로횡단보도내,승용,남,59세,상해없음,보행자,남,25세,중상
2019121700100560,2019년 12월 17일 20시,화요일,경상남도 창원시 마산합포구 예곡동,중상사고,0,2,0,0,차대차 - 측면충돌,안전거리미확보,건조,맑음,단일로 - 기타,승용,남,47세,중상,승용,여,60세,중상
2019121700100585,2019년 12월 17일 21시,화요일,경상남도 통영시 무전동,부상신고사고,0,0,0,1,차대차 - 기타,안전운전불이행,건조,맑음,단일로 - 기타,이륜,남,23세,부상신고,승용,남,53세,상해없음
2019121700100586,2019년 12월 17일 21시,화요일,경상남도 김해시 부원동,경상사고,0,0,1,0,차대사람 - 횡단중,보행자보호의무위반,건조,맑음,교차로 - 교차로횡단보도내,이륜,남,34세,상해없음,보행자,여,46세,경상
2019121800100038,2019년 12월 18일 00시,수요일,경상남도 창원시 마산합포구 진동면,경상사고,0,0,1,0,차대차 - 측면충돌,안전운전불이행,건조,맑음,교차로 - 교차로안,승용,남,34세,상해없음,승용,남,31세,경상
2019121800100082,2019년 12월 18일 06시,수요일,경상남도 양산시 삼호동,중상사고,0,1,0,0,차대차 - 측면충돌,직진우회전진행방해,건조,맑음,교차로 - 교차로안,화물,남,63세,상해없음,승용,남,35세,중상
2019121800100101,2019년 12월 18일 07시,수요일,경상남도 거제시 연초면,중상사고,0,1,1,0,차대차 - 측면충돌,신호위반,건조,맑음,기타 - 기타,승용,여,55세,상해없음,승합,남,37세,경상
2019121800100102,2019년 12월 18일 07시,수요일,경상남도 김해시 진영읍,경상사고,0,0,1,0,차대차 - 측면충돌,중앙선침범,건조,맑음,교차로 - 교차로부근,승용,남,48세,상해없음,승용,남,25세,경상
2019121800100122,2019년 12월 18일 08시,수요일,경상남도 통영시 광도면,중상사고,0,1,0,0,차대차 - 기타,직진우회전진행방해,건조,맑음,교차로 - 교차로안,승용,여,29세,상해없음,이륜,남,56세,중상
2019121800100123,2019년 12월 18일 08시,수요일,경상남도 합천군 합천읍,경상사고,0,0,1,0,차대차 - 추돌,안전운전불이행,건조,맑음,교차로 - 교차로부근,화물,남,48세,경상,건설기계,남,55세,상해없음
2019121800100124,2019년 12월 18일 08시,수요일,경상남도 김해시 풍유동,중상사고,0,2,0,0,차대차 - 측면충돌,안전운전불이행,건조,맑음,단일로 - 기타,승용,남,54세,상해없음,승용,여,29세,중상
2019121800100153,2019년 12월 18일 09시,수요일,경상남도 김해시 부원동,경상사고,0,0,1,1,차대차 - 측면충돌,직진우회전진행방해,건조,맑음,교차로 - 교차로안,승용,남,84세,경상,승용,남,54세,부상신고
2019121800100154,2019년 12월 18일 09시,수요일,경상남도 김해시 이동,경상사고,0,0,1,0,차대차 - 기타,안전운전불이행,건조,맑음,단일로 - 기타,화물,남,51세,상해없음,승용,남,32세,경상
2019121800100155,2019년 12월 18일 09시,수요일,경상남도 김해시 한림면,경상사고,0,0,2,0,차대차 - 측면충돌,중앙선침범,건조,맑음,단일로 - 기타,승용,남,26세,경상,승용,남,76세,경상
2019121800100156,2019년 12월 18일 09시,수요일,경상남도 창원시 마산회원구 내서읍,경상사고,0,0,3,0,차대차 - 추돌,안전거리미확보,건조,맑음,단일로 - 기타,화물,남,45세,경상,특수,남,55세,경상
2019121800100178,2019년 12월 18일 10시,수요일,경상남도 거제시 고현동,경상사고,0,0,1,0,차량단독 - 기타,안전운전불이행,건조,맑음,단일로 - 기타,승합,남,63세,상해없음,,,,
2019121800100203,2019년 12월 18일 11시,수요일,경상남도 창원시 마산합포구 상남동,중상사고,0,1,0,0,차대사람 - 기타,안전운전불이행,건조,맑음,단일로 - 기타,승용,남,40세,상해없음,보행자,여,69세,중상
2019121800100204,2019년 12월 18일 11시,수요일,경상남도 창원시 진해구 숭인동,경상사고,0,0,1,0,차대차 - 측면충돌,직진우회전진행방해,건조,맑음,교차로 - 교차로안,이륜,남,26세,경상,승용,남,22세,상해없음
2019121800100205,2019년 12월 18일 11시,수요일,경상남도 밀양시 하남읍,경상사고,0,0,5,0,차대차 - 추돌,안전운전불이행,건조,맑음,단일로 - 기타,화물,남,61세,상해없음,승용,남,53세,경상
2019121800100235,2019년 12월 18일 12시,수요일,경상남도 합천군 합천읍,경상사고,0,0,1,0,차대사람 - 기타,안전운전불이행,건조,맑음,주차장 - 주차장,화물,남,69세,상해없음,보행자,여,64세,경상
2019121800100236,2019년 12월 18일 12시,수요일,경상남도 창원시 의창구 동읍,경상사고,0,0,2,0,차대사람 - 기타,안전운전불이행,건조,맑음,단일로 - 기타,승용,여,48세,상해없음,보행자,남,83세,경상
2019121800100272,2019년 12월 18일 13시,수요일,경상남도 진주시 하대동,경상사고,0,0,1,0,차대차 - 측면충돌,신호위반,건조,맑음,교차로 - 교차로안,화물,남,84세,상해없음,승용,남,71세,경상
2019121800100273,2019년 12월 18일 13시,수요일,경상남도 창원시 성산구 남산동,경상사고,0,0,1,0,차대차 - 측면충돌,안전운전불이행,건조,맑음,교차로 - 교차로안,이륜,남,37세,상해없음,승용,여,36세,경상
2019121800100274,2019년 12월 18일 13시,수요일,경상남도 창원시 의창구 소답동,경상사고,0,0,1,0,차량단독 - 기타,안전운전불이행,건조,맑음,교차로 - 교차로안,이륜,남,24세,경상,,,,
2019121800100303,2019년 12월 18일 14시,수요일,경상남도 하동군 금성면,중상사고,0,1,0,0,차대차 - 측면충돌,신호위반,건조,맑음,교차로 - 교차로안,승용,여,44세,상해없음,이륜,여,65세,중상
2019121800100332,2019년 12월 18일 15시,수요일,경상남도 함안군 가야읍,경상사고,0,0,1,0,차대사람 - 기타,안전운전불이행,건조,맑음,교차로 - 교차로안,화물,남,56세,상해없음,보행자,여,82세,경상
2019121800100360,2019년 12월 18일 16시,수요일,경상남도 하동군 하동읍,사망사고,1,1,0,0,차대차 - 측면충돌,중앙선침범,건조,맑음,교차로 - 교차로부근,승용,남,37세,상해없음,승용,남,88세,사망
2019121800100457,2019년 12월 18일 18시,수요일,경상남도 통영시 산양읍,중상사고,0,1,0,0,차대차 - 측면충돌,안전운전불이행,건조,맑음,단일로 - 기타,승용,남,39세,상해없음,이륜,남,40세,중상
2019121800100458,2019년 12월 18일 18시,수요일,경상남도 양산시 삼호동,중상사고,0,1,0,0,차대사람 - 차도통행중,안전운전불이행,건조,맑음,단일로 - 기타,이륜,남,16세,상해없음,보행자,남,13세,중상
2019121800100501,2019년 12월 18일 19시,수요일,경상남도 밀양시 삼문동,경상사고,0,0,1,0,차대사람 - 횡단중,보행자보호의무위반,건조,맑음,단일로 - 기타,승용,남,48세,상해없음,보행자,여,29세,경상
2019121800100502,2019년 12월 18일 19시,수요일,경상남도 거제시 장승포동,중상사고,0,1,0,0,차대사람 - 횡단중,보행자보호의무위반,건조,맑음,단일로 - 기타,승용,남,59세,상해없음,보행자,남,40세,중상
2019121800100538,2019년 12월 18일 20시,수요일,경상남도 창원시 마산합포구 오동동,경상사고,0,0,2,0,차대사람 - 기타,교차로운행방법위반,건조,맑음,교차로 - 교차로안,승용,여,51세,상해없음,보행자,남,57세,경상
2019121800100539,2019년 12월 18일 20시,수요일,경상남도 창원시 의창구 팔용동,중상사고,0,1,0,0,차대사람 - 횡단중,보행자보호의무위반,건조,맑음,교차로 - 교차로횡단보도내,승용,남,58세,상해없음,보행자,남,52세,중상
2019121800100567,2019년 12월 18일 21시,수요일,경상남도 통영시 광도면,경상사고,0,0,2,0,차대차 - 추돌,안전거리미확보,건조,맑음,단일로 - 기타,승용,남,33세,상해없음,승용,남,35세,경상
2019121800100568,2019년 12월 18일 21시,수요일,경상남도 창원시 성산구 반림동,중상사고,0,1,0,0,차대사람 - 차도통행중,안전운전불이행,건조,맑음,단일로 - 기타,승용,남,35세,상해없음,보행자,남,62세,중상
2019121800100585,2019년 12월 18일 22시,수요일,경상남도 김해시 주촌면,중상사고,0,1,0,0,차대차 - 추돌,안전운전불이행,건조,맑음,단일로 - 기타,승용,남,30세,상해없음,승용,남,58세,중상
2019121900100038,2019년 12월 19일 00시,목요일,경상남도 함안군 가야읍,경상사고,0,0,1,0,차대차 - 추돌,안전운전불이행,건조,맑음,단일로 - 기타,승용,남,42세,상해없음,승용,남,47세,경상
2019121900100053,2019년 12월 19일 01시,목요일,경상남도 창원시 마산회원구 봉암동,중상사고,0,1,0,0,차대차 - 기타,안전운전불이행,건조,맑음,단일로 - 기타,승용,남,19세,상해없음,승용,남,49세,중상
2019121900100152,2019년 12월 19일 08시,목요일,경상남도 진주시 상대동,중상사고,0,1,0,0,차대차 - 측면충돌,안전운전불이행,건조,맑음,교차로 - 교차로횡단보도내,자전거,남,48세,중상,승용,남,63세,상해없음
2019121900100185,2019년 12월 19일 09시,목요일,경상남도 진주시 상대동,중상사고,0,1,0,0,차대사람 - 횡단중,안전운전불이행,건조,맑음,단일로 - 기타,승용,남,72세,상해없음,보행자,여,44세,중상
2019121900100209,2019년 12월 19일 10시,목요일,경상남도 창원시 진해구 안골동,경상사고,0,0,2,0,차대차 - 측면충돌,신호위반,건조,맑음,교차로 - 교차로안,특수,남,76세,상해없음,특수,남,46세,경상
2019121900100210,2019년 12월 19일 10시,목요일,경상남도 사천시 동금동,경상사고,0,0,1,0,차대차 - 측면충돌,직진우회전진행방해,건조,맑음,교차로 - 교차로안,자전거,남,64세,경상,화물,남,66세,상해없음
2019121900100243,2019년 12월 19일 11시,목요일,경상남도 밀양시 가곡동,중상사고,0,1,0,0,차대사람 - 보도통행중,중앙선침범,건조,맑음,교차로 - 교차로횡단보도내,승용,남,72세,상해없음,보행자,여,75세,중상
2019121900100244,2019년 12월 19일 11시,목요일,경상남도 거제시 고현동,중상사고,0,1,0,0,차대차 - 측면충돌,신호위반,건조,맑음,단일로 - 기타,승합,남,68세,상해없음,이륜,남,60세,중상
2019121900100245,2019년 12월 19일 11시,목요일,경상남도 남해군 창선면,부상신고사고,0,0,0,1,차대차 - 기타,안전운전불이행,건조,맑음,단일로 - 기타,승용,남,78세,상해없음,승합,남,52세,상해없음
2019121900100286,2019년 12월 19일 12시,목요일,경상남도 창원시 진해구 여좌동,경상사고,0,0,1,0,차대사람 - 기타,안전운전불이행,건조,맑음,단일로 - 기타,승용,여,48세,기타불명,보행자,여,18세,경상
2019121900100287,2019년 12월 19일 12시,목요일,경상남도 김해시 어방동,경상사고,0,0,1,0,차대차 - 추돌,안전운전불이행,건조,맑음,교차로 - 교차로안,이륜,남,24세,경상,승용,여,50세,상해없음
2019121900100303,2019년 12월 19일 13시,목요일,경상남도 양산시 산막동,경상사고,0,0,1,0,차대차 - 추돌,안전운전불이행,건조,맑음,단일로 - 기타,승용,남,71세,상해없음,화물,남,66세,경상
2019121900100322,2019년 12월 19일 13시,목요일,경상남도 창원시 마산합포구 교원동,중상사고,0,1,0,0,차대사람 - 길가장자리구역통행중,안전운전불이행,건조,맑음,교차로 - 교차로안,승용,여,46세,상해없음,보행자,남,67세,중상
2019121900100323,2019년 12월 19일 13시,목요일,경상남도 진주시 내동면,경상사고,0,0,1,0,차대차 - 정면충돌,중앙선침범,건조,맑음,단일로 - 기타,화물,남,35세,상해없음,승용,남,61세,경상
2019121900100324,2019년 12월 19일 13시,목요일,경상남도 거제시 사등면,경상사고,0,0,2,0,차대차 - 측면충돌,안전거리미확보,건조,맑음,단일로 - 기타,특수,남,48세,상해없음,승용,여,49세,경상
2019121900100325,2019년 12월 19일 13시,목요일,경상남도 남해군 남해읍,중상사고,0,1,0,0,차대차 - 후진중충돌,안전운전불이행,건조,맑음,교차로 - 교차로부근,화물,남,55세,상해없음,이륜,남,65세,중상
2019121900100355,2019년 12월 19일 14시,목요일,경상남도 양산시 북정동,경상사고,0,0,1,0,차대차 - 기타,중앙선침범,건조,맑음,단일로 - 기타,화물,남,65세,상해없음,특수,남,38세,경상
2019121900100356,2019년 12월 19일 14시,목요일,경상남도 함안군 법수면,중상사고,0,1,0,0,차대차 - 측면충돌,안전운전불이행,건조,맑음,교차로 - 교차로부근,자전거,여,65세,중상,화물,남,33세,상해없음
2019121900100397,2019년 12월 19일 15시,목요일,경상남도 사천시 송포동,중상사고,0,2,1,0,차대차 - 정면충돌,중앙선침범,건조,맑음,단일로 - 기타,승용,여,37세,경상,승용,남,63세,중상
2019121900100398,2019년 12월 19일 15시,목요일,경상남도 양산시 물금읍,경상사고,0,0,2,0,차대차 - 추돌,안전운전불이행,건조,맑음,교차로 - 교차로부근,승용,남,44세,상해없음,화물,남,35세,경상
2019121900100429,2019년 12월 19일 16시,목요일,경상남도 통영시 당동,경상사고,0,0,3,0,차대차 - 추돌,안전운전불이행,건조,맑음,단일로 - 기타,승용,여,44세,상해없음,승용,남,63세,경상
2019121900100430,2019년 12월 19일 16시,목요일,경상남도 사천시 사남면,경상사고,0,0,1,0,차대차 - 후진중충돌,불법유턴,건조,맑음,단일로 - 기타,화물,남,49세,상해없음,화물,남,73세,경상
2019121900100471,2019년 12월 19일 17시,목요일,경상남도 창원시 진해구 인의동,경상사고,0,0,2,0,차대차 - 측면충돌,안전운전불이행,건조,맑음,교차로 - 교차로부근,승용,여,49세,경상,승용,남,54세,경상
2019121900100472,2019년 12월 19일 17시,목요일,경상남도 고성군 고성읍,경상사고,0,0,1,0,차대차 - 기타,신호위반,건조,맑음,교차로 - 교차로안,화물,남,55세,상해없음,이륜,남,58세,경상
2019121900100473,2019년 12월 19일 17시,목요일,경상남도 함안군 대산면,경상사고,0,0,1,0,차대차 - 측면충돌,안전운전불이행,건조,맑음,단일로 - 기타,화물,남,64세,상해없음,화물,남,67세,경상
2019121900100474,2019년 12월 19일 17시,목요일,경상남도 창원시 마산회원구 합성동,중상사고,0,1,0,0,차대사람 - 차도통행중,안전운전불이행,건조,맑음,단일로 - 지하차도(도로)내,승용,남,52세,상해없음,보행자,남,51세,중상
2019121900100475,2019년 12월 19일 17시,목요일,경상남도 김해시 한림면,경상사고,0,0,1,0,차대차 - 측면충돌,신호위반,건조,맑음,교차로 - 교차로안,승용,남,46세,상해없음,승용,남,36세,경상
2019121900100528,2019년 12월 19일 18시,목요일,경상남도 창원시 마산합포구 상남동,경상사고,0,0,2,0,차대차 - 측면충돌,교차로운행방법위반,건조,맑음,교차로 - 교차로안,승합,남,64세,상해없음,승용,여,45세,경상