사고번호,사고일시,요일,시군구,사고내용,사망자수,중상자수,경상자수,부상신고자수,사고유형,법규위반,노면상태,기상상태,도로형태,가해운전자 차종,가해운전자 성별,가해운전자 연령,가해운전자 상해정도,피해운전자 차종,피해운전자 성별,피해운전자 연령,피해운전자 상해정도
2019122300100619,2019년 12월 23일 21시,월요일,경상남도 사천시 사천읍,중상사고,0,2,0,0,차대사람 - 횡단중,안전운전불이행,건조,맑음,단일로 - 기타,이륜,남,17세,중상,보행자,남,21세,중상
2019122300100620,2019년 12월 23일 21시,월요일,경상남도 김해시 삼문동,경상사고,0,0,1,0,차대차 - 측면충돌,안전운전불이행,건조,기타,단일로 - 기타,승용,남,63세,상해없음,승용,여,44세,경상
2019122300100648,2019년 12월 23일 22시,월요일,경상남도 창원시 마산합포구 중앙동3가,경상사고,0,0,1,0,차대사람 - 보도통행중,안전운전불이행,건조,흐림,단일로 - 기타,승용,남,20세,기타불명,보행자,남,42세,경상
2019122300100649,2019년 12월 23일 22시,월요일,경상남도 진주시 초전동,경상사고,0,0,3,0,차대차 - 기타,안전운전불이행,건조,맑음,교차로 - 교차로부근,승용,남,51세,상해없음,승용,남,44세,경상
2019122400100044,2019년 12월 24일 00시,화요일,경상남도 진주시 상대동,경상사고,0,0,1,0,차대사람 - 기타,안전운전불이행,건조,맑음,단일로 - 기타,기타불명,기타불명,미분류,기타불명,보행자,남,54세,경상
2019122400100045,2019년 12월 24일 00시,화요일,경상남도 통영시 광도면,경상사고,0,0,1,0,차대사람 - 횡단중,보행자보호의무위반,건조,맑음,교차로 - 교차로횡단보도내,승용,남,33세,상해없음,보행자,남,45세,경상
2019122400100060,2019년 12월 24일 01시,화요일,경상남도 통영시 무전동,경상사고,0,0,1,0,차대차 - 측면충돌,신호위반,건조,맑음,교차로 - 교차로안,승용,남,49세,상해없음,승용,남,47세,경상
2019122400100084,2019년 12월 24일 04시,화요일,경상남도 진주시 가좌동,부상신고사고,0,0,0,1,차대차 - 기타,안전운전불이행,건조,맑음,단일로 - 기타,승용,여,18세,상해없음,승용,남,23세,부상신고
2019122400100091,2019년 12월 24일 05시,화요일,경상남도 창녕군 계성면,중상사고,0,3,0,0,차대차 - 기타,안전운전불이행,건조,맑음,단일로 - 기타,기타불명,기타불명,미분류,기타불명,화물,남,63세,중상
2019122400100134,2019년 12월 24일 07시,화요일,경상남도 창원시 진해구 회현동,경상사고,0,0,1,0,차대차 - 측면충돌,중앙선침범,건조,맑음,단일로 - 기타,승용,남,37세,상해없음,승용,남,38세,경상
2019122400100135,2019년 12월 24일 07시,화요일,경상남도 김해시 삼계동,경상사고,0,0,3,0,차대차 - 측면충돌,안전운전불이행,건조,맑음,교차로 - 교차로안,승용,남,67세,경상,승용,남,51세,경상
2019122400100165,2019년 12월 24일 08시,화요일,경상남도 진주시 정촌면,경상사고,0,0,2,0,차대차 - 정면충돌,신호위반,건조,맑음,교차로 - 교차로안,승용,여,36세,경상,화물,남,40세,경상
2019122400100166,2019년 12월 24일 08시,화요일,경상남도 고성군 동해면,중상사고,0,1,0,0,차대차 - 추돌,직진우회전진행방해,건조,맑음,교차로 - 교차로안,승용,남,41세,상해없음,화물,남,70세,중상
2019122400100207,2019년 12월 24일 09시,화요일,경상남도 창원시 마산합포구 자산동,중상사고,0,1,0,0,차대사람 - 기타,보행자보호의무위반,건조,맑음,단일로 - 기타,승용,남,49세,상해없음,보행자,여,72세,중상
2019122400100208,2019년 12월 24일 09시,화요일,경상남도 사천시 정동면,경상사고,0,0,3,0,차대차 - 측면충돌,교차로운행방법위반,건조,맑음,교차로 - 교차로안,승용,남,53세,상해없음,승용,여,33세,경상
2019122400100238,2019년 12월 24일 10시,화요일,경상남도 김해시 한림면,경상사고,0,0,1,0,차대차 - 측면충돌,안전운전불이행,건조,맑음,교차로 - 교차로안,화물,남,58세,상해없음,화물,남,27세,경상
2019122400100268,2019년 12월 24일 11시,화요일,경상남도 김해시 삼방동,경상사고,0,0,1,0,차대차 - 정면충돌,중앙선침범,건조,맑음,단일로 - 기타,승용,여,27세,상해없음,화물,남,57세,경상
2019122400100298,2019년 12월 24일 12시,화요일,경상남도 창원시 마산합포구 해운동,중상사고,0,1,0,0,차량단독 - 기타,안전운전불이행,건조,맑음,단일로 - 기타,승합,남,61세,상해없음,,,,
2019122400100299,2019년 12월 24일 12시,화요일,경상남도 남해군 삼동면,중상사고,0,2,0,0,차대차 - 추돌,안전운전불이행,건조,맑음,교차로 - 교차로안,승용,남,25세,상해없음,승용,여,66세,중상
2019122400100333,2019년 12월 24일 13시,화요일,경상남도 김해시 삼계동,경상사고,0,0,1,0,차대사람 - 횡단중,안전운전불이행,건조,맑음,단일로 - 기타,승용,여,23세,상해없음,보행자,남,12세,경상
2019122400100401,2019년 12월 24일 15시,화요일,경상남도 양산시 남부동,중상사고,0,1,0,0,차대차 - 기타,안전운전불이행,건조,맑음,교차로 - 교차로부근,승용,남,44세,상해없음,승용,남,62세,상해없음
2019122400100402,2019년 12월 24일 15시,화요일,경상남도 양산시 중부동,경상사고,0,0,1,0,차량단독 - 기타,안전운전불이행,건조,맑음,교차로 - 교차로부근,승합,남,48세,상해없음,,,,
2019122400100403,2019년 12월 24일 15시,화요일,경상남도 거제시 옥포동,경상사고,0,0,1,0,차대사람 - 기타,안전운전불이행,건조,맑음,단일로 - 기타,승용,여,43세,상해없음,보행자,여,27세,경상
2019122400100404,2019년 12월 24일 15시,화요일,경상남도 함안군 대산면,중상사고,0,1,0,0,차대차 - 측면충돌,안전운전불이행,건조,맑음,교차로 - 교차로안,이륜,남,78세,중상,승용,남,61세,상해없음
2019122400100484,2019년 12월 24일 17시,화요일,경상남도 창녕군 창녕읍,중상사고,0,1,0,0,차대차 - 기타,중앙선침범,건조,맑음,단일로 - 기타,승용,남,50세,상해없음,이륜,여,59세,중상
2019122400100567,2019년 12월 24일 18시,화요일,경상남도 양산시 하북면,중상사고,0,2,2,0,차대차 - 추돌,안전운전불이행,건조,맑음,교차로 - 교차로부근,승용,남,65세,상해없음,승용,여,53세,중상
2019122400100568,2019년 12월 24일 18시,화요일,경상남도 양산시 물금읍,경상사고,0,0,1,0,차대사람 - 횡단중,보행자보호의무위반,젖음/습기,비,교차로 - 교차로부근,승용,남,56세,상해없음,보행자,남,8세,경상
2019122400100569,2019년 12월 24일 18시,화요일,경상남도 함안군 법수면,중상사고,0,1,0,0,차대사람 - 횡단중,안전운전불이행,건조,맑음,단일로 - 기타,승용,남,56세,상해없음,보행자,여,72세,중상
2019122400100624,2019년 12월 24일 19시,화요일,경상남도 양산시 중부동,중상사고,0,1,0,0,차대차 - 측면충돌,교차로운행방법위반,건조,맑음,교차로 - 교차로안,승용,여,52세,상해없음,승용,남,28세,중상
2019122400100661,2019년 12월 24일 20시,화요일,경상남도 김해시 어방동,중상사고,0,1,0,0,차대차 - 기타,안전운전불이행,건조,맑음,교차로 - 교차로부근,승합,남,73세,상해없음,이륜,남,46세,중상
2019122400100662,2019년 12월 24일 20시,화요일,경상남도 김해시 구산동,중상사고,0,1,1,0,차대차 - 측면충돌,안전운전불이행,건조,맑음,교차로 - 교차로안,승용,여,54세,상해없음,승용,여,42세,중상
2019122400100738,2019년 12월 24일 23시,화요일,경상남도 김해시 진영읍,중상사고,0,1,0,0,차대사람 - 횡단중,안전운전불이행,건조,맑음,단일로 - 기타,승용,남,59세,상해없음,보행자,남,52세,중상
2019122400100739,2019년 12월 24일 23시,화요일,경상남도 김해시 율하동,중상사고,0,1,1,0,차대차 - 추돌,안전운전불이행,건조,맑음,단일로 - 기타,승용,남,51세,상해없음,승용,여,44세,중상
2019122500100046,2019년 12월 25일 02시,수요일,경상남도 거창군 거창읍,경상사고,0,0,1,0,차량단독 - 전도전복 - 전도,안전운전불이행,건조,맑음,교차로 - 교차로부근,이륜,남,42세,경상,,,,
2019122500100053,2019년 12월 25일 03시,수요일,경상남도 김해시 관동동,중상사고,0,3,2,0,차대차 - 측면충돌,중앙선침범,건조,맑음,단일로 - 기타,이륜,남,18세,중상,승용,남,56세,경상
2019122500100078,2019년 12월 25일 05시,수요일,경상남도 양산시 상북면,경상사고,0,0,1,0,차대차 - 측면충돌,안전운전불이행,건조,맑음,단일로 - 기타,승용,남,55세,상해없음,승용,여,57세,경상
2019122500100116,2019년 12월 25일 09시,수요일,경상남도 김해시 부원동,경상사고,0,0,1,0,차대사람 - 기타,안전운전불이행,건조,맑음,단일로 - 기타,승용,여,39세,상해없음,보행자,여,71세,경상
2019122500100147,2019년 12월 25일 11시,수요일,경상남도 창녕군 영산면,경상사고,0,0,1,0,차대차 - 측면충돌,안전운전불이행,건조,맑음,단일로 - 기타,승용,남,63세,상해없음,화물,남,69세,상해없음
2019122500100148,2019년 12월 25일 11시,수요일,경상남도 고성군 마암면,중상사고,0,2,1,0,차대차 - 추돌,안전운전불이행,건조,맑음,교차로 - 교차로부근,화물,남,34세,경상,화물,남,53세,중상
2019122500100149,2019년 12월 25일 11시,수요일,경상남도 고성군 거류면,경상사고,0,0,2,0,차대차 - 추돌,안전운전불이행,건조,맑음,단일로 - 기타,승용,남,43세,상해없음,승용,여,48세,경상
2019122500100170,2019년 12월 25일 12시,수요일,경상남도 창원시 진해구 경화동,중상사고,0,1,0,0,차대차 - 측면충돌,교차로운행방법위반,건조,맑음,교차로 - 교차로안,승용,여,65세,상해없음,원동기,남,74세,중상
2019122500100199,2019년 12월 25일 13시,수요일,경상남도 거제시 일운면,경상사고,0,0,1,0,차대차 - 측면충돌,신호위반,건조,맑음,교차로 - 교차로안,승용,남,24세,상해없음,승용,여,38세,경상
2019122500100200,2019년 12월 25일 13시,수요일,경상남도 함안군 칠서면,중상사고,0,2,0,0,차대차 - 정면충돌,안전운전불이행,건조,맑음,단일로 - 기타,승용,남,23세,상해없음,승용,여,50세,중상
2019122500100224,2019년 12월 25일 14시,수요일,경상남도 밀양시 단장면,중상사고,0,2,3,0,차대차 - 측면충돌,중앙선침범,건조,맑음,단일로 - 기타,승용,여,64세,상해없음,승용,남,45세,경상
2019122500100225,2019년 12월 25일 14시,수요일,경상남도 양산시 동면,중상사고,0,1,1,0,차대차 - 측면충돌,중앙선침범,건조,맑음,단일로 - 기타,화물,남,46세,상해없음,승용,남,34세,경상
2019122500100226,2019년 12월 25일 14시,수요일,경상남도 양산시 평산동,경상사고,0,0,1,0,차대차 - 측면충돌,기타,건조,맑음,단일로 - 기타,승용,여,59세,경상,승용,남,67세,상해없음
2019122500100279,2019년 12월 25일 16시,수요일,경상남도 김해시 동상동,경상사고,0,0,1,0,차대차 - 정면충돌,중앙선침범,건조,맑음,단일로 - 기타,자전거,남,47세,경상,승합,남,61세,상해없음
2019122500100280,2019년 12월 25일 16시,수요일,경상남도 양산시 하북면,중상사고,0,1,0,0,차량단독 - 전도전복 - 전도,안전운전불이행,건조,맑음,단일로 - 기타,이륜,남,26세,중상,,,,
2019122500100306,2019년 12월 25일 17시,수요일,경상남도 진주시 초전동,경상사고,0,0,2,0,차대차 - 측면충돌,안전거리미확보,건조,맑음,단일로 - 기타,승용,남,30세,상해없음,승용,남,30세,경상
2019122500100307,2019년 12월 25일 17시,수요일,경상남도 거창군 가조면,중상사고,0,1,0,0,차대사람 - 횡단중,안전운전불이행,건조,맑음,단일로 - 기타,승용,남,73세,상해없음,보행자,여,72세,중상
2019122500100340,2019년 12월 25일 18시,수요일,경상남도 창녕군 대합면,중상사고,0,1,0,0,차대차 - 측면충돌,안전운전불이행,건조,맑음,교차로 - 교차로안,원동기,남,75세,중상,승용,여,39세,상해없음
2019122500100341,2019년 12월 25일 18시,수요일,경상남도 거제시 고현동,경상사고,0,0,1,0,차대사람 - 차도통행중,안전운전불이행,건조,맑음,교차로 - 교차로부근,이륜,남,43세,상해없음,보행자,남,78세,경상
2019122500100379,2019년 12월 25일 19시,수요일,경상남도 통영시 북신동,중상사고,0,1,0,0,차대사람 - 기타,안전운전불이행,건조,맑음,단일로 - 기타,승용,남,23세,상해없음,보행자,남,64세,중상
2019122500100407,2019년 12월 25일 20시,수요일,경상남도 창원시 마산합포구 중앙동2가,중상사고,0,1,1,0,차대사람 - 기타,안전운전불이행,건조,맑음,교차로 - 교차로안,이륜,남,27세,경상,보행자,여,44세,중상
2019122500100428,2019년 12월 25일 21시,수요일,경상남도 창원시 마산회원구 회원동,경상사고,0,0,1,0,차대차 - 기타,안전운전불이행,건조,맑음,단일로 - 기타,승용,남,22세,상해없음,승용,남,32세,경상
2019122500100443,2019년 12월 25일 22시,수요일,경상남도 밀양시 내이동,경상사고,0,0,1,0,차대차 - 기타,안전운전불이행,건조,맑음,교차로 - 교차로안,승용,남,56세,상해없음,승용,남,54세,상해없음
2019122500100444,2019년 12월 25일 22시,수요일,경상남도 의령군 의령읍,중상사고,0,2,0,0,차대차 - 추돌,안전운전불이행,건조,맑음,교차로 - 교차로부근,화물,남,66세,상해없음,승용,남,52세,중상
2019122600100047,2019년 12월 26일 04시,목요일,경상남도 김해시 생림면,경상사고,0,0,1,0,차대차 - 측면충돌,신호위반,건조,맑음,교차로 - 교차로안,건설기계,남,58세,상해없음,승용,여,49세,경상
2019122600100073,2019년 12월 26일 06시,목요일,경상남도 김해시 대청동,경상사고,0,0,1,0,차대차 - 측면충돌,안전거리미확보,건조,맑음,단일로 - 기타,승용,남,62세,상해없음,승용,남,51세,상해없음
2019122600100155,2019년 12월 26일 09시,목요일,경상남도 창원시 마산합포구 월영동,부상신고사고,0,0,0,2,차대차 - 추돌,안전운전불이행,건조,맑음,교차로 - 교차로안,승용,여,50세,부상신고,승용,남,72세,부상신고
2019122600100156,2019년 12월 26일 09시,목요일,경상남도 진주시 내동면,사망사고,1,0,0,0,차량단독 - 전도전복 - 전도,안전운전불이행,건조,맑음,단일로 - 기타,이륜,남,69세,사망,,,,
2019122600100157,2019년 12월 26일 09시,목요일,경상남도 밀양시 무안면,경상사고,0,0,2,0,차대차 - 정면충돌,중앙선침범,젖음/습기,비,단일로 - 기타,화물,남,58세,경상,승용,여,36세,경상
2019122600100185,2019년 12월 26일 10시,목요일,경상남도 창원시 마산합포구 두월동2가,경상사고,0,0,1,0,차대차 - 측면충돌,신호위반,건조,맑음,교차로 - 교차로안,승용,여,60세,상해없음,승합,남,50세,경상
2019122600100186,2019년 12월 26일 10시,목요일,경상남도 창원시 진해구 석동,중상사고,0,1,0,0,차대사람 - 차도통행중,안전운전불이행,건조,맑음,단일로 - 기타,승용,남,66세,상해없음,보행자,여,60세,중상
2019122600100187,2019년 12월 26일 10시,목요일,경상남도 창원시 진해구 남문동,경상사고,0,0,1,0,차대차 - 기타,안전운전불이행,건조,맑음,단일로 - 기타,기타불명,기타불명,미분류,기타불명,이륜,남,27세,경상
2019122600100188,2019년 12월 26일 10시,목요일,경상남도 김해시 어방동,경상사고,0,0,1,0,차대차 - 기타,안전운전불이행,건조,맑음,단일로 - 기타,화물,남,60세,상해없음,승용,여,57세,경상
2019122600100189,2019년 12월 26일 10시,목요일,경상남도 양산시 하북면,중상사고,0,1,0,0,차대차 - 측면충돌,신호위반,건조,맑음,교차로 - 교차로안,승용,여,38세,상해없음,승합,남,66세,중상
2019122600100216,2019년 12월 26일 11시,목요일,경상남도 양산시 중부동,경상사고,0,0,3,0,차대차 - 측면충돌,안전거리미확보,건조,맑음,단일로 - 기타,기타불명,기타불명,미분류,기타불명,승용,남,23세,상해없음
2019122600100217,2019년 12월 26일 11시,목요일,경상남도 남해군 삼동면,중상사고,0,1,0,0,차대사람 - 차도통행중,안전운전불이행,건조,맑음,교차로 - 교차로안,화물,남,52세,상해없음,보행자,남,71세,중상
2019122600100218,2019년 12월 26일 11시,목요일,경상남도 창원시 의창구 사림동,중상사고,0,1,0,0,차대사람 - 차도통행중,안전운전불이행,건조,맑음,단일로 - 기타,화물,남,42세,상해없음,보행자,남,80세,중상
2019122600100247,2019년 12월 26일 12시,목요일,경상남도 창녕군 창녕읍,중상사고,0,2,2,0,차대차 - 추돌,안전운전불이행,건조,흐림,교차로 - 교차로부근,승용,남,48세,경상,승용,여,49세,중상
2019122600100283,2019년 12월 26일 13시,목요일,경상남도 사천시 동금동,경상사고,0,0,1,0,차대차 - 측면충돌,직진우회전진행방해,젖음/습기,비,교차로 - 교차로안,승용,남,48세,상해없음,이륜,남,64세,경상
2019122600100284,2019년 12월 26일 13시,목요일,경상남도 사천시 정동면,경상사고,0,0,2,0,차대차 - 측면충돌,안전운전불이행,젖음/습기,비,교차로 - 교차로안,화물,여,56세,상해없음,화물,남,72세,경상
2019122600100285,2019년 12월 26일 13시,목요일,경상남도 거제시 일운면,경상사고,0,0,1,0,차대차 - 기타,안전운전불이행,건조,맑음,교차로 - 교차로안,화물,남,63세,상해없음,승용,여,37세,경상
2019122600100286,2019년 12월 26일 13시,목요일,경상남도 창원시 마산회원구 합성동,경상사고,0,0,1,0,차대차 - 후진중충돌,안전운전불이행,건조,맑음,단일로 - 기타,승용,남,37세,상해없음,승용,여,60세,경상
2019122600100287,2019년 12월 26일 13시,목요일,경상남도 김해시 진영읍,중상사고,0,1,0,0,차대사람 - 횡단중,안전운전불이행,건조,맑음,교차로 - 교차로안,승용,여,47세,상해없음,보행자,여,89세,중상
2019122600100316,2019년 12월 26일 14시,목요일,경상남도 통영시 명정동,부상신고사고,0,0,0,1,차대차 - 측면충돌,안전운전불이행,건조,맑음,교차로 - 교차로안,승용,여,29세,상해없음,승용,남,64세,부상신고
2019122600100352,2019년 12월 26일 15시,목요일,경상남도 통영시 산양읍,중상사고,0,1,0,0,차대차 - 정면충돌,중앙선침범,젖음/습기,비,단일로 - 기타,화물,남,60세,상해없음,승용,남,64세,중상
2019122600100382,2019년 12월 26일 16시,목요일,경상남도 창원시 마산합포구 남성동,경상사고,0,0,1,0,차량단독 - 기타,안전운전불이행,건조,맑음,단일로 - 기타,승합,남,65세,상해없음,,,,
2019122600100383,2019년 12월 26일 16시,목요일,경상남도 사천시 죽림동,경상사고,0,0,3,0,차대차 - 측면충돌,안전운전불이행,건조,맑음,교차로 - 교차로안,승용,여,54세,경상,승합,남,51세,상해없음
2019122600100384,2019년 12월 26일 16시,목요일,경상남도 김해시 삼방동,중상사고,0,1,0,0,차대사람 - 횡단중,신호위반,건조,맑음,교차로 - 교차로횡단보도내,원동기,남,35세,상해없음,보행자,남,12세,중상
2019122600100424,2019년 12월 26일 17시,목요일,경상남도 하동군 화개면,중상사고,0,2,0,0,차량단독 - 도로외이탈 - 추락,안전운전불이행,건조,맑음,단일로 - 기타,승용,여,56세,상해없음,,,,
2019122600100475,2019년 12월 26일 18시,목요일,경상남도 창원시 진해구 석동,중상사고,0,1,0,0,차대사람 - 기타,안전운전불이행,건조,맑음,교차로 - 교차로부근,승합,남,38세,상해없음,보행자,남,18세,중상
2019122600100476,2019년 12월 26일 18시,목요일,경상남도 통영시 도산면,경상사고,0,0,1,0,차대차 - 측면충돌,안전거리미확보,건조,맑음,단일로 - 기타,승용,남,47세,상해없음,승용,남,63세,경상
2019122600100477,2019년 12월 26일 18시,목요일,경상남도 김해시 외동,경상사고,0,0,1,0,차대차 - 정면충돌,안전운전불이행,건조,맑음,교차로 - 교차로안,화물,남,49세,상해없음,승용,여,58세,경상
2019122600100478,2019년 12월 26일 18시,목요일,경상남도 김해시 무계동,부상신고사고,0,0,0,1,차대차 - 후진중충돌,안전운전불이행,건조,맑음,단일로 - 기타,승용,여,48세,상해없음,승용,남,47세,부상신고
2019122600100521,2019년 12월 26일 19시,목요일,경상남도 거제시 고현동,경상사고,0,0,1,0,차대차 - 측면충돌,신호위반,건조,맑음,교차로 - 교차로안,승용,남,26세,상해없음,승용,남,40세,경상
2019122600100553,2019년 12월 26일 20시,목요일,경상남도 창원시 마산합포구 진동면,경상사고,0,0,1,0,차대사람 - 차도통행중,안전운전불이행,건조,맑음,단일로 - 기타,승용,남,48세,상해없음,보행자,남,60세,경상
2019122600100577,2019년 12월 26일 21시,목요일,경상남도 통영시 명정동,중상사고,0,1,0,0,차대차 - 측면충돌,교차로운행방법위반,건조,맑음,교차로 - 교차로안,이륜,남,26세,상해없음,승용,남,56세,상해없음
2019122600100578,2019년 12월 26일 21시,목요일,경상남도 밀양시 삼문동,경상사고,0,0,1,0,차대사람 - 횡단중,보행자보호의무위반,건조,맑음,교차로 - 교차로안,승용,남,39세,상해없음,보행자,여,16세,경상
2019122600100579,2019년 12월 26일 21시,목요일,경상남도 거제시 고현동,경상사고,0,0,1,0,차대사람 - 횡단중,보행자보호의무위반,건조,맑음,교차로 - 교차로부근,승용,여,37세,상해없음,보행자,남,55세,경상
2019122700100056,2019년 12월 27일 02시,금요일,경상남도 김해시 외동,경상사고,0,0,1,0,차량단독 - 기타,안전운전불이행,건조,맑음,교차로 - 교차로안,원동기,남,19세,경상,,,,
2019122700100063,2019년 12월 27일 03시,금요일,경상남도 양산시 상북면,경상사고,0,0,1,0,차대차 - 추돌,안전거리미확보,건조,맑음,단일로 - 기타,화물,남,38세,상해없음,화물,남,49세,경상
2019122700100084,2019년 12월 27일 06시,금요일,경상남도 양산시 산막동,사망사고,1,0,0,0,차량단독 - 기타,안전운전불이행,기타,맑음,단일로 - 기타,이륜,남,72세,사망,,,,
2019122700100109,2019년 12월 27일 07시,금요일,경상남도 진주시 판문동,중상사고,0,2,0,0,차대차 - 측면충돌,신호위반,건조,맑음,교차로 - 교차로안,승용,남,43세,상해없음,승용,남,39세,중상
2019122700100110,2019년 12월 27일 07시,금요일,경상남도 창원시 진해구 경화동,경상사고,0,0,1,0,차대차 - 측면충돌,안전운전불이행,건조,맑음,단일로 - 기타,승용,남,37세,상해없음,승용,남,62세,경상
2019122700100111,2019년 12월 27일 07시,금요일,경상남도 창원시 진해구 여좌동,중상사고,0,1,0,0,차대차 - 측면충돌,안전운전불이행,건조,맑음,단일로 - 기타,승용,남,22세,상해없음,자전거,남,84세,중상
2019122700100112,2019년 12월 27일 07시,금요일,경상남도 창원시 진해구 장천동,경상사고,0,0,1,0,차대차 - 측면충돌,안전운전불이행,건조,맑음,교차로 - 교차로부근,화물,남,61세,상해없음,승용,남,65세,경상
2019122700100113,2019년 12월 27일 07시,금요일,경상남도 창원시 의창구 봉곡동,경상사고,0,0,1,0,차대사람 - 횡단중,안전운전불이행,건조,맑음,교차로 - 교차로부근,승용,여,52세,상해없음,보행자,여,16세,경상
2019122700100147,2019년 12월 27일 08시,금요일,경상남도 창녕군 영산면,중상사고,0,1,0,0,차대사람 - 기타,안전운전불이행,건조,맑음,교차로 - 교차로부근,승용,여,48세,상해없음,보행자,여,70세,중상
2019122700100205,2019년 12월 27일 10시,금요일,경상남도 양산시 주진동,중상사고,0,1,1,0,차대차 - 추돌,안전거리미확보,건조,맑음,단일로 - 기타,승용,남,80세,상해없음,승합,남,45세,경상
2019122700100232,2019년 12월 27일 11시,금요일,경상남도 창원시 마산합포구 진전면,중상사고,0,1,0,0,차대차 - 추돌,안전운전불이행,건조,맑음,단일로 - 기타,승합,남,59세,상해없음,승용,남,56세,중상
2019122700100233,2019년 12월 27일 11시,금요일,경상남도 통영시 도천동,경상사고,0,0,1,0,차대차 - 측면충돌,중앙선침범,건조,맑음,단일로 - 기타,승합,남,72세,상해없음,승용,남,29세,상해없음
2019122700100234,2019년 12월 27일 11시,금요일,경상남도 창원시 성산구 가음정동,경상사고,0,0,1,0,차대차 - 추돌,안전운전불이행,건조,맑음,단일로 - 기타,승용,남,23세,상해없음,승용,남,21세,경상
2019122700100265,2019년 12월 27일 12시,금요일,경상남도 거창군 거창읍,부상신고사고,0,0,0,1,차대차 - 측면충돌,안전운전불이행,건조,맑음,단일로 - 기타,이륜,여,56세,부상신고,화물,남,46세,상해없음
2019122700100266,2019년 12월 27일 12시,금요일,경상남도 김해시 진례면,사망사고,1,0,1,0,차대차 - 측면충돌,신호위반,건조,맑음,교차로 - 교차로안,이륜,여,29세,사망,승용,남,61세,경상
2019122700100299,2019년 12월 27일 13시,금요일,경상남도 거제시 고현동,중상사고,0,1,0,0,차대사람 - 차도통행중,안전운전불이행,건조,맑음,교차로 - 교차로안,승용,여,36세,상해없음,보행자,여,77세,중상
2019122700100300,2019년 12월 27일 13시,금요일,경상남도 거제시 고현동,경상사고,0,0,1,0,차대차 - 측면충돌,신호위반,건조,맑음,교차로 - 교차로안,승용,남,72세,상해없음,승용,남,29세,경상
2019122700100331,2019년 12월 27일 14시,금요일,경상남도 창녕군 유어면,중상사고,0,2,1,0,차대차 - 정면충돌,중앙선침범,건조,맑음,단일로 - 기타,화물,남,58세,중상,승용,남,56세,중상
2019122700100332,2019년 12월 27일 14시,금요일,경상남도 창원시 마산회원구 양덕동,중상사고,0,1,0,0,차대사람 - 횡단중,안전운전불이행,건조,맑음,교차로 - 교차로안,승용,남,28세,상해없음,보행자,남,26세,중상
2019122700100333,2019년 12월 27일 14시,금요일,경상남도 창원시 마산회원구 석전동,중상사고,0,1,0,0,차대차 - 측면충돌,신호위반,건조,맑음,교차로 - 교차로안,이륜,남,67세,중상,승용,남,68세,상해없음
2019122700100370,2019년 12월 27일 15시,금요일,경상남도 양산시 신기동,중상사고,0,1,2,0,차대차 - 추돌,안전운전불이행,건조,맑음,단일로 - 기타,승용,남,23세,상해없음,승용,남,40세,경상
2019122700100371,2019년 12월 27일 15시,금요일,경상남도 양산시 중부동,경상사고,0,0,1,0,차대사람 - 기타,안전운전불이행,건조,맑음,단일로 - 기타,승용,여,66세,상해없음,보행자,여,67세,경상
2019122700100406,2019년 12월 27일 16시,금요일,경상남도 창원시 마산합포구 현동,경상사고,0,0,1,0,차대차 - 측면충돌,차로위반,건조,맑음,단일로 - 기타,화물,남,67세,상해없음,승용,남,36세,경상
2019122700100445,2019년 12월 27일 17시,금요일,경상남도 창녕군 영산면,중상사고,0,2,0,0,차대차 - 측면충돌,기타,건조,맑음,교차로 - 교차로안,승용,남,26세,상해없음,승용,여,46세,중상
2019122700100446,2019년 12월 27일 17시,금요일,경상남도 의령군 의령읍,경상사고,0,0,1,0,차대사람 - 보도통행중,안전운전불이행,건조,맑음,단일로 - 기타,승용,남,55세,상해없음,보행자,남,51세,경상
2019122700100447,2019년 12월 27일 17시,금요일,경상남도 창원시 마산회원구 합성동,경상사고,0,0,1,0,차대차 - 측면충돌,안전운전불이행,건조,맑음,단일로 - 지하차도(도로)내,승용,남,58세,상해없음,이륜,남,36세,경상
2019122700100448,2019년 12월 27일 17시,금요일,경상남도 김해시 삼문동,경상사고,0,0,1,0,차대차 - 측면충돌,안전거리미확보,건조,맑음,단일로 - 기타,승용,남,55세,상해없음,승용,여,36세,경상
2019122700100490,2019년 12월 27일 18시,금요일,경상남도 통영시 미수동,경상사고,0,0,1,0,차대차 - 기타,과속,건조,맑음,단일로 - 기타,승용,남,29세,상해없음,기타불명,남,71세,경상
2019122700100491,2019년 12월 27일 18시,금요일,경상남도 사천시 향촌동,경상사고,0,0,2,0,차대차 - 추돌,안전운전불이행,건조,맑음,교차로 - 교차로부근,승용,남,45세,상해없음,승용,남,55세,경상
2019122700100549,2019년 12월 27일 19시,금요일,경상남도 진주시 수정동,중상사고,0,1,0,0,차대사람 - 기타,안전운전불이행,건조,맑음,단일로 - 기타,화물,남,54세,상해없음,보행자,남,69세,중상